{"type":"FeatureCollection", "features": [
{"type":"Feature","geometry":{"type":"Polygon","coordinates":[[[180,-16.17],[180,-16.15],[179.55,-16.25],[179.36,-16.38],[179.09,-16.44],[178.87,-16.54],[178.81,-16.63],[178.58,-16.62],[178.5,-16.79],[178.6,-16.8],[178.71,-16.98],[178.88,-16.89],[179.01,-16.9],[179.2,-16.71],[179.42,-16.81],[179.71,-16.74],[179.93,-16.74],[179.93,-16.52],[179.84,-16.54],[179.57,-16.75],[179.62,-16.53],[179.75,-16.45],[180,-16.17]]]},"properties":{"scalerank":0,"featurecla":"Land","min_zoom":1.5}},
{"type":"Feature","geometry":{"type":"Polygon","coordinates":[[[177.23,-17.15],[177.29,-17.05],[177.21,-17.08],[177.23,-17.15]]]},"properties":{"scalerank":0,"featurecla":"Land","min_zoom":4}},
{"type":"Feature","geometry":{"type":"Polygon","coordinates":[[[127.37,0.79],[127.32,0.86],[127.29,0.81],[127.37,0.79]]]},"properties":{"scalerank":0,"featurecla":"Land","min_zoom":4}},
{"type":"Feature","geometry":{"type":"Polygon","coordinates":[[[-81.33,24.65],[-81.42,24.75],[-81.36,24.63],[-81.33,24.65]]]},"properties":{"scalerank":0,"featurecla":"Land","min_zoom":3}},
{"type":"Feature","geometry":{"type":"Polygon","coordinates":[[[-80.83,24.8],[-80.79,24.82],[-80.8,24.85],[-80.83,24.8]]]},"properties":{"scalerank":0,"featurecla":"Land","min_zoom":4}},
{"type":"Feature","geometry":{"type":"Polygon","coordinates":[[[-80.64,24.9],[-80.63,24.94],[-80.67,24.9],[-80.64,24.9]]]},"properties":{"scalerank":0,"featurecla":"Land","min_zoom":4}},
{"type":"Feature","geometry":{"type":"Polygon","coordinates":[[[143.18,-11.95],[142.99,-11.92],[142.87,-11.82],[142.84,-11.31],[142.72,-11.01],[142.55,-10.87],[142.61,-10.75],[142.46,-10.71],[142.33,-10.88],[142.17,-10.95],[142.14,-11.27],[141.95,-11.9],[141.96,-12.05],[141.87,-11.98],[141.69,-12.35],[141.68,-12.49],[141.85,-12.58],[141.92,-12.8],[141.78,-12.78],[141.61,-12.94],[141.65,-13.26],[141.47,-13.8],[141.59,-14.15],[141.52,-14.47],[141.63,-15.06],[141.45,-15.61],[141.39,-15.9],[141.41,-16.07],[141.22,-16.65],[140.97,-17.01],[140.83,-17.41],[140.51,-17.62],[140.21,-17.7],[140.04,-17.7],[139.69,-17.54],[139.44,-17.38],[139.25,-17.33],[139.11,-17.01],[139.01,-16.9],[138.63,-16.78],[138.25,-16.72],[137.91,-16.48],[137.7,-16.23],[137.3,-16.07],[137,-15.88],[136.78,-15.89],[136.7,-15.83],[136.7,-15.69],[136.58,-15.71],[136.29,-15.57],[136.21,-15.4],[135.83,-15.16],[135.53,-15],[135.41,-14.76],[135.74,-14.29],[135.88,-14.15],[135.99,-13.81],[135.93,-13.62],[135.93,-13.3],[136.29,-13.14],[136.46,-13.23],[136.59,-13],[136.54,-12.78],[136.95,-12.35],[136.9,-12.24],[136.72,-12.23],[136.54,-11.96],[136.44,-11.95],[136.27,-12.13],[136.33,-12.31],[136.26,-12.43],[136.08,-12.42],[136.01,-12.19],[135.94,-12.15],[135.74,-12.24],[135.7,-12.15],[135.89,-11.99],[135.92,-11.83],[135.55,-12.06],[135.22,-12.22],[135.03,-12.19],[134.73,-11.98],[134.54,-12.06],[134.24,-12.01],[133.9,-11.83],[133.53,-11.82],[133.19,-11.71],[133.02,-11.45],[132.86,-11.39],[132.68,-11.51],[132.56,-11.37],[132.26,-11.2],[132.2,-11.3],[131.96,-11.18],[131.81,-11.27],[132.13,-11.5],[132.48,-11.49],[132.67,-11.65],[132.63,-12.04],[132.44,-12.18],[132.41,-12.3],[132.25,-12.19],[132.06,-12.28],[131.89,-12.23],[131.73,-12.28],[131.44,-12.28],[131.29,-12.07],[131.22,-12.18],[131.05,-12.19],[131.02,-12.34],[130.87,-12.37],[130.87,-12.56],[130.74,-12.43],[130.62,-12.43],[130.62,-12.65],[130.4,-12.69],[130.32,-12.88],[130.17,-12.96],[130.13,-13.15],[130.26,-13.3],[130.14,-13.45],[129.84,-13.57],[129.71,-13.98],[129.46,-14.21],[129.38,-14.39],[129.7,-14.58],[129.6,-14.65],[129.85,-14.83],[129.64,-14.85],[129.63,-15.14],[129.46,-14.93],[129.27,-14.87],[129.22,-15.16],[129.17,-14.99],[129.06,-14.88],[128.64,-14.78],[128.48,-14.79],[128.18,-15.04],[128.25,-15.3],[128.16,-15.23],[128.07,-15.33],[128.08,-15.09],[128.2,-14.75],[127.89,-14.49],[127.67,-14.2],[127.29,-13.93],[126.9,-13.74],[126.78,-13.79],[126.78,-13.96],[126.57,-14.16],[126.4,-14.02],[126.26,-14.16],[126.18,-14],[126.05,-13.98],[126.11,-14.11],[126.02,-14.49],[125.89,-14.62],[125.82,-14.47],[125.69,-14.53],[125.7,-14.29],[125.6,-14.28],[125.58,-14.48],[125.28,-14.58],[125.18,-14.71],[125.24,-14.94],[125.38,-15.02],[125.36,-15.12],[125.07,-15.03],[124.84,-15.16],[124.91,-15.31],[125.07,-15.31],[125.06,-15.44],[124.75,-15.29],[124.56,-15.5],[124.44,-15.49],[124.38,-15.76],[124.5,-15.97],[124.65,-15.81],[124.58,-16.11],[124.43,-16.1],[124.45,-16.34],[124.69,-16.39],[124.3,-16.39],[124.13,-16.28],[123.96,-16.29],[123.86,-16.38],[123.73,-16.19],[123.61,-16.22],[123.65,-16.34],[123.49,-16.49],[123.78,-16.87],[123.86,-16.86],[123.83,-17.12],[123.62,-17.01],[123.56,-17.52],[123.38,-17.29],[123.14,-16.86],[122.97,-16.44],[122.92,-16.43],[122.72,-16.79],[122.43,-16.97],[122.26,-17.14],[122.16,-17.31],[122.15,-17.55],[122.24,-17.97],[122.36,-18.04],[122.01,-18.39],[121.83,-18.48],[121.49,-19.11],[121.18,-19.48],[120.88,-19.67],[120.2,-19.91],[119.77,-19.96],[119.59,-20.04],[119.1,-20],[118.75,-20.26],[118.2,-20.38],[117.68,-20.64],[117.41,-20.72],[117.14,-20.64],[116.71,-20.65],[116.01,-21.03],[115.46,-21.49],[114.86,-21.74],[114.6,-21.94],[114.38,-22.34],[114.14,-22.48],[114.16,-22.32],[114.09,-22.18],[114.12,-21.83],[113.96,-21.94],[113.68,-22.64],[113.79,-23.02],[113.76,-23.42],[113.55,-23.73],[113.42,-24.13],[113.42,-24.44],[113.57,-24.69],[113.67,-24.98],[113.99,-25.54],[114.21,-25.85],[114.22,-26.29],[114.09,-26.39],[113.94,-26.26],[113.88,-26.03],[113.77,-26.16],[113.69,-26.09],[113.71,-25.83],[113.54,-25.63],[113.4,-25.71],[113.59,-26.1],[113.85,-26.33],[113.84,-26.5],[113.73,-26.6],[113.58,-26.56],[113.39,-26.11],[113.3,-26.24],[113.33,-26.42],[113.71,-26.85],[114.03,-27.35],[114.1,-27.54],[114.17,-28.08],[114.54,-28.54],[114.63,-28.87],[114.86,-29.14],[114.96,-29.43],[114.94,-29.72],[114.99,-30.22],[115.18,-30.81],[115.29,-30.96],[115.45,-31.3],[115.7,-31.69],[115.74,-31.89],[115.71,-32.57],[115.62,-32.67],[115.68,-33.19],[115.52,-33.53],[115.36,-33.64],[115.18,-33.64],[114.99,-33.52],[114.97,-34.05],[115.01,-34.26],[115.13,-34.34],[115.28,-34.3],[115.73,-34.53],[115.99,-34.8],[116.52,-34.99],[117.14,-35.03],[117.58,-35.1],[118.14,-34.99],[118.9,-34.48],[119.25,-34.46],[119.45,-34.37],[119.64,-34.1],[119.85,-33.97],[120.21,-33.94],[120.42,-33.96],[120.81,-33.87],[121.41,-33.83],[122.06,-33.87],[122.15,-33.99],[122.78,-33.89],[123.07,-33.9],[123.21,-33.99],[123.65,-33.84],[123.87,-33.6],[124.13,-33.13],[124.37,-32.96],[124.76,-32.88],[125.27,-32.61],[125.46,-32.56],[125.92,-32.3],[126.14,-32.26],[126.78,-32.31],[127.32,-32.26],[128.07,-32.07],[128.55,-31.89],[128.95,-31.7],[129.19,-31.66],[130.13,-31.58],[130.78,-31.6],[131.14,-31.5],[131.39,-31.55],[131.72,-31.7],[132.21,-32.01],[132.76,-31.96],[133.21,-32.18],[133.55,-32.18],[133.79,-32.27],[133.93,-32.41],[134.23,-32.55],[134.23,-32.73],[134.1,-32.75],[134.17,-32.98],[134.3,-33.17],[134.61,-33.19],[134.79,-33.33],[134.89,-33.63],[135.19,-33.91],[135.45,-34.58],[135.22,-34.49],[135.23,-34.58],[135.48,-34.76],[135.65,-34.94],[135.79,-34.86],[136,-34.94],[135.89,-34.66],[136.12,-34.43],[136.43,-34.03],[136.64,-33.9],[137.24,-33.63],[137.44,-33.19],[137.79,-32.82],[137.78,-32.58],[137.91,-32.77],[137.99,-33.09],[137.85,-33.2],[137.93,-33.58],[137.65,-33.86],[137.49,-34.16],[137.49,-34.6],[137.39,-34.91],[137.01,-34.92],[136.88,-35.24],[137.14,-35.24],[137.46,-35.13],[137.69,-35.14],[137.87,-34.73],[137.92,-34.46],[138.09,-34.17],[138.49,-34.76],[138.51,-35.02],[138.4,-35.33],[138.18,-35.61],[138.52,-35.64],[139.19,-35.35],[139.33,-35.43],[139.29,-35.61],[139.18,-35.52],[138.97,-35.58],[139.55,-36.1],[139.73,-36.37],[139.86,-36.66],[139.74,-37.06],[139.78,-37.25],[140.21,-37.64],[140.39,-37.9],[140.63,-38.03],[141.01,-38.08],[141.21,-38.17],[141.42,-38.36],[141.59,-38.39],[141.73,-38.27],[141.92,-38.28],[142.19,-38.4],[142.34,-38.37],[142.61,-38.45],[143.23,-38.74],[143.54,-38.82],[143.81,-38.7],[144.1,-38.46],[144.67,-38.21],[144.4,-38.14],[144.89,-37.9],[145.12,-38.09],[144.91,-38.34],[144.72,-38.34],[144.96,-38.5],[145.19,-38.38],[145.29,-38.24],[145.48,-38.24],[145.54,-38.39],[145.4,-38.54],[145.61,-38.66],[145.79,-38.67],[145.94,-38.9],[146.16,-38.87],[146.4,-39.15],[146.48,-39.07],[146.47,-38.84],[146.34,-38.89],[146.22,-38.78],[146.29,-38.7],[146.86,-38.66],[147.4,-38.22],[147.88,-37.93],[148.26,-37.83],[148.94,-37.79],[149.3,-37.8],[149.57,-37.73],[149.81,-37.55],[149.93,-37.53],[149.99,-37.26],[149.96,-36.85],[150.06,-36.55],[150.2,-35.83],[150.37,-35.58],[150.57,-35.21],[150.69,-35.18],[150.87,-34.5],[150.96,-34.3],[151.28,-33.93],[151.29,-33.58],[151.43,-33.52],[151.48,-33.35],[151.81,-32.9],[152.16,-32.76],[152.14,-32.68],[152.47,-32.44],[152.56,-32.05],[152.79,-31.79],[152.94,-31.43],[153.05,-30.91],[153.03,-30.56],[153.27,-29.89],[153.35,-29.5],[153.35,-29.29],[153.6,-28.85],[153.58,-28.24],[153.45,-28.05],[153.39,-27.77],[153.12,-27.19],[153.16,-26.98],[153.08,-26.3],[153.16,-25.96],[153.03,-25.87],[152.92,-25.69],[152.91,-25.43],[152.65,-25.2],[152.46,-24.8],[152.13,-24.6],[151.9,-24.2],[151.69,-24.04],[151.5,-24.01],[151.24,-23.82],[150.84,-23.46],[150.78,-23.18],[150.76,-22.58],[150.62,-22.37],[150.54,-22.56],[150.23,-22.37],[150.08,-22.16],[149.94,-22.31],[149.97,-22.55],[149.82,-22.39],[149.7,-22.44],[149.6,-22.26],[149.46,-21.77],[149.45,-21.58],[149.33,-21.48],[149.2,-21.13],[148.79,-20.74],[148.68,-20.58],[148.73,-20.47],[148.88,-20.48],[148.6,-20.15],[148.37,-20.09],[148.08,-19.9],[147.92,-19.87],[147.59,-19.62],[147.42,-19.38],[147.14,-19.39],[147,-19.26],[146.83,-19.24],[146.48,-19.08],[146.3,-18.84],[146.33,-18.55],[146.22,-18.51],[146.03,-18.27],[146.13,-17.64],[146.05,-17.38],[145.9,-17.07],[145.91,-16.91],[145.75,-16.88],[145.43,-16.41],[145.46,-16.06],[145.38,-15.88],[145.27,-15.48],[145.25,-15.1],[145.29,-14.94],[144.65,-14.49],[144.47,-14.23],[144.21,-14.3],[143.96,-14.46],[143.76,-14.35],[143.55,-13.74],[143.59,-13.44],[143.4,-12.64],[143.25,-12.4],[143.11,-12.3],[143.18,-11.95]]]},"properties":{"scalerank":0,"featurecla":"Land","min_zoom":0}},
{"type":"Feature","geometry":{"type":"Polygon","coordinates":[[[178.28,-17.37],[178.19,-17.31],[177.62,-17.46],[177.4,-17.63],[177.42,-17.74],[177.26,-17.86],[177.32,-18.08],[177.85,-18.25],[178.16,-18.25],[178.33,-18.14],[178.67,-18.08],[178.57,-17.75],[178.59,-17.65],[178.28,-17.37]]]},"properties":{"scalerank":0,"featurecla":"Land","min_zoom":0.5}},
{"type":"Feature","geometry":{"type":"Polygon","coordinates":[[[164.2,-20.25],[164.06,-20.14],[164.04,-20.23],[164.16,-20.35],[164.17,-20.48],[164.45,-20.83],[164.66,-20.99],[164.93,-21.29],[165.24,-21.53],[166.1,-21.96],[166.18,-22.09],[166.77,-22.38],[166.97,-22.32],[166.94,-22.09],[166.69,-21.95],[166.3,-21.64],[165.66,-21.27],[165.45,-21.08],[165.38,-20.94],[165.19,-20.77],[164.98,-20.68],[164.44,-20.28],[164.2,-20.25]]]},"properties":{"scalerank":0,"featurecla":"Land","min_zoom":1}},
{"type":"Feature","geometry":{"type":"Polygon","coordinates":[[[127.73,0.85],[127.65,1.01],[127.89,1.16],[128.01,1.33],[128.01,1.7],[127.89,1.83],[128.04,2.2],[127.9,2.14],[127.63,1.84],[127.54,1.47],[127.42,1.25],[127.52,0.92],[127.61,0.85],[127.54,0.68],[127.56,0.49],[127.71,0.29],[127.69,-0.24],[127.89,-0.42],[128.05,-0.71],[128.43,-0.89],[128.25,-0.73],[127.98,-0.25],[127.89,0.05],[127.89,0.3],[127.98,0.47],[128.45,0.39],[128.9,0.22],[128.69,0.36],[128.66,0.51],[128.26,0.73],[128.3,0.88],[128.7,1.11],[128.69,1.57],[128.42,1.52],[128.16,1.32],[128.16,1.16],[127.97,1.04],[127.88,0.83],[127.73,0.85]]]},"properties":{"scalerank":0,"featurecla":"Land","min_zoom":1}},
{"type":"Feature","geometry":{"type":"Polygon","coordinates":[[[69.18,-49.11],[69.03,-49.02],[69.14,-48.86],[69.06,-48.66],[68.83,-48.85],[68.77,-49.07],[68.87,-49.44],[68.78,-49.65],[68.99,-49.7],[69.15,-49.53],[69.61,-49.65],[69.75,-49.6],[70.08,-49.71],[70.31,-49.58],[70.06,-49.59],[69.78,-49.49],[69.92,-49.35],[70.17,-49.34],[70.39,-49.43],[70.56,-49.2],[70.32,-49.06],[69.67,-49.26],[69.41,-49.18],[69.64,-49.12],[69.53,-48.97],[69.18,-49.11]]]},"properties":{"scalerank":0,"featurecla":"Land","min_zoom":0.5}},
{"type":"Feature","geometry":{"type":"Polygon","coordinates":[[[63.37,80.7],[64.55,80.76],[65.44,80.93],[64.8,81.2],[64.1,81],[63.12,80.97],[62.52,80.82],[63.37,80.7]]]},"properties":{"scalerank":0,"featurecla":"Land","min_zoom":1.5}},
{"type":"Feature","geometry":{"type":"Polygon","coordinates":[[[57.96,80.12],[58.4,80.32],[59.26,80.34],[58.48,80.46],[57.08,80.49],[57.39,80.14],[57.96,80.12]]]},"properties":{"scalerank":0,"featurecla":"Land","min_zoom":2}},
{"type":"Feature","geometry":{"type":"Polygon","coordinates":[[[-25.43,70.92],[-25.82,71.04],[-26.34,70.92],[-26.98,70.86],[-27.71,70.9],[-27.71,70.71],[-28.04,70.51],[-27.9,70.45],[-26.6,70.55],[-26.27,70.45],[-25.4,70.65],[-25.43,70.92]]]},"properties":{"scalerank":0,"featurecla":"Land","min_zoom":0}},
{"type":"Feature","geometry":{"type":"Polygon","coordinates":[[[159.75,-9.27],[159.61,-9.35],[159.62,-9.53],[159.85,-9.79],[160.32,-9.82],[160.65,-9.93],[160.82,-9.86],[160.63,-9.59],[160.35,-9.42],[159.97,-9.43],[159.75,-9.27]]]},"properties":{"scalerank":0,"featurecla":"Land","min_zoom":1}},
{"type":"Feature","geometry":{"type":"Polygon","coordinates":[[[117.31,8.44],[117.52,8.54],[117.99,8.88],[118.13,9.1],[118.43,9.26],[118.77,9.77],[118.78,9.92],[119.19,10.06],[119.28,10.25],[119.6,10.41],[119.68,10.55],[119.53,10.95],[119.56,11.27],[119.5,11.35],[119.26,10.85],[119.29,10.57],[119.02,10.35],[118.53,9.79],[118.11,9.35],[117.88,9.24],[117.35,8.71],[117.22,8.37],[117.31,8.44]]]},"properties":{"scalerank":0,"featurecla":"Land","min_zoom":1}},
{"type":"Feature","geometry":{"type":"Polygon","coordinates":[[[122.5,11.62],[122.29,11.77],[121.96,11.9],[121.89,11.79],[122.1,11.64],[122.05,11.1],[121.96,10.87],[121.99,10.46],[122.2,10.62],[122.52,10.69],[122.77,10.82],[122.8,10.99],[123.02,11.12],[123.14,11.36],[123.16,11.54],[122.89,11.44],[122.93,11.53],[122.73,11.61],[122.5,11.62]]]},"properties":{"scalerank":0,"featurecla":"Land","min_zoom":1}},
{"type":"Feature","geometry":{"type":"Polygon","coordinates":[[[123.13,9.06],[123.23,9.12],[123.31,9.36],[123.15,9.61],[123.16,9.86],[123.3,10.12],[123.34,10.33],[123.57,10.78],[123.51,10.92],[123.26,10.99],[122.98,10.89],[122.96,10.7],[122.82,10.5],[122.86,10.09],[122.71,9.99],[122.47,9.96],[122.41,9.69],[122.56,9.48],[122.87,9.32],[122.99,9.06],[123.13,9.06]]]},"properties":{"scalerank":0,"featurecla":"Land","min_zoom":1}},
{"type":"Feature","geometry":{"type":"Polygon","coordinates":[[[124.57,11.34],[124.33,11.54],[124.45,10.92],[124.66,10.96],[124.79,10.78],[124.74,10.44],[124.78,10.17],[125.03,10.03],[124.99,10.37],[125.14,10.19],[125.25,10.26],[125.19,10.58],[125.01,10.79],[125.03,11.21],[124.93,11.37],[124.57,11.34]]]},"properties":{"scalerank":0,"featurecla":"Land","min_zoom":0}},
{"type":"Feature","geometry":{"type":"Polygon","coordinates":[[[125.24,12.53],[125.15,12.57],[124.57,12.53],[124.29,12.57],[124.38,12.24],[124.53,12.08],[124.68,12.02],[124.88,11.78],[125,11.76],[124.92,11.56],[125.03,11.34],[125.23,11.15],[125.43,11.11],[125.7,11.16],[125.57,11.24],[125.61,11.32],[125.51,11.54],[125.46,11.95],[125.54,12.19],[125.32,12.32],[125.24,12.53]]]},"properties":{"scalerank":0,"featurecla":"Land","min_zoom":0}},
{"type":"Feature","geometry":{"type":"Polygon","coordinates":[[[120.7,13.48],[120.4,13.52],[120.34,13.41],[120.46,13.39],[120.51,13.26],[120.65,13.17],[120.76,12.97],[120.8,12.75],[120.92,12.51],[121.24,12.22],[121.39,12.3],[121.54,12.64],[121.48,12.84],[121.52,13.13],[121.2,13.43],[121.12,13.38],[120.92,13.5],[120.7,13.48]]]},"properties":{"scalerank":0,"featurecla":"Land","min_zoom":1.5}},
{"type":"Feature","geometry":{"type":"Polygon","coordinates":[[[155.96,-6.69],[155.82,-6.38],[155.64,-6.22],[155.47,-6.15],[155.37,-5.97],[155.23,-5.87],[155.09,-5.62],[154.73,-5.44],[154.71,-5.75],[154.78,-5.97],[155.01,-6.21],[155.2,-6.31],[155.21,-6.53],[155.34,-6.72],[155.52,-6.83],[155.72,-6.86],[155.96,-6.69]]]},"properties":{"scalerank":0,"featurecla":"Land","min_zoom":1}},
{"type":"Feature","geometry":{"type":"Polygon","coordinates":[[[152.97,-4.76],[153.04,-4.48],[153.13,-4.35],[153.02,-4.11],[152.18,-3.41],[152.03,-3.25],[151.81,-3.17],[151.48,-2.94],[151.23,-2.87],[151.17,-2.79],[150.83,-2.57],[150.83,-2.71],[151.58,-3.15],[151.97,-3.45],[152.19,-3.51],[152.36,-3.67],[152.6,-3.99],[152.7,-4.28],[152.68,-4.5],[152.89,-4.83],[152.97,-4.76]]]},"properties":{"scalerank":0,"featurecla":"Land","min_zoom":1.5}},
{"type":"Feature","geometry":{"type":"Polygon","coordinates":[[[138.54,-8.27],[138.79,-8.06],[138.99,-7.7],[138.96,-7.59],[138.77,-7.39],[138.54,-7.38],[138.3,-7.44],[138.01,-7.64],[137.83,-7.93],[137.69,-8.26],[137.69,-8.41],[137.87,-8.38],[138.3,-8.41],[138.54,-8.27]]]},"properties":{"scalerank":0,"featurecla":"Land","min_zoom":0.5}},
{"type":"Feature","geometry":{"type":"Polygon","coordinates":[[[129.75,-2.87],[129.43,-2.79],[129.12,-2.94],[129.06,-2.84],[128.2,-2.87],[127.88,-3.22],[127.92,-3.51],[128.13,-3.16],[128.28,-3.24],[128.42,-3.42],[128.64,-3.43],[128.75,-3.3],[128.96,-3.24],[128.97,-3.33],[129.47,-3.45],[129.51,-3.33],[129.84,-3.33],[130.02,-3.47],[130.27,-3.58],[130.81,-3.86],[130.86,-3.57],[130.77,-3.42],[130.67,-3.39],[130.57,-3.13],[130.38,-2.99],[129.98,-2.98],[129.75,-2.87]]]},"properties":{"scalerank":0,"featurecla":"Land","min_zoom":1}},
{"type":"Feature","geometry":{"type":"Polygon","coordinates":[[[126.86,-3.09],[126.56,-3.07],[126.03,-3.17],[126.06,-3.42],[126.21,-3.61],[126.69,-3.82],[126.94,-3.76],[127.23,-3.63],[127.23,-3.39],[127.03,-3.17],[126.86,-3.09]]]},"properties":{"scalerank":0,"featurecla":"Land","min_zoom":1.5}},
{"type":"Feature","geometry":{"type":"Polygon","coordinates":[[[122.78,-8.61],[122.81,-8.48],[123.01,-8.33],[122.98,-8.15],[122.85,-8.09],[122.76,-8.19],[122.92,-8.22],[122.85,-8.3],[122.6,-8.4],[122.43,-8.6],[122.26,-8.62],[121.97,-8.46],[121.44,-8.58],[121.28,-8.48],[120.61,-8.24],[120.23,-8.29],[119.92,-8.45],[119.87,-8.42],[119.81,-8.7],[119.91,-8.86],[120.12,-8.78],[120.32,-8.82],[120.55,-8.8],[121.04,-8.94],[121.33,-8.92],[121.41,-8.81],[121.65,-8.9],[122.09,-8.74],[122.47,-8.73],[122.78,-8.61]]]},"properties":{"scalerank":0,"featurecla":"Land","min_zoom":1}},
{"type":"Feature","geometry":{"type":"Polygon","coordinates":[[[120.01,-9.37],[119.94,-9.3],[119.8,-9.38],[119.61,-9.35],[119.19,-9.38],[118.96,-9.52],[119.09,-9.71],[119.36,-9.77],[119.6,-9.77],[119.93,-9.97],[120.14,-10.2],[120.44,-10.29],[120.7,-10.21],[120.83,-10.04],[120.5,-9.67],[120.29,-9.65],[120.22,-9.51],[120.01,-9.37]]]},"properties":{"scalerank":0,"featurecla":"Land","min_zoom":1.5}},
{"type":"Feature","geometry":{"type":"Polygon","coordinates":[[[118.24,-8.32],[118.12,-8.12],[117.92,-8.09],[117.76,-8.15],[117.81,-8.34],[118.1,-8.48],[118.23,-8.59],[117.97,-8.73],[117.81,-8.71],[117.57,-8.43],[117.36,-8.43],[117.16,-8.37],[116.84,-8.53],[116.78,-8.66],[116.79,-9.01],[117.06,-9.1],[117.21,-9.03],[117.51,-9.01],[117.73,-8.92],[117.86,-8.93],[118.19,-8.84],[118.38,-8.67],[118.48,-8.86],[118.73,-8.81],[118.9,-8.7],[119.01,-8.75],[119.13,-8.67],[119.04,-8.56],[118.99,-8.34],[118.85,-8.29],[118.71,-8.41],[118.61,-8.28],[118.34,-8.35],[118.24,-8.32]]]},"properties":{"scalerank":0,"featurecla":"Land","min_zoom":1}},
{"type":"Feature","geometry":{"type":"Polygon","coordinates":[[[116.64,-8.61],[116.73,-8.39],[116.65,-8.28],[116.4,-8.2],[116.06,-8.44],[116.08,-8.74],[115.87,-8.74],[115.87,-8.83],[116.38,-8.93],[116.59,-8.89],[116.51,-8.82],[116.64,-8.61]]]},"properties":{"scalerank":0,"featurecla":"Land","min_zoom":2}},
{"type":"Feature","geometry":{"type":"Polygon","coordinates":[[[115.45,-8.16],[115.15,-8.07],[115,-8.17],[114.83,-8.18],[114.48,-8.12],[114.61,-8.38],[114.84,-8.43],[115.06,-8.57],[115.14,-8.7],[115.09,-8.83],[115.24,-8.8],[115.33,-8.62],[115.7,-8.41],[115.45,-8.16]]]},"properties":{"scalerank":0,"featurecla":"Land","min_zoom":0.5}},
{"type":"Feature","geometry":{"type":"Polygon","coordinates":[[[106.05,-1.67],[105.91,-1.5],[105.72,-1.53],[105.7,-1.73],[105.59,-1.53],[105.37,-1.66],[105.37,-1.81],[105.19,-1.92],[105.13,-2.04],[105.34,-2.13],[105.55,-2.08],[105.79,-2.18],[105.94,-2.49],[105.91,-2.64],[106,-2.82],[106.25,-2.89],[106.55,-3.06],[106.67,-3.07],[106.61,-2.9],[106.68,-2.7],[106.82,-2.57],[106.37,-2.46],[106.21,-2.19],[106.16,-1.87],[106.05,-1.67]]]},"properties":{"scalerank":0,"featurecla":"Land","min_zoom":2}},
{"type":"Feature","geometry":{"type":"Polygon","coordinates":[[[22.62,58.62],[22.27,58.51],[21.86,58.5],[21.98,58.39],[21.88,58.26],[22.19,58.15],[21.99,58],[22.15,57.97],[22.37,58.22],[22.73,58.23],[23.29,58.48],[22.96,58.61],[22.62,58.62]]]},"properties":{"scalerank":0,"featurecla":"Land","min_zoom":2}},
{"type":"Feature","geometry":{"type":"Polygon","coordinates":[[[21.61,78.6],[20.36,78.51],[20.53,78.33],[21.21,78.01],[21.65,77.92],[21.05,77.44],[22.73,77.54],[22.43,77.32],[22.8,77.28],[23.84,77.5],[24.13,77.66],[24.9,77.76],[24.24,77.9],[23.68,77.88],[23.12,77.99],[23.45,78.15],[22.99,78.25],[22.3,78.23],[22.04,78.58],[21.61,78.6]]]},"properties":{"scalerank":0,"featurecla":"Land","min_zoom":1}},
{"type":"Feature","geometry":{"type":"Polygon","coordinates":[[[62.17,80.83],[61.6,80.89],[60.48,80.8],[59.59,80.82],[59.3,80.52],[59.65,80.43],[60.28,80.49],[61.05,80.42],[62.08,80.62],[62.17,80.83]]]},"properties":{"scalerank":0,"featurecla":"Land","min_zoom":1.5}},
{"type":"Feature","geometry":{"type":"Polygon","coordinates":[[[47.44,80.85],[46.8,80.76],[44.9,80.61],[46.14,80.45],[47.3,80.61],[47.6,80.74],[48.68,80.63],[48.45,80.81],[47.44,80.85]]]},"properties":{"scalerank":0,"featurecla":"Land","min_zoom":1}},
{"type":"Feature","geometry":{"type":"Polygon","coordinates":[[[50.28,80.93],[49.24,80.82],[49.09,80.52],[48.4,80.57],[46.64,80.3],[46.99,80.18],[47.98,80.21],[47.63,80.11],[48.98,80.16],[48.9,80.37],[49.59,80.38],[49.85,80.5],[50.96,80.54],[51.7,80.69],[50.8,80.91],[50.28,80.93]]]},"properties":{"scalerank":0,"featurecla":"Land","min_zoom":1}},
{"type":"Feature","geometry":{"type":"Polygon","coordinates":[[[50.27,69.19],[50.17,69.26],[49.23,69.51],[48.63,69.44],[48.32,69.27],[48.28,69.04],[48.44,68.8],[48.67,68.73],[49.63,68.86],[50.27,69.19]]]},"properties":{"scalerank":0,"featurecla":"Land","min_zoom":2}},
{"type":"Feature","geometry":{"type":"Polygon","coordinates":[[[60.45,69.93],[59.64,70.2],[59.01,70.47],[58.47,70.27],[58.95,69.89],[59.5,69.87],[59.58,69.74],[60.44,69.73],[60.45,69.93]]]},"properties":{"scalerank":0,"featurecla":"Land","min_zoom":2}},
{"type":"Feature","geometry":{"type":"Polygon","coordinates":[[[70.67,73.1],[71.63,73.17],[71.59,73.28],[70.94,73.51],[70.15,73.44],[69.92,73.08],[70.67,73.1]]]},"properties":{"scalerank":0,"featurecla":"Land","min_zoom":2}},
{"type":"Feature","geometry":{"type":"Polygon","coordinates":[[[92.68,79.69],[93.8,79.9],[92.17,80.05],[91.43,80.05],[91.13,79.9],[92.15,79.68],[92.68,79.69]]]},"properties":{"scalerank":0,"featurecla":"Land","min_zoom":2}},
{"type":"Feature","geometry":{"type":"Polygon","coordinates":[[[113.39,74.4],[112.08,74.55],[111.88,74.36],[111.5,74.35],[112.2,74.15],[112.78,74.1],[113.39,74.4]]]},"properties":{"scalerank":0,"featurecla":"Land","min_zoom":2}},
{"type":"Feature","geometry":{"type":"Polygon","coordinates":[[[141.01,74],[141.1,74.17],[140.85,74.27],[140.1,74.18],[140.18,74],[140.51,73.92],[141.01,74]]]},"properties":{"scalerank":0,"featurecla":"Land","min_zoom":2}},
{"type":"Feature","geometry":{"type":"Polygon","coordinates":[[[23.85,35.54],[23.74,35.66],[23.55,35.42],[23.64,35.24],[23.88,35.25],[24.46,35.16],[24.71,35.09],[24.8,34.93],[26.24,35.04],[26.29,35.31],[26.17,35.22],[25.75,35.14],[25.73,35.35],[25.48,35.31],[25.1,35.35],[25,35.41],[24.72,35.42],[24.31,35.36],[24.26,35.47],[23.85,35.54]]]},"properties":{"scalerank":0,"featurecla":"Land","min_zoom":1}},
{"type":"Feature","geometry":{"type":"Polygon","coordinates":[[[23.42,38.96],[23.31,39.03],[22.87,38.87],[23.25,38.8],[23.62,38.55],[23.76,38.4],[24.04,38.39],[24.21,38.12],[24.5,37.97],[24.56,38.15],[24.28,38.22],[24.1,38.67],[23.88,38.69],[23.47,38.85],[23.42,38.96]]]},"properties":{"scalerank":0,"featurecla":"Land","min_zoom":0}},
{"type":"Feature","geometry":{"type":"Polygon","coordinates":[[[34.46,35.59],[34.41,35.63],[34.06,35.47],[33.46,35.34],[32.94,35.39],[32.88,35.18],[32.65,35.18],[32.32,34.95],[32.45,34.73],[32.69,34.65],[32.87,34.66],[32.94,34.58],[33.12,34.7],[33.51,34.81],[33.7,34.97],[34.05,34.99],[33.91,35.2],[33.94,35.29],[34.46,35.59]]]},"properties":{"scalerank":0,"featurecla":"Land","min_zoom":1}},
{"type":"Feature","geometry":{"type":"Polygon","coordinates":[[[19.08,57.84],[18.9,57.92],[18.54,57.83],[18.14,57.56],[18.11,57.27],[18.29,57.08],[18.15,56.92],[18.91,57.4],[18.79,57.48],[18.81,57.71],[19.08,57.84]]]},"properties":{"scalerank":0,"featurecla":"Land","min_zoom":2}},
{"type":"Feature","geometry":{"type":"Polygon","coordinates":[[[12.57,55.79],[12.58,56.06],[12.22,56.12],[11.87,55.97],[11.82,55.7],[11.69,55.73],[11.7,55.91],[11.47,55.94],[11.32,55.75],[10.98,55.72],[11.19,55.47],[11.29,55.2],[11.65,55.19],[11.86,54.77],[12.05,54.82],[12.09,55.19],[12.41,55.29],[12.22,55.47],[12.57,55.68],[12.57,55.79]]]},"properties":{"scalerank":0,"featurecla":"Land","min_zoom":1}},
{"type":"Feature","geometry":{"type":"Polygon","coordinates":[[[10.65,55.61],[10.29,55.61],[9.86,55.52],[9.99,55.16],[10.44,55.05],[10.79,55.13],[10.82,55.32],[10.65,55.61]]]},"properties":{"scalerank":0,"featurecla":"Land","min_zoom":2}},
{"type":"Feature","geometry":{"type":"Polygon","coordinates":[[[3.15,39.79],[3.16,39.97],[2.78,39.85],[2.37,39.61],[2.5,39.48],[2.63,39.56],[2.77,39.41],[3.07,39.3],[3.24,39.39],[3.46,39.7],[3.45,39.76],[3.15,39.79]]]},"properties":{"scalerank":0,"featurecla":"Land","min_zoom":2}},
{"type":"Feature","geometry":{"type":"Polygon","coordinates":[[[-120.56,-73.76],[-122.44,-73.68],[-123.11,-73.68],[-123.35,-73.84],[-122.62,-73.97],[-122.88,-74.1],[-122.86,-74.34],[-122.29,-74.4],[-121.06,-74.34],[-120.99,-74.16],[-120.27,-73.99],[-120.56,-73.76]]]},"properties":{"scalerank":0,"featurecla":"Land","min_zoom":1}},
{"type":"Feature","geometry":{"type":"Polygon","coordinates":[[[-126.33,-73.29],[-127.27,-73.3],[-127.41,-73.52],[-127.23,-73.71],[-126.5,-73.7],[-126.47,-73.81],[-124.87,-74.21],[-123.84,-74.23],[-124.04,-73.88],[-124.54,-73.74],[-124.99,-73.83],[-125.67,-73.82],[-125.83,-73.72],[-125.28,-73.69],[-125.63,-73.45],[-126.33,-73.29]]]},"properties":{"scalerank":0,"featurecla":"Land","min_zoom":1}},
{"type":"Feature","geometry":{"type":"Polygon","coordinates":[[[-66.17,-80.08],[-65.5,-79.95],[-66.01,-79.62],[-67.81,-79.55],[-67.08,-79.76],[-66.9,-79.91],[-66.17,-80.08]]]},"properties":{"scalerank":0,"featurecla":"Land","min_zoom":2}},
{"type":"Feature","geometry":{"type":"Polygon","coordinates":[[[-57.85,-64.05],[-57.78,-63.87],[-57.93,-63.81],[-58.27,-63.92],[-58.4,-64.13],[-58.15,-64.1],[-58.02,-64.24],[-58.3,-64.31],[-57.87,-64.4],[-57.29,-64.37],[-57.25,-64.1],[-57.59,-63.97],[-57.85,-64.05]]]},"properties":{"scalerank":0,"featurecla":"Land","min_zoom":0}},
{"type":"Feature","geometry":{"type":"Polygon","coordinates":[[[-63.18,-64.47],[-63.23,-64.32],[-63.49,-64.26],[-63.67,-64.42],[-64.17,-64.58],[-64.27,-64.7],[-63.74,-64.83],[-62.84,-64.57],[-63.28,-64.57],[-63.18,-64.47]]]},"properties":{"scalerank":0,"featurecla":"Land","min_zoom":2}},
{"type":"Feature","geometry":{"type":"Polygon","coordinates":[[[-73.71,-70.64],[-74.04,-70.55],[-74.11,-70.66],[-74.46,-70.59],[-74.59,-70.79],[-75.01,-70.61],[-75.21,-70.77],[-76.03,-70.84],[-76.5,-70.94],[-76.18,-71.13],[-74.81,-71.01],[-74.21,-70.92],[-73.55,-70.72],[-73.71,-70.64]]]},"properties":{"scalerank":0,"featurecla":"Land","min_zoom":2}},
{"type":"Feature","geometry":{"type":"Polygon","coordinates":[[[-74.99,-69.73],[-75.68,-69.88],[-75.73,-70.1],[-74.85,-70.18],[-74.44,-69.95],[-74.99,-69.73]]]},"properties":{"scalerank":0,"featurecla":"Land","min_zoom":2}},
{"type":"Feature","geometry":{"type":"Polygon","coordinates":[[[-98.09,-71.91],[-98.62,-71.76],[-99.25,-71.97],[-99.83,-72.05],[-100.08,-71.84],[-102.13,-71.99],[-102.26,-72.14],[-100.2,-72.27],[-99.15,-72.47],[-98.41,-72.55],[-97.25,-72.52],[-96.05,-72.58],[-96.08,-72.45],[-95.58,-72.41],[-95.61,-72.07],[-96.8,-72.26],[-96.98,-72.22],[-96.3,-72.05],[-96.12,-71.9],[-96.87,-71.85],[-97.46,-72.19],[-97.58,-71.88],[-97.82,-71.92],[-97.92,-72.12],[-98.17,-72.12],[-98.09,-71.91]]]},"properties":{"scalerank":0,"featurecla":"Land","min_zoom":1}},
{"type":"Feature","geometry":{"type":"Polygon","coordinates":[[[-74.35,-73.1],[-74.47,-72.89],[-75.38,-72.82],[-75.73,-72.88],[-75.24,-73.01],[-75.51,-73.11],[-76.02,-73.09],[-75.9,-73.33],[-74.57,-73.61],[-74.37,-73.46],[-74.67,-73.28],[-74.35,-73.1]]]},"properties":{"scalerank":0,"featurecla":"Land","min_zoom":2}},
{"type":"Feature","geometry":{"type":"Polygon","coordinates":[[[-67.99,-67.47],[-68.24,-67.37],[-67.69,-67.15],[-67.97,-67.03],[-67.93,-66.84],[-67.68,-66.71],[-67.83,-66.62],[-68.34,-66.8],[-69.08,-67.4],[-69.1,-67.6],[-68.9,-67.74],[-68.58,-67.73],[-68.33,-67.53],[-67.99,-67.47]]]},"properties":{"scalerank":0,"featurecla":"Land","min_zoom":2}},
{"type":"Feature","geometry":{"type":"Polygon","coordinates":[[[-178.88,71.58],[-180,71.54],[-180,71.46],[-180,71.09],[-180,70.99],[-179.51,70.92],[-177.82,71.07],[-177.53,71.26],[-178.35,71.53],[-178.88,71.58]]]},"properties":{"scalerank":0,"featurecla":"Land","min_zoom":0}},
{"type":"Feature","geometry":{"type":"Polygon","coordinates":[[[-58.85,-51.27],[-59.1,-51.49],[-59.06,-51.69],[-59.26,-51.74],[-59.57,-51.93],[-59.65,-52.13],[-59.4,-52.31],[-59.34,-52.2],[-59.07,-52.17],[-59.2,-52.02],[-58.65,-52.1],[-58.68,-51.94],[-58.15,-51.77],[-57.84,-51.71],[-57.96,-51.58],[-57.81,-51.52],[-57.98,-51.38],[-58.29,-51.46],[-58.23,-51.58],[-58.47,-51.51],[-58.38,-51.37],[-58.85,-51.27]]]},"properties":{"scalerank":0,"featurecla":"Land","min_zoom":0.5}},
{"type":"Feature","geometry":{"type":"Polygon","coordinates":[[[-37.1,-54.07],[-37.38,-53.98],[-37.95,-54],[-37.62,-54.04],[-37.5,-54.16],[-36.73,-54.47],[-36.51,-54.51],[-36.25,-54.78],[-36.09,-54.87],[-35.8,-54.76],[-35.9,-54.55],[-36.07,-54.55],[-36.33,-54.25],[-36.45,-54.31],[-36.7,-54.11],[-37.1,-54.07]]]},"properties":{"scalerank":0,"featurecla":"Land","min_zoom":2}},
{"type":"Feature","geometry":{"type":"Polygon","coordinates":[[[-73.77,-43.35],[-73.75,-43.16],[-73.54,-43.07],[-73.44,-42.94],[-73.79,-42.59],[-73.47,-42.47],[-73.44,-42.28],[-73.53,-41.9],[-74.04,-41.8],[-74.07,-42.11],[-74.16,-42.22],[-74.16,-42.59],[-74.21,-42.88],[-74.39,-43.23],[-74.11,-43.36],[-73.77,-43.35]]]},"properties":{"scalerank":0,"featurecla":"Land","min_zoom":0}},
{"type":"Feature","geometry":{"type":"Polygon","coordinates":[[[-60.29,-51.46],[-60.57,-51.36],[-60.51,-51.49],[-60.25,-51.64],[-60.58,-51.71],[-60.24,-51.77],[-60.59,-51.95],[-60.96,-52.06],[-60.69,-52.19],[-60.35,-52.14],[-60.25,-51.99],[-59.92,-51.97],[-59.27,-51.43],[-59.39,-51.36],[-59.79,-51.45],[-59.92,-51.39],[-60.29,-51.46]]]},"properties":{"scalerank":0,"featurecla":"Land","min_zoom":0.5}},
{"type":"Feature","geometry":{"type":"Polygon","coordinates":[[[-74.48,-49.15],[-74.57,-48.75],[-74.79,-48.71],[-74.98,-48.82],[-74.95,-48.96],[-75.18,-49.08],[-75.09,-49.27],[-75.33,-49.27],[-75.47,-49.36],[-75.31,-49.49],[-75.34,-49.63],[-75.52,-49.62],[-75.55,-49.79],[-75.07,-49.85],[-74.96,-49.53],[-74.74,-49.42],[-74.88,-49.73],[-74.76,-50.01],[-74.59,-50.01],[-74.46,-49.69],[-74.52,-49.62],[-74.48,-49.15]]]},"properties":{"scalerank":0,"featurecla":"Land","min_zoom":0}},
{"type":"Feature","geometry":{"type":"Polygon","coordinates":[[[-72.99,-44.78],[-72.76,-44.55],[-72.84,-44.46],[-73.21,-44.33],[-73.45,-44.64],[-73.35,-44.83],[-72.99,-44.78]]]},"properties":{"scalerank":0,"featurecla":"Land","min_zoom":0}},
{"type":"Feature","geometry":{"type":"Polygon","coordinates":[[[-61.8,49.09],[-61.7,49.14],[-61.82,49.28],[-62.86,49.71],[-63.29,49.82],[-64.13,49.94],[-64.49,49.89],[-64.44,49.83],[-63.88,49.66],[-63.57,49.4],[-63.04,49.22],[-62.22,49.08],[-61.8,49.09]]]},"properties":{"scalerank":0,"featurecla":"Land","min_zoom":1}},
{"type":"Feature","geometry":{"type":"Polygon","coordinates":[[[-61.11,45.94],[-60.58,46.17],[-60.33,46.77],[-60.41,47],[-60.57,47],[-60.87,46.8],[-61.24,46.3],[-61.41,46.17],[-61.5,45.94],[-61.45,45.72],[-61.28,45.57],[-60.67,45.59],[-60.39,45.65],[-59.83,45.97],[-59.93,46.02],[-59.87,46.16],[-60.23,46.2],[-60.3,46.31],[-60.5,46.2],[-60.7,45.93],[-60.46,45.97],[-60.7,45.77],[-61.06,45.7],[-60.87,45.95],[-61.11,45.94]]]},"properties":{"scalerank":0,"featurecla":"Land","min_zoom":1}},
{"type":"Feature","geometry":{"type":"Polygon","coordinates":[[[-171.46,63.64],[-171.75,63.7],[-171.79,63.42],[-171.4,63.34],[-171.06,63.45],[-170.53,63.38],[-170.19,63.2],[-169.78,63.09],[-169.68,62.96],[-169.36,63.17],[-168.85,63.17],[-168.72,63.31],[-169.43,63.35],[-170.02,63.49],[-170.12,63.62],[-170.43,63.7],[-170.87,63.59],[-171.46,63.64]]]},"properties":{"scalerank":0,"featurecla":"Land","min_zoom":1.5}},
{"type":"Feature","geometry":{"type":"Polygon","coordinates":[[[-166.14,60.38],[-166.48,60.38],[-166.84,60.22],[-167.44,60.21],[-167.14,60.01],[-166.63,59.86],[-166.11,59.78],[-166.1,59.85],[-165.59,59.91],[-165.71,60.07],[-165.73,60.31],[-166.14,60.38]]]},"properties":{"scalerank":0,"featurecla":"Land","min_zoom":1.5}},
{"type":"Feature","geometry":{"type":"Polygon","coordinates":[[[-163.48,54.98],[-163.87,55.04],[-164.27,54.9],[-164.53,54.88],[-164.89,54.61],[-164.82,54.42],[-164.46,54.43],[-164.07,54.62],[-163.58,54.63],[-163.36,54.74],[-163.48,54.98]]]},"properties":{"scalerank":0,"featurecla":"Land","min_zoom":0}},
{"type":"Feature","geometry":{"type":"Polygon","coordinates":[[[-77.26,18.46],[-77.87,18.52],[-78.22,18.45],[-78.33,18.35],[-78.29,18.22],[-78.07,18.19],[-77.77,17.88],[-77.36,17.83],[-77.2,17.71],[-77.07,17.9],[-76.94,17.85],[-76.85,17.97],[-76.52,17.87],[-76.21,17.91],[-76.35,18.15],[-76.7,18.26],[-76.91,18.39],[-77.26,18.46]]]},"properties":{"scalerank":0,"featurecla":"Land","min_zoom":1}},
{"type":"Feature","geometry":{"type":"Polygon","coordinates":[[[-66.13,18.44],[-66.19,18.48],[-67.16,18.5],[-67.26,18.36],[-67.17,18.22],[-67.2,17.99],[-66.9,17.95],[-66.77,17.99],[-66.41,17.95],[-65.97,17.97],[-65.62,18.24],[-65.63,18.38],[-65.88,18.44],[-66.13,18.44]]]},"properties":{"scalerank":0,"featurecla":"Land","min_zoom":1}},
{"type":"Feature","geometry":{"type":"Polygon","coordinates":[[[-152.9,57.82],[-152.85,57.9],[-153.16,57.97],[-153.25,57.79],[-153.52,57.73],[-153.66,57.86],[-153.9,57.82],[-153.69,57.66],[-153.84,57.64],[-153.81,57.36],[-154.03,57.63],[-154.54,57.56],[-154.71,57.34],[-154.5,57.04],[-154.26,56.91],[-154.24,57.14],[-153.79,56.99],[-154.07,56.82],[-153.76,56.86],[-153.65,57.03],[-153.27,57.23],[-152.68,57.35],[-152.91,57.51],[-152.41,57.45],[-152.22,57.58],[-152.41,57.65],[-152.51,57.85],[-152.9,57.82]]]},"properties":{"scalerank":0,"featurecla":"Land","min_zoom":1}},
{"type":"Feature","geometry":{"type":"Polygon","coordinates":[[[-152.42,58.36],[-152.84,58.42],[-152.77,58.28],[-152.98,58.3],[-153.38,58.09],[-152.98,58],[-152.78,58.02],[-152.6,58.16],[-152.11,58.16],[-151.97,58.31],[-152.32,58.41],[-152.42,58.36]]]},"properties":{"scalerank":0,"featurecla":"Land","min_zoom":2}},
{"type":"Feature","geometry":{"type":"Polygon","coordinates":[[[-130.98,55.49],[-130.97,55.67],[-131.27,55.96],[-131.62,55.83],[-131.65,55.59],[-131.85,55.42],[-131.76,55.17],[-131.45,55.41],[-131.42,55.28],[-131.19,55.21],[-130.98,55.49]]]},"properties":{"scalerank":0,"featurecla":"Land","min_zoom":0}},
{"type":"Feature","geometry":{"type":"Polygon","coordinates":[[[-133.57,56.34],[-133.53,56.15],[-133.76,56],[-133.68,55.94],[-133.37,56.04],[-133.24,55.92],[-133.45,55.8],[-133.68,55.79],[-133.3,55.61],[-133.03,55.59],[-132.96,55.4],[-133.1,55.36],[-132.78,55.05],[-132.62,55.14],[-132.55,54.95],[-132.34,54.91],[-132.13,54.71],[-131.98,54.8],[-131.98,55.21],[-132.21,55.24],[-132.22,55.38],[-132.59,55.46],[-132.51,55.59],[-132.17,55.48],[-132.76,56],[-133.1,56.09],[-133.2,56.32],[-133.57,56.34]]]},"properties":{"scalerank":0,"featurecla":"Land","min_zoom":1}},
{"type":"Feature","geometry":{"type":"Polygon","coordinates":[[[-133.37,57],[-133.87,57.07],[-133.98,57.01],[-133.68,56.8],[-133.6,56.46],[-133.21,56.46],[-133.16,56.61],[-133.33,56.83],[-133.03,56.62],[-132.95,56.88],[-133.07,56.97],[-133.37,57]]]},"properties":{"scalerank":0,"featurecla":"Land","min_zoom":2}},
{"type":"Feature","geometry":{"type":"Polygon","coordinates":[[[-134.97,57.35],[-135.35,57.53],[-135.79,57.32],[-135.81,57.01],[-135.61,57.07],[-135.5,57.24],[-135.2,57.03],[-135.33,56.82],[-134.88,56.67],[-134.98,56.52],[-134.85,56.32],[-134.65,56.23],[-134.62,56.72],[-134.82,57.16],[-134.97,57.35]]]},"properties":{"scalerank":0,"featurecla":"Land","min_zoom":1}},
{"type":"Feature","geometry":{"type":"Polygon","coordinates":[[[-134.68,58.16],[-134.91,58.26],[-134.75,58],[-134.66,57.64],[-134.49,57.48],[-134.59,57.09],[-134.26,57.15],[-133.93,57.34],[-133.94,57.58],[-134.27,57.88],[-134.18,58.01],[-133.93,57.67],[-133.9,57.79],[-134.24,58.14],[-134.68,58.16]]]},"properties":{"scalerank":0,"featurecla":"Land","min_zoom":2}},
{"type":"Feature","geometry":{"type":"Polygon","coordinates":[[[-135.73,58.24],[-136.32,58.22],[-136.57,57.97],[-136.08,57.67],[-135.91,57.45],[-135.69,57.42],[-135.61,57.65],[-135.5,57.66],[-134.93,57.48],[-134.98,57.72],[-135.25,57.73],[-134.97,57.82],[-135,58.05],[-135.35,58.12],[-135.61,57.99],[-135.59,58.15],[-135.73,58.24]]]},"properties":{"scalerank":0,"featurecla":"Land","min_zoom":1}},
{"type":"Feature","geometry":{"type":"Polygon","coordinates":[[[-128.55,52.94],[-128.63,53.11],[-129.03,53.28],[-129.18,53.02],[-129.08,52.82],[-128.9,52.67],[-128.75,52.76],[-128.68,52.29],[-128.51,52.52],[-128.55,52.94]]]},"properties":{"scalerank":0,"featurecla":"Land","min_zoom":0}},
{"type":"Feature","geometry":{"type":"Polygon","coordinates":[[[-132.66,54.13],[-133.05,54.16],[-133.05,53.78],[-132.85,53.51],[-132.43,53.35],[-132.75,53.31],[-132.52,53.19],[-132.01,53.27],[-131.92,53.59],[-131.67,54.14],[-132.13,54.03],[-132.19,53.68],[-132.56,53.69],[-132.21,53.81],[-132.17,53.96],[-132.34,54.11],[-132.66,54.13]]]},"properties":{"scalerank":0,"featurecla":"Land","min_zoom":1}},
{"type":"Feature","geometry":{"type":"Polygon","coordinates":[[[-131.75,53.2],[-132.55,53.14],[-132.14,53],[-132.26,52.93],[-132.17,52.78],[-131.22,52.15],[-131.14,52.29],[-131.33,52.32],[-131.59,52.58],[-131.46,52.7],[-131.9,52.87],[-131.63,52.92],[-131.75,53.2]]]},"properties":{"scalerank":0,"featurecla":"Land","min_zoom":1}},
{"type":"Feature","geometry":{"type":"Polygon","coordinates":[[[-63.81,46.47],[-63.9,46.64],[-64.09,46.78],[-63.99,47.06],[-64.35,46.77],[-64.39,46.64],[-64.11,46.56],[-64.11,46.43],[-63.76,46.4],[-63.64,46.23],[-63.28,46.15],[-63.05,46.27],[-62.88,46],[-62.53,45.98],[-62.55,46.17],[-62.02,46.42],[-62.16,46.49],[-63.13,46.42],[-63.68,46.56],[-63.81,46.47]]]},"properties":{"scalerank":0,"featurecla":"Land","min_zoom":1}},
{"type":"Feature","geometry":{"type":"Polygon","coordinates":[[[-72.51,40.99],[-72.27,41.15],[-72.63,40.99],[-73.57,40.92],[-73.88,40.79],[-74.03,40.64],[-73.9,40.57],[-73.19,40.65],[-72.34,40.89],[-71.9,41.06],[-72.51,40.99]]]},"properties":{"scalerank":0,"featurecla":"Land","min_zoom":0}},
{"type":"Feature","geometry":{"type":"Polygon","coordinates":[[[151.92,-4.3],[151.82,-4.22],[151.59,-4.2],[151.54,-4.3],[151.66,-4.64],[151.67,-4.88],[151.33,-4.96],[151.14,-5.11],[150.95,-5.42],[150.63,-5.52],[150.52,-5.46],[150.3,-5.54],[150.11,-5.43],[150.08,-5.19],[150.17,-5.07],[150.05,-5.03],[149.96,-5.45],[149.83,-5.52],[149.25,-5.57],[149,-5.48],[148.56,-5.51],[148.43,-5.47],[148.34,-5.54],[148.4,-5.77],[148.81,-5.92],[149.13,-6.13],[149.38,-6.08],[149.65,-6.29],[150.43,-6.28],[150.81,-6.07],[151.23,-5.92],[151.42,-5.75],[151.52,-5.55],[151.87,-5.56],[152.08,-5.46],[152.14,-5.36],[151.99,-5.15],[152.01,-5],[152.26,-4.95],[152.4,-4.73],[152.36,-4.49],[152.41,-4.34],[152.12,-4.21],[151.92,-4.3]]]},"properties":{"scalerank":0,"featurecla":"Land","min_zoom":1}},
{"type":"Feature","geometry":{"type":"Polygon","coordinates":[[[127.3,-8.42],[126.97,-8.32],[126.62,-8.46],[125.8,-8.49],[125.38,-8.58],[125.18,-8.65],[125.03,-8.86],[124.58,-9.16],[124.2,-9.26],[123.98,-9.37],[123.71,-9.61],[123.59,-9.97],[123.72,-10.08],[123.61,-10.22],[123.64,-10.31],[123.86,-10.34],[124.18,-10.18],[124.43,-10.15],[124.96,-9.67],[125,-9.57],[125.41,-9.28],[126.16,-9],[126.38,-8.96],[126.67,-8.78],[126.92,-8.72],[127.3,-8.42]]]},"properties":{"scalerank":0,"featurecla":"Land","min_zoom":1}},
{"type":"Feature","geometry":{"type":"Polygon","coordinates":[[[145.04,-40.79],[144.72,-40.67],[144.65,-40.98],[144.78,-41.42],[145.06,-41.83],[145.52,-42.35],[145.47,-42.49],[145.2,-42.23],[145.27,-42.54],[145.49,-42.93],[145.87,-43.29],[146.18,-43.3],[145.99,-43.38],[146.04,-43.55],[146.55,-43.51],[146.87,-43.61],[147.08,-43.28],[147.17,-43.26],[147.35,-42.93],[147.45,-43.03],[147.57,-42.85],[147.8,-42.93],[147.65,-43.02],[147.79,-43.22],[147.98,-43.16],[147.92,-42.82],[147.92,-42.57],[148.02,-42.26],[148.21,-41.97],[148.33,-42.26],[148.3,-42.04],[148.29,-40.95],[148.22,-40.85],[147.97,-40.78],[147.87,-40.87],[147.62,-40.84],[147.45,-41],[147.32,-40.96],[146.99,-40.99],[146.85,-41.17],[146.72,-41.08],[146.32,-41.16],[145.82,-41.02],[145.28,-40.77],[145.04,-40.79]]]},"properties":{"scalerank":0,"featurecla":"Land","min_zoom":0}},
{"type":"Feature","geometry":{"type":"Polygon","coordinates":[[[96.53,81.08],[95.8,81.28],[95.16,81.27],[94.61,81.11],[93.07,80.99],[92.59,80.78],[93.26,80.79],[92.58,80.53],[91.52,80.36],[92.2,80.18],[93.87,80.01],[94.57,80.13],[97.18,80.24],[97.42,80.32],[97.03,80.54],[97.86,80.7],[97.83,80.8],[96.75,80.96],[96.53,81.08]]]},"properties":{"scalerank":0,"featurecla":"Land","min_zoom":0}},
{"type":"Feature","geometry":{"type":"Polygon","coordinates":[[[97.67,80.16],[96.42,80.1],[94.99,80.1],[94.26,79.83],[93.07,79.5],[94.22,79.4],[94.79,79.09],[95.53,79.1],[95.8,79],[96.81,78.98],[97.56,78.83],[98.41,78.79],[99.44,78.83],[99.93,78.96],[99.81,79.1],[99.04,79.29],[99.68,79.32],[99.78,79.63],[100.06,79.78],[99.29,80.02],[98.6,80.05],[98.27,79.87],[97.65,79.76],[98.02,80.02],[97.67,80.16]]]},"properties":{"scalerank":0,"featurecla":"Land","min_zoom":0}},
{"type":"Feature","geometry":{"type":"Polygon","coordinates":[[[102.88,79.25],[102.28,79.43],[102.25,79.26],[101.82,79.37],[101.2,79.2],[100.88,78.78],[100.28,78.68],[100.02,78.34],[99.29,78.04],[100.08,77.97],[101.2,78.19],[103.72,78.26],[104.83,78.35],[105.31,78.5],[105.15,78.82],[104.63,78.84],[103.8,79.15],[102.95,79.06],[102.41,78.84],[102.88,79.25]]]},"properties":{"scalerank":0,"featurecla":"Land","min_zoom":0.5}},
{"type":"Feature","geometry":{"type":"Polygon","coordinates":[[[140.05,75.83],[138.92,76.2],[138.21,76.11],[137.5,75.91],[137.71,75.76],[137.27,75.75],[137.29,75.35],[136.98,75.37],[137.22,75.12],[138.09,74.8],[139.1,74.66],[139.33,74.69],[139.61,74.95],[140.27,74.85],[141.99,74.99],[142.47,74.82],[143.13,74.97],[142.62,75.13],[142.15,75.46],[142.09,75.66],[142.55,75.72],[143,75.66],[142.73,75.54],[142.73,75.34],[143.17,75.12],[144.02,75.04],[144.88,75.27],[144.73,75.37],[145.26,75.59],[143.69,75.86],[143.19,75.81],[142.46,75.9],[141.49,76.14],[141.03,75.99],[140.82,75.63],[140.05,75.83]]]},"properties":{"scalerank":0,"featurecla":"Land","min_zoom":0}},
{"type":"Feature","geometry":{"type":"Polygon","coordinates":[[[142.18,73.9],[141.08,73.87],[140.38,73.48],[139.69,73.43],[140.03,73.36],[140.66,73.45],[141.6,73.31],[143.19,73.22],[143.49,73.25],[143.34,73.57],[142.18,73.9]]]},"properties":{"scalerank":0,"featurecla":"Land","min_zoom":1}},
{"type":"Feature","geometry":{"type":"Polygon","coordinates":[[[146.8,75.37],[146.54,75.58],[146.15,75.2],[148.09,74.83],[149.6,74.77],[150.65,74.94],[150.82,75.16],[150.53,75.1],[150.1,75.22],[148.48,75.27],[148.43,75.41],[147.5,75.44],[146.8,75.37]]]},"properties":{"scalerank":0,"featurecla":"Land","min_zoom":1}},
{"type":"Feature","geometry":{"type":"Polygon","coordinates":[[[173.27,-34.93],[172.96,-34.54],[173.04,-34.43],[172.71,-34.46],[173.19,-35.02],[173.12,-35.21],[173.38,-35.5],[173.54,-35.33],[173.59,-35.39],[173.41,-35.54],[173.95,-36.18],[174.1,-36.39],[174.17,-36.33],[173.92,-36.02],[174.25,-36.25],[174.39,-36.24],[174.45,-36.45],[174.4,-36.6],[174.19,-36.49],[174.38,-36.73],[174.48,-36.94],[174.78,-36.94],[174.93,-37.08],[174.73,-37.22],[174.59,-37.1],[174.73,-37.45],[174.93,-37.8],[174.8,-37.9],[174.84,-38.02],[174.72,-38.23],[174.6,-38.79],[174.4,-38.96],[174.07,-39.03],[173.84,-39.14],[173.76,-39.32],[173.93,-39.51],[174.35,-39.64],[174.57,-39.81],[175.01,-39.95],[175.25,-40.29],[175.16,-40.62],[175.02,-40.85],[174.64,-41.29],[174.88,-41.28],[174.91,-41.43],[175.17,-41.42],[175.31,-41.61],[175.98,-41.21],[176.39,-40.67],[176.84,-40.16],[177.11,-39.67],[176.97,-39.61],[176.95,-39.37],[177.13,-39.19],[177.41,-39.08],[177.79,-39.11],[177.91,-39.24],[177.98,-38.72],[178.27,-38.55],[178.39,-37.96],[178.54,-37.69],[178.27,-37.57],[178.01,-37.55],[177.73,-37.71],[177.56,-37.9],[177.34,-37.99],[176.77,-37.89],[176.04,-37.6],[175.88,-36.96],[175.77,-36.74],[175.68,-36.75],[175.46,-36.48],[175.39,-36.56],[175.49,-36.69],[175.54,-37.2],[175.39,-37.21],[175.3,-36.99],[174.95,-36.85],[174.72,-36.84],[174.82,-36.61],[174.75,-36.49],[174.8,-36.31],[174.39,-35.77],[174.58,-35.79],[174.54,-35.58],[174.32,-35.25],[174.14,-35.3],[174.1,-35.14],[173.84,-35.03],[173.44,-34.93],[173.27,-34.93]]]},"properties":{"scalerank":0,"featurecla":"Land","min_zoom":0}},
{"type":"Feature","geometry":{"type":"Polygon","coordinates":[[[173.12,-41.28],[172.99,-40.85],[172.77,-40.77],[172.73,-40.54],[172.64,-40.52],[172.27,-40.76],[172.14,-40.95],[172.01,-41.44],[171.83,-41.66],[171.49,-41.79],[171.25,-42.4],[171.03,-42.7],[170.74,-42.93],[170.46,-43.04],[169.86,-43.43],[169.83,-43.54],[169.52,-43.62],[169.17,-43.78],[168.81,-43.99],[168.65,-43.97],[168.37,-44.08],[167.86,-44.5],[167.03,-45.12],[167.03,-45.22],[167.23,-45.29],[167.16,-45.41],[166.87,-45.31],[166.73,-45.54],[166.99,-45.53],[166.81,-45.7],[167,-45.71],[166.51,-45.81],[166.49,-45.96],[166.72,-45.89],[166.65,-46.04],[166.92,-45.96],[166.73,-46.2],[167.37,-46.24],[167.49,-46.15],[167.68,-46.19],[167.84,-46.37],[168.19,-46.36],[168.38,-46.61],[168.77,-46.57],[169.1,-46.63],[169.69,-46.55],[169.92,-46.33],[170.42,-45.94],[170.78,-45.87],[170.7,-45.68],[170.94,-45.22],[171.13,-44.98],[171.23,-44.52],[171.44,-44.14],[171.66,-44.12],[172.18,-43.9],[172.04,-43.7],[172.3,-43.87],[172.48,-43.73],[172.48,-43.83],[172.75,-43.81],[173.07,-43.87],[173.07,-43.68],[172.81,-43.62],[172.74,-43.47],[172.53,-43.46],[172.73,-43.35],[172.72,-43.26],[172.89,-43.12],[173.22,-42.98],[173.55,-42.52],[173.84,-42.27],[173.89,-42.13],[174.28,-41.74],[174.17,-41.66],[174.07,-41.43],[174.37,-41.19],[174.37,-41.1],[174.14,-41.25],[174.3,-41.02],[174,-40.99],[173.9,-41.24],[173.8,-41.27],[174,-40.92],[173.74,-40.99],[173.23,-41.28],[173.12,-41.28]]]},"properties":{"scalerank":0,"featurecla":"Land","min_zoom":0}},
{"type":"Feature","geometry":{"type":"Polygon","coordinates":[[[126.01,9.32],[125.88,9.51],[125.52,9.76],[125.41,9.67],[125.53,9.14],[125.5,9.01],[125.21,9.03],[125.14,8.87],[124.87,8.97],[124.79,8.87],[124.73,8.56],[124.62,8.52],[124.45,8.61],[124.33,8.51],[124.16,8.2],[123.75,8.06],[123.88,8.19],[123.85,8.43],[123.68,8.62],[123.43,8.7],[123.34,8.57],[123.15,8.52],[123.02,8.4],[123,8.22],[122.91,8.16],[122.67,8.13],[122.34,8.03],[122.13,7.81],[122.05,7.36],[121.92,7.2],[121.96,6.97],[122.1,6.91],[122.18,7],[122.5,7.67],[122.62,7.76],[122.79,7.72],[122.84,7.53],[122.99,7.55],[123.1,7.7],[123.18,7.53],[123.39,7.41],[123.49,7.81],[123.67,7.82],[123.97,7.66],[124.21,7.4],[124.19,7.27],[123.99,6.99],[124.08,6.4],[124.21,6.23],[124.64,6],[125.04,5.87],[125.17,6.05],[125.27,6.03],[125.23,5.81],[125.29,5.63],[125.46,5.66],[125.67,5.98],[125.67,6.23],[125.59,6.47],[125.38,6.69],[125.4,6.8],[125.64,7.11],[125.69,7.26],[125.82,7.33],[126.08,6.73],[126.11,6.49],[126.19,6.31],[126.24,6.73],[126.19,6.85],[126.44,7.01],[126.58,7.25],[126.57,7.68],[126.44,7.83],[126.46,8.2],[126.37,8.48],[126.14,8.63],[126.32,8.84],[126.19,9.12],[126.19,9.28],[126.01,9.32]]]},"properties":{"scalerank":0,"featurecla":"Land","min_zoom":0}},
{"type":"Feature","geometry":{"type":"Polygon","coordinates":[[[121.1,18.62],[120.81,18.6],[120.6,18.51],[120.36,17.64],[120.42,17.44],[120.41,16.96],[120.32,16.76],[120.31,16.53],[120.39,16.22],[120.34,16.07],[120.16,16.05],[119.83,16.33],[119.77,16.26],[119.77,16.01],[119.89,15.84],[119.93,15.43],[120.08,14.85],[120.25,14.79],[120.44,14.45],[120.59,14.48],[120.55,14.77],[120.58,14.88],[120.89,14.72],[120.92,14.49],[120.62,14.19],[120.64,13.8],[120.84,13.88],[120.93,13.76],[121.2,13.64],[121.34,13.65],[121.45,13.79],[121.78,13.94],[122.07,13.79],[122.41,13.49],[122.52,13.26],[122.68,13.25],[122.67,13.4],[122.51,13.66],[122.47,13.89],[122.6,13.91],[122.9,13.59],[123.16,13.44],[123.3,13.22],[123.31,13.04],[123.63,12.91],[123.95,12.92],[123.88,12.69],[124.06,12.57],[124.14,12.79],[124.14,13.04],[123.79,13.11],[123.82,13.27],[123.55,13.65],[123.81,13.72],[123.86,13.8],[123.73,13.88],[123.43,13.97],[123.32,14.06],[123.23,13.75],[123.06,13.79],[123.07,13.96],[122.86,14.25],[122.49,14.32],[122.2,14.15],[122.29,14],[122.21,13.93],[121.91,14.02],[121.8,14.11],[121.65,14.48],[121.63,14.68],[121.7,14.74],[121.39,15.32],[121.61,15.67],[121.6,15.93],[121.79,16.08],[122.14,16.18],[122.23,16.44],[122.43,16.82],[122.52,17.12],[122.41,17.18],[122.36,17.34],[122.24,17.43],[122.15,17.76],[122.18,18.06],[122.29,18.23],[122.3,18.4],[122.15,18.49],[122.04,18.33],[121.85,18.3],[121.59,18.38],[121.1,18.62]]]},"properties":{"scalerank":0,"featurecla":"Land","min_zoom":0}},
{"type":"Feature","geometry":{"type":"Polygon","coordinates":[[[133.47,-0.73],[133.08,-0.51],[132.63,-0.36],[132.39,-0.36],[132.13,-0.45],[131.8,-0.7],[131.26,-0.86],[131.25,-1.01],[131,-1.42],[131.12,-1.46],[131.29,-1.39],[131.73,-1.54],[131.93,-1.56],[132.02,-1.99],[132.31,-2.24],[132.5,-2.22],[132.96,-2.27],[133.22,-2.21],[133.49,-2.23],[133.92,-2.1],[133.79,-2.29],[133.9,-2.39],[133.75,-2.45],[133.7,-2.62],[133.61,-2.55],[133.19,-2.44],[133.03,-2.49],[132.73,-2.79],[132.58,-2.73],[132.23,-2.68],[131.97,-2.79],[132.05,-2.91],[132.35,-2.98],[132.75,-3.29],[132.87,-3.55],[132.75,-3.7],[132.84,-3.95],[132.97,-4.09],[133.25,-4.06],[133.4,-3.9],[133.42,-3.73],[133.54,-3.52],[133.52,-3.41],[133.65,-3.36],[133.7,-3.09],[133.84,-3.05],[133.7,-3.25],[133.72,-3.58],[133.97,-3.82],[134.15,-3.8],[134.27,-3.95],[134.39,-3.91],[134.55,-3.98],[134.71,-3.95],[134.75,-4.2],[135.2,-4.45],[135.45,-4.44],[135.98,-4.53],[136.62,-4.82],[137.09,-4.92],[137.76,-5.26],[138.06,-5.47],[138.07,-5.68],[138.24,-5.72],[138.2,-5.81],[138.37,-5.84],[138.3,-5.95],[138.44,-6.34],[138.7,-6.63],[138.86,-6.86],[138.6,-6.91],[138.72,-7.07],[139.05,-7.2],[138.75,-7.25],[139.09,-7.59],[138.86,-8.15],[138.93,-8.26],[139.19,-8.09],[139.39,-8.19],[139.93,-8.1],[140.12,-7.92],[139.98,-8.17],[140.1,-8.3],[140.49,-8.62],[140.66,-8.85],[140.92,-9.09],[141.13,-9.22],[141.41,-9.15],[141.62,-9.21],[142.23,-9.17],[142.65,-9.33],[143.37,-8.96],[143.39,-8.8],[143.11,-8.47],[142.8,-8.35],[142.45,-8.32],[142.71,-8.27],[143.09,-8.31],[143.61,-8.2],[143.55,-7.98],[143.89,-8.02],[143.94,-7.94],[143.72,-7.5],[143.9,-7.67],[144.23,-7.76],[144.43,-7.68],[144.51,-7.57],[144.86,-7.63],[144.97,-7.8],[145.47,-7.93],[145.73,-7.95],[146.03,-8.08],[146.18,-8.25],[146.7,-9.03],[146.96,-9.06],[146.93,-9.25],[147.02,-9.39],[147.41,-9.67],[147.55,-9.91],[147.77,-10.07],[148.15,-10.11],[148.38,-10.19],[148.71,-10.17],[148.94,-10.26],[149.75,-10.35],[150.02,-10.58],[150.32,-10.65],[150.48,-10.64],[150.65,-10.52],[150.49,-10.43],[150.45,-10.31],[150.64,-10.34],[150.85,-10.24],[150.67,-10.26],[150.36,-10.19],[149.87,-10.01],[149.76,-9.81],[149.98,-9.74],[149.97,-9.66],[149.48,-9.59],[149.26,-9.5],[149.2,-9.41],[149.25,-9.07],[149.1,-9.02],[148.79,-9.09],[148.58,-9.05],[148.45,-8.69],[148.25,-8.55],[148.13,-8.1],[147.72,-7.88],[147.19,-7.38],[146.96,-6.93],[146.95,-6.83],[147.12,-6.72],[147.71,-6.72],[147.85,-6.66],[147.8,-6.32],[147.57,-6.06],[147.38,-5.95],[147.03,-5.92],[146.4,-5.62],[145.85,-5.47],[145.75,-5.4],[145.79,-5.18],[145.77,-4.82],[145.33,-4.39],[145.09,-4.35],[144.74,-4.03],[144.63,-3.99],[144.48,-3.83],[144.02,-3.78],[143.51,-3.43],[142.91,-3.32],[142.21,-3.08],[141.99,-2.96],[141.19,-2.63],[140.75,-2.61],[140.62,-2.45],[140.25,-2.41],[140.15,-2.35],[139.79,-2.35],[139.04,-1.99],[138.81,-1.92],[138.65,-1.79],[138.11,-1.62],[137.91,-1.48],[137.81,-1.48],[137.38,-1.69],[137.12,-1.84],[137.17,-2.03],[136.84,-2.2],[136.39,-2.27],[136.24,-2.58],[136.01,-2.73],[135.86,-3],[135.49,-3.35],[135.37,-3.37],[135.04,-3.33],[134.92,-3.25],[134.84,-2.91],[134.7,-2.93],[134.63,-2.54],[134.48,-2.58],[134.46,-2.83],[134.16,-2.2],[134.11,-1.72],[134.26,-1.36],[134.07,-1],[134.11,-0.85],[133.97,-0.74],[133.47,-0.73]]]},"properties":{"scalerank":0,"featurecla":"Land","min_zoom":0}},
{"type":"Feature","geometry":{"type":"Polygon","coordinates":[[[124.89,1],[125.12,1.38],[125.23,1.5],[125.16,1.64],[124.99,1.7],[124.79,1.47],[124.6,1.39],[124.53,1.23],[124.41,1.19],[124.27,1.02],[123.85,0.84],[123.28,0.93],[122.96,0.92],[122.89,0.85],[122.44,1.02],[122.11,1.03],[121.87,1.09],[121.59,1.07],[121.44,1.21],[121.08,1.33],[120.91,1.29],[120.75,1.04],[120.52,0.82],[120.32,0.98],[120.06,0.69],[120.04,0.57],[119.81,0.24],[119.87,0.04],[119.72,-0.09],[119.84,-0.86],[119.71,-0.68],[119.51,-0.91],[119.31,-1.41],[119.32,-1.93],[119.17,-2.14],[119.09,-2.48],[118.85,-2.65],[118.78,-2.76],[118.86,-2.93],[118.81,-3.16],[118.87,-3.4],[118.99,-3.54],[119.42,-3.48],[119.49,-3.55],[119.49,-3.77],[119.62,-4.03],[119.61,-4.42],[119.52,-4.74],[119.52,-4.88],[119.36,-5.31],[119.38,-5.42],[119.56,-5.61],[119.72,-5.69],[119.95,-5.58],[120.31,-5.54],[120.43,-5.59],[120.28,-5.15],[120.42,-4.62],[120.36,-4.09],[120.44,-3.71],[120.39,-3.35],[120.25,-3.05],[120.34,-2.87],[120.65,-2.67],[120.99,-2.67],[121.05,-2.75],[121.05,-3.17],[120.91,-3.4],[120.91,-3.56],[121.31,-3.92],[121.62,-4.09],[121.49,-4.58],[121.59,-4.76],[121.92,-4.85],[122.07,-4.79],[122.11,-4.54],[122.47,-4.42],[122.72,-4.41],[122.9,-4.35],[122.88,-4.11],[122.69,-4.08],[122.61,-3.92],[122.25,-3.62],[122.32,-3.28],[122.4,-3.2],[122.29,-2.91],[122.08,-2.75],[121.85,-2.33],[121.58,-2.15],[121.35,-1.95],[121.39,-1.83],[121.57,-1.91],[121.72,-1.86],[121.86,-1.69],[122.16,-1.59],[122.51,-1.35],[122.81,-0.97],[123.05,-0.87],[123.23,-1],[123.38,-1],[123.43,-0.78],[123.38,-0.65],[123.17,-0.57],[122.83,-0.66],[122.89,-0.76],[122.28,-0.76],[121.97,-0.93],[121.74,-0.93],[121.52,-0.86],[121.28,-1.12],[121.15,-1.34],[121.03,-1.41],[120.67,-1.37],[120.52,-1.04],[120.27,-0.9],[120.1,-0.65],[120.01,-0.2],[120.13,0.17],[120.35,0.45],[120.46,0.51],[120.7,0.51],[121.01,0.44],[121.43,0.49],[121.84,0.44],[122.28,0.48],[123.08,0.49],[123.27,0.33],[123.75,0.31],[124.22,0.38],[124.43,0.47],[124.7,0.83],[124.89,1]]]},"properties":{"scalerank":0,"featurecla":"Land","min_zoom":0}},
{"type":"Feature","geometry":{"type":"Polygon","coordinates":[[[107.37,-6.01],[107.05,-5.9],[107.01,-6.01],[106.83,-6.1],[106.68,-6.04],[106.17,-5.96],[106.08,-5.91],[105.87,-6.12],[105.79,-6.46],[105.66,-6.47],[105.48,-6.78],[105.37,-6.66],[105.26,-6.84],[105.94,-6.86],[106.52,-7.05],[106.42,-7.24],[106.46,-7.37],[106.63,-7.42],[107.28,-7.47],[107.55,-7.54],[107.92,-7.72],[108.45,-7.8],[108.74,-7.67],[109.28,-7.7],[110.04,-7.89],[110.61,-8.15],[111.51,-8.31],[112.12,-8.32],[112.68,-8.41],[113.13,-8.29],[113.25,-8.29],[113.69,-8.48],[114.16,-8.63],[114.28,-8.61],[114.58,-8.77],[114.39,-8.41],[114.44,-7.9],[114.38,-7.77],[114.07,-7.63],[113.75,-7.7],[113.25,-7.72],[112.79,-7.55],[112.79,-7.3],[112.65,-7.22],[112.54,-6.93],[112.09,-6.89],[111.99,-6.81],[111.74,-6.77],[111.54,-6.65],[111.34,-6.7],[111.15,-6.67],[110.97,-6.44],[110.74,-6.47],[110.58,-6.81],[110.43,-6.95],[110.2,-6.9],[109.82,-6.9],[109.5,-6.81],[109.29,-6.87],[108.68,-6.79],[108.6,-6.73],[108.52,-6.47],[108.3,-6.27],[108.14,-6.3],[107.67,-6.22],[107.37,-6.01]]]},"properties":{"scalerank":0,"featurecla":"Land","min_zoom":0}},
{"type":"Feature","geometry":{"type":"Polygon","coordinates":[[[96.49,5.23],[96.13,5.29],[95.84,5.51],[95.63,5.61],[95.4,5.63],[95.23,5.56],[95.21,5.28],[95.49,4.76],[95.99,4.26],[96.23,4.07],[96.44,3.82],[96.8,3.71],[96.97,3.58],[97.39,2.98],[97.59,2.85],[97.7,2.36],[98.01,2.24],[98.56,1.9],[98.8,1.49],[99.16,0.35],[99.33,0.21],[99.6,0.1],[99.72,-0.03],[99.86,-0.31],[100.31,-0.83],[100.49,-1.3],[100.86,-1.93],[100.85,-2.14],[101.12,-2.59],[101.31,-2.73],[101.58,-3.17],[102.13,-3.6],[102.37,-3.97],[102.54,-4.15],[102.92,-4.47],[103.14,-4.6],[103.41,-4.82],[103.83,-5.08],[104.07,-5.39],[104.6,-5.9],[104.68,-5.89],[104.62,-5.64],[104.64,-5.52],[105.08,-5.75],[105.35,-5.55],[105.62,-5.8],[105.75,-5.82],[105.82,-5.68],[105.89,-5.01],[105.89,-4.55],[105.83,-4.16],[105.93,-3.83],[105.85,-3.73],[105.9,-3.41],[106.06,-3.22],[106.04,-3.11],[105.58,-2.49],[105.4,-2.38],[105.03,-2.36],[104.88,-2.42],[104.74,-2.57],[104.63,-2.54],[104.67,-2.39],[104.83,-2.23],[104.85,-2.09],[104.57,-1.92],[104.52,-1.82],[104.45,-1.36],[104.36,-1.04],[104.2,-1.05],[103.72,-0.89],[103.53,-0.75],[103.43,-0.53],[103.51,-0.47],[103.41,-0.36],[103.43,-0.19],[103.79,0.05],[103.67,0.29],[103.48,0.48],[103.28,0.49],[102.78,0.24],[102.55,0.22],[103.01,0.42],[103.07,0.49],[102.85,0.72],[102.47,0.78],[102.24,0.99],[102.16,1.26],[102.02,1.44],[101.78,1.62],[101.48,1.69],[101.3,2.01],[101.05,2.26],[100.83,2.24],[100.89,1.95],[100.46,2.26],[100.13,2.65],[99.91,2.99],[99.73,3.18],[99.15,3.58],[98.78,3.76],[98.66,3.93],[98.31,4.09],[98.24,4.19],[98.25,4.41],[98.02,4.64],[97.91,4.88],[97.55,5.21],[97.19,5.21],[96.84,5.27],[96.49,5.23]]]},"properties":{"scalerank":0,"featurecla":"Land","min_zoom":0}},
{"type":"Feature","geometry":{"type":"Polygon","coordinates":[[[116.81,6.69],[116.83,6.95],[116.75,6.98],[116.49,6.52],[116.14,6.13],[116.06,5.88],[115.8,5.54],[115.6,5.6],[115.42,5.41],[115.47,5.25],[115.58,5.19],[115.52,5.05],[115.37,4.93],[115.03,4.9],[115,5.02],[114.54,4.72],[114.3,4.61],[113.98,4.55],[113.92,4.24],[113.45,3.74],[113.04,3.21],[112.74,3.07],[112.12,2.91],[111.73,2.85],[111.51,2.74],[111.44,2.63],[111.44,2.38],[111.24,2.44],[111.2,2.3],[111.27,2.14],[111.15,1.74],[111.05,1.63],[111.1,1.4],[110.94,1.52],[110.68,1.55],[110.35,1.72],[109.98,1.72],[109.72,1.86],[109.63,2.03],[109.38,1.92],[109.27,1.71],[109.08,1.5],[108.96,1.13],[108.91,0.79],[108.94,0.36],[109.26,0.03],[109.19,-0.01],[109.12,-0.27],[109.13,-0.45],[109.37,-0.64],[109.27,-0.73],[109.33,-0.88],[109.45,-0.87],[109.79,-1.01],[109.94,-1.18],[110.02,-1.4],[110.02,-1.64],[109.96,-1.86],[110.08,-1.95],[110.22,-2.69],[110.23,-2.93],[110.3,-2.99],[110.57,-2.89],[110.7,-3.02],[110.93,-3.07],[111.37,-2.93],[111.63,-2.98],[111.69,-2.89],[111.82,-3.06],[111.82,-3.53],[111.95,-3.53],[112.13,-3.38],[112.28,-3.32],[112.6,-3.4],[112.97,-3.19],[113.03,-2.93],[113.34,-3.25],[113.61,-3.2],[113.63,-3.42],[113.8,-3.46],[114.08,-3.28],[114.3,-3.36],[114.45,-3.48],[114.53,-3.38],[114.61,-3.7],[114.63,-4.11],[114.69,-4.17],[115.96,-3.6],[116.06,-3.35],[116.26,-3.13],[116.17,-3.03],[116.33,-2.9],[116.35,-2.52],[116.53,-2.51],[116.53,-2.21],[116.31,-2.14],[116.42,-2.05],[116.42,-1.78],[116.28,-1.78],[116.48,-1.63],[116.55,-1.47],[116.72,-1.38],[116.8,-1.18],[117,-1.19],[117.24,-0.93],[117.56,-0.77],[117.55,-0.55],[117.46,-0.32],[117.52,0.24],[117.75,0.73],[117.92,0.83],[117.98,0.96],[117.91,1.1],[118.2,0.87],[118.53,0.81],[118.89,0.89],[118.98,0.98],[118.64,1.32],[118.08,1.7],[117.79,2.03],[118.04,2.22],[118.07,2.32],[117.89,2.54],[117.79,2.75],[117.64,2.83],[117.7,2.89],[117.61,3.06],[117.35,3.19],[117.38,3.37],[117.17,3.64],[117.45,3.63],[117.51,3.73],[117.63,3.64],[117.78,3.69],[117.73,3.8],[117.47,4.08],[117.74,4.34],[118.01,4.25],[118.5,4.36],[118.56,4.5],[118.32,4.67],[118.19,4.83],[118.26,4.99],[118.38,5.02],[118.67,4.96],[119.13,5.1],[119.25,5.2],[119.22,5.41],[118.96,5.43],[118.59,5.59],[118.46,5.76],[118.25,5.82],[117.97,5.71],[117.93,5.79],[118.12,5.86],[118,6.05],[117.82,5.94],[117.62,5.94],[117.62,6.2],[117.7,6.27],[117.65,6.47],[117.29,6.68],[117.25,6.92],[117.13,6.97],[116.91,6.66],[116.81,6.69]]]},"properties":{"scalerank":0,"featurecla":"Land","min_zoom":0}},
{"type":"Feature","geometry":{"type":"Polygon","coordinates":[[[67.77,76.24],[68.17,76.28],[68.9,76.57],[68.87,76.79],[68.49,76.93],[67.53,77.01],[66.83,76.92],[66.06,76.75],[65.86,76.61],[64.46,76.38],[62.97,76.24],[61.2,76.28],[60.94,76.07],[60.28,76.1],[60.04,75.98],[58.88,75.85],[58.06,75.66],[57.61,75.34],[57.09,75.38],[56.57,75.1],[56.04,75.19],[56,75],[56.5,74.96],[55.58,74.63],[56.08,74.48],[55.34,74.42],[54.64,73.96],[53.76,73.77],[54.2,73.54],[54.3,73.35],[55.01,73.45],[55.55,73.36],[56.43,73.3],[56.96,73.37],[57.54,73.66],[57.29,73.81],[57.76,73.77],[57.77,74.01],[58.44,74.13],[58.67,74.29],[58.53,74.5],[59.1,74.51],[59.24,74.69],[59.6,74.61],[60.5,74.9],[60.24,74.97],[60.66,75.06],[61.36,75.31],[63.66,75.67],[64.26,75.72],[66.28,75.98],[67.77,76.24]]]},"properties":{"scalerank":0,"featurecla":"Land","min_zoom":0}},
{"type":"Feature","geometry":{"type":"Polygon","coordinates":[[[55.32,73.31],[54.8,73.39],[54.09,73.28],[53.75,73.29],[53.2,73.15],[53.37,72.92],[52.81,72.88],[52.53,72.74],[52.92,72.67],[52.62,72.3],[52.25,72.13],[51.58,72.07],[51.44,71.78],[51.81,71.49],[52.42,71.54],[52.91,71.5],[53.36,71.54],[53.41,71.34],[54.16,71.13],[53.59,71.05],[53.38,70.87],[54.6,70.68],[55.69,70.69],[56.56,70.59],[56.26,70.71],[57.15,70.59],[57.63,70.73],[56.89,70.93],[56.04,71.35],[55.3,71.94],[55.52,72.22],[55.36,72.47],[55.72,72.77],[56.08,72.79],[56.43,73.2],[55.32,73.31]]]},"properties":{"scalerank":0,"featurecla":"Land","min_zoom":0}},
{"type":"Feature","geometry":{"type":"Polygon","coordinates":[[[142.76,54.39],[142.55,54.28],[142.33,54.28],[142.71,53.9],[142.55,53.65],[142.53,53.45],[142.32,53.41],[142.14,53.5],[141.82,53.34],[141.87,53.04],[141.8,52.56],[141.66,52.27],[141.72,51.74],[142.01,51.52],[142.21,51.22],[142.21,51],[142.1,50.78],[142.07,50.51],[142.15,50.22],[142.14,49.57],[142.02,49.08],[141.87,48.75],[142.14,48.29],[142.18,48.01],[141.96,47.59],[142.04,47.14],[141.87,46.69],[141.83,46.45],[141.96,46.01],[142.08,45.92],[142.21,46.09],[142.41,46.55],[142.58,46.7],[142.83,46.61],[143.28,46.56],[143.35,46.48],[143.43,46.03],[143.58,46.36],[143.49,46.75],[143.22,46.79],[143.01,47.22],[142.67,47.54],[142.56,47.74],[142.57,48.07],[143.1,49.2],[143.38,49.29],[143.73,49.31],[144.13,49.21],[144.62,48.81],[144.69,48.87],[144.43,49.05],[144.27,49.31],[144.05,49.9],[143.82,50.28],[143.46,51.47],[143.32,51.58],[143.16,52.08],[143.17,52.35],[143.32,52.61],[143.32,52.96],[143.22,53.3],[142.92,53.79],[142.98,54.14],[142.76,54.39]]]},"properties":{"scalerank":0,"featurecla":"Land","min_zoom":0}},
{"type":"Feature","geometry":{"type":"Polygon","coordinates":[[[143.82,44.12],[143.29,44.4],[142.7,44.82],[142.42,45.13],[141.94,45.51],[141.67,45.4],[141.58,45.16],[141.78,44.72],[141.76,44.48],[141.66,44.26],[141.64,44.02],[141.4,43.64],[141.41,43.38],[141.3,43.2],[140.78,43.21],[140.49,43.34],[140.39,43.3],[140.49,43.05],[140.22,42.8],[139.89,42.65],[139.82,42.39],[139.9,42.19],[140.06,42.07],[140.11,41.91],[140,41.58],[140.15,41.42],[140.38,41.52],[140.66,41.82],[141,41.74],[141.15,41.81],[140.73,42.12],[140.53,42.13],[140.32,42.33],[140.48,42.56],[140.71,42.56],[140.99,42.34],[141.41,42.55],[141.85,42.58],[142.51,42.26],[143.24,42],[143.43,42.42],[143.58,42.6],[143.97,42.88],[144.3,42.98],[144.63,42.95],[145.03,43.03],[145.35,43.18],[145.51,43.17],[145.83,43.39],[145.67,43.39],[145.49,43.28],[145.34,43.3],[145.1,43.76],[145.35,44.23],[145.34,44.33],[144.8,43.94],[144.48,43.95],[144.1,44.1],[143.82,44.12]]]},"properties":{"scalerank":0,"featurecla":"Land","min_zoom":0}},
{"type":"Feature","geometry":{"type":"Polygon","coordinates":[[[141.23,41.37],[140.94,41.51],[140.86,41.43],[140.8,41.14],[141.2,41.24],[141.26,41.1],[141.12,40.88],[140.94,40.94],[140.8,40.83],[140.68,40.89],[140.63,41.2],[140.39,41.23],[140.25,40.81],[140.03,40.73],[139.92,40.6],[140.01,40.31],[139.97,40.14],[139.81,39.88],[139.95,39.89],[140.05,39.75],[140.05,39.46],[139.91,39.23],[139.8,38.88],[139.58,38.6],[139.4,38.14],[139.25,38.01],[138.89,37.84],[138.71,37.56],[138.32,37.22],[137.91,37.06],[137.51,36.95],[137.34,36.77],[137.02,36.84],[136.92,37.17],[137.34,37.44],[137.32,37.52],[136.84,37.38],[136.72,37.2],[136.75,36.95],[136.7,36.74],[136.36,36.36],[136.16,36.22],[136.01,35.99],[136.1,35.77],[135.9,35.61],[135.68,35.5],[135.33,35.53],[135.17,35.75],[134.88,35.66],[134.46,35.63],[134.21,35.54],[133.86,35.49],[133.62,35.51],[133.38,35.46],[133.27,35.56],[132.92,35.51],[132.7,35.42],[132.62,35.31],[131.86,34.73],[131.61,34.62],[131.35,34.41],[131,34.39],[130.89,34.26],[130.92,33.98],[131.07,34.02],[131.23,33.95],[131.74,34.05],[132.15,33.84],[132.24,34.23],[132.42,34.35],[132.66,34.25],[133.02,34.33],[133.14,34.3],[133.45,34.43],[133.97,34.53],[134.21,34.7],[134.74,34.77],[135.04,34.63],[135.36,34.65],[135.38,34.5],[135.1,34.29],[135.18,33.9],[135.45,33.55],[135.7,33.49],[135.92,33.56],[136.33,34.18],[136.85,34.32],[136.88,34.43],[136.53,34.68],[136.69,34.98],[136.85,35.06],[136.88,34.81],[137.28,34.77],[137.29,34.7],[137.06,34.58],[137.54,34.66],[138.19,34.6],[138.25,34.73],[138.58,35.09],[138.72,35.12],[138.9,35.03],[138.8,34.97],[138.76,34.7],[138.84,34.62],[139.09,34.84],[139.12,35.1],[139.25,35.28],[139.47,35.3],[139.64,35.14],[139.74,35.25],[139.65,35.41],[139.83,35.66],[139.99,35.67],[140.09,35.54],[139.83,35.3],[139.8,34.96],[139.92,34.9],[140.06,35.04],[140.31,35.16],[140.42,35.27],[140.46,35.51],[140.64,35.66],[140.87,35.72],[140.62,36.06],[140.57,36.23],[140.63,36.5],[140.79,36.85],[140.97,37],[141.04,37.47],[140.93,37.95],[140.96,38.15],[141.11,38.34],[141.47,38.4],[141.55,38.76],[141.66,38.97],[141.9,39.11],[141.98,39.43],[141.98,39.84],[141.8,40.29],[141.46,40.61],[141.4,41.1],[141.46,41.4],[141.23,41.37]]]},"properties":{"scalerank":0,"featurecla":"Land","min_zoom":0}},
{"type":"Feature","geometry":{"type":"Polygon","coordinates":[[[134.36,34.26],[134.08,34.36],[133.71,34.24],[133.58,34.02],[133.13,33.93],[132.99,34.09],[132.78,33.99],[132.64,33.69],[132.09,33.34],[132.41,33.43],[132.51,33.29],[132.43,33.06],[132.5,32.92],[132.71,32.9],[132.64,32.76],[132.87,32.75],[132.98,32.84],[133.29,33.36],[133.63,33.51],[133.96,33.45],[134.18,33.25],[134.24,33.44],[134.38,33.61],[134.74,33.82],[134.64,34.04],[134.64,34.23],[134.36,34.26]]]},"properties":{"scalerank":0,"featurecla":"Land","min_zoom":1.5}},
{"type":"Feature","geometry":{"type":"Polygon","coordinates":[[[131.17,33.6],[131.06,33.67],[130.95,33.87],[130.72,33.93],[130.48,33.83],[130.37,33.63],[130.17,33.6],[129.83,33.44],[129.84,33.32],[129.66,33.36],[129.58,33.24],[129.9,33.02],[129.99,32.85],[129.83,32.89],[129.68,33.06],[129.69,32.88],[129.83,32.73],[129.77,32.57],[130.05,32.77],[130.34,32.7],[130.33,32.85],[130.18,32.85],[130.13,33.1],[130.24,33.18],[130.38,33.09],[130.64,32.62],[130.46,32.3],[130.19,32.09],[130.19,31.77],[130.32,31.6],[130.29,31.45],[130.15,31.41],[130.2,31.29],[130.59,31.18],[130.64,31.27],[130.53,31.46],[130.66,31.72],[130.78,31.71],[130.7,31.58],[130.79,31.27],[130.69,31.02],[131.1,31.26],[131.07,31.44],[131.34,31.4],[131.46,31.67],[131.46,31.88],[131.56,32.22],[131.73,32.59],[131.98,32.84],[131.95,33.05],[131.85,33.12],[131.9,33.25],[131.54,33.27],[131.71,33.5],[131.58,33.65],[131.42,33.58],[131.17,33.6]]]},"properties":{"scalerank":0,"featurecla":"Land","min_zoom":0}},
{"type":"Feature","geometry":{"type":"Polygon","coordinates":[[[121.01,22.62],[121.3,22.97],[121.48,23.42],[121.64,24.13],[121.83,24.53],[121.82,24.82],[121.93,24.97],[121.85,25.1],[121.59,25.28],[121.04,25.03],[120.63,24.48],[120.16,23.71],[120.14,23.4],[120.07,23.15],[120.33,22.54],[120.58,22.36],[120.74,21.96],[120.84,21.93],[120.9,22.38],[121.01,22.62]]]},"properties":{"scalerank":0,"featurecla":"Land","min_zoom":1}},
{"type":"Feature","geometry":{"type":"Polygon","coordinates":[[[110.89,19.99],[110.68,20.14],[110.59,19.98],[110.39,20.06],[110.17,20.05],[109.91,19.96],[109.65,19.98],[109.51,19.9],[109.31,19.9],[109.18,19.77],[109.28,19.76],[108.69,19.34],[108.65,19.27],[108.64,18.91],[108.7,18.54],[109.03,18.37],[109.52,18.22],[109.7,18.26],[109.82,18.4],[110.07,18.45],[110.05,18.51],[110.45,18.75],[110.57,19.17],[110.82,19.56],[111.01,19.66],[110.97,19.88],[110.89,19.99]]]},"properties":{"scalerank":0,"featurecla":"Land","min_zoom":1}},
{"type":"Feature","geometry":{"type":"Polygon","coordinates":[[[79.98,9.81],[80.05,9.65],[80.26,9.61],[80.43,9.48],[80.32,9.47],[80.09,9.58],[80.12,9.33],[80.06,9.1],[79.93,8.9],[79.94,8.69],[79.85,8.41],[79.81,8.05],[79.71,8.07],[79.79,7.59],[79.86,6.83],[80.1,6.15],[80.27,6.01],[80.5,5.95],[80.72,5.98],[81.38,6.24],[81.64,6.43],[81.77,6.61],[81.86,6.9],[81.87,7.29],[81.67,7.78],[81.44,8.12],[81.37,8.43],[81.23,8.51],[81.2,8.66],[80.71,9.37],[80.38,9.64],[80.25,9.8],[79.98,9.81]]]},"properties":{"scalerank":0,"featurecla":"Land","min_zoom":1}},
{"type":"Feature","geometry":{"type":"Polygon","coordinates":[[[49.54,-12.43],[49.31,-12.12],[49.21,-12.08],[48.9,-12.46],[48.79,-12.47],[48.89,-12.72],[48.91,-12.94],[48.8,-13.27],[48.62,-13.43],[48.41,-13.54],[48.26,-13.72],[48.04,-13.6],[47.9,-13.73],[48,-13.96],[47.77,-14.37],[47.81,-14.54],[47.96,-14.67],[47.77,-14.64],[47.52,-14.99],[47.43,-15],[47.5,-14.82],[47.44,-14.7],[47.09,-15.15],[47.14,-15.3],[47.03,-15.45],[46.99,-15.24],[46.88,-15.23],[46.48,-15.51],[46.33,-15.71],[46.44,-15.9],[46.31,-15.9],[46.19,-15.75],[45.7,-15.81],[45.6,-15.99],[45.34,-16.04],[45.17,-15.98],[44.91,-16.17],[44.48,-16.22],[44.43,-16.29],[44.42,-16.7],[43.98,-17.39],[44.04,-18.29],[44.23,-18.74],[44.24,-19.08],[44.45,-19.43],[44.4,-19.92],[44.24,-20.38],[43.91,-20.87],[43.8,-21.18],[43.5,-21.36],[43.44,-21.65],[43.27,-22.05],[43.26,-22.38],[43.4,-22.89],[43.57,-23.08],[43.72,-23.53],[43.65,-23.74],[43.69,-24.36],[43.85,-24.54],[44.04,-25],[44.35,-25.23],[44.81,-25.33],[45.12,-25.54],[45.51,-25.56],[46.16,-25.23],[46.39,-25.17],[46.73,-25.15],[47.03,-24.98],[47.18,-24.79],[47.37,-24.22],[47.56,-23.87],[47.6,-23.63],[47.74,-23.23],[47.91,-22.47],[48.18,-21.84],[48.35,-21.35],[48.61,-20.46],[48.8,-19.95],[49.06,-19.12],[49.36,-18.34],[49.48,-17.9],[49.49,-17.67],[49.44,-17.35],[49.54,-17.03],[49.77,-16.82],[49.73,-16.7],[49.84,-16.49],[49.83,-16.26],[49.71,-16.08],[49.65,-15.57],[49.74,-15.45],[49.89,-15.46],[50.02,-15.8],[50.21,-15.96],[50.4,-15.63],[50.48,-15.39],[50.44,-15.15],[50.24,-14.73],[50.17,-14.04],[49.94,-13.07],[49.64,-12.64],[49.54,-12.43]]]},"properties":{"scalerank":0,"featurecla":"Land","min_zoom":0}},
{"type":"Feature","geometry":{"type":"Polygon","coordinates":[[[53.11,38.8],[53.06,39.04],[53.05,38.9],[53.11,38.8]]]},"properties":{"scalerank":0,"featurecla":"Land","min_zoom":3}},
{"type":"Feature","geometry":{"type":"Polygon","coordinates":[[[50.18,44.85],[50.04,44.95],[50.1,44.83],[50.18,44.85]]]},"properties":{"scalerank":0,"featurecla":"Land","min_zoom":3}},
{"type":"Feature","geometry":{"type":"Polygon","coordinates":[[[50.31,44.97],[50.35,45.08],[50.26,45.02],[50.31,44.97]]]},"properties":{"scalerank":0,"featurecla":"Land","min_zoom":4}},
{"type":"Feature","geometry":{"type":"Polygon","coordinates":[[[-159.05,-79.81],[-159.68,-79.4],[-161.64,-78.9],[-162.39,-78.76],[-163.26,-78.72],[-164.13,-79],[-164.23,-79.32],[-163.71,-79.44],[-161.87,-79.7],[-160.3,-79.84],[-159.05,-79.81]]]},"properties":{"scalerank":0,"featurecla":"Land","min_zoom":1}},
{"type":"Feature","geometry":{"type":"Polygon","coordinates":[[[-70.33,-79.68],[-69.73,-79.62],[-69.25,-79.21],[-67.48,-78.68],[-66.73,-78.38],[-67.48,-78.36],[-70.54,-78.88],[-71.25,-79.06],[-71.78,-79.44],[-71.53,-79.62],[-70.33,-79.68]]]},"properties":{"scalerank":0,"featurecla":"Land","min_zoom":1.5}},
{"type":"Feature","geometry":{"type":"Polygon","coordinates":[[[-45.22,-78.81],[-45.07,-78.66],[-43.95,-78.6],[-43.81,-78.29],[-44.34,-78.09],[-45.53,-77.88],[-46.83,-77.79],[-47.69,-77.84],[-49.08,-78.05],[-50.22,-78.61],[-50.73,-79.28],[-50.34,-79.48],[-51.71,-79.99],[-52.3,-80.14],[-53.39,-80.11],[-54.35,-80.57],[-54.16,-80.87],[-49.77,-80.78],[-49.19,-80.64],[-43.53,-80.19],[-43.76,-80.02],[-43.27,-79.98],[-42.99,-79.8],[-42.97,-79.48],[-43.72,-78.82],[-45.22,-78.81]]]},"properties":{"scalerank":0,"featurecla":"Land","min_zoom":0}},
{"type":"Feature","geometry":{"type":"Polygon","coordinates":[[[-59.73,-80.34],[-59.87,-79.78],[-60.58,-79.74],[-61.68,-80.02],[-61.63,-80.34],[-65.98,-80.38],[-66.38,-80.22],[-66.77,-80.29],[-66.18,-80.44],[-64.27,-80.75],[-64.07,-80.65],[-63.14,-80.59],[-62.94,-80.77],[-62.02,-80.89],[-60.58,-80.95],[-59.83,-80.73],[-59.73,-80.34]]]},"properties":{"scalerank":0,"featurecla":"Land","min_zoom":1}},
{"type":"Feature","geometry":{"type":"Polygon","coordinates":[[[-70.05,-69.19],[-70.11,-68.96],[-70.42,-68.79],[-71.39,-68.87],[-72.06,-69],[-72.08,-69.27],[-71.74,-69.42],[-71.85,-69.97],[-71.12,-70.2],[-70.33,-70.16],[-69.62,-70.4],[-70.33,-70.36],[-71.06,-70.54],[-71.05,-70.76],[-69.83,-70.91],[-69.92,-71.13],[-70.27,-70.96],[-71.19,-70.98],[-71.72,-71.15],[-72.36,-71.07],[-73.06,-71.13],[-72.91,-71.22],[-72.21,-71.34],[-72.62,-71.39],[-73.6,-71.35],[-73.55,-71.57],[-74.19,-71.38],[-74.43,-71.46],[-74.39,-71.64],[-74.86,-71.54],[-75.29,-71.61],[-75.35,-71.88],[-74.79,-72.06],[-74.43,-72.06],[-74,-72.17],[-73.54,-72.02],[-73.63,-71.83],[-72.93,-71.92],[-72.26,-71.64],[-71.82,-71.82],[-70.82,-71.91],[-71.11,-72.05],[-71.9,-72.12],[-71.41,-72.28],[-70.64,-72.17],[-70.21,-72.23],[-70.87,-72.37],[-72.13,-72.33],[-72.62,-72.28],[-73.09,-72.41],[-72.89,-72.55],[-72.37,-72.67],[-70.73,-72.62],[-70.54,-72.66],[-69.21,-72.53],[-69.15,-72.43],[-68.64,-72.21],[-68.24,-71.82],[-68.34,-70.86],[-68.73,-70.41],[-69.09,-70.09],[-69.42,-69.58],[-69.71,-69.32],[-70.08,-69.31],[-70.05,-69.19]]]},"properties":{"scalerank":0,"featurecla":"Land","min_zoom":1}},
{"type":"Feature","geometry":{"type":"Polygon","coordinates":[[[-69.17,-52.67],[-69.5,-52.49],[-69.76,-52.73],[-69.99,-52.82],[-70.19,-52.72],[-70.38,-52.75],[-70.13,-52.94],[-70.39,-53.03],[-70.46,-53.21],[-70.33,-53.38],[-70.09,-53.42],[-69.64,-53.33],[-69.39,-53.37],[-69.35,-53.48],[-70.15,-53.76],[-69.99,-54.11],[-69.04,-54.41],[-69.25,-54.56],[-69.42,-54.41],[-69.74,-54.31],[-70.17,-54.38],[-70.63,-54.01],[-70.38,-53.99],[-70.53,-53.63],[-70.64,-53.82],[-70.87,-53.88],[-70.86,-54.11],[-70.76,-54.24],[-70.54,-54.3],[-70.3,-54.49],[-70.7,-54.49],[-70.7,-54.35],[-70.9,-54.34],[-71.16,-54.45],[-71.36,-54.4],[-71.61,-54.5],[-71.91,-54.49],[-71.83,-54.63],[-71.44,-54.62],[-70.5,-54.81],[-70.28,-54.75],[-70.03,-54.82],[-69.72,-54.71],[-69.49,-54.86],[-69.08,-54.91],[-68.22,-54.82],[-66.93,-54.92],[-66.51,-55.03],[-65.84,-54.91],[-65.35,-54.88],[-65.18,-54.68],[-65.75,-54.65],[-66.24,-54.53],[-66.67,-54.31],[-67.29,-54.05],[-68.01,-53.56],[-68.16,-53.31],[-68.49,-53.26],[-68.34,-52.9],[-68.79,-52.58],[-69.17,-52.67]]]},"properties":{"scalerank":0,"featurecla":"Land","min_zoom":0}},
{"type":"Feature","geometry":{"type":"Polygon","coordinates":[[[-81.84,23.16],[-82.1,23.19],[-82.35,23.15],[-82.67,23.04],[-83.26,22.97],[-84.04,22.67],[-84.36,22.38],[-84.33,22.07],[-84.88,21.89],[-84.84,21.83],[-84.5,21.93],[-84.5,21.78],[-84.24,21.9],[-84.03,21.94],[-83.9,22.17],[-83.38,22.22],[-82.74,22.69],[-81.9,22.68],[-81.75,22.63],[-81.76,22.47],[-82.08,22.39],[-81.82,22.2],[-81.44,22.18],[-81.36,22.1],[-81.22,22.14],[-81.19,22.27],[-81.08,22.1],[-80.96,22.05],[-80.5,22.06],[-80.49,22.12],[-80.23,21.87],[-79.91,21.74],[-79.19,21.55],[-78.82,21.62],[-78.64,21.52],[-78.54,21.3],[-78.49,21.05],[-78.12,20.76],[-78,20.72],[-77.47,20.69],[-77.23,20.64],[-77.1,20.41],[-77.55,20.08],[-77.72,19.86],[-77,19.89],[-76.78,19.94],[-76.16,19.99],[-75.77,19.96],[-75.55,19.89],[-75.29,19.89],[-75.15,20.01],[-75.12,19.9],[-74.63,20.06],[-74.25,20.08],[-74.14,20.23],[-74.23,20.33],[-74.51,20.38],[-74.88,20.65],[-75.21,20.71],[-75.64,20.73],[-75.74,20.81],[-75.6,20.99],[-75.72,21.11],[-76.07,21.13],[-76.26,21.23],[-76.65,21.28],[-77.1,21.59],[-77.21,21.48],[-77.37,21.61],[-77.14,21.64],[-77.5,21.87],[-77.64,21.8],[-77.87,21.9],[-78.14,22.11],[-78.69,22.37],[-79.28,22.41],[-79.55,22.58],[-79.68,22.74],[-80.08,22.94],[-80.36,22.94],[-80.65,23.1],[-81.18,23.06],[-81.27,23.13],[-81.58,23.12],[-81.84,23.16]]]},"properties":{"scalerank":0,"featurecla":"Land","min_zoom":0}},
{"type":"Feature","geometry":{"type":"Polygon","coordinates":[[[20.9,80.25],[20.36,80.4],[19.61,80.46],[19.75,80.23],[19.33,80.32],[19.34,80.12],[18.78,80.19],[17.92,80.14],[18.86,80.04],[18.26,79.93],[18.73,79.76],[20.78,79.75],[20.49,79.63],[19.67,79.59],[20.86,79.4],[22.87,79.41],[22.9,79.23],[23.95,79.19],[24.75,79.36],[25.64,79.4],[26.01,79.62],[27.2,79.91],[26.86,80.16],[25.84,80.18],[24.3,80.36],[23.69,80.21],[23.11,80.19],[23.32,80.43],[22.45,80.4],[22.29,80.05],[21.55,80.24],[20.9,80.25]]]},"properties":{"scalerank":0,"featurecla":"Land","min_zoom":0}},
{"type":"Feature","geometry":{"type":"Polygon","coordinates":[[[16.79,79.91],[16.09,80.01],[15.82,79.68],[16.29,78.98],[15.66,79.23],[15.05,79.68],[14.59,79.8],[14.04,79.59],[13.96,79.34],[13.04,79.69],[13.78,79.72],[13.69,79.86],[12.29,79.71],[11.7,79.82],[10.87,79.8],[10.74,79.52],[11.21,79.13],[11.58,79.28],[12.27,78.9],[11.55,78.98],[11.77,78.72],[13.15,78.24],[14.11,78.27],[14.64,78.41],[14.47,78.68],[14.89,78.64],[15.32,78.78],[15.42,78.47],[15.94,78.49],[16.78,78.66],[16.45,78.5],[16.78,78.35],[15.66,78.3],[15.7,78.23],[13.68,78.03],[13.79,77.85],[14.6,77.77],[15.59,77.87],[16.85,77.91],[17.03,77.8],[14.92,77.69],[14.7,77.53],[14.07,77.56],[14,77.45],[14.49,77.2],[15.12,77.09],[15.55,76.89],[16.7,76.58],[17.06,76.66],[17.15,77.05],[17.85,77.5],[18.23,77.52],[18.44,78.03],[19,78.08],[19.06,78.32],[19.77,78.62],[21.1,78.68],[21.39,78.74],[20.5,78.98],[20.77,79.06],[20.16,79.15],[19.09,79.16],[18.68,79.26],[18.75,79.49],[18.27,79.6],[17.67,79.39],[17.96,79.7],[17.58,79.88],[16.79,79.91]]]},"properties":{"scalerank":0,"featurecla":"Land","min_zoom":0}},
{"type":"Feature","geometry":{"type":"Polygon","coordinates":[[[9.63,40.88],[9.62,41],[9.23,41.26],[8.82,40.95],[8.57,40.85],[8.22,40.91],[8.19,40.65],[8.47,40.29],[8.41,39.92],[8.55,39.84],[8.4,39.48],[8.42,39.21],[8.65,38.93],[8.88,38.91],[9.02,39.04],[9.06,39.24],[9.49,39.14],[9.62,39.35],[9.7,40.09],[9.64,40.27],[9.81,40.5],[9.63,40.88]]]},"properties":{"scalerank":0,"featurecla":"Land","min_zoom":1}},
{"type":"Feature","geometry":{"type":"Polygon","coordinates":[[[9.48,42.81],[9.36,43.02],[9.29,42.69],[9.14,42.73],[8.71,42.55],[8.57,42.36],[8.57,42.22],[8.7,42.1],[8.62,41.93],[8.74,41.93],[8.72,41.76],[8.89,41.7],[8.81,41.59],[9.19,41.38],[9.39,41.73],[9.4,41.93],[9.55,42.13],[9.48,42.81]]]},"properties":{"scalerank":0,"featurecla":"Land","min_zoom":1}},
{"type":"Feature","geometry":{"type":"Polygon","coordinates":[[[15.58,38.22],[15.5,38.29],[15.12,38.15],[14.85,38.17],[14.51,38.05],[13.68,38],[13.35,38.18],[13.16,38.19],[12.9,38.03],[12.73,38.18],[12.55,38.05],[12.44,37.82],[12.53,37.67],[12.7,37.57],[12.92,37.57],[13.91,37.1],[14.14,37.1],[14.37,36.97],[14.5,36.8],[14.78,36.71],[15.11,36.69],[15.14,36.89],[15.29,37.01],[15.12,37.33],[15.1,37.46],[15.23,37.78],[15.58,38.22]]]},"properties":{"scalerank":0,"featurecla":"Land","min_zoom":1}},
{"type":"Feature","geometry":{"type":"Polygon","coordinates":[[[-52.73,69.94],[-53.38,70.22],[-54.37,70.32],[-54.71,70.26],[-54.77,70.05],[-54.32,69.94],[-54.84,69.9],[-54.92,69.71],[-54.5,69.58],[-53.82,69.54],[-53.66,69.47],[-54.16,69.43],[-53.58,69.26],[-52.11,69.49],[-51.9,69.6],[-52.05,69.81],[-52.73,69.94]]]},"properties":{"scalerank":0,"featurecla":"Land","min_zoom":0}},
{"type":"Feature","geometry":{"type":"Polygon","coordinates":[[[-127.2,50.64],[-127.92,50.86],[-128.24,50.83],[-128.35,50.74],[-128.06,50.5],[-127.47,50.58],[-127.49,50.4],[-127.64,50.48],[-127.91,50.45],[-127.86,50.13],[-127.47,50.16],[-127.35,50.05],[-127.25,50.14],[-127.11,49.88],[-126.9,49.94],[-126.68,49.88],[-126.35,49.66],[-126.54,49.59],[-126.55,49.42],[-126.24,49.44],[-126.02,49.37],[-125.98,49.29],[-125.64,49.19],[-125.83,49.09],[-125.46,48.94],[-125.36,49],[-124.85,49.03],[-125.14,48.82],[-125.12,48.76],[-124.69,48.6],[-123.92,48.39],[-123.59,48.33],[-123.28,48.46],[-123.42,48.7],[-123.5,48.58],[-123.82,49.08],[-124,49.22],[-124.64,49.43],[-124.83,49.53],[-124.93,49.73],[-125.23,50.01],[-125.48,50.32],[-126.2,50.45],[-126.7,50.52],[-127.2,50.64]]]},"properties":{"scalerank":0,"featurecla":"Land","min_zoom":1}},
{"type":"Feature","geometry":{"type":"Polygon","coordinates":[[[-71.95,19.72],[-72.22,19.74],[-72.64,19.9],[-73.12,19.9],[-73.4,19.81],[-73.4,19.66],[-73.05,19.61],[-72.7,19.44],[-72.81,19.07],[-72.65,18.89],[-72.35,18.67],[-72.38,18.57],[-72.62,18.55],[-72.79,18.43],[-73.59,18.52],[-74.23,18.66],[-74.39,18.62],[-74.48,18.45],[-74.42,18.35],[-74.09,18.22],[-73.88,18.04],[-73.75,18.19],[-73.39,18.25],[-72.88,18.15],[-72.5,18.22],[-72.06,18.23],[-71.95,18.19],[-71.67,17.95],[-71.63,17.77],[-71.4,17.65],[-71.11,18.07],[-71.03,18.27],[-70.64,18.34],[-70.48,18.22],[-70.18,18.25],[-70.02,18.37],[-69.77,18.44],[-69.27,18.44],[-68.93,18.41],[-68.72,18.22],[-68.44,18.42],[-68.34,18.61],[-68.68,18.9],[-68.9,18.99],[-69.62,19.12],[-69.61,19.21],[-69.32,19.2],[-69.32,19.33],[-69.74,19.3],[-69.82,19.37],[-69.96,19.67],[-70.13,19.64],[-70.44,19.77],[-70.64,19.78],[-70.95,19.91],[-71.24,19.85],[-71.56,19.9],[-71.74,19.74],[-71.95,19.72]]]},"properties":{"scalerank":0,"featurecla":"Land","min_zoom":0}},
{"type":"Feature","geometry":{"type":"Polygon","coordinates":[[[-49.63,-0.23],[-50.25,-0.12],[-50.46,-0.16],[-50.65,-0.27],[-50.77,-0.65],[-50.78,-1.01],[-50.59,-1.07],[-50.73,-1.13],[-50.76,-1.24],[-50.6,-1.7],[-50.51,-1.79],[-50.11,-1.75],[-50.07,-1.7],[-49.81,-1.79],[-49.59,-1.71],[-49.51,-1.51],[-49.23,-1.6],[-49.17,-1.41],[-49.09,-1.51],[-48.93,-1.48],[-48.8,-1.33],[-48.84,-1.23],[-48.7,-1.11],[-48.54,-0.8],[-48.38,-0.35],[-48.59,-0.23],[-49.12,-0.16],[-49.63,-0.23]]]},"properties":{"scalerank":0,"featurecla":"Land","min_zoom":0}},
{"type":"Feature","geometry":{"type":"Polygon","coordinates":[[[-3.11,58.52],[-3.05,58.63],[-4.72,58.51],[-4.92,58.59],[-5.07,58.52],[-5.01,58.26],[-5.34,58.24],[-5.39,58.04],[-5.16,57.88],[-5.61,57.88],[-5.74,57.67],[-5.58,57.55],[-5.79,57.38],[-5.56,57.23],[-5.59,57.1],[-5.86,56.9],[-5.73,56.85],[-6.13,56.72],[-5.86,56.56],[-5.65,56.53],[-5.19,56.76],[-5.39,56.51],[-5.61,56.06],[-5.62,55.81],[-5.5,55.8],[-5.68,55.62],[-5.77,55.36],[-5.56,55.39],[-5.39,55.77],[-5.41,56],[-5.18,56.12],[-5.23,55.89],[-4.84,56.05],[-4.58,55.94],[-4.81,55.94],[-4.89,55.7],[-4.68,55.5],[-5.14,54.86],[-4.91,54.69],[-4.82,54.85],[-4.52,54.76],[-4.3,54.84],[-3.96,54.78],[-3.43,54.96],[-3.27,54.91],[-3.46,54.77],[-3.57,54.47],[-3.17,54.13],[-2.87,54.18],[-2.9,53.96],[-3.03,53.91],[-2.93,53.73],[-3.06,53.51],[-2.91,53.35],[-3.17,53.39],[-3.1,53.26],[-3.33,53.35],[-3.81,53.3],[-4.11,53.22],[-4.64,52.89],[-4.68,52.81],[-4.1,52.92],[-3.98,52.54],[-4.15,52.33],[-4.38,52.2],[-5.09,52],[-5.26,51.88],[-5.12,51.71],[-4.9,51.63],[-4.6,51.74],[-4.09,51.66],[-4.23,51.57],[-3.94,51.6],[-3.56,51.41],[-3.29,51.39],[-2.98,51.54],[-2.74,51.58],[-2.43,51.74],[-3.14,51.21],[-3.84,51.23],[-4.19,51.19],[-4.3,51.03],[-4.52,50.98],[-4.58,50.78],[-5.34,50.25],[-5.57,50.2],[-5.62,50.05],[-5.43,50.1],[-5.23,50.02],[-4.73,50.29],[-4.17,50.39],[-3.79,50.23],[-3.58,50.32],[-3.4,50.63],[-3,50.72],[-2.55,50.62],[-2.04,50.6],[-2.03,50.73],[-1.52,50.75],[-1.42,50.9],[-0.79,50.77],[-0.2,50.81],[0.21,50.76],[0.96,50.93],[1.04,51.05],[1.4,51.18],[1.41,51.36],[0.69,51.39],[0.59,51.52],[0.89,51.57],[0.75,51.73],[1.27,51.85],[1.32,51.96],[1.56,52.09],[1.75,52.47],[1.66,52.75],[1.38,52.89],[1.06,52.96],[0.56,52.97],[0.28,52.81],[0.05,52.91],[0.36,53.16],[0.13,53.47],[-0.29,53.69],[0.12,53.61],[-0.21,54.02],[-0.08,54.12],[-0.67,54.5],[-1.15,54.65],[-1.29,54.77],[-1.66,55.57],[-2.15,55.9],[-2.6,56.03],[-3.05,55.95],[-3.36,56.03],[-2.98,56.19],[-2.77,56.2],[-2.65,56.32],[-2.89,56.4],[-3.21,56.38],[-2.59,56.56],[-2.26,56.86],[-2.02,57.26],[-1.78,57.49],[-2.07,57.7],[-3.08,57.67],[-3.4,57.71],[-4.13,57.58],[-3.86,57.82],[-3.99,57.96],[-3.21,58.32],[-3.11,58.52]]]},"properties":{"scalerank":0,"featurecla":"Land","min_zoom":0}},
{"type":"Feature","geometry":{"type":"Polygon","coordinates":[[[-7.18,55.06],[-6.96,55.24],[-7.25,55.35],[-7.53,55.19],[-7.67,55.26],[-8.27,55.15],[-8.38,54.89],[-8.76,54.68],[-8.46,54.61],[-8.13,54.64],[-8.23,54.51],[-8.62,54.35],[-8.55,54.24],[-9,54.29],[-9.15,54.21],[-9.32,54.3],[-10.06,54.26],[-9.86,54.1],[-9.91,53.86],[-9.58,53.88],[-9.58,53.81],[-9.9,53.73],[-9.72,53.6],[-10.12,53.55],[-10.09,53.41],[-9.8,53.39],[-9.47,53.23],[-8.93,53.21],[-9.3,53.1],[-9.51,52.78],[-9.92,52.57],[-9.56,52.65],[-9.18,52.63],[-8.99,52.76],[-8.78,52.68],[-9.59,52.56],[-9.91,52.4],[-9.77,52.25],[-10.21,52.27],[-10.39,52.13],[-9.96,52.14],[-10.38,51.87],[-10.08,51.77],[-9.6,51.87],[-10.12,51.6],[-9.58,51.69],[-9.84,51.48],[-9.3,51.5],[-8.81,51.58],[-8.35,51.74],[-8.29,51.89],[-8.15,51.81],[-7.66,51.98],[-7.53,52.1],[-6.78,52.21],[-6.32,52.25],[-6.46,52.35],[-6.22,52.54],[-6.03,52.93],[-6.13,53.3],[-6.14,53.58],[-6.35,53.99],[-6.02,54.05],[-5.83,54.24],[-5.61,54.27],[-5.67,54.55],[-5.48,54.44],[-5.58,54.66],[-5.88,54.68],[-5.72,54.82],[-6.13,55.22],[-6.48,55.24],[-6.95,55.18],[-7.18,55.06]]]},"properties":{"scalerank":0,"featurecla":"Land","min_zoom":0}},
{"type":"Feature","geometry":{"type":"Polygon","coordinates":[[[-179.8,68.94],[-180,68.98],[-180,68.74],[-180,68.49],[-180,68.25],[-180,68],[-180,67.76],[-180,67.51],[-180,67.27],[-180,67.03],[-180,66.78],[-180,66.54],[-180,66.29],[-180,66.05],[-180,65.8],[-180,65.56],[-180,65.31],[-180,65.26],[-180,65.07],[-179.7,65.19],[-179.35,65.52],[-179.37,65.64],[-179.73,65.8],[-179.78,66.02],[-179.33,66.16],[-179.11,66.35],[-178.92,66.18],[-178.53,66.4],[-178.75,66.01],[-178.94,66.03],[-178.5,65.74],[-178.5,65.54],[-178.31,65.48],[-177.49,65.5],[-177.06,65.61],[-176.09,65.47],[-175.92,65.35],[-175.85,65.01],[-175.4,64.8],[-175.04,64.81],[-174.32,64.64],[-174,64.45],[-173.6,64.37],[-173.33,64.54],[-173.38,64.35],[-173.01,64.3],[-172.95,64.51],[-172.74,64.41],[-172.4,64.41],[-172.49,64.54],[-172.9,64.63],[-172.8,64.79],[-173,64.88],[-172.59,64.91],[-172.21,65.05],[-172.31,65.28],[-172.21,65.43],[-172.78,65.68],[-172.44,65.67],[-171.91,65.5],[-171.05,65.55],[-171.45,65.79],[-170.67,65.62],[-170.54,65.87],[-170.16,66.01],[-169.83,66],[-169.78,66.14],[-170.24,66.17],[-170.47,66.32],[-171.36,66.68],[-171.8,66.93],[-172.58,66.98],[-172.64,66.93],[-173.23,66.97],[-173.16,67.07],[-173.68,67.14],[-174.45,67.1],[-174.09,66.94],[-174.01,66.78],[-174.23,66.63],[-173.77,66.43],[-174.07,66.23],[-174.08,66.47],[-174.39,66.34],[-174.5,66.54],[-174.92,66.62],[-174.77,66.78],[-174.94,67.09],[-174.85,67.35],[-175.23,67.45],[-175.35,67.68],[-177.41,68.25],[-178.25,68.54],[-177.8,68.34],[-178.06,68.26],[-178.1,68.42],[-178.69,68.55],[-178.87,68.75],[-179.8,68.94]]]},"properties":{"scalerank":0,"featurecla":"Land","min_zoom":0}},
{"type":"Feature","geometry":{"type":"Polygon","coordinates":[[[-15.54,66.23],[-15.99,66.51],[-16.54,66.45],[-16.43,66.28],[-16.75,66.13],[-17.15,66.2],[-17.55,65.96],[-17.91,66.14],[-18.3,66.16],[-18.1,65.83],[-18.78,66.17],[-19.38,66.08],[-19.46,65.77],[-19.59,65.78],[-20.03,66.05],[-20.36,66.03],[-20.45,65.57],[-20.74,65.66],[-20.94,65.57],[-21.13,65.27],[-21.42,65.46],[-21.46,65.7],[-21.3,65.88],[-21.41,66.03],[-22.43,66.43],[-22.89,66.44],[-23.12,66.36],[-22.51,66.26],[-22.95,66.21],[-22.45,66.07],[-23.02,65.98],[-23.06,66.09],[-23.53,66.16],[-23.77,66],[-23.52,65.88],[-23.83,65.85],[-23.29,65.75],[-23.62,65.68],[-24.11,65.76],[-24.01,65.62],[-24.34,65.6],[-24.45,65.5],[-23.9,65.41],[-22.9,65.58],[-21.84,65.45],[-22.47,65.23],[-21.89,65.05],[-22.68,65.03],[-24.03,64.86],[-23.88,64.75],[-23.35,64.82],[-22.47,64.79],[-21.95,64.51],[-21.95,64.31],[-21.65,64.4],[-22.06,64.07],[-22.51,63.99],[-22.74,64.02],[-22.61,63.84],[-21.45,63.86],[-21.25,63.94],[-20.59,63.74],[-20.2,63.56],[-19.78,63.54],[-19.25,63.44],[-18.65,63.41],[-18.08,63.5],[-17.82,63.71],[-16.64,63.87],[-16.06,64.11],[-15.49,64.26],[-15.02,64.3],[-14.55,64.45],[-14.39,64.75],[-14.14,64.71],[-13.85,64.86],[-13.85,64.99],[-13.58,65.14],[-13.8,65.35],[-13.67,65.55],[-14.33,65.66],[-14.43,65.79],[-14.84,65.78],[-14.74,66.05],[-15.12,66.1],[-14.86,66.38],[-15.54,66.23]]]},"properties":{"scalerank":0,"featurecla":"Land","min_zoom":0}},
{"type":"Feature","geometry":{"type":"Polygon","coordinates":[[[-64.85,18.33],[-64.89,18.37],[-65.02,18.37],[-64.85,18.33]]]},"properties":{"scalerank":0,"featurecla":"Land","min_zoom":4}},
{"type":"Feature","geometry":{"type":"Polygon","coordinates":[[[178.58,51.92],[178.51,51.99],[178.51,51.9],[178.58,51.92]]]},"properties":{"scalerank":0,"featurecla":"Land","min_zoom":4}},
{"type":"Feature","geometry":{"type":"Polygon","coordinates":[[[14.31,36.03],[14.26,36.08],[14.18,36.06],[14.31,36.03]]]},"properties":{"scalerank":0,"featurecla":"Land","min_zoom":4}},
{"type":"Feature","geometry":{"type":"Polygon","coordinates":[[[13.94,40.71],[13.96,40.74],[13.87,40.76],[13.94,40.71]]]},"properties":{"scalerank":0,"featurecla":"Land","min_zoom":4}},
{"type":"Feature","geometry":{"type":"Polygon","coordinates":[[[12.05,36.76],[11.95,36.84],[11.94,36.78],[12.05,36.76]]]},"properties":{"scalerank":0,"featurecla":"Land","min_zoom":4}},
{"type":"Feature","geometry":{"type":"Polygon","coordinates":[[[6.33,53.51],[6.17,53.49],[6.19,53.48],[6.33,53.51]]]},"properties":{"scalerank":0,"featurecla":"Land","min_zoom":4}},
{"type":"Feature","geometry":{"type":"Polygon","coordinates":[[[5.93,53.46],[5.65,53.47],[5.73,53.44],[5.93,53.46]]]},"properties":{"scalerank":0,"featurecla":"Land","min_zoom":4}},
{"type":"Feature","geometry":{"type":"Polygon","coordinates":[[[5.11,53.31],[5.03,53.31],[4.92,53.23],[5.11,53.31]]]},"properties":{"scalerank":0,"featurecla":"Land","min_zoom":4}},
{"type":"Feature","geometry":{"type":"Polygon","coordinates":[[[5.33,53.39],[5.58,53.44],[5.19,53.39],[5.33,53.39]]]},"properties":{"scalerank":0,"featurecla":"Land","min_zoom":4}},
{"type":"Feature","geometry":{"type":"Polygon","coordinates":[[[-178.99,-17.98],[-179.05,-17.92],[-179.08,-17.94],[-178.99,-17.98]]]},"properties":{"scalerank":0,"featurecla":"Land","min_zoom":4}},
{"type":"Feature","geometry":{"type":"Polygon","coordinates":[[[-178.76,-18.23],[-178.76,-18.19],[-178.85,-18.2],[-178.76,-18.23]]]},"properties":{"scalerank":0,"featurecla":"Land","min_zoom":4}},
{"type":"Feature","geometry":{"type":"Polygon","coordinates":[[[-178.25,-17.95],[-178.28,-17.89],[-178.36,-17.92],[-178.25,-17.95]]]},"properties":{"scalerank":0,"featurecla":"Land","min_zoom":4}},
{"type":"Feature","geometry":{"type":"Polygon","coordinates":[[[-151.47,-16.66],[-151.44,-16.62],[-151.51,-16.57],[-151.47,-16.66]]]},"properties":{"scalerank":0,"featurecla":"Land","min_zoom":4}},
{"type":"Feature","geometry":{"type":"Polygon","coordinates":[[[-149.81,-17.55],[-149.78,-17.49],[-149.9,-17.47],[-149.81,-17.55]]]},"properties":{"scalerank":0,"featurecla":"Land","min_zoom":3}},
{"type":"Feature","geometry":{"type":"Polygon","coordinates":[[[-120.31,34.02],[-120.37,34.07],[-120.44,34.03],[-120.31,34.02]]]},"properties":{"scalerank":0,"featurecla":"Land","min_zoom":4}},
{"type":"Feature","geometry":{"type":"Polygon","coordinates":[[[-119.44,33.22],[-119.48,33.27],[-119.54,33.22],[-119.44,33.22]]]},"properties":{"scalerank":0,"featurecla":"Land","min_zoom":4}},
{"type":"Feature","geometry":{"type":"Polygon","coordinates":[[[-67.58,-55.89],[-67.54,-55.83],[-67.83,-55.86],[-67.58,-55.89]]]},"properties":{"scalerank":0,"featurecla":"Land","min_zoom":3}},
{"type":"Feature","geometry":{"type":"Polygon","coordinates":[[[-69.9,12.45],[-70.04,12.61],[-70.07,12.55],[-69.9,12.45]]]},"properties":{"scalerank":0,"featurecla":"Land","min_zoom":3}},
{"type":"Feature","geometry":{"type":"Polygon","coordinates":[[[-65.21,10.91],[-65.3,10.97],[-65.41,10.94],[-65.21,10.91]]]},"properties":{"scalerank":0,"featurecla":"Land","min_zoom":3}},
{"type":"Feature","geometry":{"type":"Polygon","coordinates":[[[-72.8,18.78],[-73.17,18.97],[-73.29,18.9],[-72.82,18.71],[-72.8,18.78]]]},"properties":{"scalerank":0,"featurecla":"Land","min_zoom":2}},
{"type":"Feature","geometry":{"type":"Polygon","coordinates":[[[-25.03,36.96],[-25.08,37.02],[-25.16,36.94],[-25.03,36.96]]]},"properties":{"scalerank":0,"featurecla":"Land","min_zoom":3}},
{"type":"Feature","geometry":{"type":"Polygon","coordinates":[[[16.65,43],[16.74,42.91],[17.19,42.92],[17.09,42.96],[16.65,43]]]},"properties":{"scalerank":0,"featurecla":"Land","min_zoom":3}},
{"type":"Feature","geometry":{"type":"Polygon","coordinates":[[[17.19,43.13],[16.38,43.21],[16.68,43.12],[17.19,43.13]]]},"properties":{"scalerank":0,"featurecla":"Land","min_zoom":3}},
{"type":"Feature","geometry":{"type":"Polygon","coordinates":[[[16.79,43.27],[16.83,43.35],[16.45,43.39],[16.42,43.32],[16.79,43.27]]]},"properties":{"scalerank":0,"featurecla":"Land","min_zoom":3}},
{"type":"Feature","geometry":{"type":"Polygon","coordinates":[[[-2.51,49.49],[-2.65,49.47],[-2.55,49.43],[-2.51,49.49]]]},"properties":{"scalerank":0,"featurecla":"Land","min_zoom":4}},
{"type":"Feature","geometry":{"type":"Polygon","coordinates":[[[-2.02,49.23],[-2.22,49.27],[-2.24,49.18],[-2.02,49.23]]]},"properties":{"scalerank":0,"featurecla":"Land","min_zoom":3}},
{"type":"Feature","geometry":{"type":"Polygon","coordinates":[[[145.71,18.76],[145.65,18.81],[145.68,18.73],[145.71,18.76]]]},"properties":{"scalerank":0,"featurecla":"Land","min_zoom":4}},
{"type":"Feature","geometry":{"type":"Polygon","coordinates":[[[145.71,16.34],[145.7,16.38],[145.63,16.38],[145.71,16.34]]]},"properties":{"scalerank":0,"featurecla":"Land","min_zoom":4}},
{"type":"Feature","geometry":{"type":"Polygon","coordinates":[[[145.26,14.16],[145.15,14.16],[145.22,14.11],[145.26,14.16]]]},"properties":{"scalerank":0,"featurecla":"Land","min_zoom":4}},
{"type":"Feature","geometry":{"type":"Polygon","coordinates":[[[-59.79,43.94],[-60.12,43.95],[-60.04,43.91],[-59.79,43.94]]]},"properties":{"scalerank":0,"featurecla":"Land","min_zoom":3}},
{"type":"Feature","geometry":{"type":"Polygon","coordinates":[[[-97.01,27.9],[-96.84,28.09],[-96.9,28.12],[-97.01,27.9]]]},"properties":{"scalerank":0,"featurecla":"Land","min_zoom":3}},
{"type":"Feature","geometry":{"type":"Polygon","coordinates":[[[-88.89,29.71],[-88.9,29.73],[-88.94,29.66],[-88.89,29.71]]]},"properties":{"scalerank":0,"featurecla":"Land","min_zoom":4}},
{"type":"Feature","geometry":{"type":"Polygon","coordinates":[[[-88.56,30.22],[-88.72,30.26],[-88.71,30.24],[-88.56,30.22]]]},"properties":{"scalerank":0,"featurecla":"Land","min_zoom":4}},
{"type":"Feature","geometry":{"type":"Polygon","coordinates":[[[-88.07,30.25],[-88.11,30.27],[-88.29,30.23],[-88.07,30.25]]]},"properties":{"scalerank":0,"featurecla":"Land","min_zoom":4}},
{"type":"Feature","geometry":{"type":"Polygon","coordinates":[[[-63.01,18.05],[-63.06,18.12],[-63.12,18.06],[-63.01,18.05]]]},"properties":{"scalerank":0,"featurecla":"Land","min_zoom":4}},
{"type":"Feature","geometry":{"type":"Polygon","coordinates":[[[-65.43,18.11],[-65.29,18.13],[-65.48,18.17],[-65.43,18.11]]]},"properties":{"scalerank":0,"featurecla":"Land","min_zoom":3}},
{"type":"Feature","geometry":{"type":"Polygon","coordinates":[[[-62.53,17.12],[-62.62,17.2],[-62.62,17.13],[-62.53,17.12]]]},"properties":{"scalerank":0,"featurecla":"Land","min_zoom":4}},
{"type":"Feature","geometry":{"type":"Polygon","coordinates":[[[-64.4,18.46],[-64.32,18.52],[-64.43,18.51],[-64.4,18.46]]]},"properties":{"scalerank":0,"featurecla":"Land","min_zoom":4}},
{"type":"Feature","geometry":{"type":"Polygon","coordinates":[[[-64.66,18.35],[-64.75,18.37],[-64.73,18.33],[-64.66,18.35]]]},"properties":{"scalerank":0,"featurecla":"Land","min_zoom":4}},
{"type":"Feature","geometry":{"type":"Polygon","coordinates":[[[-64.59,18.4],[-64.55,18.44],[-64.7,18.41],[-64.59,18.4]]]},"properties":{"scalerank":0,"featurecla":"Land","min_zoom":4}},
{"type":"Feature","geometry":{"type":"Polygon","coordinates":[[[-64.77,17.79],[-64.89,17.7],[-64.69,17.71],[-64.77,17.79]]]},"properties":{"scalerank":0,"featurecla":"Land","min_zoom":3}},
{"type":"Feature","geometry":{"type":"Polygon","coordinates":[[[-77.35,25.01],[-77.33,25.08],[-77.56,25.03],[-77.35,25.01]]]},"properties":{"scalerank":0,"featurecla":"Land","min_zoom":3}},
{"type":"Feature","geometry":{"type":"Polygon","coordinates":[[[-81.04,24.72],[-80.93,24.76],[-81.09,24.73],[-81.04,24.72]]]},"properties":{"scalerank":0,"featurecla":"Land","min_zoom":3}},
{"type":"Feature","geometry":{"type":"Polygon","coordinates":[[[114.23,22.21],[114.25,22.26],[114.14,22.27],[114.23,22.21]]]},"properties":{"scalerank":0,"featurecla":"Land","min_zoom":4}},
{"type":"Feature","geometry":{"type":"Polygon","coordinates":[[[-76.55,34.65],[-76.62,34.69],[-76.66,34.68],[-76.55,34.65]]]},"properties":{"scalerank":0,"featurecla":"Land","min_zoom":4}},
{"type":"Feature","geometry":{"type":"Polygon","coordinates":[[[-175.16,-21.17],[-175.36,-21.11],[-175.16,-21.26],[-175.16,-21.17]]]},"properties":{"scalerank":0,"featurecla":"Land","min_zoom":3}},
{"type":"Feature","geometry":{"type":"Polygon","coordinates":[[[52.68,45.41],[52.66,45.52],[52.55,45.47],[52.68,45.41]]]},"properties":{"scalerank":0,"featurecla":"Land","min_zoom":4}},
{"type":"Feature","geometry":{"type":"Polygon","coordinates":[[[47.98,45.49],[47.95,45.65],[47.92,45.56],[47.98,45.49]]]},"properties":{"scalerank":0,"featurecla":"Land","min_zoom":4}},
{"type":"Feature","geometry":{"type":"Polygon","coordinates":[[[-58.44,-52.01],[-58.54,-52.03],[-58.43,-52.1],[-58.44,-52.01]]]},"properties":{"scalerank":0,"featurecla":"Land","min_zoom":4}},
{"type":"Feature","geometry":{"type":"Polygon","coordinates":[[[42.59,15.3],[42.6,15.43],[42.55,15.32],[42.59,15.3]]]},"properties":{"scalerank":0,"featurecla":"Land","min_zoom":4}},
{"type":"Feature","geometry":{"type":"Polygon","coordinates":[[[40.08,16.08],[40,16.04],[40.11,15.99],[40.08,16.08]]]},"properties":{"scalerank":0,"featurecla":"Land","min_zoom":4}},
{"type":"Feature","geometry":{"type":"Polygon","coordinates":[[[36.9,25.38],[36.92,25.43],[36.72,25.53],[36.9,25.38]]]},"properties":{"scalerank":0,"featurecla":"Land","min_zoom":3}},
{"type":"Feature","geometry":{"type":"Polygon","coordinates":[[[36.6,25.71],[36.58,25.86],[36.54,25.73],[36.6,25.71]]]},"properties":{"scalerank":0,"featurecla":"Land","min_zoom":4}},
{"type":"Feature","geometry":{"type":"Polygon","coordinates":[[[101.32,2.99],[101.31,3.07],[101.27,2.97],[101.32,2.99]]]},"properties":{"scalerank":0,"featurecla":"Land","min_zoom":4}},
{"type":"Feature","geometry":{"type":"Polygon","coordinates":[[[134.72,-6.55],[134.68,-6.46],[134.66,-6.56],[134.72,-6.55]]]},"properties":{"scalerank":0,"featurecla":"Land","min_zoom":4}},
{"type":"Feature","geometry":{"type":"Polygon","coordinates":[[[123.6,-1.7],[123.55,-1.51],[123.48,-1.68],[123.6,-1.7]]]},"properties":{"scalerank":0,"featurecla":"Land","min_zoom":3}},
{"type":"Feature","geometry":{"type":"Polygon","coordinates":[[[126.75,34.34],[126.7,34.4],[126.65,34.35],[126.75,34.34]]]},"properties":{"scalerank":0,"featurecla":"Land","min_zoom":4}},
{"type":"Feature","geometry":{"type":"Polygon","coordinates":[[[152.89,76.12],[152.8,76.19],[152.56,76.14],[152.89,76.12]]]},"properties":{"scalerank":0,"featurecla":"Land","min_zoom":4}},
{"type":"Feature","geometry":{"type":"Polygon","coordinates":[[[67.34,69.53],[67.03,69.48],[67.26,69.44],[67.34,69.53]]]},"properties":{"scalerank":0,"featurecla":"Land","min_zoom":3}},
{"type":"Feature","geometry":{"type":"Polygon","coordinates":[[[66.56,70.54],[66.39,70.73],[66.45,70.56],[66.56,70.54]]]},"properties":{"scalerank":0,"featurecla":"Land","min_zoom":4}},
{"type":"Feature","geometry":{"type":"Polygon","coordinates":[[[55.48,80.27],[55.24,80.33],[54.98,80.26],[55.48,80.27]]]},"properties":{"scalerank":0,"featurecla":"Land","min_zoom":4}},
{"type":"Feature","geometry":{"type":"Polygon","coordinates":[[[18.42,59.03],[18.49,59.1],[18.4,59.09],[18.42,59.03]]]},"properties":{"scalerank":0,"featurecla":"Land","min_zoom":4}},
{"type":"Feature","geometry":{"type":"Polygon","coordinates":[[[18.6,59.47],[18.7,59.52],[18.62,59.55],[18.6,59.47]]]},"properties":{"scalerank":0,"featurecla":"Land","min_zoom":4}},
{"type":"Feature","geometry":{"type":"Polygon","coordinates":[[[-122.85,47.2],[-122.89,47.27],[-122.91,47.25],[-122.85,47.2]]]},"properties":{"scalerank":0,"featurecla":"Land","min_zoom":4}},
{"type":"Feature","geometry":{"type":"Polygon","coordinates":[[[105.73,-10.49],[105.58,-10.51],[105.7,-10.56],[105.73,-10.49]]]},"properties":{"scalerank":0,"featurecla":"Land","min_zoom":3}},
{"type":"Feature","geometry":{"type":"Polygon","coordinates":[[[-86.42,16.38],[-86.56,16.36],[-86.58,16.3],[-86.42,16.38]]]},"properties":{"scalerank":0,"featurecla":"Land","min_zoom":3}},
{"type":"Feature","geometry":{"type":"Polygon","coordinates":[[[163.98,-74.83],[164.21,-74.61],[163.74,-74.71],[163.98,-74.83]]]},"properties":{"scalerank":0,"featurecla":"Land","min_zoom":3}},
{"type":"Feature","geometry":{"type":"Polygon","coordinates":[[[164.83,-67.54],[164.92,-67.45],[164.68,-67.26],[164.69,-67.56],[164.83,-67.54]]]},"properties":{"scalerank":0,"featurecla":"Land","min_zoom":3}},
{"type":"Feature","geometry":{"type":"Polygon","coordinates":[[[167.64,-78.14],[167.5,-77.99],[166.86,-78.2],[166.11,-78.09],[166.28,-78.31],[167.64,-78.14]]]},"properties":{"scalerank":0,"featurecla":"Land","min_zoom":3}},
{"type":"Feature","geometry":{"type":"Polygon","coordinates":[[[163.3,-66.82],[163.24,-66.71],[163.09,-66.7],[163.3,-66.82]]]},"properties":{"scalerank":0,"featurecla":"Land","min_zoom":3}},
{"type":"Feature","geometry":{"type":"Polygon","coordinates":[[[167.08,-77.32],[166.99,-77.19],[166.41,-77.25],[166.63,-77.38],[166.22,-77.52],[166.73,-77.85],[167.39,-77.65],[168.32,-77.68],[169.35,-77.52],[168.45,-77.39],[167.46,-77.39],[167.08,-77.32]]]},"properties":{"scalerank":0,"featurecla":"Land","min_zoom":2}},
{"type":"Feature","geometry":{"type":"Polygon","coordinates":[[[169.84,-73.6],[169.78,-73.32],[169.48,-73.54],[169.84,-73.6]]]},"properties":{"scalerank":0,"featurecla":"Land","min_zoom":3}},
{"type":"Feature","geometry":{"type":"Polygon","coordinates":[[[162.97,-75.57],[162.59,-75.67],[162.79,-75.7],[162.97,-75.57]]]},"properties":{"scalerank":0,"featurecla":"Land","min_zoom":4}},
{"type":"Feature","geometry":{"type":"Polygon","coordinates":[[[100.98,-65.68],[101.22,-65.47],[100.88,-65.38],[100.41,-65.47],[100.27,-65.6],[100.55,-65.7],[100.98,-65.68]]]},"properties":{"scalerank":0,"featurecla":"Land","min_zoom":2}},
{"type":"Feature","geometry":{"type":"Polygon","coordinates":[[[85.82,-66.95],[85.81,-66.77],[85.34,-66.72],[85.36,-66.85],[85.82,-66.95]]]},"properties":{"scalerank":0,"featurecla":"Land","min_zoom":3}},
{"type":"Feature","geometry":{"type":"Polygon","coordinates":[[[92.6,-65.81],[92.3,-65.71],[92.33,-65.81],[92.6,-65.81]]]},"properties":{"scalerank":0,"featurecla":"Land","min_zoom":3}},
{"type":"Feature","geometry":{"type":"Polygon","coordinates":[[[86.54,-66.77],[86.38,-66.67],[86.23,-66.73],[86.54,-66.77]]]},"properties":{"scalerank":0,"featurecla":"Land","min_zoom":3}},
{"type":"Feature","geometry":{"type":"Polygon","coordinates":[[[85.33,-66.61],[85.12,-66.52],[85.14,-66.64],[85.33,-66.61]]]},"properties":{"scalerank":0,"featurecla":"Land","min_zoom":4}},
{"type":"Feature","geometry":{"type":"Polygon","coordinates":[[[69.92,-71.92],[69.69,-71.97],[69.79,-72.05],[69.92,-71.92]]]},"properties":{"scalerank":0,"featurecla":"Land","min_zoom":4}},
{"type":"Feature","geometry":{"type":"Polygon","coordinates":[[[68.46,-72.3],[68.82,-72.23],[68.73,-72.09],[68.46,-72.3]]]},"properties":{"scalerank":0,"featurecla":"Land","min_zoom":3}},
{"type":"Feature","geometry":{"type":"Polygon","coordinates":[[[96.61,-66.04],[96.39,-66.22],[96.93,-66.2],[96.93,-66.06],[96.61,-66.04]]]},"properties":{"scalerank":0,"featurecla":"Land","min_zoom":3}},
{"type":"Feature","geometry":{"type":"Polygon","coordinates":[[[72,-70.63],[72.1,-70.57],[71.8,-70.26],[71.66,-70.5],[72,-70.63]]]},"properties":{"scalerank":0,"featurecla":"Land","min_zoom":3}},
{"type":"Feature","geometry":{"type":"Polygon","coordinates":[[[162.61,-66.48],[162.31,-66.25],[162.3,-66.4],[162.61,-66.48]]]},"properties":{"scalerank":0,"featurecla":"Land","min_zoom":3}},
{"type":"Feature","geometry":{"type":"Polygon","coordinates":[[[100.26,-66.22],[100.29,-66.11],[100.08,-66.19],[100.26,-66.22]]]},"properties":{"scalerank":0,"featurecla":"Land","min_zoom":4}},
{"type":"Feature","geometry":{"type":"Polygon","coordinates":[[[98.85,-66.47],[98.95,-66.42],[98.6,-66.38],[98.85,-66.47]]]},"properties":{"scalerank":0,"featurecla":"Land","min_zoom":3}},
{"type":"Feature","geometry":{"type":"Polygon","coordinates":[[[103.4,-65.45],[103.14,-65.19],[102.89,-65.13],[102.79,-65.24],[103.11,-65.31],[103.14,-65.44],[103.4,-65.45]]]},"properties":{"scalerank":0,"featurecla":"Land","min_zoom":3}},
{"type":"Feature","geometry":{"type":"Polygon","coordinates":[[[-147.59,-76.65],[-147.9,-76.56],[-148,-76.58],[-147.59,-76.65]]]},"properties":{"scalerank":0,"featurecla":"Land","min_zoom":4}},
{"type":"Feature","geometry":{"type":"Polygon","coordinates":[[[-145.24,-75.71],[-145.9,-75.5],[-146.15,-75.57],[-145.24,-75.71]]]},"properties":{"scalerank":0,"featurecla":"Land","min_zoom":3}},
{"type":"Feature","geometry":{"type":"Polygon","coordinates":[[[-146.61,-76.96],[-146.24,-76.88],[-147.09,-76.84],[-147.08,-76.99],[-146.61,-76.96]]]},"properties":{"scalerank":0,"featurecla":"Land","min_zoom":3}},
{"type":"Feature","geometry":{"type":"Polygon","coordinates":[[[-132.39,-74.44],[-132.55,-74.39],[-132.86,-74.46],[-132.39,-74.44]]]},"properties":{"scalerank":0,"featurecla":"Land","min_zoom":3}},
{"type":"Feature","geometry":{"type":"Polygon","coordinates":[[[-148.6,-77.01],[-149.24,-76.9],[-149.24,-76.99],[-148.6,-77.01]]]},"properties":{"scalerank":0,"featurecla":"Land","min_zoom":3}},
{"type":"Feature","geometry":{"type":"Polygon","coordinates":[[[-149.33,-76.72],[-149.24,-76.82],[-148.37,-76.79],[-149.33,-76.72]]]},"properties":{"scalerank":0,"featurecla":"Land","min_zoom":3}},
{"type":"Feature","geometry":{"type":"Polygon","coordinates":[[[-131.07,-74.58],[-130.98,-74.41],[-131.59,-74.33],[-132.16,-74.43],[-131.84,-74.54],[-131.07,-74.58]]]},"properties":{"scalerank":0,"featurecla":"Land","min_zoom":2}},
{"type":"Feature","geometry":{"type":"Polygon","coordinates":[[[-119.55,-74.11],[-119.06,-74],[-118.96,-73.81],[-119.8,-73.81],[-119.55,-74.11]]]},"properties":{"scalerank":0,"featurecla":"Land","min_zoom":1}},
{"type":"Feature","geometry":{"type":"Polygon","coordinates":[[[-116.74,-74.17],[-116.15,-73.91],[-116.38,-73.87],[-117.38,-74.08],[-117.23,-74.19],[-116.74,-74.17]]]},"properties":{"scalerank":0,"featurecla":"Land","min_zoom":2}},
{"type":"Feature","geometry":{"type":"Polygon","coordinates":[[[-127.37,-74.62],[-127.23,-74.43],[-128.13,-74.33],[-128.1,-74.47],[-127.37,-74.62]]]},"properties":{"scalerank":0,"featurecla":"Land","min_zoom":2}},
{"type":"Feature","geometry":{"type":"Polygon","coordinates":[[[-149.22,-77.34],[-149.66,-77.3],[-149.44,-77.37],[-149.22,-77.34]]]},"properties":{"scalerank":0,"featurecla":"Land","min_zoom":4}},
{"type":"Feature","geometry":{"type":"Polygon","coordinates":[[[-161.99,-83.12],[-161.64,-83.03],[-162.8,-82.86],[-163.8,-82.84],[-163.05,-83.1],[-161.99,-83.12]]]},"properties":{"scalerank":0,"featurecla":"Land","min_zoom":3}},
{"type":"Feature","geometry":{"type":"Polygon","coordinates":[[[-150.23,-76.78],[-150.18,-76.69],[-150.84,-76.71],[-150.23,-76.78]]]},"properties":{"scalerank":0,"featurecla":"Land","min_zoom":3}},
{"type":"Feature","geometry":{"type":"Polygon","coordinates":[[[-146.69,-76.25],[-146.95,-76.1],[-147.35,-76.15],[-146.69,-76.25]]]},"properties":{"scalerank":0,"featurecla":"Land","min_zoom":3}},
{"type":"Feature","geometry":{"type":"Polygon","coordinates":[[[-146.79,-76.63],[-147.14,-76.53],[-147.36,-76.62],[-146.79,-76.63]]]},"properties":{"scalerank":0,"featurecla":"Land","min_zoom":3}},
{"type":"Feature","geometry":{"type":"Polygon","coordinates":[[[-160.47,-81.59],[-160.94,-81.46],[-162.46,-81.31],[-163.87,-81.32],[-163.77,-81.44],[-160.47,-81.59]]]},"properties":{"scalerank":0,"featurecla":"Land","min_zoom":2}},
{"type":"Feature","geometry":{"type":"Polygon","coordinates":[[[-150.4,-77.37],[-151.02,-77.22],[-151.51,-77.27],[-150.4,-77.37]]]},"properties":{"scalerank":0,"featurecla":"Land","min_zoom":3}},
{"type":"Feature","geometry":{"type":"Polygon","coordinates":[[[-153.93,-80.03],[-155.67,-79.77],[-154.94,-79.97],[-153.93,-80.03]]]},"properties":{"scalerank":0,"featurecla":"Land","min_zoom":3}},
{"type":"Feature","geometry":{"type":"Polygon","coordinates":[[[-149.23,-77.12],[-149.87,-76.87],[-150.79,-76.98],[-150.46,-77.08],[-149.23,-77.12]]]},"properties":{"scalerank":0,"featurecla":"Land","min_zoom":2}},
{"type":"Feature","geometry":{"type":"Polygon","coordinates":[[[-157.99,-82.1],[-157.83,-82.03],[-158.91,-81.78],[-157.99,-82.1]]]},"properties":{"scalerank":0,"featurecla":"Land","min_zoom":3}},
{"type":"Feature","geometry":{"type":"Polygon","coordinates":[[[-5.89,-70.55],[-6.07,-70.4],[-6.44,-70.45],[-6.16,-70.61],[-5.89,-70.55]]]},"properties":{"scalerank":0,"featurecla":"Land","min_zoom":3}},
{"type":"Feature","geometry":{"type":"Polygon","coordinates":[[[3.04,-70.6],[3.26,-70.45],[3.07,-70.38],[2.63,-70.5],[2.7,-70.62],[3.04,-70.6]]]},"properties":{"scalerank":0,"featurecla":"Land","min_zoom":3}},
{"type":"Feature","geometry":{"type":"Polygon","coordinates":[[[-2.95,-71.21],[-3.26,-71.05],[-3.31,-71.2],[-2.95,-71.21]]]},"properties":{"scalerank":0,"featurecla":"Land","min_zoom":3}},
{"type":"Feature","geometry":{"type":"Polygon","coordinates":[[[1.3,-70.26],[1.41,-70.04],[1.03,-70.05],[0.99,-70.22],[1.21,-70.38],[1.3,-70.26]]]},"properties":{"scalerank":0,"featurecla":"Land","min_zoom":3}},
{"type":"Feature","geometry":{"type":"Polygon","coordinates":[[[-2.53,-70.77],[-2.75,-70.69],[-3.54,-70.68],[-2.8,-70.98],[-2.78,-71.17],[-2.37,-71.04],[-2.09,-70.82],[-2.53,-70.77]]]},"properties":{"scalerank":0,"featurecla":"Land","min_zoom":2}},
{"type":"Feature","geometry":{"type":"Polygon","coordinates":[[[4.53,-70.48],[4.5,-70.25],[4.07,-70.29],[4.13,-70.42],[4.53,-70.48]]]},"properties":{"scalerank":0,"featurecla":"Land","min_zoom":3}},
{"type":"Feature","geometry":{"type":"Polygon","coordinates":[[[48.55,-66.78],[48.64,-66.7],[48.36,-66.7],[48.55,-66.78]]]},"properties":{"scalerank":0,"featurecla":"Land","min_zoom":3}},
{"type":"Feature","geometry":{"type":"Polygon","coordinates":[[[16.22,-70.01],[16.32,-69.84],[16.63,-69.75],[16.25,-69.7],[15.7,-69.77],[15.61,-69.94],[16.16,-70.07],[16.22,-70.01]]]},"properties":{"scalerank":0,"featurecla":"Land","min_zoom":2}},
{"type":"Feature","geometry":{"type":"Polygon","coordinates":[[[26.86,-70.38],[26.69,-70.11],[26.3,-70.07],[25.98,-70.2],[26.01,-70.37],[26.47,-70.45],[26.86,-70.38]]]},"properties":{"scalerank":0,"featurecla":"Land","min_zoom":2}},
{"type":"Feature","geometry":{"type":"Polygon","coordinates":[[[-31.12,-79.8],[-31.68,-79.63],[-31.82,-79.85],[-30.42,-80.01],[-29.61,-79.91],[-30.66,-79.73],[-31.12,-79.8]]]},"properties":{"scalerank":0,"featurecla":"Land","min_zoom":2}},
{"type":"Feature","geometry":{"type":"Polygon","coordinates":[[[-33.93,-79.32],[-35.53,-79.09],[-36.57,-79.21],[-36.48,-79.29],[-34.05,-79.36],[-33.93,-79.32]]]},"properties":{"scalerank":0,"featurecla":"Land","min_zoom":2}},
{"type":"Feature","geometry":{"type":"Polygon","coordinates":[[[-3.28,-70.53],[-2.74,-70.51],[-2.71,-70.32],[-3.29,-70.34],[-3.5,-70.49],[-3.28,-70.53]]]},"properties":{"scalerank":0,"featurecla":"Land","min_zoom":2}},
{"type":"Feature","geometry":{"type":"Polygon","coordinates":[[[-20.61,-73.89],[-20.58,-73.62],[-20.87,-73.68],[-21.29,-73.99],[-21.93,-74.06],[-21.17,-74.13],[-20.85,-74.44],[-20.49,-74.49],[-20.42,-74.32],[-20.65,-74.1],[-20.61,-73.89]]]},"properties":{"scalerank":0,"featurecla":"Land","min_zoom":2}},
{"type":"Feature","geometry":{"type":"Polygon","coordinates":[[[-16.1,-72.68],[-16.3,-72.48],[-16.52,-72.53],[-16.1,-72.68]]]},"properties":{"scalerank":0,"featurecla":"Land","min_zoom":3}},
{"type":"Feature","geometry":{"type":"Polygon","coordinates":[[[-12.51,-72.17],[-12.88,-72],[-12.72,-72.19],[-12.51,-72.17]]]},"properties":{"scalerank":0,"featurecla":"Land","min_zoom":3}},
{"type":"Feature","geometry":{"type":"Polygon","coordinates":[[[-32.34,-79.67],[-31.93,-79.57],[-32.38,-79.53],[-32.34,-79.67]]]},"properties":{"scalerank":0,"featurecla":"Land","min_zoom":3}},
{"type":"Feature","geometry":{"type":"Polygon","coordinates":[[[-45.72,-60.52],[-45.94,-60.62],[-45.23,-60.64],[-45.72,-60.52]]]},"properties":{"scalerank":0,"featurecla":"Land","min_zoom":3}},
{"type":"Feature","geometry":{"type":"Polygon","coordinates":[[[-54.07,-61.3],[-54.02,-61.14],[-54.19,-61.25],[-54.07,-61.3]]]},"properties":{"scalerank":0,"featurecla":"Land","min_zoom":4}},
{"type":"Feature","geometry":{"type":"Polygon","coordinates":[[[-67.26,-79.45],[-67.07,-79.27],[-68.03,-79.23],[-68.55,-79.44],[-67.26,-79.45]]]},"properties":{"scalerank":0,"featurecla":"Land","min_zoom":2}},
{"type":"Feature","geometry":{"type":"Polygon","coordinates":[[[-55.17,-61.22],[-54.67,-61.12],[-55.39,-61.07],[-55.17,-61.22]]]},"properties":{"scalerank":0,"featurecla":"Land","min_zoom":3}},
{"type":"Feature","geometry":{"type":"Polygon","coordinates":[[[-55.53,-63.17],[-56.04,-63.16],[-56.39,-63.23],[-56.38,-63.44],[-55.75,-63.3],[-55.16,-63.35],[-55.16,-63.2],[-55.53,-63.17]]]},"properties":{"scalerank":0,"featurecla":"Land","min_zoom":2}},
{"type":"Feature","geometry":{"type":"Polygon","coordinates":[[[-55.87,-63.54],[-55.86,-63.41],[-56.21,-63.44],[-55.87,-63.54]]]},"properties":{"scalerank":0,"featurecla":"Land","min_zoom":3}},
{"type":"Feature","geometry":{"type":"Polygon","coordinates":[[[-57.24,-64.57],[-56.89,-64.33],[-57.45,-64.46],[-57.24,-64.57]]]},"properties":{"scalerank":0,"featurecla":"Land","min_zoom":3}},
{"type":"Feature","geometry":{"type":"Polygon","coordinates":[[[-58.84,-62.3],[-59.06,-62.24],[-59.06,-62.35],[-58.84,-62.3]]]},"properties":{"scalerank":0,"featurecla":"Land","min_zoom":3}},
{"type":"Feature","geometry":{"type":"Polygon","coordinates":[[[-57.98,-61.91],[-58.68,-62.01],[-59,-62.21],[-58.59,-62.25],[-58.47,-62.14],[-58.18,-62.17],[-58.15,-62.06],[-57.64,-62.02],[-57.98,-61.91]]]},"properties":{"scalerank":0,"featurecla":"Land","min_zoom":2}},
{"type":"Feature","geometry":{"type":"Polygon","coordinates":[[[-61.95,-64.08],[-61.8,-63.97],[-62.02,-64.03],[-61.95,-64.08]]]},"properties":{"scalerank":0,"featurecla":"Land","min_zoom":4}},
{"type":"Feature","geometry":{"type":"Polygon","coordinates":[[[-62,-69.72],[-61.82,-69.38],[-62.12,-69.21],[-62.57,-69.18],[-62,-69.72]]]},"properties":{"scalerank":0,"featurecla":"Land","min_zoom":2}},
{"type":"Feature","geometry":{"type":"Polygon","coordinates":[[[-63.32,-64.86],[-63.18,-64.74],[-63.46,-64.8],[-63.32,-64.86]]]},"properties":{"scalerank":0,"featurecla":"Land","min_zoom":3}},
{"type":"Feature","geometry":{"type":"Polygon","coordinates":[[[-62.33,-64.42],[-62.06,-64.14],[-62.33,-64.01],[-62.61,-64.12],[-62.48,-64.21],[-62.75,-64.47],[-62.33,-64.42]]]},"properties":{"scalerank":0,"featurecla":"Land","min_zoom":2}},
{"type":"Feature","geometry":{"type":"Polygon","coordinates":[[[-62.62,-63.07],[-62.32,-62.87],[-62.53,-62.92],[-62.62,-63.07]]]},"properties":{"scalerank":0,"featurecla":"Land","min_zoom":3}},
{"type":"Feature","geometry":{"type":"Polygon","coordinates":[[[-59.39,-62.44],[-59.4,-62.37],[-59.66,-62.35],[-59.39,-62.44]]]},"properties":{"scalerank":0,"featurecla":"Land","min_zoom":3}},
{"type":"Feature","geometry":{"type":"Polygon","coordinates":[[[-56.06,-63.08],[-56.49,-62.98],[-56.61,-63.05],[-56.35,-63.17],[-56.06,-63.08]]]},"properties":{"scalerank":0,"featurecla":"Land","min_zoom":3}},
{"type":"Feature","geometry":{"type":"Polygon","coordinates":[[[-60.62,-62.56],[-60.8,-62.48],[-61.06,-62.68],[-60.38,-62.62],[-60.22,-62.75],[-59.85,-62.61],[-60.14,-62.55],[-60.62,-62.56]]]},"properties":{"scalerank":0,"featurecla":"Land","min_zoom":2}},
{"type":"Feature","geometry":{"type":"Polygon","coordinates":[[[-57.37,-63.81],[-57.62,-63.85],[-57.22,-63.88],[-57.37,-63.81]]]},"properties":{"scalerank":0,"featurecla":"Land","min_zoom":3}},
{"type":"Feature","geometry":{"type":"Polygon","coordinates":[[[-61.16,-69.98],[-61.15,-69.88],[-61.4,-69.93],[-61.16,-69.98]]]},"properties":{"scalerank":0,"featurecla":"Land","min_zoom":3}},
{"type":"Feature","geometry":{"type":"Polygon","coordinates":[[[-60.66,-68.77],[-60.81,-68.69],[-61.01,-68.71],[-60.66,-68.77]]]},"properties":{"scalerank":0,"featurecla":"Land","min_zoom":3}},
{"type":"Feature","geometry":{"type":"Polygon","coordinates":[[[-60.74,-70.71],[-60.49,-70.65],[-60.55,-70.51],[-60.98,-70.6],[-60.74,-70.71]]]},"properties":{"scalerank":0,"featurecla":"Land","min_zoom":3}},
{"type":"Feature","geometry":{"type":"Polygon","coordinates":[[[-60.55,-71.05],[-60.53,-70.96],[-60.95,-70.97],[-60.55,-71.05]]]},"properties":{"scalerank":0,"featurecla":"Land","min_zoom":3}},
{"type":"Feature","geometry":{"type":"Polygon","coordinates":[[[-60.5,-62.97],[-60.64,-62.9],[-60.69,-63],[-60.5,-62.97]]]},"properties":{"scalerank":0,"featurecla":"Land","min_zoom":4}},
{"type":"Feature","geometry":{"type":"Polygon","coordinates":[[[-60.65,-63.87],[-60.56,-63.7],[-60.81,-63.84],[-60.65,-63.87]]]},"properties":{"scalerank":0,"featurecla":"Land","min_zoom":3}},
{"type":"Feature","geometry":{"type":"Polygon","coordinates":[[[-93.8,-72.92],[-94,-72.82],[-94.11,-72.86],[-93.8,-72.92]]]},"properties":{"scalerank":0,"featurecla":"Land","min_zoom":4}},
{"type":"Feature","geometry":{"type":"Polygon","coordinates":[[[-91.16,-73.18],[-90.78,-72.99],[-90.81,-72.61],[-91.3,-72.55],[-91.67,-72.62],[-91.36,-72.91],[-91.51,-73.2],[-91.16,-73.18]]]},"properties":{"scalerank":0,"featurecla":"Land","min_zoom":2}},
{"type":"Feature","geometry":{"type":"Polygon","coordinates":[[[-104.54,-73.17],[-104.97,-72.94],[-105.13,-72.99],[-104.88,-73.2],[-104.54,-73.17]]]},"properties":{"scalerank":0,"featurecla":"Land","min_zoom":3}},
{"type":"Feature","geometry":{"type":"Polygon","coordinates":[[[-95.03,-72.67],[-94.43,-72.61],[-94.57,-72.47],[-95.22,-72.6],[-95.03,-72.67]]]},"properties":{"scalerank":0,"featurecla":"Land","min_zoom":3}},
{"type":"Feature","geometry":{"type":"Polygon","coordinates":[[[-71.7,-70.27],[-71.68,-70.44],[-71.34,-70.32],[-71.7,-70.27]]]},"properties":{"scalerank":0,"featurecla":"Land","min_zoom":1}},
{"type":"Feature","geometry":{"type":"Polygon","coordinates":[[[-71.99,-69.7],[-72.33,-69.49],[-72.73,-69.41],[-72.96,-69.53],[-72.78,-69.65],[-72.2,-69.74],[-71.99,-69.7]]]},"properties":{"scalerank":0,"featurecla":"Land","min_zoom":2}},
{"type":"Feature","geometry":{"type":"Polygon","coordinates":[[[-73.88,-73.36],[-73.54,-73.12],[-73.83,-73.11],[-74.15,-73.32],[-73.88,-73.36]]]},"properties":{"scalerank":0,"featurecla":"Land","min_zoom":3}},
{"type":"Feature","geometry":{"type":"Polygon","coordinates":[[[-65.85,-65.84],[-65.64,-65.55],[-65.83,-65.53],[-66.07,-65.67],[-66.18,-65.87],[-65.85,-65.84]]]},"properties":{"scalerank":0,"featurecla":"Land","min_zoom":3}},
{"type":"Feature","geometry":{"type":"Polygon","coordinates":[[[-66.6,-66.2],[-66.78,-66.11],[-66.82,-66.31],[-66.6,-66.2]]]},"properties":{"scalerank":0,"featurecla":"Land","min_zoom":3}},
{"type":"Feature","geometry":{"type":"Polygon","coordinates":[[[-67.35,-67.77],[-67.15,-67.65],[-67.56,-67.6],[-67.69,-67.76],[-67.35,-67.77]]]},"properties":{"scalerank":0,"featurecla":"Land","min_zoom":3}},
{"type":"Feature","geometry":{"type":"Polygon","coordinates":[[[-67.36,-66.89],[-67.33,-66.75],[-67.59,-66.88],[-67.36,-66.89]]]},"properties":{"scalerank":0,"featurecla":"Land","min_zoom":3}},
{"type":"Feature","geometry":{"type":"Polygon","coordinates":[[[-179.97,-16.92],[-179.82,-16.77],[-179.86,-16.69],[-180,-16.79],[-180,-16.91],[-180,-16.96],[-179.97,-16.92]]]},"properties":{"scalerank":0,"featurecla":"Land","min_zoom":3}},
{"type":"Feature","geometry":{"type":"Polygon","coordinates":[[[-179.93,-16.5],[-179.9,-16.43],[-180,-16.49],[-180,-16.51],[-180,-16.54],[-179.93,-16.5]]]},"properties":{"scalerank":0,"featurecla":"Land","min_zoom":1}},
{"type":"Feature","geometry":{"type":"Polygon","coordinates":[[[180,-16.96],[180,-16.79],[179.9,-16.96],[180,-16.96]]]},"properties":{"scalerank":0,"featurecla":"Land","min_zoom":3}},
{"type":"Feature","geometry":{"type":"Polygon","coordinates":[[[-78.9,8.27],[-78.86,8.45],[-78.96,8.44],[-78.9,8.27]]]},"properties":{"scalerank":0,"featurecla":"Land","min_zoom":3}},
{"type":"Feature","geometry":{"type":"Polygon","coordinates":[[[154.81,49.31],[154.82,49.65],[154.61,49.38],[154.81,49.31]]]},"properties":{"scalerank":0,"featurecla":"Land","min_zoom":3}},
{"type":"Feature","geometry":{"type":"Polygon","coordinates":[[[59.31,81.31],[59.08,81.4],[58.72,81.31],[59.31,81.31]]]},"properties":{"scalerank":0,"featurecla":"Land","min_zoom":3}},
{"type":"Feature","geometry":{"type":"Polygon","coordinates":[[[54.42,80.47],[53.88,80.61],[53.81,80.48],[54.42,80.47]]]},"properties":{"scalerank":0,"featurecla":"Land","min_zoom":3}},
{"type":"Feature","geometry":{"type":"Polygon","coordinates":[[[61.14,80.95],[61.46,81.1],[60.06,80.98],[61.14,80.95]]]},"properties":{"scalerank":0,"featurecla":"Land","min_zoom":3}},
{"type":"Feature","geometry":{"type":"Polygon","coordinates":[[[53.52,80.19],[53.85,80.27],[52.85,80.4],[52.21,80.26],[53.52,80.19]]]},"properties":{"scalerank":0,"featurecla":"Land","min_zoom":3}},
{"type":"Feature","geometry":{"type":"Polygon","coordinates":[[[57.08,80.35],[56.02,80.34],[55.72,80.1],[57.08,80.09],[57.08,80.35]]]},"properties":{"scalerank":0,"featurecla":"Land","min_zoom":2}},
{"type":"Feature","geometry":{"type":"Polygon","coordinates":[[[59.69,79.96],[59.54,80.12],[58.95,80.04],[59.69,79.96]]]},"properties":{"scalerank":0,"featurecla":"Land","min_zoom":3}},
{"type":"Feature","geometry":{"type":"Polygon","coordinates":[[[-66.47,-55.23],[-66.52,-55.17],[-66.64,-55.23],[-66.47,-55.23]]]},"properties":{"scalerank":0,"featurecla":"Land","min_zoom":4}},
{"type":"Feature","geometry":{"type":"Polygon","coordinates":[[[-75.04,-44.89],[-75.08,-44.8],[-75.14,-44.82],[-75.04,-44.89]]]},"properties":{"scalerank":0,"featurecla":"Land","min_zoom":4}},
{"type":"Feature","geometry":{"type":"Polygon","coordinates":[[[-75.51,-48.76],[-75.16,-48.62],[-75.16,-48.43],[-75.39,-48.02],[-75.56,-48.07],[-75.52,-48.33],[-75.65,-48.59],[-75.62,-48.76],[-75.51,-48.76]]]},"properties":{"scalerank":0,"featurecla":"Land","min_zoom":0}},
{"type":"Feature","geometry":{"type":"Polygon","coordinates":[[[-75.3,-50.68],[-75.12,-50.51],[-75.43,-50.48],[-75.41,-50.76],[-75.3,-50.68]]]},"properties":{"scalerank":0,"featurecla":"Land","min_zoom":3}},
{"type":"Feature","geometry":{"type":"Polygon","coordinates":[[[-74.39,-52.92],[-74.67,-52.73],[-74.56,-52.92],[-74.27,-53.08],[-73.79,-53.12],[-73.58,-53.3],[-73.14,-53.34],[-73.45,-53.14],[-74.07,-52.97],[-74.39,-52.92]]]},"properties":{"scalerank":0,"featurecla":"Land","min_zoom":0}},
{"type":"Feature","geometry":{"type":"Polygon","coordinates":[[[-69.7,-54.92],[-69.88,-54.88],[-69.98,-55.15],[-69.68,-55.22],[-69.41,-55.44],[-69.18,-55.47],[-69.36,-55.3],[-69.3,-55.17],[-68.89,-55.26],[-68.87,-55.45],[-68.59,-55.45],[-68.05,-55.64],[-68.06,-55.52],[-68.31,-55.36],[-68.28,-55.26],[-68.6,-55.13],[-68.46,-54.96],[-68.9,-55.02],[-69.7,-54.92]]]},"properties":{"scalerank":0,"featurecla":"Land","min_zoom":0}},
{"type":"Feature","geometry":{"type":"Polygon","coordinates":[[[-75.11,-48.84],[-75.12,-48.77],[-75.62,-48.89],[-75.49,-49.08],[-75.64,-49.2],[-75.51,-49.23],[-75.26,-49.07],[-75.11,-48.84]]]},"properties":{"scalerank":0,"featurecla":"Land","min_zoom":0}},
{"type":"Feature","geometry":{"type":"Polygon","coordinates":[[[-60.11,-51.4],[-60.07,-51.31],[-60.28,-51.28],[-60.11,-51.4]]]},"properties":{"scalerank":0,"featurecla":"Land","min_zoom":3}},
{"type":"Feature","geometry":{"type":"Polygon","coordinates":[[[-26.26,-58.44],[-26.45,-58.42],[-26.26,-58.49],[-26.26,-58.44]]]},"properties":{"scalerank":0,"featurecla":"Land","min_zoom":4}},
{"type":"Feature","geometry":{"type":"Polygon","coordinates":[[[53.76,12.64],[53.53,12.72],[53.32,12.53],[53.6,12.34],[53.72,12.32],[54.13,12.36],[54.51,12.55],[54.19,12.66],[53.76,12.64]]]},"properties":{"scalerank":0,"featurecla":"Land","min_zoom":2}},
{"type":"Feature","geometry":{"type":"Polygon","coordinates":[[[53.33,24.26],[53.45,24.37],[53.19,24.29],[53.33,24.26]]]},"properties":{"scalerank":0,"featurecla":"Land","min_zoom":3}},
{"type":"Feature","geometry":{"type":"Polygon","coordinates":[[[58.72,20.22],[58.95,20.52],[58.88,20.68],[58.64,20.34],[58.72,20.22]]]},"properties":{"scalerank":0,"featurecla":"Land","min_zoom":2}},
{"type":"Feature","geometry":{"type":"Polygon","coordinates":[[[52.62,24.29],[52.66,24.33],[52.58,24.35],[52.62,24.29]]]},"properties":{"scalerank":0,"featurecla":"Land","min_zoom":4}},
{"type":"Feature","geometry":{"type":"Polygon","coordinates":[[[56.19,26.92],[56.21,27],[55.91,26.91],[55.76,26.95],[55.76,26.81],[55.35,26.65],[55.42,26.58],[55.85,26.73],[55.95,26.7],[56.19,26.92]]]},"properties":{"scalerank":0,"featurecla":"Land","min_zoom":2}},
{"type":"Feature","geometry":{"type":"Polygon","coordinates":[[[53.93,24.18],[53.83,24.26],[53.63,24.17],[53.93,24.18]]]},"properties":{"scalerank":0,"featurecla":"Land","min_zoom":3}},
{"type":"Feature","geometry":{"type":"Polygon","coordinates":[[[41.99,16.72],[41.95,16.94],[41.86,17],[41.8,16.78],[42.16,16.57],[42.17,16.71],[42.06,16.8],[41.99,16.72]]]},"properties":{"scalerank":0,"featurecla":"Land","min_zoom":2}},
{"type":"Feature","geometry":{"type":"Polygon","coordinates":[[[40.14,15.7],[40.04,15.88],[39.94,15.74],[39.98,15.61],[40.4,15.58],[40.25,15.7],[40.14,15.7]]]},"properties":{"scalerank":0,"featurecla":"Land","min_zoom":2}},
{"type":"Feature","geometry":{"type":"Polygon","coordinates":[[[42.76,13.7],[42.73,13.75],[42.69,13.67],[42.76,13.7]]]},"properties":{"scalerank":0,"featurecla":"Land","min_zoom":4}},
{"type":"Feature","geometry":{"type":"Polygon","coordinates":[[[50.61,25.88],[50.59,26.24],[50.47,26.23],[50.47,25.97],[50.61,25.88]]]},"properties":{"scalerank":0,"featurecla":"Land","min_zoom":3}},
{"type":"Feature","geometry":{"type":"Polygon","coordinates":[[[42.79,13.97],[42.76,14.07],[42.69,14.01],[42.79,13.97]]]},"properties":{"scalerank":0,"featurecla":"Land","min_zoom":4}},
{"type":"Feature","geometry":{"type":"Polygon","coordinates":[[[48.28,29.62],[48.35,29.78],[48.18,29.98],[48.08,29.8],[48.18,29.61],[48.28,29.62]]]},"properties":{"scalerank":0,"featurecla":"Land","min_zoom":2}},
{"type":"Feature","geometry":{"type":"Polygon","coordinates":[[[179.42,-17.37],[179.43,-17.27],[179.37,-17.26],[179.42,-17.37]]]},"properties":{"scalerank":0,"featurecla":"Land","min_zoom":4}},
{"type":"Feature","geometry":{"type":"Polygon","coordinates":[[[179.35,-18.1],[179.31,-17.94],[179.25,-18.03],[179.35,-18.1]]]},"properties":{"scalerank":0,"featurecla":"Land","min_zoom":3}},
{"type":"Feature","geometry":{"type":"Polygon","coordinates":[[[178.83,-17.73],[178.83,-17.62],[178.75,-17.69],[178.83,-17.73]]]},"properties":{"scalerank":0,"featurecla":"Land","min_zoom":3}},
{"type":"Feature","geometry":{"type":"Polygon","coordinates":[[[168.45,-16.78],[168.2,-16.59],[168.12,-16.69],[168.18,-16.8],[168.45,-16.78]]]},"properties":{"scalerank":0,"featurecla":"Land","min_zoom":3}},
{"type":"Feature","geometry":{"type":"Polygon","coordinates":[[[168.3,-16.34],[168.16,-16.08],[167.93,-16.23],[168.02,-16.32],[168.3,-16.34]]]},"properties":{"scalerank":0,"featurecla":"Land","min_zoom":2}},
{"type":"Feature","geometry":{"type":"Polygon","coordinates":[[[168.45,-17.54],[168.27,-17.55],[168.16,-17.71],[168.25,-17.78],[168.52,-17.8],[168.58,-17.7],[168.45,-17.54]]]},"properties":{"scalerank":0,"featurecla":"Land","min_zoom":2}},
{"type":"Feature","geometry":{"type":"Polygon","coordinates":[[[167.91,-15.44],[168,-15.28],[167.83,-15.31],[167.67,-15.45],[167.91,-15.44]]]},"properties":{"scalerank":0,"featurecla":"Land","min_zoom":3}},
{"type":"Feature","geometry":{"type":"Polygon","coordinates":[[[166.75,-14.83],[166.61,-14.64],[166.53,-14.85],[166.65,-15.21],[166.63,-15.41],[166.76,-15.63],[167.09,-15.58],[167.2,-15.49],[167.08,-14.94],[166.99,-14.94],[166.92,-15.14],[166.81,-15.16],[166.75,-14.83]]]},"properties":{"scalerank":0,"featurecla":"Land","min_zoom":1}},
{"type":"Feature","geometry":{"type":"Polygon","coordinates":[[[168.21,-15.97],[168.27,-15.89],[168.16,-15.46],[168.12,-15.68],[168.21,-15.97]]]},"properties":{"scalerank":0,"featurecla":"Land","min_zoom":3}},
{"type":"Feature","geometry":{"type":"Polygon","coordinates":[[[168.19,-15.33],[168.14,-14.99],[168.13,-15.32],[168.19,-15.33]]]},"properties":{"scalerank":0,"featurecla":"Land","min_zoom":3}},
{"type":"Feature","geometry":{"type":"Polygon","coordinates":[[[167.41,-16.1],[167.34,-15.92],[167.2,-15.89],[167.15,-16.08],[167.32,-16.12],[167.45,-16.55],[167.84,-16.45],[167.71,-16.31],[167.41,-16.1]]]},"properties":{"scalerank":0,"featurecla":"Land","min_zoom":1.5}},
{"type":"Feature","geometry":{"type":"Polygon","coordinates":[[[167.22,-15.72],[167.23,-15.65],[167.09,-15.69],[167.22,-15.72]]]},"properties":{"scalerank":0,"featurecla":"Land","min_zoom":1}},
{"type":"Feature","geometry":{"type":"Polygon","coordinates":[[[159.88,-8.53],[159.79,-8.41],[159.84,-8.33],[159.43,-8.03],[159.11,-7.9],[158.73,-7.6],[158.46,-7.54],[158.6,-7.76],[158.94,-8.04],[159.35,-8.26],[159.64,-8.37],[159.88,-8.53]]]},"properties":{"scalerank":0,"featurecla":"Land","min_zoom":1}},
{"type":"Feature","geometry":{"type":"Polygon","coordinates":[[[157.49,-7.33],[157.34,-7.28],[157.15,-7.11],[157.1,-6.96],[156.48,-6.61],[156.46,-6.72],[156.7,-6.91],[156.9,-7.18],[157.1,-7.32],[157.31,-7.34],[157.44,-7.43],[157.49,-7.33]]]},"properties":{"scalerank":0,"featurecla":"Land","min_zoom":1.5}},
{"type":"Feature","geometry":{"type":"Polygon","coordinates":[[[153.66,-4.1],[153.66,-4.04],[153.59,-4.1],[153.66,-4.1]]]},"properties":{"scalerank":0,"featurecla":"Land","min_zoom":4}},
{"type":"Feature","geometry":{"type":"Polygon","coordinates":[[[121.16,6.08],[121.04,6.1],[120.9,6.01],[120.93,5.9],[121.22,5.94],[121.29,5.87],[121.39,6],[121.16,6.08]]]},"properties":{"scalerank":0,"featurecla":"Land","min_zoom":2}},
{"type":"Feature","geometry":{"type":"Polygon","coordinates":[[[114.41,-7.13],[114.3,-7.1],[114.35,-7.16],[114.41,-7.13]]]},"properties":{"scalerank":0,"featurecla":"Land","min_zoom":4}},
{"type":"Feature","geometry":{"type":"Polygon","coordinates":[[[134.35,34.48],[134.18,34.52],[134.25,34.42],[134.35,34.48]]]},"properties":{"scalerank":0,"featurecla":"Land","min_zoom":3}},
{"type":"Feature","geometry":{"type":"Polygon","coordinates":[[[-75.11,-47.84],[-74.92,-47.76],[-75.09,-47.69],[-75.26,-47.76],[-75.11,-47.84]]]},"properties":{"scalerank":0,"featurecla":"Land","min_zoom":3}},
{"type":"Feature","geometry":{"type":"Polygon","coordinates":[[[-74.67,-43.61],[-74.82,-43.55],[-74.81,-43.63],[-74.67,-43.61]]]},"properties":{"scalerank":0,"featurecla":"Land","min_zoom":3}},
{"type":"Feature","geometry":{"type":"Polygon","coordinates":[[[-73.63,-44.82],[-73.64,-44.61],[-73.78,-44.56],[-73.8,-44.68],[-73.63,-44.82]]]},"properties":{"scalerank":0,"featurecla":"Land","min_zoom":3}},
{"type":"Feature","geometry":{"type":"Polygon","coordinates":[[[-74.57,-48.59],[-74.73,-48.13],[-74.85,-48.02],[-74.83,-47.85],[-75.2,-47.97],[-75.21,-48.14],[-74.92,-48.63],[-74.57,-48.59]]]},"properties":{"scalerank":0,"featurecla":"Land","min_zoom":0}},
{"type":"Feature","geometry":{"type":"Polygon","coordinates":[[[-64.55,-54.72],[-64.76,-54.83],[-64.64,-54.9],[-64.32,-54.8],[-63.82,-54.73],[-64.55,-54.72]]]},"properties":{"scalerank":0,"featurecla":"Land","min_zoom":3}},
{"type":"Feature","geometry":{"type":"Polygon","coordinates":[[[-61.88,-39.17],[-62.09,-39.09],[-62.04,-39.17],[-61.88,-39.17]]]},"properties":{"scalerank":0,"featurecla":"Land","min_zoom":3}},
{"type":"Feature","geometry":{"type":"Polygon","coordinates":[[[-59.68,-52.23],[-59.79,-52.13],[-59.75,-52.25],[-59.68,-52.23]]]},"properties":{"scalerank":0,"featurecla":"Land","min_zoom":4}},
{"type":"Feature","geometry":{"type":"Polygon","coordinates":[[[-61.02,-51.79],[-61.15,-51.84],[-60.95,-51.95],[-60.88,-51.79],[-61.02,-51.79]]]},"properties":{"scalerank":0,"featurecla":"Land","min_zoom":3}},
{"type":"Feature","geometry":{"type":"Polygon","coordinates":[[[-72.92,-53.48],[-73.1,-53.51],[-73.45,-53.41],[-73.69,-53.43],[-73.85,-53.55],[-73.64,-53.57],[-73.47,-53.74],[-73.31,-53.73],[-73.3,-53.94],[-73.12,-54.01],[-73.04,-53.83],[-72.76,-53.86],[-72.96,-54.07],[-72.87,-54.13],[-72.56,-54.07],[-72.21,-53.81],[-72.48,-53.59],[-72.88,-53.58],[-72.92,-53.48]]]},"properties":{"scalerank":0,"featurecla":"Land","min_zoom":0}},
{"type":"Feature","geometry":{"type":"Polygon","coordinates":[[[-67.08,-55.15],[-67.25,-54.98],[-68.11,-54.93],[-68.3,-54.98],[-68.07,-55.22],[-67.77,-55.26],[-67.54,-55.18],[-67.26,-55.28],[-67.08,-55.15]]]},"properties":{"scalerank":0,"featurecla":"Land","min_zoom":0}},
{"type":"Feature","geometry":{"type":"Polygon","coordinates":[[[-70.99,-54.87],[-71.2,-54.89],[-70.94,-55.06],[-70.4,-55.17],[-70.28,-55.07],[-70.42,-54.91],[-70.8,-54.97],[-70.99,-54.87]]]},"properties":{"scalerank":0,"featurecla":"Land","min_zoom":0}},
{"type":"Feature","geometry":{"type":"Polygon","coordinates":[[[-67.29,-55.78],[-67.4,-55.59],[-67.56,-55.72],[-67.29,-55.78]]]},"properties":{"scalerank":0,"featurecla":"Land","min_zoom":3}},
{"type":"Feature","geometry":{"type":"Polygon","coordinates":[[[-74.56,-51.28],[-74.74,-51.21],[-75.04,-51.32],[-75.15,-51.28],[-75.29,-51.63],[-75.05,-51.4],[-74.62,-51.4],[-74.56,-51.28]]]},"properties":{"scalerank":0,"featurecla":"Land","min_zoom":2}},
{"type":"Feature","geometry":{"type":"Polygon","coordinates":[[[-75.05,-50.3],[-74.84,-50.2],[-74.88,-50.11],[-75.33,-50.01],[-75.45,-50.34],[-75.25,-50.38],[-75.05,-50.3]]]},"properties":{"scalerank":0,"featurecla":"Land","min_zoom":0}},
{"type":"Feature","geometry":{"type":"Polygon","coordinates":[[[-74.82,-51.63],[-75.11,-51.79],[-74.85,-52.27],[-74.69,-52.28],[-74.53,-51.99],[-74.78,-51.82],[-74.82,-51.63]]]},"properties":{"scalerank":0,"featurecla":"Land","min_zoom":0}},
{"type":"Feature","geometry":{"type":"Polygon","coordinates":[[[-73.81,-43.83],[-74.14,-43.82],[-73.96,-43.92],[-73.81,-43.83]]]},"properties":{"scalerank":0,"featurecla":"Land","min_zoom":3}},
{"type":"Feature","geometry":{"type":"Polygon","coordinates":[[[-71.39,-54.03],[-71.55,-53.96],[-72,-53.88],[-72.21,-54.05],[-71.95,-54.3],[-71.47,-54.23],[-71.14,-54.37],[-71.02,-54.11],[-71.39,-54.03]]]},"properties":{"scalerank":0,"featurecla":"Land","min_zoom":0}},
{"type":"Feature","geometry":{"type":"Polygon","coordinates":[[[-74.14,-51.93],[-74.13,-51.87],[-74.48,-51.73],[-74.34,-51.9],[-74.14,-51.93]]]},"properties":{"scalerank":0,"featurecla":"Land","min_zoom":3}},
{"type":"Feature","geometry":{"type":"Polygon","coordinates":[[[-73.74,-44.39],[-73.7,-44.27],[-73.9,-44.13],[-74.08,-44.19],[-74.1,-44.39],[-74.5,-44.47],[-74.62,-44.65],[-74.35,-44.91],[-74.1,-45.33],[-73.85,-45.34],[-73.73,-45.12],[-73.98,-44.49],[-73.74,-44.39]]]},"properties":{"scalerank":0,"featurecla":"Land","min_zoom":0}},
{"type":"Feature","geometry":{"type":"Polygon","coordinates":[[[-74.31,-45.69],[-74.31,-45.17],[-74.5,-45.29],[-74.49,-45.43],[-74.69,-45.66],[-74.47,-45.76],[-74.31,-45.69]]]},"properties":{"scalerank":0,"featurecla":"Land","min_zoom":0}},
{"type":"Feature","geometry":{"type":"Polygon","coordinates":[[[-73.57,45.47],[-73.48,45.7],[-73.69,45.56],[-73.96,45.44],[-73.57,45.47]]]},"properties":{"scalerank":0,"featurecla":"Land","min_zoom":3}},
{"type":"Feature","geometry":{"type":"Polygon","coordinates":[[[-73.7,45.59],[-73.57,45.69],[-73.86,45.57],[-73.7,45.59]]]},"properties":{"scalerank":0,"featurecla":"Land","min_zoom":3}},
{"type":"Feature","geometry":{"type":"Polygon","coordinates":[[[-60.96,45.49],[-60.91,45.57],[-61.08,45.56],[-60.96,45.49]]]},"properties":{"scalerank":0,"featurecla":"Land","min_zoom":4}},
{"type":"Feature","geometry":{"type":"Polygon","coordinates":[[[-61.91,47.28],[-61.58,47.56],[-61.92,47.43],[-61.91,47.28]]]},"properties":{"scalerank":0,"featurecla":"Land","min_zoom":3}},
{"type":"Feature","geometry":{"type":"Polygon","coordinates":[[[-64.51,47.89],[-64.66,47.86],[-64.68,47.75],[-64.51,47.89]]]},"properties":{"scalerank":0,"featurecla":"Land","min_zoom":3}},
{"type":"Feature","geometry":{"type":"Polygon","coordinates":[[[-64.48,47.96],[-64.54,47.98],[-64.59,47.91],[-64.48,47.96]]]},"properties":{"scalerank":0,"featurecla":"Land","min_zoom":4}},
{"type":"Feature","geometry":{"type":"Polygon","coordinates":[[[-71.03,46.87],[-70.88,47],[-71.09,46.9],[-71.03,46.87]]]},"properties":{"scalerank":0,"featurecla":"Land","min_zoom":3}},
{"type":"Feature","geometry":{"type":"Polygon","coordinates":[[[-66.27,44.29],[-66.25,44.38],[-66.32,44.26],[-66.27,44.29]]]},"properties":{"scalerank":0,"featurecla":"Land","min_zoom":4}},
{"type":"Feature","geometry":{"type":"Polygon","coordinates":[[[-68.62,44.2],[-68.68,44.26],[-68.7,44.18],[-68.62,44.2]]]},"properties":{"scalerank":0,"featurecla":"Land","min_zoom":4}},
{"type":"Feature","geometry":{"type":"Polygon","coordinates":[[[-66.76,44.68],[-66.84,44.76],[-66.9,44.63],[-66.76,44.68]]]},"properties":{"scalerank":0,"featurecla":"Land","min_zoom":3}},
{"type":"Feature","geometry":{"type":"Polygon","coordinates":[[[-68.19,44.33],[-68.3,44.46],[-68.41,44.36],[-68.19,44.33]]]},"properties":{"scalerank":0,"featurecla":"Land","min_zoom":3}},
{"type":"Feature","geometry":{"type":"Polygon","coordinates":[[[113.84,-7.11],[114.08,-6.99],[113.97,-6.87],[113.07,-6.88],[112.87,-6.9],[112.73,-7.07],[112.76,-7.14],[113.04,-7.21],[113.47,-7.22],[113.66,-7.11],[113.84,-7.11]]]},"properties":{"scalerank":0,"featurecla":"Land","min_zoom":2}},
{"type":"Feature","geometry":{"type":"Polygon","coordinates":[[[158.88,-54.71],[158.96,-54.47],[158.9,-54.51],[158.88,-54.71]]]},"properties":{"scalerank":0,"featurecla":"Land","min_zoom":4}},
{"type":"Feature","geometry":{"type":"Polygon","coordinates":[[[-173.95,-18.64],[-174,-18.57],[-174.07,-18.64],[-173.95,-18.64]]]},"properties":{"scalerank":0,"featurecla":"Land","min_zoom":3}},
{"type":"Feature","geometry":{"type":"Polygon","coordinates":[[[-151.41,-16.88],[-151.47,-16.74],[-151.49,-16.86],[-151.41,-16.88]]]},"properties":{"scalerank":0,"featurecla":"Land","min_zoom":3}},
{"type":"Feature","geometry":{"type":"Polygon","coordinates":[[[-157.34,1.86],[-157.42,1.79],[-157.18,1.74],[-157.34,1.86]]]},"properties":{"scalerank":0,"featurecla":"Land","min_zoom":3}},
{"type":"Feature","geometry":{"type":"Polygon","coordinates":[[[-139.02,-9.7],[-139.13,-9.83],[-138.87,-9.79],[-139.02,-9.7]]]},"properties":{"scalerank":0,"featurecla":"Land","min_zoom":3}},
{"type":"Feature","geometry":{"type":"Polygon","coordinates":[[[-139.06,-9.93],[-139.13,-9.93],[-139.13,-10.01],[-139.06,-9.93]]]},"properties":{"scalerank":0,"featurecla":"Land","min_zoom":4}},
{"type":"Feature","geometry":{"type":"Polygon","coordinates":[[[-138.65,-10.52],[-138.62,-10.46],[-138.69,-10.43],[-138.65,-10.52]]]},"properties":{"scalerank":0,"featurecla":"Land","min_zoom":4}},
{"type":"Feature","geometry":{"type":"Polygon","coordinates":[[[-149.32,-17.69],[-149.38,-17.52],[-149.61,-17.53],[-149.58,-17.73],[-149.34,-17.73],[-149.18,-17.86],[-149.18,-17.74],[-149.32,-17.69]]]},"properties":{"scalerank":0,"featurecla":"Land","min_zoom":2}},
{"type":"Feature","geometry":{"type":"Polygon","coordinates":[[[-140.07,-8.91],[-140.06,-8.8],[-140.22,-8.78],[-140.22,-8.93],[-140.07,-8.91]]]},"properties":{"scalerank":0,"featurecla":"Land","min_zoom":3}},
{"type":"Feature","geometry":{"type":"Polygon","coordinates":[[[-140.08,-9.43],[-140.03,-9.34],[-140.14,-9.36],[-140.08,-9.43]]]},"properties":{"scalerank":0,"featurecla":"Land","min_zoom":4}},
{"type":"Feature","geometry":{"type":"Polygon","coordinates":[[[-172.33,-13.47],[-172.78,-13.52],[-172.54,-13.79],[-172.22,-13.8],[-172.18,-13.68],[-172.33,-13.47]]]},"properties":{"scalerank":0,"featurecla":"Land","min_zoom":2}},
{"type":"Feature","geometry":{"type":"Polygon","coordinates":[[[-178.96,-17.27],[-178.91,-17.22],[-179.01,-17.15],[-178.96,-17.27]]]},"properties":{"scalerank":0,"featurecla":"Land","min_zoom":4}},
{"type":"Feature","geometry":{"type":"Polygon","coordinates":[[[-159.34,3.92],[-159.27,3.8],[-159.26,3.84],[-159.34,3.92]]]},"properties":{"scalerank":0,"featurecla":"Land","min_zoom":4}},
{"type":"Feature","geometry":{"type":"Polygon","coordinates":[[[-171.45,-14.05],[-171.6,-13.88],[-171.86,-13.81],[-172.05,-13.86],[-171.91,-14],[-171.45,-14.05]]]},"properties":{"scalerank":0,"featurecla":"Land","min_zoom":2}},
{"type":"Feature","geometry":{"type":"Polygon","coordinates":[[[-170.73,-14.35],[-170.69,-14.26],[-170.82,-14.31],[-170.73,-14.35]]]},"properties":{"scalerank":0,"featurecla":"Land","min_zoom":3}},
{"type":"Feature","geometry":{"type":"Polygon","coordinates":[[[-169.8,-19.08],[-169.83,-18.97],[-169.95,-19.07],[-169.8,-19.08]]]},"properties":{"scalerank":0,"featurecla":"Land","min_zoom":3}},
{"type":"Feature","geometry":{"type":"Polygon","coordinates":[[[-176.16,-13.33],[-176.15,-13.22],[-176.2,-13.3],[-176.16,-13.33]]]},"properties":{"scalerank":0,"featurecla":"Land","min_zoom":4}},
{"type":"Feature","geometry":{"type":"Polygon","coordinates":[[[-174.91,-21.3],[-174.97,-21.35],[-174.92,-21.45],[-174.91,-21.3]]]},"properties":{"scalerank":0,"featurecla":"Land","min_zoom":4}},
{"type":"Feature","geometry":{"type":"Polygon","coordinates":[[[134.6,7.38],[134.65,7.71],[134.52,7.53],[134.6,7.38]]]},"properties":{"scalerank":0,"featurecla":"Land","min_zoom":3}},
{"type":"Feature","geometry":{"type":"Polygon","coordinates":[[[145.78,18.08],[145.81,18.17],[145.73,18.06],[145.78,18.08]]]},"properties":{"scalerank":0,"featurecla":"Land","min_zoom":4}},
{"type":"Feature","geometry":{"type":"Polygon","coordinates":[[[145.75,15.13],[145.82,15.27],[145.71,15.22],[145.75,15.13]]]},"properties":{"scalerank":0,"featurecla":"Land","min_zoom":3}},
{"type":"Feature","geometry":{"type":"Polygon","coordinates":[[[144.74,13.26],[144.78,13.41],[144.94,13.57],[144.84,13.62],[144.65,13.43],[144.74,13.26]]]},"properties":{"scalerank":0,"featurecla":"Land","min_zoom":3}},
{"type":"Feature","geometry":{"type":"Polygon","coordinates":[[[145.66,14.97],[145.59,15.03],[145.62,14.92],[145.66,14.97]]]},"properties":{"scalerank":0,"featurecla":"Land","min_zoom":4}},
{"type":"Feature","geometry":{"type":"Polygon","coordinates":[[[138.14,9.5],[138.12,9.55],[138.07,9.42],[138.14,9.5]]]},"properties":{"scalerank":0,"featurecla":"Land","min_zoom":3}},
{"type":"Feature","geometry":{"type":"Polygon","coordinates":[[[178.49,-18.97],[178.33,-18.93],[177.96,-19.12],[178.16,-19.12],[178.29,-19],[178.49,-18.97]]]},"properties":{"scalerank":0,"featurecla":"Land","min_zoom":3}},
{"type":"Feature","geometry":{"type":"Polygon","coordinates":[[[167.58,-14.26],[167.51,-14.14],[167.4,-14.28],[167.58,-14.26]]]},"properties":{"scalerank":0,"featurecla":"Land","min_zoom":3}},
{"type":"Feature","geometry":{"type":"Polygon","coordinates":[[[167.49,-13.91],[167.55,-13.78],[167.39,-13.79],[167.49,-13.91]]]},"properties":{"scalerank":0,"featurecla":"Land","min_zoom":3}},
{"type":"Feature","geometry":{"type":"Polygon","coordinates":[[[169.9,-20.19],[169.75,-20.15],[169.86,-20.24],[169.9,-20.19]]]},"properties":{"scalerank":0,"featurecla":"Land","min_zoom":3}},
{"type":"Feature","geometry":{"type":"Polygon","coordinates":[[[169.49,-19.54],[169.36,-19.46],[169.34,-19.33],[169.22,-19.48],[169.44,-19.65],[169.49,-19.54]]]},"properties":{"scalerank":0,"featurecla":"Land","min_zoom":3}},
{"type":"Feature","geometry":{"type":"Polygon","coordinates":[[[169.33,-18.94],[169.2,-18.8],[169.14,-18.63],[169.02,-18.64],[168.99,-18.87],[169.25,-18.98],[169.33,-18.94]]]},"properties":{"scalerank":0,"featurecla":"Land","min_zoom":2}},
{"type":"Feature","geometry":{"type":"Polygon","coordinates":[[[168.01,-21.43],[167.99,-21.34],[167.82,-21.39],[167.88,-21.58],[168.12,-21.62],[168.14,-21.45],[168.01,-21.43]]]},"properties":{"scalerank":0,"featurecla":"Land","min_zoom":2}},
{"type":"Feature","geometry":{"type":"Polygon","coordinates":[[[166.55,-20.7],[166.62,-20.6],[166.58,-20.41],[166.55,-20.7]]]},"properties":{"scalerank":0,"featurecla":"Land","min_zoom":3}},
{"type":"Feature","geometry":{"type":"Polygon","coordinates":[[[167.4,-21.16],[167.43,-21.06],[167.29,-20.89],[167.3,-20.73],[167.2,-20.67],[167.05,-20.76],[167.19,-20.8],[167.03,-20.92],[167.13,-21.06],[167.4,-21.16]]]},"properties":{"scalerank":0,"featurecla":"Land","min_zoom":2}},
{"type":"Feature","geometry":{"type":"Polygon","coordinates":[[[167.54,-22.62],[167.44,-22.54],[167.42,-22.62],[167.54,-22.62]]]},"properties":{"scalerank":0,"featurecla":"Land","min_zoom":3}},
{"type":"Feature","geometry":{"type":"Polygon","coordinates":[[[159.95,-19.31],[159.96,-19.11],[159.93,-19.17],[159.95,-19.31]]]},"properties":{"scalerank":0,"featurecla":"Land","min_zoom":4}},
{"type":"Feature","geometry":{"type":"Polygon","coordinates":[[[166.93,-11.67],[166.86,-11.58],[166.81,-11.68],[166.93,-11.67]]]},"properties":{"scalerank":0,"featurecla":"Land","min_zoom":3}},
{"type":"Feature","geometry":{"type":"Polygon","coordinates":[[[166.13,-10.76],[166.16,-10.69],[165.91,-10.67],[165.82,-10.84],[166.13,-10.76]]]},"properties":{"scalerank":0,"featurecla":"Land","min_zoom":3}},
{"type":"Feature","geometry":{"type":"Polygon","coordinates":[[[160.58,-11.8],[160.45,-11.7],[160,-11.47],[160,-11.58],[160.36,-11.71],[160.39,-11.79],[160.58,-11.8]]]},"properties":{"scalerank":0,"featurecla":"Land","min_zoom":2}},
{"type":"Feature","geometry":{"type":"Polygon","coordinates":[[[160.75,-8.31],[160.6,-8.33],[160.71,-8.54],[160.66,-8.62],[160.77,-8.96],[160.87,-9.16],[161.19,-9.39],[161.32,-9.59],[161.37,-9.49],[161.26,-9.32],[161.16,-8.96],[160.94,-8.8],[161,-8.61],[160.75,-8.31]]]},"properties":{"scalerank":0,"featurecla":"Land","min_zoom":1.5}},
{"type":"Feature","geometry":{"type":"Polygon","coordinates":[[[161.72,-10.39],[161.48,-10.24],[161.3,-10.2],[161.29,-10.33],[161.49,-10.36],[161.54,-10.57],[161.79,-10.72],[162.12,-10.82],[162.37,-10.82],[162.11,-10.45],[161.84,-10.45],[161.72,-10.39]]]},"properties":{"scalerank":0,"featurecla":"Land","min_zoom":1.5}},
{"type":"Feature","geometry":{"type":"Polygon","coordinates":[[[161.55,-9.63],[161.41,-9.37],[161.41,-9.68],[161.55,-9.77],[161.55,-9.63]]]},"properties":{"scalerank":0,"featurecla":"Land","min_zoom":1}},
{"type":"Feature","geometry":{"type":"Polygon","coordinates":[[[159.19,-9.12],[159.13,-8.99],[159.04,-9.07],[159.19,-9.12]]]},"properties":{"scalerank":0,"featurecla":"Land","min_zoom":3}},
{"type":"Feature","geometry":{"type":"Polygon","coordinates":[[[160.17,-9],[160.11,-9.08],[160.37,-9.18],[160.41,-9.14],[160.17,-9]]]},"properties":{"scalerank":0,"featurecla":"Land","min_zoom":3}},
{"type":"Feature","geometry":{"type":"Polygon","coordinates":[[[159.69,-8.51],[159.59,-8.38],[159.54,-8.45],[159.69,-8.51]]]},"properties":{"scalerank":0,"featurecla":"Land","min_zoom":3}},
{"type":"Feature","geometry":{"type":"Polygon","coordinates":[[[157.76,-8.24],[157.61,-8.16],[157.6,-8.01],[157.43,-7.98],[157.23,-8.31],[157.56,-8.27],[157.59,-8.45],[157.82,-8.61],[157.9,-8.51],[157.76,-8.24]]]},"properties":{"scalerank":0,"featurecla":"Land","min_zoom":2}},
{"type":"Feature","geometry":{"type":"Polygon","coordinates":[[[158.2,-8.82],[158.25,-8.8],[158.21,-8.68],[158.2,-8.82]]]},"properties":{"scalerank":0,"featurecla":"Land","min_zoom":4}},
{"type":"Feature","geometry":{"type":"Polygon","coordinates":[[[158.11,-8.68],[158.13,-8.56],[158,-8.51],[157.88,-8.67],[158.01,-8.76],[158.11,-8.68]]]},"properties":{"scalerank":0,"featurecla":"Land","min_zoom":3}},
{"type":"Feature","geometry":{"type":"Polygon","coordinates":[[[157.39,-8.71],[157.33,-8.65],[157.38,-8.42],[157.21,-8.57],[157.39,-8.71]]]},"properties":{"scalerank":0,"featurecla":"Land","min_zoom":3}},
{"type":"Feature","geometry":{"type":"Polygon","coordinates":[[[156.69,-7.92],[156.81,-7.72],[156.56,-7.57],[156.51,-7.71],[156.69,-7.92]]]},"properties":{"scalerank":0,"featurecla":"Land","min_zoom":2}},
{"type":"Feature","geometry":{"type":"Polygon","coordinates":[[[156.6,-8.17],[156.57,-7.96],[156.54,-8.07],[156.6,-8.17]]]},"properties":{"scalerank":0,"featurecla":"Land","min_zoom":3}},
{"type":"Feature","geometry":{"type":"Polygon","coordinates":[[[157.17,-8.11],[157.19,-7.94],[157.1,-7.86],[156.96,-7.94],[157.04,-8.12],[157.17,-8.11]]]},"properties":{"scalerank":0,"featurecla":"Land","min_zoom":2}},
{"type":"Feature","geometry":{"type":"Polygon","coordinates":[[[155.84,-7.1],[155.74,-6.97],[155.68,-7.09],[155.84,-7.1]]]},"properties":{"scalerank":0,"featurecla":"Land","min_zoom":3}},
{"type":"Feature","geometry":{"type":"Polygon","coordinates":[[[162.98,5.33],[162.92,5.32],[162.99,5.28],[162.98,5.33]]]},"properties":{"scalerank":0,"featurecla":"Land","min_zoom":4}},
{"type":"Feature","geometry":{"type":"Polygon","coordinates":[[[158.31,6.81],[158.29,6.95],[158.13,6.94],[158.18,6.8],[158.31,6.81]]]},"properties":{"scalerank":0,"featurecla":"Land","min_zoom":3}},
{"type":"Feature","geometry":{"type":"Polygon","coordinates":[[[175.54,-36.28],[175.41,-36.07],[175.35,-36.22],[175.54,-36.28]]]},"properties":{"scalerank":0,"featurecla":"Land","min_zoom":3}},
{"type":"Feature","geometry":{"type":"Polygon","coordinates":[[[173.91,-40.86],[173.96,-40.71],[173.81,-40.79],[173.91,-40.86]]]},"properties":{"scalerank":0,"featurecla":"Land","min_zoom":3}},
{"type":"Feature","geometry":{"type":"Polygon","coordinates":[[[166.75,-45.66],[166.53,-45.7],[166.73,-45.73],[166.75,-45.66]]]},"properties":{"scalerank":0,"featurecla":"Land","min_zoom":3}},
{"type":"Feature","geometry":{"type":"Polygon","coordinates":[[[-176.18,-43.74],[-176.57,-43.72],[-176.85,-43.82],[-176.52,-43.9],[-176.6,-44.11],[-176.33,-44.05],[-176.52,-43.78],[-176.38,-43.87],[-176.18,-43.74]]]},"properties":{"scalerank":0,"featurecla":"Land","min_zoom":2}},
{"type":"Feature","geometry":{"type":"Polygon","coordinates":[[[-176.18,-44.32],[-176.12,-44.27],[-176.23,-44.24],[-176.18,-44.32]]]},"properties":{"scalerank":0,"featurecla":"Land","min_zoom":4}},
{"type":"Feature","geometry":{"type":"Polygon","coordinates":[[[169.18,-52.5],[169.02,-52.5],[169.13,-52.57],[169.18,-52.5]]]},"properties":{"scalerank":0,"featurecla":"Land","min_zoom":4}},
{"type":"Feature","geometry":{"type":"Polygon","coordinates":[[[166.22,-50.76],[166.27,-50.56],[166.1,-50.54],[165.92,-50.76],[166.24,-50.85],[166.22,-50.76]]]},"properties":{"scalerank":0,"featurecla":"Land","min_zoom":3}},
{"type":"Feature","geometry":{"type":"Polygon","coordinates":[[[168.14,-46.86],[167.96,-46.69],[167.78,-46.7],[167.8,-46.91],[167.52,-47.26],[168.24,-47.07],[168.04,-46.93],[168.14,-46.86]]]},"properties":{"scalerank":0,"featurecla":"Land","min_zoom":2}},
{"type":"Feature","geometry":{"type":"Polygon","coordinates":[[[137.09,-15.78],[137.01,-15.59],[136.94,-15.71],[137.09,-15.78]]]},"properties":{"scalerank":0,"featurecla":"Land","min_zoom":3}},
{"type":"Feature","geometry":{"type":"Polygon","coordinates":[[[136.86,-15.62],[136.88,-15.5],[136.85,-15.54],[136.86,-15.62]]]},"properties":{"scalerank":0,"featurecla":"Land","min_zoom":4}},
{"type":"Feature","geometry":{"type":"Polygon","coordinates":[[[136.59,-15.63],[136.61,-15.54],[136.52,-15.54],[136.59,-15.63]]]},"properties":{"scalerank":0,"featurecla":"Land","min_zoom":3}},
{"type":"Feature","geometry":{"type":"Polygon","coordinates":[[[132.59,-11.3],[132.63,-11.17],[132.58,-10.97],[132.48,-11.04],[132.59,-11.3]]]},"properties":{"scalerank":0,"featurecla":"Land","min_zoom":3}},
{"type":"Feature","geometry":{"type":"Polygon","coordinates":[[[149.04,-20.29],[148.98,-20.15],[148.94,-20.28],[149.04,-20.29]]]},"properties":{"scalerank":0,"featurecla":"Land","min_zoom":4}},
{"type":"Feature","geometry":{"type":"Polygon","coordinates":[[[148.94,-20.15],[148.97,-20.04],[148.89,-20.14],[148.94,-20.15]]]},"properties":{"scalerank":0,"featurecla":"Land","min_zoom":4}},
{"type":"Feature","geometry":{"type":"Polygon","coordinates":[[[146.28,-18.23],[146.1,-18.25],[146.24,-18.45],[146.34,-18.4],[146.28,-18.23]]]},"properties":{"scalerank":0,"featurecla":"Land","min_zoom":3}},
{"type":"Feature","geometry":{"type":"Polygon","coordinates":[[[142.27,-10.7],[142.2,-10.59],[142.19,-10.76],[142.27,-10.7]]]},"properties":{"scalerank":0,"featurecla":"Land","min_zoom":3}},
{"type":"Feature","geometry":{"type":"Polygon","coordinates":[[[142.34,-10.19],[142.2,-10.2],[142.28,-10.25],[142.34,-10.19]]]},"properties":{"scalerank":0,"featurecla":"Land","min_zoom":3}},
{"type":"Feature","geometry":{"type":"Polygon","coordinates":[[[142.17,-10.15],[142.15,-10.05],[142.1,-10.12],[142.17,-10.15]]]},"properties":{"scalerank":0,"featurecla":"Land","min_zoom":4}},
{"type":"Feature","geometry":{"type":"Polygon","coordinates":[[[139.51,-16.57],[139.7,-16.51],[139.59,-16.4],[139.29,-16.47],[139.16,-16.63],[139.16,-16.74],[139.43,-16.66],[139.51,-16.57]]]},"properties":{"scalerank":0,"featurecla":"Land","min_zoom":2}},
{"type":"Feature","geometry":{"type":"Polygon","coordinates":[[[139.46,-17.11],[139.57,-17.09],[139.49,-16.99],[139.46,-17.11]]]},"properties":{"scalerank":0,"featurecla":"Land","min_zoom":3}},
{"type":"Feature","geometry":{"type":"Polygon","coordinates":[[[136.71,-13.8],[136.7,-13.68],[136.42,-13.86],[136.43,-14.13],[136.34,-14.21],[136.89,-14.29],[136.95,-14.18],[136.79,-14.16],[136.79,-13.95],[136.91,-13.83],[136.71,-13.8]]]},"properties":{"scalerank":0,"featurecla":"Land","min_zoom":2}},
{"type":"Feature","geometry":{"type":"Polygon","coordinates":[[[136.24,-13.82],[136.22,-13.66],[136.12,-13.82],[136.24,-13.82]]]},"properties":{"scalerank":0,"featurecla":"Land","min_zoom":3}},
{"type":"Feature","geometry":{"type":"Polygon","coordinates":[[[136.6,-11.38],[136.74,-11.19],[136.78,-11.01],[136.53,-11.44],[136.6,-11.38]]]},"properties":{"scalerank":0,"featurecla":"Land","min_zoom":3}},
{"type":"Feature","geometry":{"type":"Polygon","coordinates":[[[136.34,-11.6],[136.45,-11.49],[136.27,-11.58],[136.34,-11.6]]]},"properties":{"scalerank":0,"featurecla":"Land","min_zoom":3}},
{"type":"Feature","geometry":{"type":"Polygon","coordinates":[[[130.46,-11.68],[130.34,-11.34],[130.15,-11.48],[130.2,-11.66],[130.07,-11.68],[130.13,-11.82],[130.32,-11.77],[130.61,-11.82],[130.46,-11.68]]]},"properties":{"scalerank":0,"featurecla":"Land","min_zoom":2}},
{"type":"Feature","geometry":{"type":"Polygon","coordinates":[[[130.62,-11.38],[130.43,-11.18],[130.37,-11.21],[130.51,-11.62],[130.64,-11.74],[130.95,-11.93],[131.46,-11.59],[131.54,-11.44],[131.27,-11.19],[131.02,-11.33],[130.91,-11.31],[130.62,-11.38]]]},"properties":{"scalerank":0,"featurecla":"Land","min_zoom":2}},
{"type":"Feature","geometry":{"type":"Polygon","coordinates":[[[125.2,-14.58],[125.12,-14.49],[125.13,-14.64],[125.2,-14.58]]]},"properties":{"scalerank":0,"featurecla":"Land","min_zoom":3}},
{"type":"Feature","geometry":{"type":"Polygon","coordinates":[[[124.6,-15.4],[124.55,-15.27],[124.48,-15.34],[124.6,-15.4]]]},"properties":{"scalerank":0,"featurecla":"Land","min_zoom":3}},
{"type":"Feature","geometry":{"type":"Polygon","coordinates":[[[115.45,-20.79],[115.43,-20.67],[115.31,-20.81],[115.45,-20.79]]]},"properties":{"scalerank":0,"featurecla":"Land","min_zoom":3}},
{"type":"Feature","geometry":{"type":"Polygon","coordinates":[[[113.18,-26.05],[112.98,-25.52],[112.91,-25.57],[112.96,-25.78],[113.16,-26.09],[113.18,-26.05]]]},"properties":{"scalerank":0,"featurecla":"Land","min_zoom":3}},
{"type":"Feature","geometry":{"type":"Polygon","coordinates":[[[147.36,-43.4],[147.28,-43.28],[147.15,-43.5],[147.36,-43.4]]]},"properties":{"scalerank":0,"featurecla":"Land","min_zoom":3}},
{"type":"Feature","geometry":{"type":"Polygon","coordinates":[[[148.1,-42.71],[148.17,-42.65],[148.07,-42.59],[148.1,-42.71]]]},"properties":{"scalerank":0,"featurecla":"Land","min_zoom":3}},
{"type":"Feature","geometry":{"type":"Polygon","coordinates":[[[147.43,-43.24],[147.35,-43.08],[147.3,-43.16],[147.43,-43.24]]]},"properties":{"scalerank":0,"featurecla":"Land","min_zoom":3}},
{"type":"Feature","geometry":{"type":"Polygon","coordinates":[[[144.78,-40.51],[144.71,-40.49],[144.75,-40.59],[144.78,-40.51]]]},"properties":{"scalerank":0,"featurecla":"Land","min_zoom":4}},
{"type":"Feature","geometry":{"type":"Polygon","coordinates":[[[143.93,-40.12],[144.14,-39.95],[144.09,-39.64],[143.95,-39.58],[143.84,-39.9],[143.93,-40.12]]]},"properties":{"scalerank":0,"featurecla":"Land","min_zoom":2}},
{"type":"Feature","geometry":{"type":"Polygon","coordinates":[[[148.33,-40.31],[148.06,-40.36],[148.1,-40.45],[148.47,-40.43],[148.33,-40.31]]]},"properties":{"scalerank":0,"featurecla":"Land","min_zoom":3}},
{"type":"Feature","geometry":{"type":"Polygon","coordinates":[[[148,-39.76],[147.77,-39.87],[148.11,-40.26],[148.32,-40.14],[148.3,-39.99],[148,-39.76]]]},"properties":{"scalerank":0,"featurecla":"Land","min_zoom":2}},
{"type":"Feature","geometry":{"type":"Polygon","coordinates":[[[148.24,-40.52],[148.12,-40.52],[148.19,-40.59],[148.24,-40.52]]]},"properties":{"scalerank":0,"featurecla":"Land","min_zoom":4}},
{"type":"Feature","geometry":{"type":"Polygon","coordinates":[[[137.6,-35.74],[137.64,-35.66],[137.33,-35.59],[136.64,-35.75],[136.54,-35.89],[136.76,-36.03],[137.15,-36.04],[137.21,-35.98],[137.45,-36.07],[137.67,-35.9],[138.01,-35.91],[138.05,-35.76],[137.6,-35.74]]]},"properties":{"scalerank":0,"featurecla":"Land","min_zoom":2}},
{"type":"Feature","geometry":{"type":"Polygon","coordinates":[[[145.49,-38.35],[145.3,-38.32],[145.34,-38.42],[145.49,-38.35]]]},"properties":{"scalerank":0,"featurecla":"Land","min_zoom":3}},
{"type":"Feature","geometry":{"type":"Polygon","coordinates":[[[145.31,-38.49],[145.22,-38.46],[145.13,-38.53],[145.31,-38.49]]]},"properties":{"scalerank":0,"featurecla":"Land","min_zoom":4}},
{"type":"Feature","geometry":{"type":"Polygon","coordinates":[[[153.54,-27.44],[153.44,-27.41],[153.4,-27.67],[153.45,-27.71],[153.54,-27.44]]]},"properties":{"scalerank":0,"featurecla":"Land","min_zoom":3}},
{"type":"Feature","geometry":{"type":"Polygon","coordinates":[[[153.44,-27.32],[153.47,-27.04],[153.38,-27.05],[153.44,-27.32]]]},"properties":{"scalerank":0,"featurecla":"Land","min_zoom":3}},
{"type":"Feature","geometry":{"type":"Polygon","coordinates":[[[153.08,-25.75],[153.14,-25.51],[153.35,-25.06],[153.28,-24.74],[153.18,-24.76],[153.24,-24.92],[153.19,-25.07],[153.04,-25.19],[153.06,-25.3],[152.98,-25.55],[153.08,-25.75]]]},"properties":{"scalerank":0,"featurecla":"Land","min_zoom":2}},
{"type":"Feature","geometry":{"type":"Polygon","coordinates":[[[151.15,-23.49],[151.03,-23.53],[151.18,-23.74],[151.3,-23.72],[151.24,-23.53],[151.15,-23.49]]]},"properties":{"scalerank":0,"featurecla":"Land","min_zoom":3}},
{"type":"Feature","geometry":{"type":"Polygon","coordinates":[[[150.52,-22.32],[150.49,-22.21],[150.46,-22.31],[150.52,-22.32]]]},"properties":{"scalerank":0,"featurecla":"Land","min_zoom":4}},
{"type":"Feature","geometry":{"type":"Polygon","coordinates":[[[149.93,-22.19],[149.91,-22.05],[149.88,-22.07],[149.93,-22.19]]]},"properties":{"scalerank":0,"featurecla":"Land","min_zoom":4}},
{"type":"Feature","geometry":{"type":"Polygon","coordinates":[[[117.36,8.21],[117.28,8.31],[117.29,8.19],[117.36,8.21]]]},"properties":{"scalerank":0,"featurecla":"Land","min_zoom":3}},
{"type":"Feature","geometry":{"type":"Polygon","coordinates":[[[117.08,7.88],[117.08,8.07],[116.97,7.89],[117.08,7.88]]]},"properties":{"scalerank":0,"featurecla":"Land","min_zoom":3}},
{"type":"Feature","geometry":{"type":"Polygon","coordinates":[[[119.92,10.49],[120.01,10.57],[119.85,10.64],[119.79,10.46],[119.92,10.49]]]},"properties":{"scalerank":0,"featurecla":"Land","min_zoom":3}},
{"type":"Feature","geometry":{"type":"Polygon","coordinates":[[[119.86,11.53],[119.73,11.43],[119.85,11.39],[119.86,11.53]]]},"properties":{"scalerank":0,"featurecla":"Land","min_zoom":3}},
{"type":"Feature","geometry":{"type":"Polygon","coordinates":[[[120.1,12.17],[119.9,12.31],[119.87,12.2],[120.01,12.01],[120.31,12.01],[120.23,12.22],[120.1,12.17]]]},"properties":{"scalerank":0,"featurecla":"Land","min_zoom":2}},
{"type":"Feature","geometry":{"type":"Polygon","coordinates":[[[120.04,11.7],[120.04,11.92],[119.86,11.95],[119.96,11.67],[120.04,11.7]]]},"properties":{"scalerank":0,"featurecla":"Land","min_zoom":3}},
{"type":"Feature","geometry":{"type":"Polygon","coordinates":[[[122.65,10.47],[122.74,10.65],[122.67,10.74],[122.54,10.61],[122.54,10.42],[122.65,10.47]]]},"properties":{"scalerank":0,"featurecla":"Land","min_zoom":3}},
{"type":"Feature","geometry":{"type":"Polygon","coordinates":[[[123.37,9.45],[123.49,9.59],[123.64,10.02],[123.79,10.22],[123.95,10.32],[124.05,10.59],[124.04,11.27],[123.93,10.96],[123.71,10.47],[123.39,9.97],[123.33,9.58],[123.37,9.45]]]},"properties":{"scalerank":0,"featurecla":"Land","min_zoom":1}},
{"type":"Feature","geometry":{"type":"Polygon","coordinates":[[[123.76,11.28],[123.74,11.15],[123.82,11.15],[123.76,11.28]]]},"properties":{"scalerank":0,"featurecla":"Land","min_zoom":3}},
{"type":"Feature","geometry":{"type":"Polygon","coordinates":[[[124.59,9.79],[124.58,10.03],[124.34,10.16],[124.17,10.14],[123.82,9.82],[123.94,9.62],[124.36,9.63],[124.59,9.79]]]},"properties":{"scalerank":0,"featurecla":"Land","min_zoom":2}},
{"type":"Feature","geometry":{"type":"Polygon","coordinates":[[[124.81,9.14],[124.74,9.24],[124.67,9.13],[124.81,9.14]]]},"properties":{"scalerank":0,"featurecla":"Land","min_zoom":3}},
{"type":"Feature","geometry":{"type":"Polygon","coordinates":[[[123.7,9.24],[123.49,9.19],[123.61,9.1],[123.7,9.24]]]},"properties":{"scalerank":0,"featurecla":"Land","min_zoom":3}},
{"type":"Feature","geometry":{"type":"Polygon","coordinates":[[[120.25,5.26],[120.21,5.34],[119.83,5.13],[119.96,5.08],[120.25,5.26]]]},"properties":{"scalerank":0,"featurecla":"Land","min_zoom":3}},
{"type":"Feature","geometry":{"type":"Polygon","coordinates":[[[122.09,6.43],[122.29,6.64],[122.06,6.74],[121.81,6.61],[121.96,6.42],[122.09,6.43]]]},"properties":{"scalerank":0,"featurecla":"Land","min_zoom":2}},
{"type":"Feature","geometry":{"type":"Polygon","coordinates":[[[126.06,9.77],[126.17,9.8],[126.07,10.06],[125.99,9.84],[126.06,9.77]]]},"properties":{"scalerank":0,"featurecla":"Land","min_zoom":3}},
{"type":"Feature","geometry":{"type":"Polygon","coordinates":[[[125.69,9.91],[125.65,10.25],[125.67,10.44],[125.52,10.31],[125.49,10.12],[125.69,9.91]]]},"properties":{"scalerank":0,"featurecla":"Land","min_zoom":2}},
{"type":"Feature","geometry":{"type":"Polygon","coordinates":[[[120.27,13.75],[120.12,13.86],[120.1,13.78],[120.27,13.75]]]},"properties":{"scalerank":0,"featurecla":"Land","min_zoom":3}},
{"type":"Feature","geometry":{"type":"Polygon","coordinates":[[[121.91,13.54],[121.83,13.33],[122,13.2],[122.11,13.46],[121.91,13.54]]]},"properties":{"scalerank":0,"featurecla":"Land","min_zoom":2}},
{"type":"Feature","geometry":{"type":"Polygon","coordinates":[[[122.09,12.35],[122.15,12.65],[122,12.6],[121.92,12.33],[122.01,12.11],[122.09,12.35]]]},"properties":{"scalerank":0,"featurecla":"Land","min_zoom":2}},
{"type":"Feature","geometry":{"type":"Polygon","coordinates":[[[122.31,12.53],[122.29,12.59],[122.26,12.5],[122.31,12.53]]]},"properties":{"scalerank":0,"featurecla":"Land","min_zoom":4}},
{"type":"Feature","geometry":{"type":"Polygon","coordinates":[[[122.65,12.31],[122.6,12.49],[122.42,12.46],[122.65,12.31]]]},"properties":{"scalerank":0,"featurecla":"Land","min_zoom":3}},
{"type":"Feature","geometry":{"type":"Polygon","coordinates":[[[123.28,12.85],[123.04,13.11],[122.95,13.06],[123.37,12.7],[123.28,12.85]]]},"properties":{"scalerank":0,"featurecla":"Land","min_zoom":3}},
{"type":"Feature","geometry":{"type":"Polygon","coordinates":[[[123.78,12.45],[123.71,12.61],[123.59,12.63],[123.74,12.4],[123.78,12.45]]]},"properties":{"scalerank":0,"featurecla":"Land","min_zoom":3}},
{"type":"Feature","geometry":{"type":"Polygon","coordinates":[[[123.72,12.29],[123.46,12.5],[123.24,12.58],[123.27,12.4],[123.16,11.93],[123.42,12.19],[123.53,12.2],[124.05,11.75],[124.04,11.97],[123.91,12.17],[123.72,12.29]]]},"properties":{"scalerank":0,"featurecla":"Land","min_zoom":2}},
{"type":"Feature","geometry":{"type":"Polygon","coordinates":[[[124.35,13.63],[124.42,13.87],[124.22,14.08],[124.12,13.98],[124.12,13.79],[124.04,13.66],[124.18,13.53],[124.35,13.63]]]},"properties":{"scalerank":0,"featurecla":"Land","min_zoom":2}},
{"type":"Feature","geometry":{"type":"Polygon","coordinates":[[[122.18,14.05],[121.96,14.23],[121.96,14.16],[122.18,14.05]]]},"properties":{"scalerank":0,"featurecla":"Land","min_zoom":3}},
{"type":"Feature","geometry":{"type":"Polygon","coordinates":[[[122.03,15.01],[121.84,15.04],[121.92,14.8],[121.91,14.67],[122.02,14.76],[121.97,14.89],[122.03,15.01]]]},"properties":{"scalerank":0,"featurecla":"Land","min_zoom":3}},
{"type":"Feature","geometry":{"type":"Polygon","coordinates":[[[121.92,18.89],[121.89,18.99],[121.83,18.84],[121.92,18.89]]]},"properties":{"scalerank":0,"featurecla":"Land","min_zoom":3}},
{"type":"Feature","geometry":{"type":"Polygon","coordinates":[[[121.25,19.08],[121.21,19.18],[121.18,19.1],[121.25,19.08]]]},"properties":{"scalerank":0,"featurecla":"Land","min_zoom":4}},
{"type":"Feature","geometry":{"type":"Polygon","coordinates":[[[121.52,19.36],[121.38,19.33],[121.53,19.27],[121.52,19.36]]]},"properties":{"scalerank":0,"featurecla":"Land","min_zoom":3}},
{"type":"Feature","geometry":{"type":"Polygon","coordinates":[[[121.96,20.37],[122.03,20.47],[121.94,20.45],[121.96,20.37]]]},"properties":{"scalerank":0,"featurecla":"Land","min_zoom":4}},
{"type":"Feature","geometry":{"type":"Polygon","coordinates":[[[121.88,20.78],[121.85,20.84],[121.8,20.75],[121.88,20.78]]]},"properties":{"scalerank":0,"featurecla":"Land","min_zoom":4}},
{"type":"Feature","geometry":{"type":"Polygon","coordinates":[[[148.03,-5.83],[148.08,-5.65],[147.85,-5.49],[147.78,-5.63],[148.03,-5.83]]]},"properties":{"scalerank":0,"featurecla":"Land","min_zoom":2}},
{"type":"Feature","geometry":{"type":"Polygon","coordinates":[[[147.18,-5.43],[147.21,-5.25],[147.13,-5.19],[147.01,-5.31],[147.18,-5.43]]]},"properties":{"scalerank":0,"featurecla":"Land","min_zoom":3}},
{"type":"Feature","geometry":{"type":"Polygon","coordinates":[[[146.02,-4.73],[146,-4.54],[145.9,-4.73],[146.02,-4.73]]]},"properties":{"scalerank":0,"featurecla":"Land","min_zoom":3}},
{"type":"Feature","geometry":{"type":"Polygon","coordinates":[[[147.88,-2.28],[147.84,-2.25],[147.79,-2.31],[147.88,-2.28]]]},"properties":{"scalerank":0,"featurecla":"Land","min_zoom":4}},
{"type":"Feature","geometry":{"type":"Polygon","coordinates":[[[147.07,-1.96],[146.66,-1.97],[146.55,-2.21],[146.75,-2.15],[147.21,-2.18],[147.4,-2.03],[147.07,-1.96]]]},"properties":{"scalerank":0,"featurecla":"Land","min_zoom":2}},
{"type":"Feature","geometry":{"type":"Polygon","coordinates":[[[154.65,-5.43],[154.73,-5.22],[154.63,-5.01],[154.54,-5.11],[154.65,-5.43]]]},"properties":{"scalerank":0,"featurecla":"Land","min_zoom":1}},
{"type":"Feature","geometry":{"type":"Polygon","coordinates":[[[152.67,-3.13],[152.54,-3.1],[152.65,-3.22],[152.67,-3.13]]]},"properties":{"scalerank":0,"featurecla":"Land","min_zoom":3}},
{"type":"Feature","geometry":{"type":"Polygon","coordinates":[[[152.1,-2.95],[151.97,-2.85],[152.06,-2.99],[152.1,-2.95]]]},"properties":{"scalerank":0,"featurecla":"Land","min_zoom":3}},
{"type":"Feature","geometry":{"type":"Polygon","coordinates":[[[151.96,-2.83],[152.01,-2.81],[151.95,-2.71],[151.96,-2.83]]]},"properties":{"scalerank":0,"featurecla":"Land","min_zoom":4}},
{"type":"Feature","geometry":{"type":"Polygon","coordinates":[[[149.77,-1.55],[149.73,-1.43],[149.58,-1.35],[149.55,-1.47],[149.77,-1.55]]]},"properties":{"scalerank":0,"featurecla":"Land","min_zoom":3}},
{"type":"Feature","geometry":{"type":"Polygon","coordinates":[[[150.44,-2.66],[150.43,-2.47],[150.23,-2.38],[149.96,-2.47],[150.17,-2.66],[150.44,-2.66]]]},"properties":{"scalerank":0,"featurecla":"Land","min_zoom":2}},
{"type":"Feature","geometry":{"type":"Polygon","coordinates":[[[151.08,-10.02],[151.05,-9.94],[150.78,-9.71],[150.96,-10.09],[151.23,-10.19],[151.3,-9.96],[151.08,-10.02]]]},"properties":{"scalerank":0,"featurecla":"Land","min_zoom":2}},
{"type":"Feature","geometry":{"type":"Polygon","coordinates":[[[150.35,-9.49],[150.32,-9.26],[150.21,-9.21],[150.11,-9.36],[150.35,-9.49]]]},"properties":{"scalerank":0,"featurecla":"Land","min_zoom":2}},
{"type":"Feature","geometry":{"type":"Polygon","coordinates":[[[150.53,-9.35],[150.44,-9.36],[150.51,-9.54],[150.44,-9.62],[150.89,-9.67],[150.79,-9.42],[150.53,-9.35]]]},"properties":{"scalerank":0,"featurecla":"Land","min_zoom":2}},
{"type":"Feature","geometry":{"type":"Polygon","coordinates":[[[151.11,-8.73],[151.12,-8.42],[151,-8.52],[151.11,-8.73]]]},"properties":{"scalerank":0,"featurecla":"Land","min_zoom":3}},
{"type":"Feature","geometry":{"type":"Polygon","coordinates":[[[152.63,-8.96],[152.52,-9.01],[152.72,-9.17],[152.97,-9.21],[153,-9.11],[152.81,-8.97],[152.63,-8.96]]]},"properties":{"scalerank":0,"featurecla":"Land","min_zoom":2}},
{"type":"Feature","geometry":{"type":"Polygon","coordinates":[[[150.9,-10.57],[150.79,-10.6],[150.88,-10.64],[150.9,-10.57]]]},"properties":{"scalerank":0,"featurecla":"Land","min_zoom":4}},
{"type":"Feature","geometry":{"type":"Polygon","coordinates":[[[154.28,-11.36],[154.1,-11.31],[154.06,-11.42],[154.28,-11.36]]]},"properties":{"scalerank":0,"featurecla":"Land","min_zoom":3}},
{"type":"Feature","geometry":{"type":"Polygon","coordinates":[[[153.54,-11.48],[153.2,-11.32],[153.38,-11.56],[153.55,-11.63],[153.76,-11.59],[153.54,-11.48]]]},"properties":{"scalerank":0,"featurecla":"Land","min_zoom":2}},
{"type":"Feature","geometry":{"type":"Polygon","coordinates":[[[143.59,-8.48],[143.58,-8.39],[143.32,-8.37],[143.59,-8.48]]]},"properties":{"scalerank":0,"featurecla":"Land","min_zoom":3}},
{"type":"Feature","geometry":{"type":"Polygon","coordinates":[[[143.59,-8.63],[143.44,-8.52],[143.25,-8.49],[143.59,-8.63]]]},"properties":{"scalerank":0,"featurecla":"Land","min_zoom":3}},
{"type":"Feature","geometry":{"type":"Polygon","coordinates":[[[135.38,-0.65],[135.48,-0.8],[135.65,-0.88],[135.75,-0.82],[135.84,-1.12],[136.11,-1.22],[136.38,-1.09],[136.15,-0.98],[135.89,-0.73],[135.38,-0.65]]]},"properties":{"scalerank":0,"featurecla":"Land","min_zoom":2}},
{"type":"Feature","geometry":{"type":"Polygon","coordinates":[[[135.47,-1.59],[135.49,-1.67],[135.87,-1.75],[136.23,-1.89],[136.62,-1.87],[136.89,-1.8],[136.72,-1.73],[136.39,-1.72],[136.2,-1.65],[135.47,-1.59]]]},"properties":{"scalerank":0,"featurecla":"Land","min_zoom":2}},
{"type":"Feature","geometry":{"type":"Polygon","coordinates":[[[134.97,-1.12],[134.89,-0.94],[134.81,-1.04],[134.97,-1.12]]]},"properties":{"scalerank":0,"featurecla":"Land","min_zoom":3}},
{"type":"Feature","geometry":{"type":"Polygon","coordinates":[[[134.37,-2.12],[134.42,-2.05],[134.35,-2.04],[134.37,-2.12]]]},"properties":{"scalerank":0,"featurecla":"Land","min_zoom":4}},
{"type":"Feature","geometry":{"type":"Polygon","coordinates":[[[138.9,-8.39],[138.8,-8.17],[138.56,-8.31],[138.59,-8.37],[138.9,-8.39]]]},"properties":{"scalerank":0,"featurecla":"Land","min_zoom":2}},
{"type":"Feature","geometry":{"type":"Polygon","coordinates":[[[133.57,-4.25],[133.32,-4.11],[133.33,-4.17],[133.57,-4.25]]]},"properties":{"scalerank":0,"featurecla":"Land","min_zoom":3}},
{"type":"Feature","geometry":{"type":"Polygon","coordinates":[[[130.35,-1.69],[129.99,-1.76],[129.74,-1.87],[129.89,-1.99],[130.25,-2.05],[130.42,-1.97],[130.35,-1.69]]]},"properties":{"scalerank":0,"featurecla":"Land","min_zoom":2}},
{"type":"Feature","geometry":{"type":"Polygon","coordinates":[[[131,-1.32],[131.07,-0.97],[130.9,-0.89],[130.67,-0.96],[130.78,-1.26],[131,-1.32]]]},"properties":{"scalerank":0,"featurecla":"Land","min_zoom":0.5}},
{"type":"Feature","geometry":{"type":"Polygon","coordinates":[[[130.91,-0.78],[130.48,-0.83],[130.4,-0.92],[130.83,-0.86],[130.91,-0.78]]]},"properties":{"scalerank":0,"featurecla":"Land","min_zoom":3}},
{"type":"Feature","geometry":{"type":"Polygon","coordinates":[[[130.63,-0.53],[130.62,-0.42],[130.47,-0.49],[130.63,-0.53]]]},"properties":{"scalerank":0,"featurecla":"Land","min_zoom":3}},
{"type":"Feature","geometry":{"type":"Polygon","coordinates":[[[130.81,0],[130.29,-0.1],[130.24,-0.21],[130.5,-0.27],[130.55,-0.37],[130.69,-0.3],[130.75,-0.44],[130.9,-0.42],[130.62,-0.09],[131.01,-0.36],[131.26,-0.37],[131.34,-0.29],[131.28,-0.15],[131.03,-0.04],[130.81,0]]]},"properties":{"scalerank":0,"featurecla":"Land","min_zoom":2}},
{"type":"Feature","geometry":{"type":"Polygon","coordinates":[[[129.55,-0.19],[129.31,0.05],[129.37,-0.07],[129.55,-0.19]]]},"properties":{"scalerank":0,"featurecla":"Land","min_zoom":3}},
{"type":"Feature","geometry":{"type":"Polygon","coordinates":[[[128.45,2.05],[128.62,2.22],[128.69,2.47],[128.6,2.6],[128.33,2.47],[128.22,2.3],[128.3,2.03],[128.45,2.05]]]},"properties":{"scalerank":0,"featurecla":"Land","min_zoom":2}},
{"type":"Feature","geometry":{"type":"Polygon","coordinates":[[[127.45,-0.01],[127.43,0.14],[127.4,0.02],[127.45,-0.01]]]},"properties":{"scalerank":0,"featurecla":"Land","min_zoom":4}},
{"type":"Feature","geometry":{"type":"Polygon","coordinates":[[[127.42,0.64],[127.44,0.73],[127.38,0.74],[127.42,0.64]]]},"properties":{"scalerank":0,"featurecla":"Land","min_zoom":4}},
{"type":"Feature","geometry":{"type":"Polygon","coordinates":[[[127.25,-0.5],[127.29,-0.28],[127.13,-0.28],[127.12,-0.52],[127.25,-0.5]]]},"properties":{"scalerank":0,"featurecla":"Land","min_zoom":3}},
{"type":"Feature","geometry":{"type":"Polygon","coordinates":[[[127.3,-0.78],[127.26,-0.62],[127.16,-0.76],[127.3,-0.78]]]},"properties":{"scalerank":0,"featurecla":"Land","min_zoom":3}},
{"type":"Feature","geometry":{"type":"Polygon","coordinates":[[[127.57,-0.32],[127.46,-0.41],[127.33,-0.34],[127.3,-0.5],[127.47,-0.64],[127.46,-0.81],[127.62,-0.77],[127.76,-0.88],[127.88,-0.81],[127.8,-0.69],[127.6,-0.61],[127.68,-0.47],[127.57,-0.32]]]},"properties":{"scalerank":0,"featurecla":"Land","min_zoom":2}},
{"type":"Feature","geometry":{"type":"Polygon","coordinates":[[[128.15,-1.66],[128.15,-1.6],[127.91,-1.44],[127.65,-1.33],[127.46,-1.45],[127.39,-1.64],[127.56,-1.73],[128.15,-1.66]]]},"properties":{"scalerank":0,"featurecla":"Land","min_zoom":2}},
{"type":"Feature","geometry":{"type":"Polygon","coordinates":[[[134.75,-5.71],[134.62,-5.44],[134.34,-5.71],[134.23,-5.74],[134.34,-5.83],[134.3,-6.01],[134.15,-6.02],[134.44,-6.33],[134.64,-6.37],[134.76,-6.17],[134.71,-5.95],[134.75,-5.71]]]},"properties":{"scalerank":0,"featurecla":"Land","min_zoom":1.5}},
{"type":"Feature","geometry":{"type":"Polygon","coordinates":[[[134.54,-6.44],[134.17,-6.18],[134.06,-6.77],[134.2,-6.91],[134.36,-6.81],[134.5,-6.59],[134.54,-6.44]]]},"properties":{"scalerank":0,"featurecla":"Land","min_zoom":1.5}},
{"type":"Feature","geometry":{"type":"Polygon","coordinates":[[[132.93,-5.9],[132.97,-5.74],[133.12,-5.58],[133.17,-5.35],[133.11,-5.31],[133.01,-5.62],[132.94,-5.68],[132.85,-5.99],[132.93,-5.9]]]},"properties":{"scalerank":0,"featurecla":"Land","min_zoom":3}},
{"type":"Feature","geometry":{"type":"Polygon","coordinates":[[[132.81,-5.85],[132.7,-5.61],[132.68,-5.91],[132.81,-5.85]]]},"properties":{"scalerank":0,"featurecla":"Land","min_zoom":3}},
{"type":"Feature","geometry":{"type":"Polygon","coordinates":[[[128.72,-3.55],[128.59,-3.49],[128.62,-3.59],[128.72,-3.55]]]},"properties":{"scalerank":0,"featurecla":"Land","min_zoom":3}},
{"type":"Feature","geometry":{"type":"Polygon","coordinates":[[[128.56,-3.59],[128.45,-3.51],[128.39,-3.64],[128.56,-3.59]]]},"properties":{"scalerank":0,"featurecla":"Land","min_zoom":3}},
{"type":"Feature","geometry":{"type":"Polygon","coordinates":[[[128.28,-3.67],[128.33,-3.52],[128.02,-3.6],[127.98,-3.77],[128.28,-3.67]]]},"properties":{"scalerank":0,"featurecla":"Land","min_zoom":2}},
{"type":"Feature","geometry":{"type":"Polygon","coordinates":[[[123.18,-4.55],[123.07,-4.43],[122.95,-4.44],[122.85,-4.62],[122.85,-4.83],[122.77,-5.21],[122.58,-5.54],[122.65,-5.66],[122.81,-5.67],[122.99,-5.39],[123.2,-5.27],[122.98,-5.19],[122.99,-4.96],[123.06,-4.75],[123.2,-4.82],[123.18,-4.55]]]},"properties":{"scalerank":0,"featurecla":"Land","min_zoom":0.5}},
{"type":"Feature","geometry":{"type":"Polygon","coordinates":[[[122.65,-5.27],[122.61,-5.14],[122.76,-4.93],[122.7,-4.62],[122.37,-4.77],[122.4,-5.07],[122.28,-5.32],[122.56,-5.39],[122.65,-5.27]]]},"properties":{"scalerank":0,"featurecla":"Land","min_zoom":0.5}},
{"type":"Feature","geometry":{"type":"Polygon","coordinates":[[[122.04,-5.44],[122.06,-5.22],[121.97,-5.08],[121.87,-5.1],[121.81,-5.26],[121.98,-5.46],[122.04,-5.44]]]},"properties":{"scalerank":0,"featurecla":"Land","min_zoom":2}},
{"type":"Feature","geometry":{"type":"Polygon","coordinates":[[[123.24,-4.11],[123.21,-4],[123.02,-3.98],[122.99,-4.15],[123.14,-4.23],[123.24,-4.11]]]},"properties":{"scalerank":0,"featurecla":"Land","min_zoom":2}},
{"type":"Feature","geometry":{"type":"Polygon","coordinates":[[[126.06,-2.45],[125.98,-2.17],[125.99,-2.01],[125.86,-2.08],[125.98,-2.42],[126.06,-2.45]]]},"properties":{"scalerank":0,"featurecla":"Land","min_zoom":3}},
{"type":"Feature","geometry":{"type":"Polygon","coordinates":[[[126.02,-1.79],[125.52,-1.8],[125.39,-1.84],[125.43,-1.94],[125.96,-1.92],[126.33,-1.82],[126.02,-1.79]]]},"properties":{"scalerank":0,"featurecla":"Land","min_zoom":2}},
{"type":"Feature","geometry":{"type":"Polygon","coordinates":[[[124.97,-1.71],[124.66,-1.64],[124.38,-1.69],[124.33,-1.86],[124.42,-2.01],[124.64,-1.98],[124.83,-1.89],[125.01,-1.94],[125.31,-1.88],[125.32,-1.81],[124.97,-1.71]]]},"properties":{"scalerank":0,"featurecla":"Land","min_zoom":2}},
{"type":"Feature","geometry":{"type":"Polygon","coordinates":[[[123.85,-1.96],[123.78,-1.88],[123.8,-1.99],[123.85,-1.96]]]},"properties":{"scalerank":0,"featurecla":"Land","min_zoom":4}},
{"type":"Feature","geometry":{"type":"Polygon","coordinates":[[[123.21,-1.17],[122.91,-1.18],[122.81,-1.43],[122.89,-1.59],[123.15,-1.3],[123.24,-1.58],[123.27,-1.44],[123.37,-1.51],[123.51,-1.45],[123.55,-1.34],[123.43,-1.24],[123.24,-1.39],[123.21,-1.17]]]},"properties":{"scalerank":0,"featurecla":"Land","min_zoom":2}},
{"type":"Feature","geometry":{"type":"Polygon","coordinates":[[[123.15,-1.82],[123.11,-1.79],[123.08,-1.9],[123.15,-1.82]]]},"properties":{"scalerank":0,"featurecla":"Land","min_zoom":4}},
{"type":"Feature","geometry":{"type":"Polygon","coordinates":[[[121.86,-0.41],[121.72,-0.49],[121.88,-0.5],[121.86,-0.41]]]},"properties":{"scalerank":0,"featurecla":"Land","min_zoom":3}},
{"type":"Feature","geometry":{"type":"Polygon","coordinates":[[[126.82,4.03],[126.92,4.29],[126.87,4.48],[126.76,4.55],[126.72,4.34],[126.81,4.26],[126.7,4.07],[126.82,4.03]]]},"properties":{"scalerank":0,"featurecla":"Land","min_zoom":2}},
{"type":"Feature","geometry":{"type":"Polygon","coordinates":[[[126.72,3.87],[126.74,3.92],[126.64,4.04],[126.72,3.87]]]},"properties":{"scalerank":0,"featurecla":"Land","min_zoom":3}},
{"type":"Feature","geometry":{"type":"Polygon","coordinates":[[[126.85,3.77],[126.8,3.86],[126.78,3.81],[126.85,3.77]]]},"properties":{"scalerank":0,"featurecla":"Land","min_zoom":4}},
{"type":"Feature","geometry":{"type":"Polygon","coordinates":[[[125.66,3.44],[125.54,3.67],[125.46,3.68],[125.51,3.46],[125.66,3.44]]]},"properties":{"scalerank":0,"featurecla":"Land","min_zoom":3}},
{"type":"Feature","geometry":{"type":"Polygon","coordinates":[[[125.41,2.65],[125.45,2.76],[125.36,2.75],[125.41,2.65]]]},"properties":{"scalerank":0,"featurecla":"Land","min_zoom":4}},
{"type":"Feature","geometry":{"type":"Polygon","coordinates":[[[120.53,-6.3],[120.55,-5.97],[120.48,-5.78],[120.45,-5.88],[120.49,-6.46],[120.53,-6.3]]]},"properties":{"scalerank":0,"featurecla":"Land","min_zoom":3}},
{"type":"Feature","geometry":{"type":"Polygon","coordinates":[[[131.98,-7.2],[131.92,-7.1],[131.75,-7.12],[131.98,-7.2]]]},"properties":{"scalerank":0,"featurecla":"Land","min_zoom":3}},
{"type":"Feature","geometry":{"type":"Polygon","coordinates":[[[130.86,-8.32],[130.91,-8.25],[131.18,-8.13],[131.02,-8.09],[130.78,-8.35],[130.86,-8.32]]]},"properties":{"scalerank":0,"featurecla":"Land","min_zoom":3}},
{"type":"Feature","geometry":{"type":"Polygon","coordinates":[[[131.33,-8],[131.38,-7.87],[131.62,-7.63],[131.69,-7.44],[131.64,-7.27],[131.74,-7.2],[131.64,-7.11],[131.53,-7.17],[131.35,-7.43],[131.26,-7.47],[131.09,-7.87],[131.11,-8],[131.33,-8]]]},"properties":{"scalerank":0,"featurecla":"Land","min_zoom":2}},
{"type":"Feature","geometry":{"type":"Polygon","coordinates":[[[129.84,-7.95],[129.81,-7.82],[129.61,-7.8],[129.59,-7.92],[129.71,-8.04],[129.84,-7.95]]]},"properties":{"scalerank":0,"featurecla":"Land","min_zoom":3}},
{"type":"Feature","geometry":{"type":"Polygon","coordinates":[[[128.67,-7.18],[128.63,-7.07],[128.53,-7.13],[128.67,-7.18]]]},"properties":{"scalerank":0,"featurecla":"Land","min_zoom":3}},
{"type":"Feature","geometry":{"type":"Polygon","coordinates":[[[127.82,-8.1],[127.82,-8.19],[128.02,-8.26],[128.12,-8.17],[127.82,-8.1]]]},"properties":{"scalerank":0,"featurecla":"Land","min_zoom":3}},
{"type":"Feature","geometry":{"type":"Polygon","coordinates":[[[127.42,-7.62],[127.48,-7.53],[127.37,-7.51],[127.42,-7.62]]]},"properties":{"scalerank":0,"featurecla":"Land","min_zoom":3}},
{"type":"Feature","geometry":{"type":"Polygon","coordinates":[[[126.8,-7.67],[126.61,-7.57],[126.21,-7.71],[125.98,-7.66],[125.84,-7.82],[125.8,-7.98],[126.11,-7.88],[126.47,-7.95],[126.58,-7.81],[126.81,-7.74],[126.8,-7.67]]]},"properties":{"scalerank":0,"featurecla":"Land","min_zoom":2}},
{"type":"Feature","geometry":{"type":"Polygon","coordinates":[[[125.65,-8.14],[125.51,-8.28],[125.58,-8.31],[125.65,-8.14]]]},"properties":{"scalerank":0,"featurecla":"Land","min_zoom":3}},
{"type":"Feature","geometry":{"type":"Polygon","coordinates":[[[123.42,-10.3],[123.41,-10.23],[123.33,-10.34],[123.42,-10.3]]]},"properties":{"scalerank":0,"featurecla":"Land","min_zoom":1}},
{"type":"Feature","geometry":{"type":"Polygon","coordinates":[[[122.95,-10.91],[123.21,-10.81],[123.42,-10.65],[123.37,-10.47],[123.06,-10.7],[122.85,-10.76],[122.83,-10.9],[122.95,-10.91]]]},"properties":{"scalerank":0,"featurecla":"Land","min_zoom":2}},
{"type":"Feature","geometry":{"type":"Polygon","coordinates":[[[121.88,-10.59],[122,-10.45],[121.87,-10.44],[121.7,-10.56],[121.88,-10.59]]]},"properties":{"scalerank":0,"featurecla":"Land","min_zoom":3}},
{"type":"Feature","geometry":{"type":"Polygon","coordinates":[[[124.58,-8.14],[124.43,-8.18],[124.36,-8.39],[124.44,-8.44],[125.1,-8.35],[125.12,-8.2],[124.58,-8.14]]]},"properties":{"scalerank":0,"featurecla":"Land","min_zoom":2}},
{"type":"Feature","geometry":{"type":"Polygon","coordinates":[[[124.29,-8.33],[124.24,-8.2],[124.11,-8.36],[123.97,-8.35],[124.07,-8.55],[124.18,-8.5],[124.29,-8.33]]]},"properties":{"scalerank":0,"featurecla":"Land","min_zoom":2}},
{"type":"Feature","geometry":{"type":"Polygon","coordinates":[[[123.92,-8.27],[123.78,-8.19],[123.48,-8.32],[123.23,-8.53],[123.55,-8.57],[123.63,-8.42],[123.78,-8.3],[123.92,-8.27]]]},"properties":{"scalerank":0,"featurecla":"Land","min_zoom":2}},
{"type":"Feature","geometry":{"type":"Polygon","coordinates":[[[123.32,-8.35],[123.34,-8.27],[123.13,-8.25],[123.03,-8.4],[123.32,-8.35]]]},"properties":{"scalerank":0,"featurecla":"Land","min_zoom":3}},
{"type":"Feature","geometry":{"type":"Polygon","coordinates":[[[119.46,-8.74],[119.55,-8.48],[119.45,-8.43],[119.39,-8.74],[119.46,-8.74]]]},"properties":{"scalerank":0,"featurecla":"Land","min_zoom":3}},
{"type":"Feature","geometry":{"type":"Polygon","coordinates":[[[119.07,-8.24],[119.13,-8.2],[119.04,-8.16],[119.07,-8.24]]]},"properties":{"scalerank":0,"featurecla":"Land","min_zoom":3}},
{"type":"Feature","geometry":{"type":"Polygon","coordinates":[[[115.61,-8.77],[115.56,-8.67],[115.48,-8.72],[115.61,-8.77]]]},"properties":{"scalerank":0,"featurecla":"Land","min_zoom":3}},
{"type":"Feature","geometry":{"type":"Polygon","coordinates":[[[115.38,-6.97],[115.55,-6.94],[115.41,-6.84],[115.24,-6.86],[115.22,-6.95],[115.38,-6.97]]]},"properties":{"scalerank":0,"featurecla":"Land","min_zoom":3}},
{"type":"Feature","geometry":{"type":"Polygon","coordinates":[[[112.72,-5.81],[112.65,-5.73],[112.6,-5.84],[112.72,-5.81]]]},"properties":{"scalerank":0,"featurecla":"Land","min_zoom":3}},
{"type":"Feature","geometry":{"type":"Polygon","coordinates":[[[117.92,4.05],[117.88,4.19],[117.66,4.25],[117.63,4.12],[117.74,4],[117.92,4.05]]]},"properties":{"scalerank":0,"featurecla":"Land","min_zoom":2}},
{"type":"Feature","geometry":{"type":"Polygon","coordinates":[[[117.66,3.28],[117.68,3.41],[117.55,3.43],[117.66,3.28]]]},"properties":{"scalerank":0,"featurecla":"Land","min_zoom":3}},
{"type":"Feature","geometry":{"type":"Polygon","coordinates":[[[116.42,-3.46],[116.33,-3.54],[116.39,-3.64],[116.42,-3.46]]]},"properties":{"scalerank":0,"featurecla":"Land","min_zoom":3}},
{"type":"Feature","geometry":{"type":"Polygon","coordinates":[[[116.3,-3.87],[116.32,-3.76],[116.27,-3.25],[116.12,-3.34],[116.02,-3.7],[116.09,-4.05],[116.3,-3.87]]]},"properties":{"scalerank":0,"featurecla":"Land","min_zoom":0.5}},
{"type":"Feature","geometry":{"type":"Polygon","coordinates":[[[108.95,-1.62],[108.8,-1.57],[108.84,-1.66],[108.95,-1.62]]]},"properties":{"scalerank":0,"featurecla":"Land","min_zoom":3}},
{"type":"Feature","geometry":{"type":"Polygon","coordinates":[[[109.71,-1.18],[109.74,-1.04],[109.48,-0.99],[109.43,-1.24],[109.51,-1.28],[109.71,-1.18]]]},"properties":{"scalerank":0,"featurecla":"Land","min_zoom":2}},
{"type":"Feature","geometry":{"type":"Polygon","coordinates":[[[108.89,2.91],[108.89,3],[108.79,2.89],[108.89,2.91]]]},"properties":{"scalerank":0,"featurecla":"Land","min_zoom":4}},
{"type":"Feature","geometry":{"type":"Polygon","coordinates":[[[108.32,3.69],[108.39,3.99],[108.2,4.2],[108,4.04],[108.09,3.85],[108.24,3.81],[108.1,3.7],[108.32,3.69]]]},"properties":{"scalerank":0,"featurecla":"Land","min_zoom":2}},
{"type":"Feature","geometry":{"type":"Polygon","coordinates":[[[106.29,3.16],[106.2,3.2],[106.28,3.09],[106.29,3.16]]]},"properties":{"scalerank":0,"featurecla":"Land","min_zoom":3}},
{"type":"Feature","geometry":{"type":"Polygon","coordinates":[[[105.76,2.86],[105.84,2.98],[105.69,3.06],[105.76,2.86]]]},"properties":{"scalerank":0,"featurecla":"Land","min_zoom":3}},
{"type":"Feature","geometry":{"type":"Polygon","coordinates":[[[101.71,2.08],[101.64,2.13],[101.45,2.07],[101.4,1.9],[101.47,1.76],[101.6,1.72],[101.72,1.79],[101.77,1.94],[101.71,2.08]]]},"properties":{"scalerank":0,"featurecla":"Land","min_zoom":0.5}},
{"type":"Feature","geometry":{"type":"Polygon","coordinates":[[[102.43,0.99],[102.44,1.23],[102.36,1.35],[102.23,1.35],[102.33,1.01],[102.43,0.99]]]},"properties":{"scalerank":0,"featurecla":"Land","min_zoom":2}},
{"type":"Feature","geometry":{"type":"Polygon","coordinates":[[[102.49,1.46],[102.47,1.51],[102.04,1.63],[102.08,1.5],[102.27,1.45],[102.5,1.33],[102.49,1.46]]]},"properties":{"scalerank":0,"featurecla":"Land","min_zoom":2}},
{"type":"Feature","geometry":{"type":"Polygon","coordinates":[[[103.03,0.75],[103,0.86],[102.78,0.96],[102.55,1.13],[102.45,0.89],[102.54,0.83],[103.03,0.75]]]},"properties":{"scalerank":0,"featurecla":"Land","min_zoom":0.5}},
{"type":"Feature","geometry":{"type":"Polygon","coordinates":[[[103.17,0.87],[103.07,1.01],[102.79,1.17],[102.7,1.05],[102.89,1],[103.09,0.85],[103.17,0.87]]]},"properties":{"scalerank":0,"featurecla":"Land","min_zoom":2}},
{"type":"Feature","geometry":{"type":"Polygon","coordinates":[[[103.28,0.54],[103.19,0.7],[103.14,0.55],[103.28,0.54]]]},"properties":{"scalerank":0,"featurecla":"Land","min_zoom":3}},
{"type":"Feature","geometry":{"type":"Polygon","coordinates":[[[103.42,1.05],[103.38,1.13],[103.32,1.07],[103.42,1.05]]]},"properties":{"scalerank":0,"featurecla":"Land","min_zoom":3}},
{"type":"Feature","geometry":{"type":"Polygon","coordinates":[[[103.45,0.66],[103.5,0.72],[103.39,0.87],[103.34,0.78],[103.45,0.66]]]},"properties":{"scalerank":0,"featurecla":"Land","min_zoom":3}},
{"type":"Feature","geometry":{"type":"Polygon","coordinates":[[[103.83,0.8],[103.75,0.89],[103.74,0.83],[103.83,0.8]]]},"properties":{"scalerank":0,"featurecla":"Land","min_zoom":4}},
{"type":"Feature","geometry":{"type":"Polygon","coordinates":[[[104.02,1.18],[103.96,1.01],[104.07,0.99],[104.14,1.17],[104.02,1.18]]]},"properties":{"scalerank":0,"featurecla":"Land","min_zoom":3}},
{"type":"Feature","geometry":{"type":"Polygon","coordinates":[[[104.59,1.22],[104.36,1.18],[104.25,1.01],[104.44,1.05],[104.43,0.96],[104.58,0.83],[104.65,0.96],[104.59,1.22]]]},"properties":{"scalerank":0,"featurecla":"Land","min_zoom":2}},
{"type":"Feature","geometry":{"type":"Polygon","coordinates":[[[104.24,0.83],[104.12,0.94],[104.18,0.8],[104.24,0.83]]]},"properties":{"scalerank":0,"featurecla":"Land","min_zoom":3}},
{"type":"Feature","geometry":{"type":"Polygon","coordinates":[[[104.69,0.06],[104.54,0.22],[104.6,0.1],[104.69,0.06]]]},"properties":{"scalerank":0,"featurecla":"Land","min_zoom":3}},
{"type":"Feature","geometry":{"type":"Polygon","coordinates":[[[104.78,-0.18],[104.54,0.02],[104.45,-0.19],[104.7,-0.21],[104.91,-0.32],[105.01,-0.28],[104.84,-0.14],[104.78,-0.18]]]},"properties":{"scalerank":0,"featurecla":"Land","min_zoom":2}},
{"type":"Feature","geometry":{"type":"Polygon","coordinates":[[[104.47,-0.33],[104.26,-0.46],[104.36,-0.66],[104.49,-0.61],[104.59,-0.47],[104.47,-0.33]]]},"properties":{"scalerank":0,"featurecla":"Land","min_zoom":2}},
{"type":"Feature","geometry":{"type":"Polygon","coordinates":[[[103.74,-0.35],[103.55,-0.23],[103.46,-0.36],[103.74,-0.35]]]},"properties":{"scalerank":0,"featurecla":"Land","min_zoom":3}},
{"type":"Feature","geometry":{"type":"Polygon","coordinates":[[[108.21,-3],[108.29,-2.83],[108.07,-2.6],[107.84,-2.53],[107.67,-2.57],[107.6,-2.8],[107.61,-3.21],[107.82,-3.16],[107.86,-3.09],[107.98,-3.22],[108.17,-3.14],[108.21,-3]]]},"properties":{"scalerank":0,"featurecla":"Land","min_zoom":2}},
{"type":"Feature","geometry":{"type":"Polygon","coordinates":[[[107.47,-2.9],[107.5,-2.85],[107.42,-2.84],[107.47,-2.9]]]},"properties":{"scalerank":0,"featurecla":"Land","min_zoom":4}},
{"type":"Feature","geometry":{"type":"Polygon","coordinates":[[[106.89,-3.01],[106.91,-2.93],[106.74,-2.93],[106.89,-3.01]]]},"properties":{"scalerank":0,"featurecla":"Land","min_zoom":3}},
{"type":"Feature","geometry":{"type":"Polygon","coordinates":[[[105.25,-6.64],[105.26,-6.52],[105.12,-6.61],[105.25,-6.64]]]},"properties":{"scalerank":0,"featurecla":"Land","min_zoom":3}},
{"type":"Feature","geometry":{"type":"Polygon","coordinates":[[[97.48,1.47],[97.36,1.54],[97.24,1.42],[97.08,1.43],[97.3,1.19],[97.41,0.95],[97.6,0.83],[97.68,0.6],[97.88,0.63],[97.93,0.97],[97.7,1.18],[97.48,1.47]]]},"properties":{"scalerank":0,"featurecla":"Land","min_zoom":2}},
{"type":"Feature","geometry":{"type":"Polygon","coordinates":[[[102.37,-5.48],[102.37,-5.37],[102.11,-5.32],[102.29,-5.48],[102.37,-5.48]]]},"properties":{"scalerank":0,"featurecla":"Land","min_zoom":3}},
{"type":"Feature","geometry":{"type":"Polygon","coordinates":[[[100.43,-3.18],[100.45,-3],[100.25,-2.78],[100.2,-2.99],[100.47,-3.33],[100.43,-3.18]]]},"properties":{"scalerank":0,"featurecla":"Land","min_zoom":2}},
{"type":"Feature","geometry":{"type":"Polygon","coordinates":[[[100.2,-2.74],[100.01,-2.51],[99.97,-2.61],[100.01,-2.82],[100.2,-2.74]]]},"properties":{"scalerank":0,"featurecla":"Land","min_zoom":3}},
{"type":"Feature","geometry":{"type":"Polygon","coordinates":[[[99.84,-2.34],[99.69,-2.06],[99.57,-2.03],[99.54,-2.16],[99.61,-2.26],[99.84,-2.34]]]},"properties":{"scalerank":0,"featurecla":"Land","min_zoom":3}},
{"type":"Feature","geometry":{"type":"Polygon","coordinates":[[[99.16,-1.78],[99.27,-1.63],[99.13,-1.44],[99.07,-1.24],[98.87,-0.92],[98.68,-0.97],[98.6,-1.2],[98.87,-1.66],[99.16,-1.78]]]},"properties":{"scalerank":0,"featurecla":"Land","min_zoom":2}},
{"type":"Feature","geometry":{"type":"Polygon","coordinates":[[[98.46,-0.53],[98.54,-0.26],[98.42,-0.02],[98.32,0],[98.43,-0.23],[98.31,-0.53],[98.46,-0.53]]]},"properties":{"scalerank":0,"featurecla":"Land","min_zoom":2}},
{"type":"Feature","geometry":{"type":"Polygon","coordinates":[[[97.33,2.08],[97.29,2.2],[97.11,2.22],[97.33,2.08]]]},"properties":{"scalerank":0,"featurecla":"Land","min_zoom":3}},
{"type":"Feature","geometry":{"type":"Polygon","coordinates":[[[96.46,2.36],[96.42,2.52],[95.81,2.92],[95.72,2.83],[95.81,2.66],[96.02,2.6],[96.46,2.36]]]},"properties":{"scalerank":0,"featurecla":"Land","min_zoom":2}},
{"type":"Feature","geometry":{"type":"Polygon","coordinates":[[[95.36,5.81],[95.36,5.88],[95.22,5.89],[95.36,5.81]]]},"properties":{"scalerank":0,"featurecla":"Land","min_zoom":3}},
{"type":"Feature","geometry":{"type":"Polygon","coordinates":[[[111.39,2.42],[111.38,2.71],[111.3,2.74],[111.31,2.44],[111.39,2.42]]]},"properties":{"scalerank":0,"featurecla":"Land","min_zoom":3}},
{"type":"Feature","geometry":{"type":"Polygon","coordinates":[[[117.14,7.17],[117.24,7.18],[117.26,7.35],[117.06,7.26],[117.14,7.17]]]},"properties":{"scalerank":0,"featurecla":"Land","min_zoom":3}},
{"type":"Feature","geometry":{"type":"Polygon","coordinates":[[[32.01,46.2],[31.64,46.27],[31.7,46.21],[32.01,46.2]]]},"properties":{"scalerank":0,"featurecla":"Land","min_zoom":3}},
{"type":"Feature","geometry":{"type":"Polygon","coordinates":[[[22.92,58.83],[22.91,58.99],[22.59,59.08],[22.46,58.97],[22.06,58.94],[22.41,58.86],[22.54,58.69],[22.92,58.83]]]},"properties":{"scalerank":0,"featurecla":"Land","min_zoom":2}},
{"type":"Feature","geometry":{"type":"Polygon","coordinates":[[[23.34,58.55],[23.33,58.65],[23.06,58.61],[23.34,58.55]]]},"properties":{"scalerank":0,"featurecla":"Land","min_zoom":3}},
{"type":"Feature","geometry":{"type":"Polygon","coordinates":[[[35.82,65.18],[35.53,65.15],[35.78,64.98],[35.82,65.18]]]},"properties":{"scalerank":0,"featurecla":"Land","min_zoom":3}},
{"type":"Feature","geometry":{"type":"Polygon","coordinates":[[[42.71,66.7],[42.63,66.78],[42.48,66.74],[42.71,66.7]]]},"properties":{"scalerank":0,"featurecla":"Land","min_zoom":4}},
{"type":"Feature","geometry":{"type":"Polygon","coordinates":[[[26.88,78.65],[26.59,78.81],[26.46,78.72],[26.88,78.65]]]},"properties":{"scalerank":0,"featurecla":"Land","min_zoom":3}},
{"type":"Feature","geometry":{"type":"Polygon","coordinates":[[[29.05,78.91],[28.41,78.96],[27.89,78.85],[29.05,78.91]]]},"properties":{"scalerank":0,"featurecla":"Land","min_zoom":3}},
{"type":"Feature","geometry":{"type":"Polygon","coordinates":[[[50.05,80.07],[50.32,80.17],[49.56,80.16],[50.05,80.07]]]},"properties":{"scalerank":0,"featurecla":"Land","min_zoom":3}},
{"type":"Feature","geometry":{"type":"Polygon","coordinates":[[[51.41,79.94],[50.94,80.09],[50.09,79.98],[51.41,79.94]]]},"properties":{"scalerank":0,"featurecla":"Land","min_zoom":3}},
{"type":"Feature","geometry":{"type":"Polygon","coordinates":[[[32.53,80.12],[33.38,80.24],[31.48,80.11],[32.53,80.12]]]},"properties":{"scalerank":0,"featurecla":"Land","min_zoom":3}},
{"type":"Feature","geometry":{"type":"Polygon","coordinates":[[[57.81,81.55],[57.09,81.54],[55.72,81.19],[56.82,81.24],[57.45,81.14],[57.86,81.37],[58.56,81.42],[57.81,81.55]]]},"properties":{"scalerank":0,"featurecla":"Land","min_zoom":2}},
{"type":"Feature","geometry":{"type":"Polygon","coordinates":[[[54.72,81.12],[54.07,80.81],[55.12,80.75],[55.71,80.64],[56.81,80.66],[57.69,80.79],[56.17,81.03],[54.72,81.12]]]},"properties":{"scalerank":0,"featurecla":"Land","min_zoom":2}},
{"type":"Feature","geometry":{"type":"Polygon","coordinates":[[[50.75,81.05],[50.72,81.17],[50.37,81.12],[50.75,81.05]]]},"properties":{"scalerank":0,"featurecla":"Land","min_zoom":4}},
{"type":"Feature","geometry":{"type":"Polygon","coordinates":[[[58.62,81.04],[58.05,81.12],[57.21,81.02],[57.94,80.79],[58.86,80.78],[58.62,81.04]]]},"properties":{"scalerank":0,"featurecla":"Land","min_zoom":2}},
{"type":"Feature","geometry":{"type":"Polygon","coordinates":[[[63.65,81.61],[63.71,81.69],[62.11,81.68],[63.65,81.61]]]},"properties":{"scalerank":0,"featurecla":"Land","min_zoom":3}},
{"type":"Feature","geometry":{"type":"Polygon","coordinates":[[[58.3,81.72],[59.36,81.76],[59.26,81.85],[58.13,81.83],[58.3,81.72]]]},"properties":{"scalerank":0,"featurecla":"Land","min_zoom":3}},
{"type":"Feature","geometry":{"type":"Polygon","coordinates":[[[18.74,80.3],[18.29,80.36],[18.16,80.29],[18.74,80.3]]]},"properties":{"scalerank":0,"featurecla":"Land","min_zoom":4}},
{"type":"Feature","geometry":{"type":"Polygon","coordinates":[[[11.25,78.61],[10.96,78.85],[10.56,78.9],[11.12,78.46],[11.97,78.22],[11.83,78.44],[11.25,78.61]]]},"properties":{"scalerank":0,"featurecla":"Land","min_zoom":3}},
{"type":"Feature","geometry":{"type":"Polygon","coordinates":[[[19.22,74.39],[19.18,74.52],[18.8,74.49],[19.22,74.39]]]},"properties":{"scalerank":0,"featurecla":"Land","min_zoom":3}},
{"type":"Feature","geometry":{"type":"Polygon","coordinates":[[[53.14,71.24],[52.9,71.36],[52.51,71.39],[52.25,71.28],[52.74,71.18],[53.02,70.97],[53.14,71.24]]]},"properties":{"scalerank":0,"featurecla":"Land","min_zoom":2}},
{"type":"Feature","geometry":{"type":"Polygon","coordinates":[[[74.66,72.87],[74.74,73.03],[74.41,73.13],[74.1,73.02],[74.66,72.87]]]},"properties":{"scalerank":0,"featurecla":"Land","min_zoom":3}},
{"type":"Feature","geometry":{"type":"Polygon","coordinates":[[[75.5,73.46],[76.05,73.55],[75.57,73.54],[75.5,73.46]]]},"properties":{"scalerank":0,"featurecla":"Land","min_zoom":3}},
{"type":"Feature","geometry":{"type":"Polygon","coordinates":[[[76.76,73.45],[76.25,73.56],[76.23,73.48],[76.76,73.45]]]},"properties":{"scalerank":0,"featurecla":"Land","min_zoom":3}},
{"type":"Feature","geometry":{"type":"Polygon","coordinates":[[[77.63,72.29],[78.37,72.48],[77.58,72.63],[76.9,72.37],[76.91,72.3],[77.63,72.29]]]},"properties":{"scalerank":0,"featurecla":"Land","min_zoom":2}},
{"type":"Feature","geometry":{"type":"Polygon","coordinates":[[[79.5,72.72],[79.54,72.92],[79.16,73.09],[78.66,72.89],[78.88,72.75],[79.5,72.72]]]},"properties":{"scalerank":0,"featurecla":"Land","min_zoom":2}},
{"type":"Feature","geometry":{"type":"Polygon","coordinates":[[[82.71,74.09],[82.53,74.16],[82.33,74.13],[82.71,74.09]]]},"properties":{"scalerank":0,"featurecla":"Land","min_zoom":4}},
{"type":"Feature","geometry":{"type":"Polygon","coordinates":[[[83.55,74.07],[83.15,74.15],[82.82,74.09],[83.55,74.07]]]},"properties":{"scalerank":0,"featurecla":"Land","min_zoom":3}},
{"type":"Feature","geometry":{"type":"Polygon","coordinates":[[[84.76,74.46],[84.39,74.45],[84.71,74.4],[84.76,74.46]]]},"properties":{"scalerank":0,"featurecla":"Land","min_zoom":4}},
{"type":"Feature","geometry":{"type":"Polygon","coordinates":[[[86.65,74.98],[86.39,74.85],[86.93,74.83],[87.12,74.94],[86.65,74.98]]]},"properties":{"scalerank":0,"featurecla":"Land","min_zoom":3}},
{"type":"Feature","geometry":{"type":"Polygon","coordinates":[[[82.17,75.42],[81.91,75.5],[81.5,75.37],[81.98,75.25],[82.17,75.42]]]},"properties":{"scalerank":0,"featurecla":"Land","min_zoom":3}},
{"type":"Feature","geometry":{"type":"Polygon","coordinates":[[[96.53,76.28],[95.38,76.29],[95.31,76.21],[96.3,76.12],[96.53,76.28]]]},"properties":{"scalerank":0,"featurecla":"Land","min_zoom":3}},
{"type":"Feature","geometry":{"type":"Polygon","coordinates":[[[97.59,76.6],[97.38,76.71],[97.43,76.59],[97.59,76.6]]]},"properties":{"scalerank":0,"featurecla":"Land","min_zoom":4}},
{"type":"Feature","geometry":{"type":"Polygon","coordinates":[[[96.29,77.03],[96.53,77.21],[95.27,77.02],[96.29,77.03]]]},"properties":{"scalerank":0,"featurecla":"Land","min_zoom":3}},
{"type":"Feature","geometry":{"type":"Polygon","coordinates":[[[89.51,77.19],[89.62,77.31],[89.14,77.23],[89.51,77.19]]]},"properties":{"scalerank":0,"featurecla":"Land","min_zoom":3}},
{"type":"Feature","geometry":{"type":"Polygon","coordinates":[[[76.25,79.65],[76.65,79.49],[77.59,79.5],[76.25,79.65]]]},"properties":{"scalerank":0,"featurecla":"Land","min_zoom":3}},
{"type":"Feature","geometry":{"type":"Polygon","coordinates":[[[80.03,80.85],[80.43,80.93],[79.22,80.96],[79.1,80.81],[80.03,80.85]]]},"properties":{"scalerank":0,"featurecla":"Land","min_zoom":3}},
{"type":"Feature","geometry":{"type":"Polygon","coordinates":[[[91.57,81.14],[90.07,81.21],[89.98,81.11],[91.22,81.06],[91.57,81.14]]]},"properties":{"scalerank":0,"featurecla":"Land","min_zoom":3}},
{"type":"Feature","geometry":{"type":"Polygon","coordinates":[[[107.7,78.13],[107.51,78.19],[106.42,78.14],[107.48,78.06],[107.7,78.13]]]},"properties":{"scalerank":0,"featurecla":"Land","min_zoom":3}},
{"type":"Feature","geometry":{"type":"Polygon","coordinates":[[[106.27,78.21],[106.72,78.26],[106.46,78.34],[106.27,78.21]]]},"properties":{"scalerank":0,"featurecla":"Land","min_zoom":3}},
{"type":"Feature","geometry":{"type":"Polygon","coordinates":[[[107.41,77.24],[107.68,77.27],[107.37,77.35],[107.41,77.24]]]},"properties":{"scalerank":0,"featurecla":"Land","min_zoom":4}},
{"type":"Feature","geometry":{"type":"Polygon","coordinates":[[[112.48,76.62],[112.01,76.63],[112.53,76.45],[112.48,76.62]]]},"properties":{"scalerank":0,"featurecla":"Land","min_zoom":3}},
{"type":"Feature","geometry":{"type":"Polygon","coordinates":[[[120.26,73.09],[119.64,73.12],[119.79,73.05],[120.26,73.09]]]},"properties":{"scalerank":0,"featurecla":"Land","min_zoom":3}},
{"type":"Feature","geometry":{"type":"Polygon","coordinates":[[[124.54,73.85],[124.55,73.93],[124.34,73.93],[124.54,73.85]]]},"properties":{"scalerank":0,"featurecla":"Land","min_zoom":4}},
{"type":"Feature","geometry":{"type":"Polygon","coordinates":[[[135.95,75.41],[136.17,75.61],[135.7,75.85],[135.45,75.39],[135.95,75.41]]]},"properties":{"scalerank":0,"featurecla":"Land","min_zoom":3}},
{"type":"Feature","geometry":{"type":"Polygon","coordinates":[[[149.15,76.66],[149.41,76.78],[148.4,76.65],[149.15,76.66]]]},"properties":{"scalerank":0,"featurecla":"Land","min_zoom":3}},
{"type":"Feature","geometry":{"type":"Polygon","coordinates":[[[136.2,73.91],[136.26,73.98],[135.63,74.22],[135.4,74.2],[136.2,73.91]]]},"properties":{"scalerank":0,"featurecla":"Land","min_zoom":3}},
{"type":"Feature","geometry":{"type":"Polygon","coordinates":[[[137.96,71.51],[137.82,71.59],[137.08,71.5],[137.71,71.42],[137.96,71.51]]]},"properties":{"scalerank":0,"featurecla":"Land","min_zoom":3}},
{"type":"Feature","geometry":{"type":"Polygon","coordinates":[[[160.72,70.82],[160.45,70.93],[160.5,70.82],[160.72,70.82]]]},"properties":{"scalerank":0,"featurecla":"Land","min_zoom":4}},
{"type":"Feature","geometry":{"type":"Polygon","coordinates":[[[169.2,69.58],[169.37,69.88],[168.36,70.02],[167.79,69.84],[168.35,69.66],[169.2,69.58]]]},"properties":{"scalerank":0,"featurecla":"Land","min_zoom":2}},
{"type":"Feature","geometry":{"type":"Polygon","coordinates":[[[163.64,58.6],[164.28,58.84],[164.62,58.89],[164.57,59.22],[164.2,59.1],[163.76,59.02],[163.64,58.6]]]},"properties":{"scalerank":0,"featurecla":"Land","min_zoom":2}},
{"type":"Feature","geometry":{"type":"Polygon","coordinates":[[[168.04,54.56],[167.88,54.69],[167.49,54.79],[168.04,54.56]]]},"properties":{"scalerank":0,"featurecla":"Land","min_zoom":3}},
{"type":"Feature","geometry":{"type":"Polygon","coordinates":[[[166.65,54.84],[166.25,55.17],[166.28,55.31],[165.93,55.35],[165.75,55.29],[165.99,55.19],[166.32,54.86],[166.65,54.69],[166.65,54.84]]]},"properties":{"scalerank":0,"featurecla":"Land","min_zoom":2}},
{"type":"Feature","geometry":{"type":"Polygon","coordinates":[[[156.41,50.66],[156.49,50.84],[156.17,50.73],[156.41,50.66]]]},"properties":{"scalerank":0,"featurecla":"Land","min_zoom":3}},
{"type":"Feature","geometry":{"type":"Polygon","coordinates":[[[155.92,50.3],[156.04,50.45],[156.1,50.77],[155.88,50.68],[155.68,50.4],[155.22,50.3],[155.24,50.09],[155.4,50.04],[155.52,50.15],[155.79,50.2],[155.92,50.3]]]},"properties":{"scalerank":0,"featurecla":"Land","min_zoom":2}},
{"type":"Feature","geometry":{"type":"Polygon","coordinates":[[[154.08,48.79],[154.23,48.89],[154.13,48.9],[154.08,48.79]]]},"properties":{"scalerank":0,"featurecla":"Land","min_zoom":3}},
{"type":"Feature","geometry":{"type":"Polygon","coordinates":[[[155.64,50.82],[155.64,50.91],[155.47,50.91],[155.64,50.82]]]},"properties":{"scalerank":0,"featurecla":"Land","min_zoom":3}},
{"type":"Feature","geometry":{"type":"Polygon","coordinates":[[[153.1,47.76],[153.08,47.81],[152.98,47.73],[153.1,47.76]]]},"properties":{"scalerank":0,"featurecla":"Land","min_zoom":4}},
{"type":"Feature","geometry":{"type":"Polygon","coordinates":[[[152,46.9],[152.29,47.14],[152.17,47.11],[151.86,46.87],[152,46.9]]]},"properties":{"scalerank":0,"featurecla":"Land","min_zoom":3}},
{"type":"Feature","geometry":{"type":"Polygon","coordinates":[[[149.69,45.64],[150.2,45.93],[150.55,46.21],[150.35,46.21],[149.67,45.84],[149.45,45.59],[149.69,45.64]]]},"properties":{"scalerank":0,"featurecla":"Land","min_zoom":2}},
{"type":"Feature","geometry":{"type":"Polygon","coordinates":[[[148.6,45.32],[148.79,45.32],[148.81,45.51],[148.61,45.48],[148.32,45.28],[148.06,45.26],[147.96,45.38],[147.89,45.23],[147.25,44.86],[147.14,44.66],[146.97,44.57],[146.9,44.4],[147.21,44.55],[147.56,44.84],[147.66,44.98],[147.91,44.99],[148.26,45.22],[148.6,45.32]]]},"properties":{"scalerank":0,"featurecla":"Land","min_zoom":2}},
{"type":"Feature","geometry":{"type":"Polygon","coordinates":[[[150.59,59.02],[150.67,59.16],[150.47,59.05],[150.59,59.02]]]},"properties":{"scalerank":0,"featurecla":"Land","min_zoom":3}},
{"type":"Feature","geometry":{"type":"Polygon","coordinates":[[[137.94,55.09],[137.58,55.2],[137.23,54.79],[137.46,54.87],[137.66,54.65],[137.99,54.82],[138.21,55.03],[137.94,55.09]]]},"properties":{"scalerank":0,"featurecla":"Land","min_zoom":2}},
{"type":"Feature","geometry":{"type":"Polygon","coordinates":[[[137.18,55.1],[137,55.09],[136.71,54.96],[137.06,54.93],[137.18,55.1]]]},"properties":{"scalerank":0,"featurecla":"Land","min_zoom":3}},
{"type":"Feature","geometry":{"type":"Polygon","coordinates":[[[146.71,43.74],[146.82,43.86],[146.62,43.81],[146.71,43.74]]]},"properties":{"scalerank":0,"featurecla":"Land","min_zoom":3}},
{"type":"Feature","geometry":{"type":"Polygon","coordinates":[[[146.21,44.5],[146.11,44.5],[145.67,44],[145.46,43.87],[145.56,43.66],[145.59,43.85],[145.77,43.94],[146.11,44.25],[146.3,44.28],[146.57,44.44],[146.21,44.5]]]},"properties":{"scalerank":0,"featurecla":"Land","min_zoom":0}},
{"type":"Feature","geometry":{"type":"Polygon","coordinates":[[[124.29,24.52],[124.08,24.44],[124.23,24.36],[124.29,24.52]]]},"properties":{"scalerank":0,"featurecla":"Land","min_zoom":3}},
{"type":"Feature","geometry":{"type":"Polygon","coordinates":[[[123.89,24.28],[123.93,24.36],[123.77,24.41],[123.68,24.29],[123.89,24.28]]]},"properties":{"scalerank":0,"featurecla":"Land","min_zoom":3}},
{"type":"Feature","geometry":{"type":"Polygon","coordinates":[[[125.44,24.74],[125.28,24.87],[125.27,24.73],[125.44,24.74]]]},"properties":{"scalerank":0,"featurecla":"Land","min_zoom":3}},
{"type":"Feature","geometry":{"type":"Polygon","coordinates":[[[128.26,26.65],[128.33,26.81],[128.25,26.88],[128.05,26.64],[127.91,26.69],[127.93,26.56],[127.73,26.43],[127.65,26.09],[127.8,26.15],[127.79,26.26],[127.95,26.46],[128.26,26.65]]]},"properties":{"scalerank":0,"featurecla":"Land","min_zoom":2}},
{"type":"Feature","geometry":{"type":"Polygon","coordinates":[[[129,27.72],[128.95,27.91],[128.9,27.73],[129,27.72]]]},"properties":{"scalerank":0,"featurecla":"Land","min_zoom":3}},
{"type":"Feature","geometry":{"type":"Polygon","coordinates":[[[129.45,28.21],[129.69,28.52],[129.51,28.4],[129.32,28.36],[129.16,28.25],[129.37,28.13],[129.45,28.21]]]},"properties":{"scalerank":0,"featurecla":"Land","min_zoom":2}},
{"type":"Feature","geometry":{"type":"Polygon","coordinates":[[[129.32,28.1],[129.19,28.19],[129.23,28.1],[129.32,28.1]]]},"properties":{"scalerank":0,"featurecla":"Land","min_zoom":4}},
{"type":"Feature","geometry":{"type":"Polygon","coordinates":[[[130.62,30.26],[130.67,30.37],[130.5,30.47],[130.39,30.39],[130.45,30.26],[130.62,30.26]]]},"properties":{"scalerank":0,"featurecla":"Land","min_zoom":3}},
{"type":"Feature","geometry":{"type":"Polygon","coordinates":[[[130.96,30.4],[131.08,30.79],[130.95,30.67],[130.87,30.39],[130.96,30.4]]]},"properties":{"scalerank":0,"featurecla":"Land","min_zoom":3}},
{"type":"Feature","geometry":{"type":"Polygon","coordinates":[[[128.67,32.78],[128.66,32.63],[128.89,32.65],[128.84,32.76],[128.67,32.78]]]},"properties":{"scalerank":0,"featurecla":"Land","min_zoom":3}},
{"type":"Feature","geometry":{"type":"Polygon","coordinates":[[[130.08,32.23],[130.2,32.34],[130.17,32.54],[130.01,32.52],[130,32.19],[130.08,32.23]]]},"properties":{"scalerank":0,"featurecla":"Land","min_zoom":3}},
{"type":"Feature","geometry":{"type":"Polygon","coordinates":[[[130.38,32.42],[130.46,32.52],[130.24,32.46],[130.38,32.42]]]},"properties":{"scalerank":0,"featurecla":"Land","min_zoom":3}},
{"type":"Feature","geometry":{"type":"Polygon","coordinates":[[[133.37,36.2],[133.3,36.34],[133.24,36.18],[133.37,36.2]]]},"properties":{"scalerank":0,"featurecla":"Land","min_zoom":3}},
{"type":"Feature","geometry":{"type":"Polygon","coordinates":[[[138.34,37.82],[138.5,37.9],[138.58,38.07],[138.45,38.08],[138.5,38.32],[138.31,38.16],[138.25,37.99],[138.34,37.82]]]},"properties":{"scalerank":0,"featurecla":"Land","min_zoom":2}},
{"type":"Feature","geometry":{"type":"Polygon","coordinates":[[[139.48,42.08],[139.56,42.24],[139.43,42.2],[139.48,42.08]]]},"properties":{"scalerank":0,"featurecla":"Land","min_zoom":3}},
{"type":"Feature","geometry":{"type":"Polygon","coordinates":[[[141.07,45.33],[140.97,45.47],[141.03,45.27],[141.07,45.33]]]},"properties":{"scalerank":0,"featurecla":"Land","min_zoom":3}},
{"type":"Feature","geometry":{"type":"Polygon","coordinates":[[[141.3,45.12],[141.25,45.23],[141.15,45.15],[141.3,45.12]]]},"properties":{"scalerank":0,"featurecla":"Land","min_zoom":3}},
{"type":"Feature","geometry":{"type":"Polygon","coordinates":[[[139.84,33.06],[139.87,33.09],[139.78,33.13],[139.84,33.06]]]},"properties":{"scalerank":0,"featurecla":"Land","min_zoom":4}},
{"type":"Feature","geometry":{"type":"Polygon","coordinates":[[[139.46,34.73],[139.37,34.78],[139.37,34.72],[139.46,34.73]]]},"properties":{"scalerank":0,"featurecla":"Land","min_zoom":4}},
{"type":"Feature","geometry":{"type":"Polygon","coordinates":[[[134.93,34.29],[135,34.54],[134.83,34.47],[134.67,34.29],[134.82,34.2],[134.93,34.29]]]},"properties":{"scalerank":0,"featurecla":"Land","min_zoom":3}},
{"type":"Feature","geometry":{"type":"Polygon","coordinates":[[[129.08,32.84],[129.15,33],[129.11,33.13],[129,32.95],[129.08,32.84]]]},"properties":{"scalerank":0,"featurecla":"Land","min_zoom":3}},
{"type":"Feature","geometry":{"type":"Polygon","coordinates":[[[129.49,33.22],[129.46,33.33],[129.37,33.18],[129.49,33.22]]]},"properties":{"scalerank":0,"featurecla":"Land","min_zoom":3}},
{"type":"Feature","geometry":{"type":"Polygon","coordinates":[[[129.8,33.75],[129.72,33.86],[129.67,33.74],[129.8,33.75]]]},"properties":{"scalerank":0,"featurecla":"Land","min_zoom":3}},
{"type":"Feature","geometry":{"type":"Polygon","coordinates":[[[129.28,34.12],[129.34,34.28],[129.21,34.32],[129.19,34.15],[129.28,34.12]]]},"properties":{"scalerank":0,"featurecla":"Land","min_zoom":3}},
{"type":"Feature","geometry":{"type":"Polygon","coordinates":[[[129.39,34.35],[129.48,34.54],[129.45,34.69],[129.33,34.61],[129.27,34.37],[129.39,34.35]]]},"properties":{"scalerank":0,"featurecla":"Land","min_zoom":3}},
{"type":"Feature","geometry":{"type":"Polygon","coordinates":[[[132.58,34.12],[132.54,34.17],[132.46,34.09],[132.58,34.12]]]},"properties":{"scalerank":0,"featurecla":"Land","min_zoom":4}},
{"type":"Feature","geometry":{"type":"Polygon","coordinates":[[[132.27,33.95],[132.21,33.87],[132.44,33.91],[132.27,33.95]]]},"properties":{"scalerank":0,"featurecla":"Land","min_zoom":3}},
{"type":"Feature","geometry":{"type":"Polygon","coordinates":[[[118.41,24.52],[118.3,24.44],[118.43,24.41],[118.41,24.52]]]},"properties":{"scalerank":0,"featurecla":"Land","min_zoom":3}},
{"type":"Feature","geometry":{"type":"Polygon","coordinates":[[[118.18,24.5],[118.1,24.55],[118.09,24.45],[118.18,24.5]]]},"properties":{"scalerank":0,"featurecla":"Land","min_zoom":4}},
{"type":"Feature","geometry":{"type":"Polygon","coordinates":[[[128.74,34.8],[128.72,35.01],[128.49,34.87],[128.65,34.74],[128.74,34.8]]]},"properties":{"scalerank":0,"featurecla":"Land","min_zoom":3}},
{"type":"Feature","geometry":{"type":"Polygon","coordinates":[[[128.07,34.81],[127.92,34.92],[127.87,34.73],[128.05,34.71],[128.07,34.81]]]},"properties":{"scalerank":0,"featurecla":"Land","min_zoom":3}},
{"type":"Feature","geometry":{"type":"Polygon","coordinates":[[[127.8,34.62],[127.79,34.68],[127.74,34.63],[127.8,34.62]]]},"properties":{"scalerank":0,"featurecla":"Land","min_zoom":4}},
{"type":"Feature","geometry":{"type":"Polygon","coordinates":[[[126.33,33.22],[126.58,33.24],[126.87,33.34],[126.9,33.52],[126.7,33.55],[126.34,33.46],[126.17,33.31],[126.33,33.22]]]},"properties":{"scalerank":0,"featurecla":"Land","min_zoom":2}},
{"type":"Feature","geometry":{"type":"Polygon","coordinates":[[[126.23,34.37],[126.38,34.5],[126.25,34.56],[126.12,34.44],[126.23,34.37]]]},"properties":{"scalerank":0,"featurecla":"Land","min_zoom":3}},
{"type":"Feature","geometry":{"type":"Polygon","coordinates":[[[126.52,37.74],[126.41,37.82],[126.42,37.62],[126.52,37.74]]]},"properties":{"scalerank":0,"featurecla":"Land","min_zoom":3}},
{"type":"Feature","geometry":{"type":"Polygon","coordinates":[[[121.86,31.49],[121.58,31.64],[121.46,31.76],[121.21,31.81],[121.34,31.64],[121.78,31.46],[121.86,31.49]]]},"properties":{"scalerank":0,"featurecla":"Land","min_zoom":2}},
{"type":"Feature","geometry":{"type":"Polygon","coordinates":[[[122.3,29.96],[122.28,30.07],[121.97,30.14],[122.02,30.01],[122.3,29.96]]]},"properties":{"scalerank":0,"featurecla":"Land","min_zoom":3}},
{"type":"Feature","geometry":{"type":"Polygon","coordinates":[[[122.17,29.68],[122.12,29.78],[122.08,29.73],[122.17,29.68]]]},"properties":{"scalerank":0,"featurecla":"Land","min_zoom":4}},
{"type":"Feature","geometry":{"type":"Polygon","coordinates":[[[122.4,29.89],[122.33,29.93],[122.37,29.85],[122.4,29.89]]]},"properties":{"scalerank":0,"featurecla":"Land","min_zoom":4}},
{"type":"Feature","geometry":{"type":"Polygon","coordinates":[[[119.82,25.46],[119.83,25.61],[119.7,25.59],[119.7,25.43],[119.82,25.46]]]},"properties":{"scalerank":0,"featurecla":"Land","min_zoom":3}},
{"type":"Feature","geometry":{"type":"Polygon","coordinates":[[[110.39,21.09],[110.28,21],[110.5,20.97],[110.52,21.08],[110.39,21.09]]]},"properties":{"scalerank":0,"featurecla":"Land","min_zoom":3}},
{"type":"Feature","geometry":{"type":"Polygon","coordinates":[[[107.6,21.22],[107.48,21.27],[107.4,21.09],[107.6,21.22]]]},"properties":{"scalerank":0,"featurecla":"Land","min_zoom":3}},
{"type":"Feature","geometry":{"type":"Polygon","coordinates":[[[107.52,20.93],[107.55,21.03],[107.4,20.9],[107.52,20.93]]]},"properties":{"scalerank":0,"featurecla":"Land","min_zoom":4}},
{"type":"Feature","geometry":{"type":"Polygon","coordinates":[[[107.03,20.75],[107.04,20.84],[106.91,20.82],[107.03,20.75]]]},"properties":{"scalerank":0,"featurecla":"Land","min_zoom":3}},
{"type":"Feature","geometry":{"type":"Polygon","coordinates":[[[106.87,20.82],[106.8,20.93],[106.77,20.86],[106.87,20.82]]]},"properties":{"scalerank":0,"featurecla":"Land","min_zoom":4}},
{"type":"Feature","geometry":{"type":"Polygon","coordinates":[[[106.62,8.68],[106.66,8.77],[106.57,8.7],[106.62,8.68]]]},"properties":{"scalerank":0,"featurecla":"Land","min_zoom":4}},
{"type":"Feature","geometry":{"type":"Polygon","coordinates":[[[104.06,10.39],[103.85,10.37],[103.95,10.24],[104.02,10.03],[104.06,10.39]]]},"properties":{"scalerank":0,"featurecla":"Land","min_zoom":3}},
{"type":"Feature","geometry":{"type":"Polygon","coordinates":[[[103.05,11.29],[103.04,11.39],[102.99,11.29],[103.05,11.29]]]},"properties":{"scalerank":0,"featurecla":"Land","min_zoom":4}},
{"type":"Feature","geometry":{"type":"Polygon","coordinates":[[[102.61,11.68],[102.53,11.61],[102.59,11.57],[102.61,11.68]]]},"properties":{"scalerank":0,"featurecla":"Land","min_zoom":4}},
{"type":"Feature","geometry":{"type":"Polygon","coordinates":[[[102.43,11.99],[102.32,12.14],[102.3,11.98],[102.43,11.99]]]},"properties":{"scalerank":0,"featurecla":"Land","min_zoom":3}},
{"type":"Feature","geometry":{"type":"Polygon","coordinates":[[[103.97,1.33],[103.82,1.45],[103.65,1.33],[103.82,1.27],[103.97,1.33]]]},"properties":{"scalerank":0,"featurecla":"Land","min_zoom":2}},
{"type":"Feature","geometry":{"type":"Polygon","coordinates":[[[104.22,2.73],[104.18,2.87],[104.13,2.77],[104.22,2.73]]]},"properties":{"scalerank":0,"featurecla":"Land","min_zoom":3}},
{"type":"Feature","geometry":{"type":"Polygon","coordinates":[[[100.29,5.29],[100.34,5.41],[100.2,5.45],[100.19,5.28],[100.29,5.29]]]},"properties":{"scalerank":0,"featurecla":"Land","min_zoom":3}},
{"type":"Feature","geometry":{"type":"Polygon","coordinates":[[[99.85,6.47],[99.65,6.42],[99.74,6.26],[99.92,6.36],[99.85,6.47]]]},"properties":{"scalerank":0,"featurecla":"Land","min_zoom":3}},
{"type":"Feature","geometry":{"type":"Polygon","coordinates":[[[99.66,6.52],[99.65,6.71],[99.61,6.6],[99.66,6.52]]]},"properties":{"scalerank":0,"featurecla":"Land","min_zoom":3}},
{"type":"Feature","geometry":{"type":"Polygon","coordinates":[[[100.07,9.7],[100.04,9.79],[100,9.75],[100.07,9.7]]]},"properties":{"scalerank":0,"featurecla":"Land","min_zoom":4}},
{"type":"Feature","geometry":{"type":"Polygon","coordinates":[[[100.07,9.59],[99.95,9.58],[99.96,9.42],[100.07,9.59]]]},"properties":{"scalerank":0,"featurecla":"Land","min_zoom":3}},
{"type":"Feature","geometry":{"type":"Polygon","coordinates":[[[98.59,7.93],[98.6,8.06],[98.53,8.11],[98.59,7.93]]]},"properties":{"scalerank":0,"featurecla":"Land","min_zoom":4}},
{"type":"Feature","geometry":{"type":"Polygon","coordinates":[[[98.41,7.9],[98.43,8.09],[98.3,8.14],[98.26,7.93],[98.3,7.78],[98.41,7.9]]]},"properties":{"scalerank":0,"featurecla":"Land","min_zoom":3}},
{"type":"Feature","geometry":{"type":"Polygon","coordinates":[[[98.31,9.05],[98.3,9.14],[98.25,9.04],[98.31,9.05]]]},"properties":{"scalerank":0,"featurecla":"Land","min_zoom":4}},
{"type":"Feature","geometry":{"type":"Polygon","coordinates":[[[93.89,6.83],[93.93,6.97],[93.86,7.21],[93.68,7.18],[93.71,7],[93.83,6.75],[93.89,6.83]]]},"properties":{"scalerank":0,"featurecla":"Land","min_zoom":2}},
{"type":"Feature","geometry":{"type":"Polygon","coordinates":[[[93.73,7.36],[93.6,7.32],[93.64,7.26],[93.73,7.36]]]},"properties":{"scalerank":0,"featurecla":"Land","min_zoom":3}},
{"type":"Feature","geometry":{"type":"Polygon","coordinates":[[[93.14,8.25],[93.1,8.35],[93.06,8.27],[93.14,8.25]]]},"properties":{"scalerank":0,"featurecla":"Land","min_zoom":4}},
{"type":"Feature","geometry":{"type":"Polygon","coordinates":[[[93.44,7.88],[93.38,8.02],[93.31,7.96],[93.44,7.88]]]},"properties":{"scalerank":0,"featurecla":"Land","min_zoom":3}},
{"type":"Feature","geometry":{"type":"Polygon","coordinates":[[[93.54,8.06],[93.49,8.22],[93.48,8.02],[93.54,8.06]]]},"properties":{"scalerank":0,"featurecla":"Land","min_zoom":3}},
{"type":"Feature","geometry":{"type":"Polygon","coordinates":[[[92.79,9.14],[92.79,9.24],[92.71,9.2],[92.79,9.14]]]},"properties":{"scalerank":0,"featurecla":"Land","min_zoom":4}},
{"type":"Feature","geometry":{"type":"Polygon","coordinates":[[[92.5,10.55],[92.57,10.7],[92.51,10.9],[92.35,10.75],[92.37,10.55],[92.5,10.55]]]},"properties":{"scalerank":0,"featurecla":"Land","min_zoom":2}},
{"type":"Feature","geometry":{"type":"Polygon","coordinates":[[[92.69,11.38],[92.64,11.51],[92.6,11.39],[92.69,11.38]]]},"properties":{"scalerank":0,"featurecla":"Land","min_zoom":4}},
{"type":"Feature","geometry":{"type":"Polygon","coordinates":[[[93.02,12.04],[92.96,12],[93.06,11.9],[93.02,12.04]]]},"properties":{"scalerank":0,"featurecla":"Land","min_zoom":4}},
{"type":"Feature","geometry":{"type":"Polygon","coordinates":[[[92.72,12.86],[92.68,12.94],[92.69,12.8],[92.72,12.86]]]},"properties":{"scalerank":0,"featurecla":"Land","min_zoom":4}},
{"type":"Feature","geometry":{"type":"Polygon","coordinates":[[[92.72,11.54],[92.8,11.92],[92.75,11.99],[92.88,12.23],[92.86,12.44],[92.99,12.54],[92.97,12.85],[92.89,12.94],[93.07,13.25],[93.06,13.55],[92.92,13.49],[92.86,13.36],[92.81,12.88],[92.74,12.78],[92.72,12.36],[92.79,12.23],[92.69,12.21],[92.53,11.87],[92.67,11.54],[92.72,11.54]]]},"properties":{"scalerank":0,"featurecla":"Land","min_zoom":2}},
{"type":"Feature","geometry":{"type":"Polygon","coordinates":[[[98.54,10.96],[98.53,11.09],[98.48,10.98],[98.54,10.96]]]},"properties":{"scalerank":0,"featurecla":"Land","min_zoom":4}},
{"type":"Feature","geometry":{"type":"Polygon","coordinates":[[[98.21,10.95],[98.16,10.9],[98.29,10.78],[98.21,10.95]]]},"properties":{"scalerank":0,"featurecla":"Land","min_zoom":3}},
{"type":"Feature","geometry":{"type":"Polygon","coordinates":[[[98.18,9.93],[98.28,10.01],[98.22,10.05],[98.18,9.93]]]},"properties":{"scalerank":0,"featurecla":"Land","min_zoom":3}},
{"type":"Feature","geometry":{"type":"Polygon","coordinates":[[[98.22,11.48],[98.31,11.72],[98.2,11.57],[98.22,11.48]]]},"properties":{"scalerank":0,"featurecla":"Land","min_zoom":3}},
{"type":"Feature","geometry":{"type":"Polygon","coordinates":[[[98.52,11.91],[98.61,11.96],[98.45,12.06],[98.52,11.91]]]},"properties":{"scalerank":0,"featurecla":"Land","min_zoom":3}},
{"type":"Feature","geometry":{"type":"Polygon","coordinates":[[[98.08,11.69],[98.01,11.86],[98.02,11.7],[98.08,11.69]]]},"properties":{"scalerank":0,"featurecla":"Land","min_zoom":4}},
{"type":"Feature","geometry":{"type":"Polygon","coordinates":[[[98.55,11.74],[98.38,11.79],[98.43,11.57],[98.53,11.54],[98.55,11.74]]]},"properties":{"scalerank":0,"featurecla":"Land","min_zoom":3}},
{"type":"Feature","geometry":{"type":"Polygon","coordinates":[[[98.14,12.15],[98.12,12.28],[98.04,12.23],[98.14,12.15]]]},"properties":{"scalerank":0,"featurecla":"Land","min_zoom":3}},
{"type":"Feature","geometry":{"type":"Polygon","coordinates":[[[98.07,12.39],[97.94,12.35],[98,12.28],[98.07,12.39]]]},"properties":{"scalerank":0,"featurecla":"Land","min_zoom":3}},
{"type":"Feature","geometry":{"type":"Polygon","coordinates":[[[98.41,12.6],[98.31,12.68],[98.31,12.34],[98.46,12.47],[98.41,12.6]]]},"properties":{"scalerank":0,"featurecla":"Land","min_zoom":3}},
{"type":"Feature","geometry":{"type":"Polygon","coordinates":[[[98.32,13.1],[98.25,13.19],[98.31,12.93],[98.32,13.1]]]},"properties":{"scalerank":0,"featurecla":"Land","min_zoom":3}},
{"type":"Feature","geometry":{"type":"Polygon","coordinates":[[[97.58,16.25],[97.6,16.43],[97.47,16.46],[97.48,16.31],[97.58,16.25]]]},"properties":{"scalerank":0,"featurecla":"Land","min_zoom":3}},
{"type":"Feature","geometry":{"type":"Polygon","coordinates":[[[99.08,7.59],[99.04,7.55],[99.1,7.47],[99.08,7.59]]]},"properties":{"scalerank":0,"featurecla":"Land","min_zoom":4}},
{"type":"Feature","geometry":{"type":"Polygon","coordinates":[[[94.8,15.82],[94.83,15.93],[94.73,15.82],[94.8,15.82]]]},"properties":{"scalerank":0,"featurecla":"Land","min_zoom":4}},
{"type":"Feature","geometry":{"type":"Polygon","coordinates":[[[94.48,15.95],[94.57,16.02],[94.6,16.21],[94.39,15.99],[94.48,15.95]]]},"properties":{"scalerank":0,"featurecla":"Land","min_zoom":3}},
{"type":"Feature","geometry":{"type":"Polygon","coordinates":[[[93.69,18.68],[93.74,18.87],[93.49,18.87],[93.69,18.68]]]},"properties":{"scalerank":0,"featurecla":"Land","min_zoom":3}},
{"type":"Feature","geometry":{"type":"Polygon","coordinates":[[[93.49,19.89],[93.41,19.95],[93.51,19.75],[93.49,19.89]]]},"properties":{"scalerank":0,"featurecla":"Land","min_zoom":3}},
{"type":"Feature","geometry":{"type":"Polygon","coordinates":[[[93.01,19.92],[92.91,20.09],[92.91,20],[93.01,19.92]]]},"properties":{"scalerank":0,"featurecla":"Land","min_zoom":3}},
{"type":"Feature","geometry":{"type":"Polygon","coordinates":[[[93.71,19.56],[93.64,19.5],[93.76,19.33],[93.9,19.33],[93.95,19.43],[93.71,19.56]]]},"properties":{"scalerank":0,"featurecla":"Land","min_zoom":3}},
{"type":"Feature","geometry":{"type":"Polygon","coordinates":[[[91.87,21.83],[91.85,21.93],[91.82,21.81],[91.87,21.83]]]},"properties":{"scalerank":0,"featurecla":"Land","min_zoom":4}},
{"type":"Feature","geometry":{"type":"Polygon","coordinates":[[[91.95,21.51],[91.93,21.72],[91.86,21.71],[91.95,21.51]]]},"properties":{"scalerank":0,"featurecla":"Land","min_zoom":3}},
{"type":"Feature","geometry":{"type":"Polygon","coordinates":[[[91.15,22.18],[91.18,22.28],[91.08,22.52],[91.04,22.11],[91.15,22.18]]]},"properties":{"scalerank":0,"featurecla":"Land","min_zoom":3}},
{"type":"Feature","geometry":{"type":"Polygon","coordinates":[[[91.56,22.38],[91.48,22.58],[91.41,22.48],[91.56,22.38]]]},"properties":{"scalerank":0,"featurecla":"Land","min_zoom":3}},
{"type":"Feature","geometry":{"type":"Polygon","coordinates":[[[90.64,22.96],[90.58,23.04],[90.56,22.98],[90.64,22.96]]]},"properties":{"scalerank":0,"featurecla":"Land","min_zoom":4}},
{"type":"Feature","geometry":{"type":"Polygon","coordinates":[[[90.78,22.09],[90.83,22.16],[90.87,22.48],[90.67,22.81],[90.5,22.84],[90.65,22.54],[90.68,22.33],[90.52,22.07],[90.78,22.09]]]},"properties":{"scalerank":0,"featurecla":"Land","min_zoom":0}},
{"type":"Feature","geometry":{"type":"Polygon","coordinates":[[[79.97,9.63],[79.89,9.74],[79.91,9.62],[79.97,9.63]]]},"properties":{"scalerank":0,"featurecla":"Land","min_zoom":4}},
{"type":"Feature","geometry":{"type":"Polygon","coordinates":[[[79.87,9.05],[79.75,9.1],[79.9,8.98],[79.87,9.05]]]},"properties":{"scalerank":0,"featurecla":"Land","min_zoom":4}},
{"type":"Feature","geometry":{"type":"Polygon","coordinates":[[[-8.95,70.84],[-8,71.04],[-8,71.18],[-8.34,71.14],[-8.96,70.92],[-8.95,70.84]]]},"properties":{"scalerank":0,"featurecla":"Land","min_zoom":3}},
{"type":"Feature","geometry":{"type":"Polygon","coordinates":[[[-155.58,19.01],[-155.54,19.11],[-155.31,19.26],[-155.05,19.32],[-154.8,19.52],[-155.07,19.75],[-155.2,19.99],[-155.83,20.28],[-155.89,20.17],[-155.82,20.01],[-156.05,19.75],[-155.89,19.38],[-155.88,19.07],[-155.68,18.97],[-155.58,19.01]]]},"properties":{"scalerank":0,"featurecla":"Land","min_zoom":0.5}},
{"type":"Feature","geometry":{"type":"Polygon","coordinates":[[[-157.21,21.22],[-157.29,21.11],[-156.86,21.06],[-156.71,21.16],[-157.21,21.22]]]},"properties":{"scalerank":0,"featurecla":"Land","min_zoom":1.5}},
{"type":"Feature","geometry":{"type":"Polygon","coordinates":[[[-156.49,20.93],[-156.66,21.02],[-156.69,20.9],[-156.48,20.8],[-156.44,20.62],[-156.11,20.64],[-155.99,20.76],[-156.28,20.95],[-156.49,20.93]]]},"properties":{"scalerank":0,"featurecla":"Land","min_zoom":1.5}},
{"type":"Feature","geometry":{"type":"Polygon","coordinates":[[[-160.18,21.84],[-160.08,21.91],[-160.1,22.02],[-160.18,21.84]]]},"properties":{"scalerank":0,"featurecla":"Land","min_zoom":3}},
{"type":"Feature","geometry":{"type":"Polygon","coordinates":[[[-157.8,21.46],[-157.96,21.7],[-158.27,21.59],[-158.11,21.32],[-157.9,21.34],[-157.8,21.27],[-157.64,21.31],[-157.8,21.46]]]},"properties":{"scalerank":0,"featurecla":"Land","min_zoom":1}},
{"type":"Feature","geometry":{"type":"Polygon","coordinates":[[[-159.37,21.93],[-159.3,22.11],[-159.35,22.22],[-159.58,22.22],[-159.79,22.04],[-159.61,21.91],[-159.37,21.93]]]},"properties":{"scalerank":0,"featurecla":"Land","min_zoom":1.5}},
{"type":"Feature","geometry":{"type":"Polygon","coordinates":[[[-156.85,20.77],[-156.94,20.93],[-157.05,20.91],[-156.97,20.76],[-156.85,20.77]]]},"properties":{"scalerank":0,"featurecla":"Land","min_zoom":3}},
{"type":"Feature","geometry":{"type":"Polygon","coordinates":[[[179.45,51.37],[178.91,51.62],[178.69,51.66],[179.28,51.37],[179.45,51.37]]]},"properties":{"scalerank":0,"featurecla":"Land","min_zoom":3}},
{"type":"Feature","geometry":{"type":"Polygon","coordinates":[[[179.73,51.91],[179.63,52.03],[179.55,51.89],[179.73,51.91]]]},"properties":{"scalerank":0,"featurecla":"Land","min_zoom":3}},
{"type":"Feature","geometry":{"type":"Polygon","coordinates":[[[177.42,51.88],[177.59,51.95],[177.67,52.1],[177.25,51.9],[177.42,51.88]]]},"properties":{"scalerank":0,"featurecla":"Land","min_zoom":3}},
{"type":"Feature","geometry":{"type":"Polygon","coordinates":[[[173.72,52.36],[173.78,52.5],[173.4,52.4],[173.72,52.36]]]},"properties":{"scalerank":0,"featurecla":"Land","min_zoom":3}},
{"type":"Feature","geometry":{"type":"Polygon","coordinates":[[[172.81,53.01],[172.49,52.94],[172.94,52.75],[173.44,52.85],[173.1,53],[172.81,53.01]]]},"properties":{"scalerank":0,"featurecla":"Land","min_zoom":2}},
{"type":"Feature","geometry":{"type":"Polygon","coordinates":[[[-172.74,60.46],[-172.92,60.61],[-173.07,60.49],[-172.64,60.33],[-172.23,60.3],[-172.39,60.4],[-172.74,60.46]]]},"properties":{"scalerank":0,"featurecla":"Land","min_zoom":3}},
{"type":"Feature","geometry":{"type":"Polygon","coordinates":[[[-170.16,57.18],[-170.12,57.24],[-170.39,57.2],[-170.16,57.18]]]},"properties":{"scalerank":0,"featurecla":"Land","min_zoom":3}},
{"type":"Feature","geometry":{"type":"Polygon","coordinates":[[[-160.33,55.34],[-160.49,55.35],[-160.34,55.26],[-160.33,55.34]]]},"properties":{"scalerank":0,"featurecla":"Land","min_zoom":4}},
{"type":"Feature","geometry":{"type":"Polygon","coordinates":[[[-160.68,55.31],[-160.85,55.31],[-160.8,55.15],[-160.49,55.18],[-160.68,55.31]]]},"properties":{"scalerank":0,"featurecla":"Land","min_zoom":3}},
{"type":"Feature","geometry":{"type":"Polygon","coordinates":[[[-162.3,54.85],[-162.26,54.98],[-162.43,54.93],[-162.3,54.85]]]},"properties":{"scalerank":0,"featurecla":"Land","min_zoom":3}},
{"type":"Feature","geometry":{"type":"Polygon","coordinates":[[[-162.55,54.4],[-162.82,54.49],[-162.64,54.38],[-162.55,54.4]]]},"properties":{"scalerank":0,"featurecla":"Land","min_zoom":3}},
{"type":"Feature","geometry":{"type":"Polygon","coordinates":[[[-159.36,54.97],[-159.46,55.06],[-159.42,54.98],[-159.36,54.97]]]},"properties":{"scalerank":0,"featurecla":"Land","min_zoom":4}},
{"type":"Feature","geometry":{"type":"Polygon","coordinates":[[[-159.87,55.13],[-159.92,55.27],[-160.17,55.12],[-160.23,54.92],[-159.87,55.13]]]},"properties":{"scalerank":0,"featurecla":"Land","min_zoom":3}},
{"type":"Feature","geometry":{"type":"Polygon","coordinates":[[[-159.52,55.15],[-159.55,55.23],[-159.64,55.12],[-159.52,55.15]]]},"properties":{"scalerank":0,"featurecla":"Land","min_zoom":4}},
{"type":"Feature","geometry":{"type":"Polygon","coordinates":[[[-169.69,52.85],[-169.98,52.85],[-169.72,52.79],[-169.69,52.85]]]},"properties":{"scalerank":0,"featurecla":"Land","min_zoom":3}},
{"type":"Feature","geometry":{"type":"Polygon","coordinates":[[[-170.73,52.58],[-170.58,52.67],[-170.68,52.7],[-170.73,52.58]]]},"properties":{"scalerank":0,"featurecla":"Land","min_zoom":3}},
{"type":"Feature","geometry":{"type":"Polygon","coordinates":[[[-165.84,54.07],[-165.89,54.21],[-166.09,54.17],[-166.04,54.05],[-165.84,54.07]]]},"properties":{"scalerank":0,"featurecla":"Land","min_zoom":3}},
{"type":"Feature","geometry":{"type":"Polygon","coordinates":[[[-165.56,54.14],[-165.41,54.2],[-165.65,54.25],[-165.56,54.14]]]},"properties":{"scalerank":0,"featurecla":"Land","min_zoom":3}},
{"type":"Feature","geometry":{"type":"Polygon","coordinates":[[[-167.96,53.35],[-167.8,53.48],[-167.99,53.56],[-168.36,53.46],[-168.44,53.26],[-168.64,53.26],[-168.8,53.04],[-169.07,52.83],[-168.51,53.04],[-168.27,53.24],[-167.96,53.35]]]},"properties":{"scalerank":0,"featurecla":"Land","min_zoom":2}},
{"type":"Feature","geometry":{"type":"Polygon","coordinates":[[[-166.62,53.9],[-166.63,54],[-166.98,53.96],[-167.12,53.87],[-167.02,53.7],[-167.14,53.53],[-167.81,53.32],[-167.52,53.28],[-167.15,53.41],[-166.77,53.48],[-166.31,53.7],[-166.55,53.7],[-166.23,53.93],[-166.37,54],[-166.62,53.9]]]},"properties":{"scalerank":0,"featurecla":"Land","min_zoom":2}},
{"type":"Feature","geometry":{"type":"Polygon","coordinates":[[[-166.21,53.72],[-166.11,53.84],[-166.25,53.77],[-166.21,53.72]]]},"properties":{"scalerank":0,"featurecla":"Land","min_zoom":4}},
{"type":"Feature","geometry":{"type":"Polygon","coordinates":[[[-172.46,52.27],[-172.47,52.39],[-172.62,52.27],[-172.46,52.27]]]},"properties":{"scalerank":0,"featurecla":"Land","min_zoom":3}},
{"type":"Feature","geometry":{"type":"Polygon","coordinates":[[[-173.55,52.14],[-173.99,52.1],[-173.46,52.04],[-173.02,52.08],[-173.55,52.14]]]},"properties":{"scalerank":0,"featurecla":"Land","min_zoom":3}},
{"type":"Feature","geometry":{"type":"Polygon","coordinates":[[[-174.68,52.04],[-174.12,52.14],[-174.02,52.33],[-174.17,52.42],[-174.44,52.32],[-174.31,52.22],[-175.3,52.02],[-174.68,52.04]]]},"properties":{"scalerank":0,"featurecla":"Land","min_zoom":2}},
{"type":"Feature","geometry":{"type":"Polygon","coordinates":[[[-176.01,51.81],[-176.19,51.89],[-176.2,51.83],[-176.01,51.81]]]},"properties":{"scalerank":0,"featurecla":"Land","min_zoom":4}},
{"type":"Feature","geometry":{"type":"Polygon","coordinates":[[[-176.29,51.79],[-176.38,51.86],[-176.4,51.76],[-176.29,51.79]]]},"properties":{"scalerank":0,"featurecla":"Land","min_zoom":4}},
{"type":"Feature","geometry":{"type":"Polygon","coordinates":[[[-176.59,51.87],[-176.7,51.99],[-176.96,51.6],[-176.44,51.75],[-176.59,51.87]]]},"properties":{"scalerank":0,"featurecla":"Land","min_zoom":2}},
{"type":"Feature","geometry":{"type":"Polygon","coordinates":[[[-176.02,52],[-176.16,52.1],[-176.14,52],[-176.02,52]]]},"properties":{"scalerank":0,"featurecla":"Land","min_zoom":3}},
{"type":"Feature","geometry":{"type":"Polygon","coordinates":[[[-177.15,51.72],[-177.06,51.9],[-177.65,51.68],[-177.15,51.72]]]},"properties":{"scalerank":0,"featurecla":"Land","min_zoom":3}},
{"type":"Feature","geometry":{"type":"Polygon","coordinates":[[[-177.88,51.65],[-177.77,51.78],[-177.95,51.92],[-178.19,51.88],[-177.88,51.65]]]},"properties":{"scalerank":0,"featurecla":"Land","min_zoom":3}},
{"type":"Feature","geometry":{"type":"Polygon","coordinates":[[[73.71,-53.14],[73.84,-53.11],[73.25,-52.98],[73.47,-53.18],[73.71,-53.14]]]},"properties":{"scalerank":0,"featurecla":"Land","min_zoom":3}},
{"type":"Feature","geometry":{"type":"Polygon","coordinates":[[[69.28,-49.06],[69.37,-48.89],[69.17,-48.88],[69.28,-49.06]]]},"properties":{"scalerank":0,"featurecla":"Land","min_zoom":3}},
{"type":"Feature","geometry":{"type":"Polygon","coordinates":[[[51.83,-46.44],[51.74,-46.33],[51.7,-46.43],[51.83,-46.44]]]},"properties":{"scalerank":0,"featurecla":"Land","min_zoom":3}},
{"type":"Feature","geometry":{"type":"Polygon","coordinates":[[[37.86,-46.94],[37.68,-46.82],[37.61,-46.95],[37.86,-46.94]]]},"properties":{"scalerank":0,"featurecla":"Land","min_zoom":3}},
{"type":"Feature","geometry":{"type":"Polygon","coordinates":[[[27.84,35.93],[28.09,36.07],[28.23,36.43],[27.91,36.35],[27.72,36.17],[27.72,35.96],[27.84,35.93]]]},"properties":{"scalerank":0,"featurecla":"Land","min_zoom":2}},
{"type":"Feature","geometry":{"type":"Polygon","coordinates":[[[27.18,35.47],[27.22,35.82],[27.07,35.6],[27.18,35.47]]]},"properties":{"scalerank":0,"featurecla":"Land","min_zoom":3}},
{"type":"Feature","geometry":{"type":"Polygon","coordinates":[[[27.86,36.55],[27.86,36.64],[27.79,36.61],[27.86,36.55]]]},"properties":{"scalerank":0,"featurecla":"Land","min_zoom":4}},
{"type":"Feature","geometry":{"type":"Polygon","coordinates":[[[27.02,36.96],[26.89,37.09],[26.92,36.95],[27.02,36.96]]]},"properties":{"scalerank":0,"featurecla":"Land","min_zoom":4}},
{"type":"Feature","geometry":{"type":"Polygon","coordinates":[[[26.95,36.73],[27.35,36.87],[27.06,36.84],[26.95,36.73]]]},"properties":{"scalerank":0,"featurecla":"Land","min_zoom":3}},
{"type":"Feature","geometry":{"type":"Polygon","coordinates":[[[25.55,36.97],[25.53,37.2],[25.36,37.07],[25.46,36.93],[25.55,36.97]]]},"properties":{"scalerank":0,"featurecla":"Land","min_zoom":3}},
{"type":"Feature","geometry":{"type":"Polygon","coordinates":[[[25.28,37.07],[25.28,37.14],[25.11,37.03],[25.28,37.07]]]},"properties":{"scalerank":0,"featurecla":"Land","min_zoom":3}},
{"type":"Feature","geometry":{"type":"Polygon","coordinates":[[[25.48,36.39],[25.41,36.47],[25.37,36.36],[25.48,36.39]]]},"properties":{"scalerank":0,"featurecla":"Land","min_zoom":4}},
{"type":"Feature","geometry":{"type":"Polygon","coordinates":[[[25.38,36.67],[25.41,36.72],[25.26,36.76],[25.38,36.67]]]},"properties":{"scalerank":0,"featurecla":"Land","min_zoom":4}},
{"type":"Feature","geometry":{"type":"Polygon","coordinates":[[[26.82,37.81],[26.58,37.72],[26.84,37.64],[27.06,37.71],[26.82,37.81]]]},"properties":{"scalerank":0,"featurecla":"Land","min_zoom":3}},
{"type":"Feature","geometry":{"type":"Polygon","coordinates":[[[26.03,37.53],[26.35,37.67],[26.09,37.63],[26.03,37.53]]]},"properties":{"scalerank":0,"featurecla":"Land","min_zoom":3}},
{"type":"Feature","geometry":{"type":"Polygon","coordinates":[[[25.86,36.79],[26,36.94],[25.74,36.79],[25.86,36.79]]]},"properties":{"scalerank":0,"featurecla":"Land","min_zoom":3}},
{"type":"Feature","geometry":{"type":"Polygon","coordinates":[[[26.46,36.59],[26.27,36.6],[26.33,36.51],[26.46,36.59]]]},"properties":{"scalerank":0,"featurecla":"Land","min_zoom":3}},
{"type":"Feature","geometry":{"type":"Polygon","coordinates":[[[24.36,37.58],[24.32,37.68],[24.29,37.53],[24.36,37.58]]]},"properties":{"scalerank":0,"featurecla":"Land","min_zoom":3}},
{"type":"Feature","geometry":{"type":"Polygon","coordinates":[[[24.44,37.34],[24.43,37.48],[24.37,37.42],[24.44,37.34]]]},"properties":{"scalerank":0,"featurecla":"Land","min_zoom":4}},
{"type":"Feature","geometry":{"type":"Polygon","coordinates":[[[24.54,36.76],[24.33,36.66],[24.53,36.68],[24.54,36.76]]]},"properties":{"scalerank":0,"featurecla":"Land","min_zoom":3}},
{"type":"Feature","geometry":{"type":"Polygon","coordinates":[[[24.94,37.49],[24.9,37.41],[24.94,37.39],[24.94,37.49]]]},"properties":{"scalerank":0,"featurecla":"Land","min_zoom":4}},
{"type":"Feature","geometry":{"type":"Polygon","coordinates":[[[24.99,37.76],[24.96,37.9],[24.79,37.99],[24.71,37.9],[24.96,37.69],[24.99,37.76]]]},"properties":{"scalerank":0,"featurecla":"Land","min_zoom":3}},
{"type":"Feature","geometry":{"type":"Polygon","coordinates":[[[25.26,37.6],[25,37.68],[25.16,37.55],[25.26,37.6]]]},"properties":{"scalerank":0,"featurecla":"Land","min_zoom":3}},
{"type":"Feature","geometry":{"type":"Polygon","coordinates":[[[24.72,36.92],[24.76,36.95],[24.72,37.02],[24.72,36.92]]]},"properties":{"scalerank":0,"featurecla":"Land","min_zoom":4}},
{"type":"Feature","geometry":{"type":"Polygon","coordinates":[[[26.09,38.22],[26.16,38.54],[25.85,38.57],[25.99,38.35],[25.87,38.27],[26,38.16],[26.09,38.22]]]},"properties":{"scalerank":0,"featurecla":"Land","min_zoom":2}},
{"type":"Feature","geometry":{"type":"Polygon","coordinates":[[[26.41,39.33],[26.17,39.37],[25.84,39.2],[26.16,39.03],[26.39,38.97],[26.58,39.03],[26.41,39.33]]]},"properties":{"scalerank":0,"featurecla":"Land","min_zoom":0}},
{"type":"Feature","geometry":{"type":"Polygon","coordinates":[[[23.78,39.11],[23.59,39.21],[23.67,39.1],[23.78,39.11]]]},"properties":{"scalerank":0,"featurecla":"Land","min_zoom":4}},
{"type":"Feature","geometry":{"type":"Polygon","coordinates":[[[23.89,39.16],[23.97,39.27],[23.89,39.23],[23.89,39.16]]]},"properties":{"scalerank":0,"featurecla":"Land","min_zoom":4}},
{"type":"Feature","geometry":{"type":"Polygon","coordinates":[[[24.67,38.81],[24.49,38.98],[24.46,38.89],[24.67,38.81]]]},"properties":{"scalerank":0,"featurecla":"Land","min_zoom":3}},
{"type":"Feature","geometry":{"type":"Polygon","coordinates":[[[25.69,40.43],[25.57,40.52],[25.45,40.48],[25.69,40.43]]]},"properties":{"scalerank":0,"featurecla":"Land","min_zoom":3}},
{"type":"Feature","geometry":{"type":"Polygon","coordinates":[[[25.44,39.98],[25.06,40],[25.06,39.85],[25.36,39.81],[25.44,39.98]]]},"properties":{"scalerank":0,"featurecla":"Land","min_zoom":3}},
{"type":"Feature","geometry":{"type":"Polygon","coordinates":[[[24.77,40.62],[24.72,40.79],[24.52,40.65],[24.77,40.62]]]},"properties":{"scalerank":0,"featurecla":"Land","min_zoom":3}},
{"type":"Feature","geometry":{"type":"Polygon","coordinates":[[[25.97,40.14],[25.92,40.24],[25.74,40.11],[25.97,40.14]]]},"properties":{"scalerank":0,"featurecla":"Land","min_zoom":3}},
{"type":"Feature","geometry":{"type":"Polygon","coordinates":[[[-16.11,11.06],[-16.07,11.2],[-16.24,11.11],[-16.11,11.06]]]},"properties":{"scalerank":0,"featurecla":"Land","min_zoom":3}},
{"type":"Feature","geometry":{"type":"Polygon","coordinates":[[[-16.37,19.71],[-16.34,19.87],[-16.48,19.71],[-16.37,19.71]]]},"properties":{"scalerank":0,"featurecla":"Land","min_zoom":3}},
{"type":"Feature","geometry":{"type":"Polygon","coordinates":[[[-17.19,32.87],[-17.17,32.72],[-16.84,32.65],[-16.69,32.76],[-16.93,32.84],[-17.19,32.87]]]},"properties":{"scalerank":0,"featurecla":"Land","min_zoom":2}},
{"type":"Feature","geometry":{"type":"Polygon","coordinates":[[[-15.9,11.08],[-15.94,11.19],[-15.96,11.06],[-15.9,11.08]]]},"properties":{"scalerank":0,"featurecla":"Land","min_zoom":4}},
{"type":"Feature","geometry":{"type":"Polygon","coordinates":[[[-16.33,28.38],[-16.12,28.53],[-16.32,28.56],[-16.52,28.41],[-16.91,28.34],[-16.66,28.01],[-16.42,28.15],[-16.33,28.38]]]},"properties":{"scalerank":0,"featurecla":"Land","min_zoom":2}},
{"type":"Feature","geometry":{"type":"Polygon","coordinates":[[[-13.72,28.91],[-13.48,29.01],[-13.46,29.24],[-13.54,29.14],[-13.79,29.06],[-13.86,28.87],[-13.72,28.91]]]},"properties":{"scalerank":0,"featurecla":"Land","min_zoom":2}},
{"type":"Feature","geometry":{"type":"Polygon","coordinates":[[[-14.2,28.17],[-13.93,28.25],[-13.83,28.59],[-13.86,28.74],[-13.95,28.74],[-14.23,28.22],[-14.49,28.1],[-14.33,28.06],[-14.2,28.17]]]},"properties":{"scalerank":0,"featurecla":"Land","min_zoom":2}},
{"type":"Feature","geometry":{"type":"Polygon","coordinates":[[[-12.53,7.44],[-12.51,7.58],[-12.62,7.64],[-12.95,7.57],[-12.53,7.44]]]},"properties":{"scalerank":0,"featurecla":"Land","min_zoom":2}},
{"type":"Feature","geometry":{"type":"Polygon","coordinates":[[[-15.4,28.15],[-15.68,28.15],[-15.81,27.99],[-15.71,27.78],[-15.56,27.75],[-15.39,27.87],[-15.4,28.15]]]},"properties":{"scalerank":0,"featurecla":"Land","min_zoom":2}},
{"type":"Feature","geometry":{"type":"Polygon","coordinates":[[[-15.73,11.22],[-15.66,11.29],[-15.72,11.3],[-15.73,11.22]]]},"properties":{"scalerank":0,"featurecla":"Land","min_zoom":3}},
{"type":"Feature","geometry":{"type":"Polygon","coordinates":[[[-15.55,11.54],[-15.48,11.63],[-15.62,11.53],[-15.55,11.54]]]},"properties":{"scalerank":0,"featurecla":"Land","min_zoom":4}},
{"type":"Feature","geometry":{"type":"Polygon","coordinates":[[[-25.17,16.95],[-24.98,17.09],[-25.11,17.19],[-25.34,17.09],[-25.31,16.94],[-25.17,16.95]]]},"properties":{"scalerank":0,"featurecla":"Land","min_zoom":2}},
{"type":"Feature","geometry":{"type":"Polygon","coordinates":[[[-24.89,16.82],[-24.94,16.92],[-25.07,16.87],[-24.89,16.82]]]},"properties":{"scalerank":0,"featurecla":"Land","min_zoom":3}},
{"type":"Feature","geometry":{"type":"Polygon","coordinates":[[[-17.18,28.02],[-17.13,28.16],[-17.32,28.12],[-17.18,28.02]]]},"properties":{"scalerank":0,"featurecla":"Land","min_zoom":3}},
{"type":"Feature","geometry":{"type":"Polygon","coordinates":[[[-15.9,11.47],[-15.96,11.6],[-16.02,11.48],[-15.9,11.47]]]},"properties":{"scalerank":0,"featurecla":"Land","min_zoom":3}},
{"type":"Feature","geometry":{"type":"Polygon","coordinates":[[[-15.99,11.88],[-16.15,11.88],[-16.04,11.76],[-15.99,11.88]]]},"properties":{"scalerank":0,"featurecla":"Land","min_zoom":3}},
{"type":"Feature","geometry":{"type":"Polygon","coordinates":[[[-17.89,27.81],[-18.16,27.76],[-17.98,27.65],[-17.89,27.81]]]},"properties":{"scalerank":0,"featurecla":"Land","min_zoom":3}},
{"type":"Feature","geometry":{"type":"Polygon","coordinates":[[[-22.92,16.24],[-22.96,16.05],[-22.82,15.99],[-22.69,16.17],[-22.92,16.24]]]},"properties":{"scalerank":0,"featurecla":"Land","min_zoom":3}},
{"type":"Feature","geometry":{"type":"Polygon","coordinates":[[[-24.31,14.86],[-24.33,15.02],[-24.5,14.98],[-24.49,14.87],[-24.31,14.86]]]},"properties":{"scalerank":0,"featurecla":"Land","min_zoom":3}},
{"type":"Feature","geometry":{"type":"Polygon","coordinates":[[[-17.83,28.49],[-17.76,28.57],[-17.74,28.79],[-17.93,28.84],[-18,28.76],[-17.83,28.49]]]},"properties":{"scalerank":0,"featurecla":"Land","min_zoom":2}},
{"type":"Feature","geometry":{"type":"Polygon","coordinates":[[[-24.09,16.62],[-24.38,16.68],[-24.32,16.49],[-24.24,16.6],[-24.09,16.62]]]},"properties":{"scalerank":0,"featurecla":"Land","min_zoom":3}},
{"type":"Feature","geometry":{"type":"Polygon","coordinates":[[[-22.89,16.66],[-22.9,16.84],[-22.99,16.81],[-22.89,16.66]]]},"properties":{"scalerank":0,"featurecla":"Land","min_zoom":3}},
{"type":"Feature","geometry":{"type":"Polygon","coordinates":[[[-23.18,15.14],[-23.14,15.32],[-23.25,15.18],[-23.18,15.14]]]},"properties":{"scalerank":0,"featurecla":"Land","min_zoom":3}},
{"type":"Feature","geometry":{"type":"Polygon","coordinates":[[[-23.44,15.01],[-23.75,15.33],[-23.79,15.08],[-23.71,14.96],[-23.5,14.92],[-23.44,15.01]]]},"properties":{"scalerank":0,"featurecla":"Land","min_zoom":2}},
{"type":"Feature","geometry":{"type":"Polygon","coordinates":[[[44.48,-12.08],[44.22,-12.17],[44.46,-12.34],[44.53,-12.32],[44.48,-12.08]]]},"properties":{"scalerank":0,"featurecla":"Land","min_zoom":3}},
{"type":"Feature","geometry":{"type":"Polygon","coordinates":[[[43.79,-12.31],[43.63,-12.25],[43.66,-12.34],[43.79,-12.31]]]},"properties":{"scalerank":0,"featurecla":"Land","min_zoom":3}},
{"type":"Feature","geometry":{"type":"Polygon","coordinates":[[[45.18,-12.98],[45.22,-12.75],[45.09,-12.65],[45.07,-12.9],[45.18,-12.98]]]},"properties":{"scalerank":0,"featurecla":"Land","min_zoom":3}},
{"type":"Feature","geometry":{"type":"Polygon","coordinates":[[[43.47,-11.9],[43.38,-11.61],[43.39,-11.41],[43.26,-11.43],[43.23,-11.75],[43.47,-11.9]]]},"properties":{"scalerank":0,"featurecla":"Land","min_zoom":2}},
{"type":"Feature","geometry":{"type":"Polygon","coordinates":[[[39.71,-7.98],[39.82,-7.9],[39.85,-7.73],[39.6,-7.94],[39.71,-7.98]]]},"properties":{"scalerank":0,"featurecla":"Land","min_zoom":3}},
{"type":"Feature","geometry":{"type":"Polygon","coordinates":[[[40.99,-2.16],[41.12,-2.1],[41.09,-2.04],[40.99,-2.16]]]},"properties":{"scalerank":0,"featurecla":"Land","min_zoom":3}},
{"type":"Feature","geometry":{"type":"Polygon","coordinates":[[[39.5,-6.17],[39.43,-6.12],[39.31,-5.72],[39.19,-5.93],[39.18,-6.17],[39.24,-6.27],[39.42,-6.35],[39.48,-6.45],[39.57,-6.39],[39.5,-6.17]]]},"properties":{"scalerank":0,"featurecla":"Land","min_zoom":2}},
{"type":"Feature","geometry":{"type":"Polygon","coordinates":[[[57.65,-20.48],[57.79,-20.21],[57.66,-19.99],[57.58,-20],[57.39,-20.23],[57.38,-20.5],[57.65,-20.48]]]},"properties":{"scalerank":0,"featurecla":"Land","min_zoom":2}},
{"type":"Feature","geometry":{"type":"Polygon","coordinates":[[[55.8,-21.34],[55.84,-21.14],[55.66,-20.91],[55.45,-20.87],[55.31,-20.9],[55.23,-21.06],[55.36,-21.27],[55.56,-21.36],[55.8,-21.34]]]},"properties":{"scalerank":0,"featurecla":"Land","min_zoom":2}},
{"type":"Feature","geometry":{"type":"Polygon","coordinates":[[[48.34,-13.36],[48.31,-13.2],[48.19,-13.26],[48.21,-13.39],[48.34,-13.36]]]},"properties":{"scalerank":0,"featurecla":"Land","min_zoom":3}},
{"type":"Feature","geometry":{"type":"Polygon","coordinates":[[[49.94,-16.9],[50.02,-16.7],[49.86,-16.93],[49.94,-16.9]]]},"properties":{"scalerank":0,"featurecla":"Land","min_zoom":3}},
{"type":"Feature","geometry":{"type":"Polygon","coordinates":[[[-5.69,-16],[-5.66,-15.91],[-5.78,-15.96],[-5.69,-16]]]},"properties":{"scalerank":0,"featurecla":"Land","min_zoom":3}},
{"type":"Feature","geometry":{"type":"Polygon","coordinates":[[[39.87,-4.91],[39.67,-4.93],[39.7,-5.11],[39.65,-5.37],[39.75,-5.44],[39.85,-5.26],[39.87,-4.91]]]},"properties":{"scalerank":0,"featurecla":"Land","min_zoom":2}},
{"type":"Feature","geometry":{"type":"Polygon","coordinates":[[[55.54,-4.69],[55.46,-4.56],[55.38,-4.61],[55.54,-4.79],[55.54,-4.69]]]},"properties":{"scalerank":0,"featurecla":"Land","min_zoom":3}},
{"type":"Feature","geometry":{"type":"Polygon","coordinates":[[[8.74,3.76],[8.68,3.74],[8.58,3.48],[8.46,3.45],[8.47,3.26],[8.7,3.22],[8.95,3.63],[8.91,3.76],[8.74,3.76]]]},"properties":{"scalerank":0,"featurecla":"Land","min_zoom":2}},
{"type":"Feature","geometry":{"type":"Polygon","coordinates":[[[6.66,0.12],[6.75,0.24],[6.69,0.4],[6.52,0.34],[6.47,0.23],[6.52,0.07],[6.66,0.12]]]},"properties":{"scalerank":0,"featurecla":"Land","min_zoom":2}},
{"type":"Feature","geometry":{"type":"Polygon","coordinates":[[[7.42,1.57],[7.41,1.7],[7.33,1.6],[7.42,1.57]]]},"properties":{"scalerank":0,"featurecla":"Land","min_zoom":3}},
{"type":"Feature","geometry":{"type":"Polygon","coordinates":[[[7.3,4.42],[7.23,4.53],[7.14,4.4],[7.3,4.42]]]},"properties":{"scalerank":0,"featurecla":"Land","min_zoom":3}},
{"type":"Feature","geometry":{"type":"Polygon","coordinates":[[[-44.13,-23.14],[-44.24,-23.07],[-44.32,-23.21],[-44.13,-23.14]]]},"properties":{"scalerank":0,"featurecla":"Land","min_zoom":3}},
{"type":"Feature","geometry":{"type":"Polygon","coordinates":[[[-48.58,-26.4],[-48.5,-26.22],[-48.67,-26.29],[-48.58,-26.4]]]},"properties":{"scalerank":0,"featurecla":"Land","min_zoom":3}},
{"type":"Feature","geometry":{"type":"Polygon","coordinates":[[[-48.49,-27.77],[-48.38,-27.45],[-48.54,-27.57],[-48.55,-27.81],[-48.49,-27.77]]]},"properties":{"scalerank":0,"featurecla":"Land","min_zoom":3}},
{"type":"Feature","geometry":{"type":"Polygon","coordinates":[[[-45.26,-23.89],[-45.3,-23.73],[-45.45,-23.9],[-45.26,-23.89]]]},"properties":{"scalerank":0,"featurecla":"Land","min_zoom":3}},
{"type":"Feature","geometry":{"type":"Polygon","coordinates":[[[11.28,34.75],[11.25,34.82],[11.12,34.68],[11.28,34.75]]]},"properties":{"scalerank":0,"featurecla":"Land","min_zoom":4}},
{"type":"Feature","geometry":{"type":"Polygon","coordinates":[[[10.96,33.72],[11.04,33.79],[10.92,33.89],[10.75,33.89],[10.72,33.74],[10.96,33.72]]]},"properties":{"scalerank":0,"featurecla":"Land","min_zoom":3}},
{"type":"Feature","geometry":{"type":"Polygon","coordinates":[[[-4.41,54.19],[-4.38,54.39],[-4.51,54.38],[-4.79,54.07],[-4.61,54.06],[-4.41,54.19]]]},"properties":{"scalerank":0,"featurecla":"Land","min_zoom":3}},
{"type":"Feature","geometry":{"type":"Polygon","coordinates":[[[-6.61,56.59],[-6.48,56.67],[-6.57,56.66],[-6.61,56.59]]]},"properties":{"scalerank":0,"featurecla":"Land","min_zoom":4}},
{"type":"Feature","geometry":{"type":"Polygon","coordinates":[[[-5.11,55.45],[-5.16,55.67],[-5.32,55.71],[-5.33,55.48],[-5.11,55.45]]]},"properties":{"scalerank":0,"featurecla":"Land","min_zoom":3}},
{"type":"Feature","geometry":{"type":"Polygon","coordinates":[[[-5.78,56.34],[-5.76,56.49],[-6.1,56.65],[-6.31,56.55],[-6.14,56.49],[-6.18,56.29],[-5.78,56.34]]]},"properties":{"scalerank":0,"featurecla":"Land","min_zoom":2}},
{"type":"Feature","geometry":{"type":"Polygon","coordinates":[[[-6.13,55.93],[-6.45,55.83],[-6.31,55.61],[-6.06,55.7],[-6.13,55.93]]]},"properties":{"scalerank":0,"featurecla":"Land","min_zoom":3}},
{"type":"Feature","geometry":{"type":"Polygon","coordinates":[[[-5.97,55.81],[-5.73,56.12],[-6.07,55.89],[-5.97,55.81]]]},"properties":{"scalerank":0,"featurecla":"Land","min_zoom":3}},
{"type":"Feature","geometry":{"type":"Polygon","coordinates":[[[-1.04,60.51],[-1.09,60.72],[-1.17,60.6],[-1.04,60.51]]]},"properties":{"scalerank":0,"featurecla":"Land","min_zoom":3}},
{"type":"Feature","geometry":{"type":"Polygon","coordinates":[[[-1.31,60.54],[-1.55,60.48],[-1.37,60.33],[-1.66,60.28],[-1.28,60.11],[-1.28,59.89],[-1.05,60.44],[-1.31,60.54]]]},"properties":{"scalerank":0,"featurecla":"Land","min_zoom":2}},
{"type":"Feature","geometry":{"type":"Polygon","coordinates":[[[-0.77,60.81],[-0.93,60.8],[-0.83,60.68],[-0.77,60.81]]]},"properties":{"scalerank":0,"featurecla":"Land","min_zoom":3}},
{"type":"Feature","geometry":{"type":"Polygon","coordinates":[[[-3.16,58.79],[-3.27,58.91],[-3.4,58.88],[-3.16,58.79]]]},"properties":{"scalerank":0,"featurecla":"Land","min_zoom":3}},
{"type":"Feature","geometry":{"type":"Polygon","coordinates":[[[-4.2,53.32],[-4.32,53.42],[-4.57,53.39],[-4.37,53.13],[-4.08,53.26],[-4.2,53.32]]]},"properties":{"scalerank":0,"featurecla":"Land","min_zoom":2}},
{"type":"Feature","geometry":{"type":"Polygon","coordinates":[[[-2.55,59.23],[-2.41,59.3],[-2.6,59.29],[-2.55,59.23]]]},"properties":{"scalerank":0,"featurecla":"Land","min_zoom":4}},
{"type":"Feature","geometry":{"type":"Polygon","coordinates":[[[-2.93,58.74],[-2.9,58.83],[-3.04,58.82],[-2.93,58.74]]]},"properties":{"scalerank":0,"featurecla":"Land","min_zoom":4}},
{"type":"Feature","geometry":{"type":"Polygon","coordinates":[[[-3.06,59.03],[-3.31,59.13],[-3.35,58.99],[-2.86,58.89],[-2.76,58.96],[-3.06,59.03]]]},"properties":{"scalerank":0,"featurecla":"Land","min_zoom":3}},
{"type":"Feature","geometry":{"type":"Polygon","coordinates":[[[-6.62,61.81],[-6.88,61.9],[-6.67,61.77],[-6.62,61.81]]]},"properties":{"scalerank":0,"featurecla":"Land","min_zoom":3}},
{"type":"Feature","geometry":{"type":"Polygon","coordinates":[[[-6.7,61.44],[-6.74,61.57],[-6.93,61.63],[-6.7,61.44]]]},"properties":{"scalerank":0,"featurecla":"Land","min_zoom":3}},
{"type":"Feature","geometry":{"type":"Polygon","coordinates":[[[-7.19,62.14],[-7.42,62.14],[-7.25,62.05],[-7.19,62.14]]]},"properties":{"scalerank":0,"featurecla":"Land","min_zoom":3}},
{"type":"Feature","geometry":{"type":"Polygon","coordinates":[[[-6.63,62.23],[-6.96,62.32],[-7.17,62.29],[-7.01,62.09],[-6.72,61.99],[-6.63,62.23]]]},"properties":{"scalerank":0,"featurecla":"Land","min_zoom":2}},
{"type":"Feature","geometry":{"type":"Polygon","coordinates":[[[-2.73,59.19],[-2.98,59.35],[-3.05,59.32],[-2.73,59.19]]]},"properties":{"scalerank":0,"featurecla":"Land","min_zoom":3}},
{"type":"Feature","geometry":{"type":"Polygon","coordinates":[[[-6.41,62.26],[-6.55,62.36],[-6.56,62.22],[-6.41,62.26]]]},"properties":{"scalerank":0,"featurecla":"Land","min_zoom":4}},
{"type":"Feature","geometry":{"type":"Polygon","coordinates":[[[-6.2,58.36],[-6.24,58.5],[-6.79,58.28],[-6.73,58.19],[-7.01,58.23],[-7.06,58],[-6.86,57.92],[-7.08,57.81],[-6.96,57.75],[-6.43,58.02],[-6.55,58.09],[-6.33,58.19],[-6.2,58.36]]]},"properties":{"scalerank":0,"featurecla":"Land","min_zoom":2}},
{"type":"Feature","geometry":{"type":"Polygon","coordinates":[[[-6.28,56.96],[-6.32,57.05],[-6.43,57.02],[-6.28,56.96]]]},"properties":{"scalerank":0,"featurecla":"Land","min_zoom":4}},
{"type":"Feature","geometry":{"type":"Polygon","coordinates":[[[-6.14,57.5],[-6.25,57.65],[-6.62,57.56],[-6.76,57.44],[-6.44,57.33],[-6.32,57.2],[-6.03,57.2],[-5.95,57.05],[-5.67,57.23],[-6.14,57.31],[-6.14,57.5]]]},"properties":{"scalerank":0,"featurecla":"Land","min_zoom":2}},
{"type":"Feature","geometry":{"type":"Polygon","coordinates":[[[-7.21,57.68],[-7.5,57.64],[-7.32,57.53],[-7.21,57.68]]]},"properties":{"scalerank":0,"featurecla":"Land","min_zoom":3}},
{"type":"Feature","geometry":{"type":"Polygon","coordinates":[[[-7.25,57.12],[-7.27,57.37],[-7.41,57.38],[-7.38,57.13],[-7.25,57.12]]]},"properties":{"scalerank":0,"featurecla":"Land","min_zoom":3}},
{"type":"Feature","geometry":{"type":"Polygon","coordinates":[[[-9.95,53.91],[-9.96,53.99],[-10.27,53.98],[-9.95,53.91]]]},"properties":{"scalerank":0,"featurecla":"Land","min_zoom":3}},
{"type":"Feature","geometry":{"type":"Polygon","coordinates":[[[-7.42,56.97],[-7.52,57.01],[-7.5,56.95],[-7.42,56.97]]]},"properties":{"scalerank":0,"featurecla":"Land","min_zoom":4}},
{"type":"Feature","geometry":{"type":"Polygon","coordinates":[[[21.99,60.34],[21.83,60.47],[21.82,60.38],[21.99,60.34]]]},"properties":{"scalerank":0,"featurecla":"Land","min_zoom":4}},
{"type":"Feature","geometry":{"type":"Polygon","coordinates":[[[19.66,60.19],[19.55,60.24],[19.54,60.14],[19.66,60.19]]]},"properties":{"scalerank":0,"featurecla":"Land","min_zoom":4}},
{"type":"Feature","geometry":{"type":"Polygon","coordinates":[[[19.99,60.35],[19.67,60.23],[19.75,60.1],[20.03,60.09],[20.26,60.26],[19.99,60.35]]]},"properties":{"scalerank":0,"featurecla":"Land","min_zoom":2}},
{"type":"Feature","geometry":{"type":"Polygon","coordinates":[[[21.22,63.24],[21.25,63.15],[21.42,63.25],[21.22,63.24]]]},"properties":{"scalerank":0,"featurecla":"Land","min_zoom":3}},
{"type":"Feature","geometry":{"type":"Polygon","coordinates":[[[19.16,57.92],[19.33,57.96],[19.13,57.98],[19.16,57.92]]]},"properties":{"scalerank":0,"featurecla":"Land","min_zoom":4}},
{"type":"Feature","geometry":{"type":"Polygon","coordinates":[[[16.53,56.29],[16.78,56.81],[17.12,57.32],[17.03,57.35],[16.73,56.9],[16.63,56.88],[16.41,56.57],[16.4,56.31],[16.53,56.29]]]},"properties":{"scalerank":0,"featurecla":"Land","min_zoom":2}},
{"type":"Feature","geometry":{"type":"Polygon","coordinates":[[[15.09,55.02],[15.13,55.14],[14.77,55.3],[14.68,55.1],[15.09,55.02]]]},"properties":{"scalerank":0,"featurecla":"Land","min_zoom":3}},
{"type":"Feature","geometry":{"type":"Polygon","coordinates":[[[13.71,54.38],[13.67,54.54],[13.42,54.7],[13.18,54.54],[13.19,54.33],[13.36,54.25],[13.48,54.34],[13.71,54.28],[13.71,54.38]]]},"properties":{"scalerank":0,"featurecla":"Land","min_zoom":2}},
{"type":"Feature","geometry":{"type":"Polygon","coordinates":[[[12.55,54.97],[12.31,55.04],[12.18,54.89],[12.55,54.97]]]},"properties":{"scalerank":0,"featurecla":"Land","min_zoom":1}},
{"type":"Feature","geometry":{"type":"Polygon","coordinates":[[[12.67,55.6],[12.6,55.68],[12.55,55.56],[12.67,55.6]]]},"properties":{"scalerank":0,"featurecla":"Land","min_zoom":1}},
{"type":"Feature","geometry":{"type":"Polygon","coordinates":[[[11.36,54.89],[11.06,54.94],[11.04,54.77],[11.46,54.63],[11.77,54.68],[11.74,54.81],[11.36,54.89]]]},"properties":{"scalerank":0,"featurecla":"Land","min_zoom":2}},
{"type":"Feature","geometry":{"type":"Polygon","coordinates":[[[10.48,54.85],[10.22,54.94],[10.34,54.86],[10.48,54.85]]]},"properties":{"scalerank":0,"featurecla":"Land","min_zoom":4}},
{"type":"Feature","geometry":{"type":"Polygon","coordinates":[[[10.06,54.89],[9.77,55.06],[9.81,54.91],[10.06,54.89]]]},"properties":{"scalerank":0,"featurecla":"Land","min_zoom":3}},
{"type":"Feature","geometry":{"type":"Polygon","coordinates":[[[10.73,54.75],[10.92,55.06],[10.62,54.85],[10.73,54.75]]]},"properties":{"scalerank":0,"featurecla":"Land","min_zoom":3}},
{"type":"Feature","geometry":{"type":"Polygon","coordinates":[[[10.61,55.78],[10.66,55.88],[10.55,55.99],[10.61,55.78]]]},"properties":{"scalerank":0,"featurecla":"Land","min_zoom":3}},
{"type":"Feature","geometry":{"type":"Polygon","coordinates":[[[11.28,54.42],[11.08,54.53],[11.01,54.47],[11.28,54.42]]]},"properties":{"scalerank":0,"featurecla":"Land","min_zoom":3}},
{"type":"Feature","geometry":{"type":"Polygon","coordinates":[[[11.05,57.25],[11.17,57.32],[10.93,57.31],[11.05,57.25]]]},"properties":{"scalerank":0,"featurecla":"Land","min_zoom":3}},
{"type":"Feature","geometry":{"type":"Polygon","coordinates":[[[8.31,54.79],[8.41,55.06],[8.3,54.91],[8.31,54.79]]]},"properties":{"scalerank":0,"featurecla":"Land","min_zoom":3}},
{"type":"Feature","geometry":{"type":"Polygon","coordinates":[[[-1.18,45.9],[-1.39,46.05],[-1.21,45.82],[-1.18,45.9]]]},"properties":{"scalerank":0,"featurecla":"Land","min_zoom":3}},
{"type":"Feature","geometry":{"type":"Polygon","coordinates":[[[-1.07,50.69],[-1.31,50.77],[-1.52,50.67],[-1.31,50.59],[-1.07,50.69]]]},"properties":{"scalerank":0,"featurecla":"Land","min_zoom":3}},
{"type":"Feature","geometry":{"type":"Polygon","coordinates":[[[4.89,53.07],[4.89,53.18],[4.71,53.04],[4.89,53.07]]]},"properties":{"scalerank":0,"featurecla":"Land","min_zoom":3}},
{"type":"Feature","geometry":{"type":"Polygon","coordinates":[[[10.4,42.86],[10.13,42.81],[10.34,42.76],[10.4,42.86]]]},"properties":{"scalerank":0,"featurecla":"Land","min_zoom":3}},
{"type":"Feature","geometry":{"type":"Polygon","coordinates":[[[8.48,39.07],[8.37,39.12],[8.42,38.97],[8.48,39.07]]]},"properties":{"scalerank":0,"featurecla":"Land","min_zoom":4}},
{"type":"Feature","geometry":{"type":"Polygon","coordinates":[[[8.29,41.04],[8.27,41.1],[8.21,41],[8.29,41.04]]]},"properties":{"scalerank":0,"featurecla":"Land","min_zoom":4}},
{"type":"Feature","geometry":{"type":"Polygon","coordinates":[[[4.29,39.84],[4.23,40.03],[3.85,40.06],[3.84,39.98],[4.29,39.84]]]},"properties":{"scalerank":0,"featurecla":"Land","min_zoom":2}},
{"type":"Feature","geometry":{"type":"Polygon","coordinates":[[[1.59,38.67],[1.44,38.77],[1.41,38.67],[1.59,38.67]]]},"properties":{"scalerank":0,"featurecla":"Land","min_zoom":3}},
{"type":"Feature","geometry":{"type":"Polygon","coordinates":[[[1.45,38.92],[1.62,39.04],[1.56,39.12],[1.35,39.08],[1.22,38.9],[1.45,38.92]]]},"properties":{"scalerank":0,"featurecla":"Land","min_zoom":3}},
{"type":"Feature","geometry":{"type":"Polygon","coordinates":[[[-31.14,39.41],[-31.26,39.5],[-31.28,39.39],[-31.14,39.41]]]},"properties":{"scalerank":0,"featurecla":"Land","min_zoom":3}},
{"type":"Feature","geometry":{"type":"Polygon","coordinates":[[[-27.08,38.64],[-27.04,38.74],[-27.39,38.77],[-27.3,38.66],[-27.08,38.64]]]},"properties":{"scalerank":0,"featurecla":"Land","min_zoom":3}},
{"type":"Feature","geometry":{"type":"Polygon","coordinates":[[[-27.78,38.56],[-28.31,38.74],[-28.19,38.66],[-27.78,38.56]]]},"properties":{"scalerank":0,"featurecla":"Land","min_zoom":3}},
{"type":"Feature","geometry":{"type":"Polygon","coordinates":[[[-28.64,38.53],[-28.7,38.64],[-28.84,38.6],[-28.64,38.53]]]},"properties":{"scalerank":0,"featurecla":"Land","min_zoom":3}},
{"type":"Feature","geometry":{"type":"Polygon","coordinates":[[[-28.15,38.45],[-28.51,38.55],[-28.45,38.41],[-28.23,38.38],[-28.15,38.45]]]},"properties":{"scalerank":0,"featurecla":"Land","min_zoom":3}},
{"type":"Feature","geometry":{"type":"Polygon","coordinates":[[[-25.65,37.84],[-25.78,37.91],[-25.73,37.76],[-25.25,37.74],[-25.18,37.84],[-25.65,37.84]]]},"properties":{"scalerank":0,"featurecla":"Land","min_zoom":2}},
{"type":"Feature","geometry":{"type":"Polygon","coordinates":[[[14.57,35.85],[14.35,35.98],[14.44,35.82],[14.57,35.85]]]},"properties":{"scalerank":0,"featurecla":"Land","min_zoom":3}},
{"type":"Feature","geometry":{"type":"Polygon","coordinates":[[[15.23,44.06],[15.07,44.16],[15.12,44.09],[15.23,44.06]]]},"properties":{"scalerank":0,"featurecla":"Land","min_zoom":4}},
{"type":"Feature","geometry":{"type":"Polygon","coordinates":[[[14.81,44.98],[14.57,45.22],[14.44,45.1],[14.69,44.96],[14.81,44.98]]]},"properties":{"scalerank":0,"featurecla":"Land","min_zoom":3}},
{"type":"Feature","geometry":{"type":"Polygon","coordinates":[[[14.83,44.76],[14.75,44.84],[14.68,44.77],[14.83,44.76]]]},"properties":{"scalerank":0,"featurecla":"Land","min_zoom":3}},
{"type":"Feature","geometry":{"type":"Polygon","coordinates":[[[15.19,44.34],[15.24,44.35],[14.74,44.7],[14.91,44.49],[15.19,44.34]]]},"properties":{"scalerank":0,"featurecla":"Land","min_zoom":3}},
{"type":"Feature","geometry":{"type":"Polygon","coordinates":[[[15.19,43.92],[14.89,44.13],[15.14,43.91],[15.19,43.92]]]},"properties":{"scalerank":0,"featurecla":"Land","min_zoom":3}},
{"type":"Feature","geometry":{"type":"Polygon","coordinates":[[[15.37,43.97],[15.27,44.01],[15.37,43.91],[15.37,43.97]]]},"properties":{"scalerank":0,"featurecla":"Land","min_zoom":4}},
{"type":"Feature","geometry":{"type":"Polygon","coordinates":[[[14.49,44.66],[14.47,44.97],[14.36,45.17],[14.3,44.94],[14.49,44.66]]]},"properties":{"scalerank":0,"featurecla":"Land","min_zoom":3}},
{"type":"Feature","geometry":{"type":"Polygon","coordinates":[[[17.61,42.77],[17.34,42.79],[17.74,42.7],[17.61,42.77]]]},"properties":{"scalerank":0,"featurecla":"Land","min_zoom":4}},
{"type":"Feature","geometry":{"type":"Polygon","coordinates":[[[20.61,38.38],[20.41,38.34],[20.52,38.11],[20.76,38.07],[20.61,38.38]]]},"properties":{"scalerank":0,"featurecla":"Land","min_zoom":2}},
{"type":"Feature","geometry":{"type":"Polygon","coordinates":[[[20.89,37.81],[20.69,37.93],[20.62,37.86],[20.82,37.66],[20.89,37.81]]]},"properties":{"scalerank":0,"featurecla":"Land","min_zoom":3}},
{"type":"Feature","geometry":{"type":"Polygon","coordinates":[[[20.69,38.61],[20.72,38.8],[20.63,38.82],[20.55,38.58],[20.69,38.61]]]},"properties":{"scalerank":0,"featurecla":"Land","min_zoom":3}},
{"type":"Feature","geometry":{"type":"Polygon","coordinates":[[[20.76,38.33],[20.62,38.48],[20.71,38.32],[20.76,38.33]]]},"properties":{"scalerank":0,"featurecla":"Land","min_zoom":4}},
{"type":"Feature","geometry":{"type":"Polygon","coordinates":[[[20.08,39.43],[19.96,39.47],[19.84,39.82],[19.65,39.73],[19.88,39.46],[20.08,39.43]]]},"properties":{"scalerank":0,"featurecla":"Land","min_zoom":3}},
{"type":"Feature","geometry":{"type":"Polygon","coordinates":[[[23.55,37.93],[23.46,37.98],[23.44,37.91],[23.55,37.93]]]},"properties":{"scalerank":0,"featurecla":"Land","min_zoom":4}},
{"type":"Feature","geometry":{"type":"Polygon","coordinates":[[[23.05,36.19],[22.95,36.38],[22.94,36.18],[23.05,36.19]]]},"properties":{"scalerank":0,"featurecla":"Land","min_zoom":3}},
{"type":"Feature","geometry":{"type":"Polygon","coordinates":[[[3.95,51.74],[3.7,51.73],[3.95,51.63],[3.95,51.74]]]},"properties":{"scalerank":0,"featurecla":"Land","min_zoom":3}},
{"type":"Feature","geometry":{"type":"Polygon","coordinates":[[[-51.01,69.55],[-50.91,69.76],[-50.68,69.85],[-51.21,69.91],[-51.35,69.85],[-51.23,69.55],[-51.01,69.55]]]},"properties":{"scalerank":0,"featurecla":"Land","min_zoom":2}},
{"type":"Feature","geometry":{"type":"Polygon","coordinates":[[[-37.03,65.53],[-36.95,65.66],[-37.22,65.7],[-37.03,65.53]]]},"properties":{"scalerank":0,"featurecla":"Land","min_zoom":3}},
{"type":"Feature","geometry":{"type":"Polygon","coordinates":[[[-53.54,71.04],[-53.58,71.3],[-53.95,71.16],[-53.54,71.04]]]},"properties":{"scalerank":0,"featurecla":"Land","min_zoom":3}},
{"type":"Feature","geometry":{"type":"Polygon","coordinates":[[[-55.02,72.79],[-55.99,72.78],[-56.21,72.72],[-55.52,72.57],[-55.02,72.79]]]},"properties":{"scalerank":0,"featurecla":"Land","min_zoom":3}},
{"type":"Feature","geometry":{"type":"Polygon","coordinates":[[[-51.68,70.86],[-51.97,70.98],[-52.12,70.87],[-51.68,70.86]]]},"properties":{"scalerank":0,"featurecla":"Land","min_zoom":3}},
{"type":"Feature","geometry":{"type":"Polygon","coordinates":[[[-46.27,60.78],[-46.21,60.94],[-46.79,60.78],[-46.38,60.66],[-46.27,60.78]]]},"properties":{"scalerank":0,"featurecla":"Land","min_zoom":3}},
{"type":"Feature","geometry":{"type":"Polygon","coordinates":[[[-126.09,49.35],[-126.23,49.3],[-126.06,49.26],[-126.09,49.35]]]},"properties":{"scalerank":0,"featurecla":"Land","min_zoom":1}},
{"type":"Feature","geometry":{"type":"Polygon","coordinates":[[[-122.39,47.4],[-122.49,47.49],[-122.51,47.36],[-122.39,47.4]]]},"properties":{"scalerank":0,"featurecla":"Land","min_zoom":4}},
{"type":"Feature","geometry":{"type":"Polygon","coordinates":[[[-122.5,47.59],[-122.55,47.7],[-122.58,47.62],[-122.5,47.59]]]},"properties":{"scalerank":0,"featurecla":"Land","min_zoom":4}},
{"type":"Feature","geometry":{"type":"Polygon","coordinates":[[[-122.78,48.67],[-122.9,48.71],[-122.89,48.59],[-122.78,48.67]]]},"properties":{"scalerank":0,"featurecla":"Land","min_zoom":3}},
{"type":"Feature","geometry":{"type":"Polygon","coordinates":[[[-122.82,48.43],[-122.87,48.55],[-122.93,48.48],[-122.82,48.43]]]},"properties":{"scalerank":0,"featurecla":"Land","min_zoom":4}},
{"type":"Feature","geometry":{"type":"Polygon","coordinates":[[[-123.01,48.5],[-123.11,48.61],[-123.14,48.51],[-123.01,48.5]]]},"properties":{"scalerank":0,"featurecla":"Land","min_zoom":3}},
{"type":"Feature","geometry":{"type":"Polygon","coordinates":[[[-122.57,48.16],[-122.75,48.24],[-122.56,47.99],[-122.37,47.99],[-122.57,48.16]]]},"properties":{"scalerank":0,"featurecla":"Land","min_zoom":3}},
{"type":"Feature","geometry":{"type":"Polygon","coordinates":[[[-124.15,49.53],[-124.42,49.73],[-124.63,49.74],[-124.15,49.53]]]},"properties":{"scalerank":0,"featurecla":"Land","min_zoom":3}},
{"type":"Feature","geometry":{"type":"Polygon","coordinates":[[[-123.37,48.89],[-123.69,49.1],[-123.54,48.95],[-123.37,48.89]]]},"properties":{"scalerank":0,"featurecla":"Land","min_zoom":4}},
{"type":"Feature","geometry":{"type":"Polygon","coordinates":[[[-123.44,48.75],[-123.58,48.93],[-123.52,48.75],[-123.44,48.75]]]},"properties":{"scalerank":0,"featurecla":"Land","min_zoom":3}},
{"type":"Feature","geometry":{"type":"Polygon","coordinates":[[[-124.98,50.03],[-124.91,50.07],[-124.99,50.22],[-124.98,50.03]]]},"properties":{"scalerank":0,"featurecla":"Land","min_zoom":3}},
{"type":"Feature","geometry":{"type":"Polygon","coordinates":[[[-126.64,49.61],[-126.74,49.84],[-126.93,49.84],[-126.94,49.72],[-126.64,49.61]]]},"properties":{"scalerank":0,"featurecla":"Land","min_zoom":1}},
{"type":"Feature","geometry":{"type":"Polygon","coordinates":[[[-125.18,50.1],[-125.07,50.22],[-125.2,50.39],[-125.36,50.31],[-125.18,50.1]]]},"properties":{"scalerank":0,"featurecla":"Land","min_zoom":3}},
{"type":"Feature","geometry":{"type":"Polygon","coordinates":[[[-118.35,32.83],[-118.59,33.01],[-118.47,32.84],[-118.35,32.83]]]},"properties":{"scalerank":0,"featurecla":"Land","min_zoom":3}},
{"type":"Feature","geometry":{"type":"Polygon","coordinates":[[[-118.24,28.94],[-118.31,29.18],[-118.4,29.11],[-118.24,28.94]]]},"properties":{"scalerank":0,"featurecla":"Land","min_zoom":3}},
{"type":"Feature","geometry":{"type":"Polygon","coordinates":[[[-120.04,33.92],[-120.07,34.03],[-120.25,34.01],[-120.04,33.92]]]},"properties":{"scalerank":0,"featurecla":"Land","min_zoom":3}},
{"type":"Feature","geometry":{"type":"Polygon","coordinates":[[[-119.88,34.08],[-119.81,33.97],[-119.56,34.01],[-119.88,34.08]]]},"properties":{"scalerank":0,"featurecla":"Land","min_zoom":3}},
{"type":"Feature","geometry":{"type":"Polygon","coordinates":[[[-118.35,33.39],[-118.55,33.48],[-118.45,33.32],[-118.35,33.39]]]},"properties":{"scalerank":0,"featurecla":"Land","min_zoom":3}},
{"type":"Feature","geometry":{"type":"Polygon","coordinates":[[[-71.37,41.49],[-71.38,41.57],[-71.39,41.47],[-71.37,41.49]]]},"properties":{"scalerank":0,"featurecla":"Land","min_zoom":4}},
{"type":"Feature","geometry":{"type":"Polygon","coordinates":[[[-74.13,39.68],[-74.11,39.75],[-74.25,39.56],[-74.13,39.68]]]},"properties":{"scalerank":0,"featurecla":"Land","min_zoom":4}},
{"type":"Feature","geometry":{"type":"Polygon","coordinates":[[[-74.19,40.52],[-74.08,40.59],[-74.19,40.61],[-74.19,40.52]]]},"properties":{"scalerank":0,"featurecla":"Land","min_zoom":3}},
{"type":"Feature","geometry":{"type":"Polygon","coordinates":[[[-64.73,32.29],[-64.67,32.38],[-64.77,32.31],[-64.73,32.29]]]},"properties":{"scalerank":0,"featurecla":"Land","min_zoom":3}},
{"type":"Feature","geometry":{"type":"Polygon","coordinates":[[[-70.51,41.38],[-70.67,41.45],[-70.79,41.33],[-70.51,41.38]]]},"properties":{"scalerank":0,"featurecla":"Land","min_zoom":3}},
{"type":"Feature","geometry":{"type":"Polygon","coordinates":[[[-71.24,41.49],[-71.23,41.65],[-71.35,41.47],[-71.24,41.49]]]},"properties":{"scalerank":0,"featurecla":"Land","min_zoom":3}},
{"type":"Feature","geometry":{"type":"Polygon","coordinates":[[[-69.98,41.27],[-70.06,41.33],[-70.23,41.29],[-69.98,41.27]]]},"properties":{"scalerank":0,"featurecla":"Land","min_zoom":3}},
{"type":"Feature","geometry":{"type":"Polygon","coordinates":[[[-75.78,35.19],[-75.86,35.17],[-75.96,35.12],[-75.78,35.19]]]},"properties":{"scalerank":0,"featurecla":"Land","min_zoom":4}},
{"type":"Feature","geometry":{"type":"Polygon","coordinates":[[[-75.64,35.86],[-75.65,35.91],[-75.72,35.95],[-75.64,35.86]]]},"properties":{"scalerank":0,"featurecla":"Land","min_zoom":4}},
{"type":"Feature","geometry":{"type":"Polygon","coordinates":[[[-75.33,37.89],[-75.14,38.18],[-75.38,37.87],[-75.33,37.89]]]},"properties":{"scalerank":0,"featurecla":"Land","min_zoom":3}},
{"type":"Feature","geometry":{"type":"Polygon","coordinates":[[[-75.54,35.24],[-75.51,35.28],[-75.48,35.57],[-75.54,35.24]]]},"properties":{"scalerank":0,"featurecla":"Land","min_zoom":3}},
{"type":"Feature","geometry":{"type":"Polygon","coordinates":[[[-76.5,34.64],[-76.26,34.91],[-76.44,34.76],[-76.5,34.64]]]},"properties":{"scalerank":0,"featurecla":"Land","min_zoom":4}},
{"type":"Feature","geometry":{"type":"Polygon","coordinates":[[[-96.76,28.15],[-96.41,28.34],[-96.52,28.33],[-96.76,28.15]]]},"properties":{"scalerank":0,"featurecla":"Land","min_zoom":3}},
{"type":"Feature","geometry":{"type":"Polygon","coordinates":[[[-97.35,27.3],[-97.25,27.54],[-97.06,27.82],[-97.13,27.78],[-97.3,27.52],[-97.35,27.3]]]},"properties":{"scalerank":0,"featurecla":"Land","min_zoom":3}},
{"type":"Feature","geometry":{"type":"Polygon","coordinates":[[[-95.04,29.15],[-94.86,29.25],[-94.87,29.29],[-95.04,29.15]]]},"properties":{"scalerank":0,"featurecla":"Land","min_zoom":3}},
{"type":"Feature","geometry":{"type":"Polygon","coordinates":[[[-97.17,26.16],[-97.35,26.8],[-97.39,27.2],[-97.4,26.82],[-97.27,26.33],[-97.17,26.16]]]},"properties":{"scalerank":0,"featurecla":"Land","min_zoom":3}},
{"type":"Feature","geometry":{"type":"Polygon","coordinates":[[[-84.91,29.64],[-84.74,29.73],[-85,29.63],[-84.91,29.64]]]},"properties":{"scalerank":0,"featurecla":"Land","min_zoom":4}},
{"type":"Feature","geometry":{"type":"Polygon","coordinates":[[[-81.42,30.97],[-81.48,30.9],[-81.46,30.73],[-81.42,30.97]]]},"properties":{"scalerank":0,"featurecla":"Land","min_zoom":4}},
{"type":"Feature","geometry":{"type":"Polygon","coordinates":[[[-89.22,30.08],[-89.18,30.17],[-89.34,30.06],[-89.22,30.08]]]},"properties":{"scalerank":0,"featurecla":"Land","min_zoom":4}},
{"type":"Feature","geometry":{"type":"Polygon","coordinates":[[[-91.79,29.5],[-91.88,29.64],[-92,29.57],[-91.79,29.5]]]},"properties":{"scalerank":0,"featurecla":"Land","min_zoom":3}},
{"type":"Feature","geometry":{"type":"Polygon","coordinates":[[[-88.83,29.81],[-88.83,29.93],[-88.86,29.78],[-88.83,29.81]]]},"properties":{"scalerank":0,"featurecla":"Land","min_zoom":4}},
{"type":"Feature","geometry":{"type":"Polygon","coordinates":[[[-77.66,24.25],[-77.7,24.29],[-78,24.22],[-77.85,24.04],[-77.77,23.75],[-77.57,23.74],[-77.52,23.87],[-77.56,24.14],[-77.66,24.25]]]},"properties":{"scalerank":0,"featurecla":"Land","min_zoom":1}},
{"type":"Feature","geometry":{"type":"Polygon","coordinates":[[[-77.67,21.95],[-77.63,22.05],[-77.92,22.09],[-77.67,21.95]]]},"properties":{"scalerank":0,"featurecla":"Land","min_zoom":3}},
{"type":"Feature","geometry":{"type":"Polygon","coordinates":[[[-78.03,22.29],[-78.15,22.43],[-78.27,22.42],[-78.03,22.29]]]},"properties":{"scalerank":0,"featurecla":"Land","min_zoom":3}},
{"type":"Feature","geometry":{"type":"Polygon","coordinates":[[[-78.63,22.55],[-78.55,22.46],[-78.28,22.46],[-78.35,22.54],[-78.63,22.55]]]},"properties":{"scalerank":0,"featurecla":"Land","min_zoom":3}},
{"type":"Feature","geometry":{"type":"Polygon","coordinates":[[[-77.23,25.9],[-77.17,26.24],[-77.04,26.33],[-77.07,26.53],[-77.26,26.64],[-77.53,26.9],[-77.86,26.94],[-77.51,26.85],[-77.21,26.49],[-77.25,26.16],[-77.4,26.02],[-77.23,25.9]]]},"properties":{"scalerank":0,"featurecla":"Land","min_zoom":1.5}},
{"type":"Feature","geometry":{"type":"Polygon","coordinates":[[[-74.06,22.72],[-74.31,22.84],[-74.27,22.71],[-74.06,22.72]]]},"properties":{"scalerank":0,"featurecla":"Land","min_zoom":3}},
{"type":"Feature","geometry":{"type":"Polygon","coordinates":[[[-74.43,24.07],[-74.53,24.11],[-74.55,23.97],[-74.43,24.07]]]},"properties":{"scalerank":0,"featurecla":"Land","min_zoom":3}},
{"type":"Feature","geometry":{"type":"Polygon","coordinates":[[[-73.03,21.19],[-73.06,21.31],[-73.24,21.15],[-73.52,21.19],[-73.68,21.1],[-73.66,20.94],[-73.16,20.98],[-73.03,21.19]]]},"properties":{"scalerank":0,"featurecla":"Land","min_zoom":2}},
{"type":"Feature","geometry":{"type":"Polygon","coordinates":[[[-74.21,22.21],[-73.97,22.36],[-73.84,22.54],[-73.95,22.72],[-73.94,22.48],[-74.26,22.24],[-74.21,22.21]]]},"properties":{"scalerank":0,"featurecla":"Land","min_zoom":3}},
{"type":"Feature","geometry":{"type":"Polygon","coordinates":[[[-76.65,25.49],[-76.37,25.31],[-76.16,25.12],[-76.21,24.82],[-76.32,24.82],[-76.17,24.65],[-76.13,25.14],[-76.34,25.33],[-76.65,25.49]]]},"properties":{"scalerank":0,"featurecla":"Land","min_zoom":2}},
{"type":"Feature","geometry":{"type":"Polygon","coordinates":[[[-75.66,23.45],[-75.95,23.65],[-75.78,23.47],[-75.66,23.45]]]},"properties":{"scalerank":0,"featurecla":"Land","min_zoom":3}},
{"type":"Feature","geometry":{"type":"Polygon","coordinates":[[[-74.84,22.89],[-74.85,23],[-75.06,23.15],[-75.22,23.55],[-75.31,23.59],[-75.16,23.34],[-75.22,23.17],[-74.97,23.07],[-74.84,22.89]]]},"properties":{"scalerank":0,"featurecla":"Land","min_zoom":3}},
{"type":"Feature","geometry":{"type":"Polygon","coordinates":[[[-75.31,24.2],[-75.52,24.43],[-75.65,24.68],[-75.66,24.59],[-75.41,24.27],[-75.5,24.14],[-75.31,24.2]]]},"properties":{"scalerank":0,"featurecla":"Land","min_zoom":3}},
{"type":"Feature","geometry":{"type":"Polygon","coordinates":[[[-77.88,22.13],[-77.99,22.3],[-78.04,22.2],[-77.88,22.13]]]},"properties":{"scalerank":0,"featurecla":"Land","min_zoom":3}},
{"type":"Feature","geometry":{"type":"Polygon","coordinates":[[[-82.04,26.45],[-82.18,26.48],[-82.07,26.43],[-82.04,26.45]]]},"properties":{"scalerank":0,"featurecla":"Land","min_zoom":4}},
{"type":"Feature","geometry":{"type":"Polygon","coordinates":[[[-77.74,24.71],[-77.97,25],[-77.98,25.08],[-78.21,25.19],[-78.16,25.02],[-78.3,24.75],[-78.24,24.65],[-78.44,24.63],[-78.19,24.47],[-78.04,24.29],[-77.75,24.46],[-77.74,24.71]]]},"properties":{"scalerank":0,"featurecla":"Land","min_zoom":1}},
{"type":"Feature","geometry":{"type":"Polygon","coordinates":[[[-81.57,24.6],[-81.53,24.61],[-81.56,24.69],[-81.57,24.6]]]},"properties":{"scalerank":0,"featurecla":"Land","min_zoom":3}},
{"type":"Feature","geometry":{"type":"Polygon","coordinates":[[[-80.19,27.28],[-80.44,27.85],[-80.26,27.38],[-80.19,27.28]]]},"properties":{"scalerank":0,"featurecla":"Land","min_zoom":3}},
{"type":"Feature","geometry":{"type":"Polygon","coordinates":[[[-82.56,21.57],[-82.71,21.89],[-82.99,21.94],[-83.08,21.79],[-82.97,21.59],[-83.07,21.47],[-82.85,21.44],[-82.56,21.57]]]},"properties":{"scalerank":0,"featurecla":"Land","min_zoom":2}},
{"type":"Feature","geometry":{"type":"Polygon","coordinates":[[[-82.08,26.55],[-82.17,26.7],[-82.09,26.49],[-82.08,26.55]]]},"properties":{"scalerank":0,"featurecla":"Land","min_zoom":4}},
{"type":"Feature","geometry":{"type":"Polygon","coordinates":[[[-79.35,22.66],[-79.58,22.81],[-79.52,22.71],[-79.35,22.66]]]},"properties":{"scalerank":0,"featurecla":"Land","min_zoom":3}},
{"type":"Feature","geometry":{"type":"Polygon","coordinates":[[[-78.49,26.73],[-78.6,26.8],[-78.63,26.66],[-78.8,26.58],[-78.67,26.51],[-78.23,26.64],[-77.93,26.66],[-77.94,26.74],[-78.37,26.7],[-78.49,26.73]]]},"properties":{"scalerank":0,"featurecla":"Land","min_zoom":1.5}},
{"type":"Feature","geometry":{"type":"Polygon","coordinates":[[[-80.38,25.14],[-80.26,25.35],[-80.58,24.95],[-80.38,25.14]]]},"properties":{"scalerank":0,"featurecla":"Land","min_zoom":3}},
{"type":"Feature","geometry":{"type":"Polygon","coordinates":[[[-87.95,17.92],[-87.85,18.14],[-87.9,18.15],[-87.95,17.92]]]},"properties":{"scalerank":0,"featurecla":"Land","min_zoom":3}},
{"type":"Feature","geometry":{"type":"Polygon","coordinates":[[[-87.85,17.42],[-87.9,17.43],[-87.93,17.28],[-87.85,17.42]]]},"properties":{"scalerank":0,"featurecla":"Land","min_zoom":3}},
{"type":"Feature","geometry":{"type":"Polygon","coordinates":[[[-91.68,18.68],[-91.59,18.78],[-91.82,18.68],[-91.68,18.68]]]},"properties":{"scalerank":0,"featurecla":"Land","min_zoom":3}},
{"type":"Feature","geometry":{"type":"Polygon","coordinates":[[[-82.23,9.38],[-82.32,9.42],[-82.24,9.33],[-82.23,9.38]]]},"properties":{"scalerank":0,"featurecla":"Land","min_zoom":4}},
{"type":"Feature","geometry":{"type":"Polygon","coordinates":[[[-81.37,19.35],[-81.4,19.28],[-81.11,19.31],[-81.37,19.35]]]},"properties":{"scalerank":0,"featurecla":"Land","min_zoom":3}},
{"type":"Feature","geometry":{"type":"Polygon","coordinates":[[[-86.94,20.3],[-86.76,20.55],[-86.93,20.55],[-87.02,20.38],[-86.94,20.3]]]},"properties":{"scalerank":0,"featurecla":"Land","min_zoom":3}},
{"type":"Feature","geometry":{"type":"Polygon","coordinates":[[[-62.63,17.24],[-62.79,17.4],[-62.84,17.34],[-62.63,17.24]]]},"properties":{"scalerank":0,"featurecla":"Land","min_zoom":3}},
{"type":"Feature","geometry":{"type":"Polygon","coordinates":[[[-60.9,13.82],[-60.91,14.09],[-61.06,13.92],[-61.06,13.78],[-60.95,13.72],[-60.9,13.82]]]},"properties":{"scalerank":0,"featurecla":"Land","min_zoom":3}},
{"type":"Feature","geometry":{"type":"Polygon","coordinates":[[[-60.83,14.49],[-60.92,14.74],[-61.13,14.88],[-61.22,14.8],[-61.14,14.65],[-61.01,14.6],[-61.06,14.47],[-60.83,14.49]]]},"properties":{"scalerank":0,"featurecla":"Land","min_zoom":2}},
{"type":"Feature","geometry":{"type":"Polygon","coordinates":[[[-61.01,10.13],[-60.97,10.32],[-61.04,10.48],[-61.03,10.67],[-60.92,10.84],[-61.37,10.8],[-61.64,10.7],[-61.46,10.54],[-61.5,10.27],[-61.91,10.07],[-61.17,10.08],[-61.01,10.13]]]},"properties":{"scalerank":0,"featurecla":"Land","min_zoom":1}},
{"type":"Feature","geometry":{"type":"Polygon","coordinates":[[[-68.21,12.14],[-68.37,12.3],[-68.25,12.03],[-68.21,12.14]]]},"properties":{"scalerank":0,"featurecla":"Land","min_zoom":3}},
{"type":"Feature","geometry":{"type":"Polygon","coordinates":[[[-60.76,11.18],[-60.55,11.26],[-60.71,11.28],[-60.76,11.18]]]},"properties":{"scalerank":0,"featurecla":"Land","min_zoom":3}},
{"type":"Feature","geometry":{"type":"Polygon","coordinates":[[[-62.15,16.74],[-62.18,16.81],[-62.22,16.7],[-62.15,16.74]]]},"properties":{"scalerank":0,"featurecla":"Land","min_zoom":4}},
{"type":"Feature","geometry":{"type":"Polygon","coordinates":[[[-59.49,13.08],[-59.43,13.15],[-59.65,13.3],[-59.61,13.1],[-59.49,13.08]]]},"properties":{"scalerank":0,"featurecla":"Land","min_zoom":3}},
{"type":"Feature","geometry":{"type":"Polygon","coordinates":[[[-63.85,11.13],[-64.03,11],[-64.21,11.09],[-64.4,10.98],[-63.92,10.89],[-63.82,11],[-63.85,11.13]]]},"properties":{"scalerank":0,"featurecla":"Land","min_zoom":2}},
{"type":"Feature","geometry":{"type":"Polygon","coordinates":[[[-63,18.22],[-63.03,18.27],[-63.16,18.17],[-63,18.22]]]},"properties":{"scalerank":0,"featurecla":"Land","min_zoom":4}},
{"type":"Feature","geometry":{"type":"Polygon","coordinates":[[[-61.72,12.01],[-61.63,12.05],[-61.61,12.22],[-61.72,12.19],[-61.72,12.01]]]},"properties":{"scalerank":0,"featurecla":"Land","min_zoom":3}},
{"type":"Feature","geometry":{"type":"Polygon","coordinates":[[[-61.75,17.57],[-61.85,17.71],[-61.84,17.6],[-61.75,17.57]]]},"properties":{"scalerank":0,"featurecla":"Land","min_zoom":3}},
{"type":"Feature","geometry":{"type":"Polygon","coordinates":[[[-61.23,15.89],[-61.25,16.01],[-61.31,15.89],[-61.23,15.89]]]},"properties":{"scalerank":0,"featurecla":"Land","min_zoom":3}},
{"type":"Feature","geometry":{"type":"Polygon","coordinates":[[[-61.72,17.04],[-61.82,17.17],[-61.86,17.01],[-61.72,17.04]]]},"properties":{"scalerank":0,"featurecla":"Land","min_zoom":3}},
{"type":"Feature","geometry":{"type":"Polygon","coordinates":[[[-61.28,15.25],[-61.25,15.37],[-61.32,15.59],[-61.46,15.63],[-61.48,15.53],[-61.38,15.23],[-61.28,15.25]]]},"properties":{"scalerank":0,"featurecla":"Land","min_zoom":2}},
{"type":"Feature","geometry":{"type":"Polygon","coordinates":[[[-61.33,16.23],[-61.17,16.26],[-61.36,16.36],[-61.47,16.51],[-61.52,16.23],[-61.33,16.23]]]},"properties":{"scalerank":0,"featurecla":"Land","min_zoom":2}},
{"type":"Feature","geometry":{"type":"Polygon","coordinates":[[[-61.59,16.01],[-61.55,16.27],[-61.75,16.36],[-61.76,16.06],[-61.59,16.01]]]},"properties":{"scalerank":0,"featurecla":"Land","min_zoom":2}},
{"type":"Feature","geometry":{"type":"Polygon","coordinates":[[[-61.17,13.16],[-61.14,13.36],[-61.27,13.29],[-61.17,13.16]]]},"properties":{"scalerank":0,"featurecla":"Land","min_zoom":3}},
{"type":"Feature","geometry":{"type":"Polygon","coordinates":[[[-73.04,22.43],[-73.16,22.38],[-72.89,22.36],[-73.04,22.43]]]},"properties":{"scalerank":0,"featurecla":"Land","min_zoom":3}},
{"type":"Feature","geometry":{"type":"Polygon","coordinates":[[[-68.75,12.06],[-68.83,12.16],[-69.15,12.3],[-69,12.14],[-68.75,12.06]]]},"properties":{"scalerank":0,"featurecla":"Land","min_zoom":3}},
{"type":"Feature","geometry":{"type":"Polygon","coordinates":[[[-71.66,21.77],[-71.67,21.83],[-71.85,21.84],[-71.66,21.77]]]},"properties":{"scalerank":0,"featurecla":"Land","min_zoom":3}},
{"type":"Feature","geometry":{"type":"Polygon","coordinates":[[[-72.92,21.51],[-72.99,21.56],[-73.05,21.46],[-72.92,21.51]]]},"properties":{"scalerank":0,"featurecla":"Land","min_zoom":4}},
{"type":"Feature","geometry":{"type":"Polygon","coordinates":[[[-71.88,21.84],[-71.93,21.95],[-72.01,21.95],[-71.88,21.84]]]},"properties":{"scalerank":0,"featurecla":"Land","min_zoom":4}},
{"type":"Feature","geometry":{"type":"Polygon","coordinates":[[[-72.33,21.85],[-72.34,21.76],[-72.19,21.77],[-72.33,21.85]]]},"properties":{"scalerank":0,"featurecla":"Land","min_zoom":3}},
{"type":"Feature","geometry":{"type":"Polygon","coordinates":[[[-160.92,58.58],[-160.72,58.8],[-161.13,58.67],[-160.92,58.58]]]},"properties":{"scalerank":0,"featurecla":"Land","min_zoom":3}},
{"type":"Feature","geometry":{"type":"Polygon","coordinates":[[[-153.01,57.12],[-153.29,57.19],[-153.3,57],[-153.01,57.12]]]},"properties":{"scalerank":0,"featurecla":"Land","min_zoom":1}},
{"type":"Feature","geometry":{"type":"Polygon","coordinates":[[[-152.02,60.36],[-151.89,60.47],[-151.96,60.5],[-152.02,60.36]]]},"properties":{"scalerank":0,"featurecla":"Land","min_zoom":4}},
{"type":"Feature","geometry":{"type":"Polygon","coordinates":[[[-152.49,58.49],[-152.36,58.59],[-152.64,58.54],[-152.49,58.49]]]},"properties":{"scalerank":0,"featurecla":"Land","min_zoom":3}},
{"type":"Feature","geometry":{"type":"Polygon","coordinates":[[[-153.24,57.85],[-153.35,57.93],[-153.52,57.94],[-153.24,57.85]]]},"properties":{"scalerank":0,"featurecla":"Land","min_zoom":1}},
{"type":"Feature","geometry":{"type":"Polygon","coordinates":[[[-155.57,55.82],[-155.57,55.92],[-155.74,55.83],[-155.57,55.82]]]},"properties":{"scalerank":0,"featurecla":"Land","min_zoom":3}},
{"type":"Feature","geometry":{"type":"Polygon","coordinates":[[[-154.68,56.44],[-154.44,56.57],[-154.73,56.5],[-154.68,56.44]]]},"properties":{"scalerank":0,"featurecla":"Land","min_zoom":3}},
{"type":"Feature","geometry":{"type":"Polygon","coordinates":[[[-154.21,56.51],[-154.11,56.6],[-154.33,56.54],[-154.21,56.51]]]},"properties":{"scalerank":0,"featurecla":"Land","min_zoom":3}},
{"type":"Feature","geometry":{"type":"Polygon","coordinates":[[[-146.39,60.45],[-146.7,60.41],[-146.62,60.27],[-146.1,60.41],[-146.39,60.45]]]},"properties":{"scalerank":0,"featurecla":"Land","min_zoom":3}},
{"type":"Feature","geometry":{"type":"Polygon","coordinates":[[[-145.12,60.34],[-145.13,60.4],[-145.28,60.34],[-145.12,60.34]]]},"properties":{"scalerank":0,"featurecla":"Land","min_zoom":4}},
{"type":"Feature","geometry":{"type":"Polygon","coordinates":[[[-144.57,59.82],[-144.24,60.02],[-144.44,59.95],[-144.57,59.82]]]},"properties":{"scalerank":0,"featurecla":"Land","min_zoom":3}},
{"type":"Feature","geometry":{"type":"Polygon","coordinates":[[[-147.74,59.81],[-147.54,59.87],[-147.32,60.08],[-146.99,60.25],[-147.18,60.36],[-147.34,60.19],[-147.77,59.94],[-147.74,59.81]]]},"properties":{"scalerank":0,"featurecla":"Land","min_zoom":2}},
{"type":"Feature","geometry":{"type":"Polygon","coordinates":[[[-148.02,60.07],[-148.08,60.15],[-148.27,60.05],[-148.02,60.07]]]},"properties":{"scalerank":0,"featurecla":"Land","min_zoom":3}},
{"type":"Feature","geometry":{"type":"Polygon","coordinates":[[[-147.66,60.45],[-147.79,60.46],[-147.79,60.18],[-147.66,60.45]]]},"properties":{"scalerank":0,"featurecla":"Land","min_zoom":3}},
{"type":"Feature","geometry":{"type":"Polygon","coordinates":[[[-147.93,60.83],[-148.1,60.92],[-148.12,60.84],[-147.93,60.83]]]},"properties":{"scalerank":0,"featurecla":"Land","min_zoom":4}},
{"type":"Feature","geometry":{"type":"Polygon","coordinates":[[[-132.86,54.89],[-133.1,55.21],[-133.3,55.33],[-133.42,55.21],[-133.25,55.18],[-133.12,54.97],[-132.71,54.68],[-132.62,54.89],[-132.86,54.89]]]},"properties":{"scalerank":0,"featurecla":"Land","min_zoom":2}},
{"type":"Feature","geometry":{"type":"Polygon","coordinates":[[[-133.99,56.84],[-134.14,56.93],[-134.37,56.84],[-134.2,56.41],[-134.19,56.08],[-133.95,56.13],[-133.86,56.58],[-133.74,56.65],[-133.99,56.84]]]},"properties":{"scalerank":0,"featurecla":"Land","min_zoom":2}},
{"type":"Feature","geometry":{"type":"Polygon","coordinates":[[[-133.31,55.54],[-133.63,55.54],[-133.65,55.27],[-133.31,55.54]]]},"properties":{"scalerank":0,"featurecla":"Land","min_zoom":3}},
{"type":"Feature","geometry":{"type":"Polygon","coordinates":[[[-131.34,55.08],[-131.57,55.26],[-131.54,55.05],[-131.41,54.89],[-131.23,54.9],[-131.34,55.08]]]},"properties":{"scalerank":0,"featurecla":"Land","min_zoom":3}},
{"type":"Feature","geometry":{"type":"Polygon","coordinates":[[[-132.75,56.53],[-132.57,56.58],[-132.84,56.79],[-132.93,56.52],[-132.75,56.53]]]},"properties":{"scalerank":0,"featurecla":"Land","min_zoom":3}},
{"type":"Feature","geometry":{"type":"Polygon","coordinates":[[[-132.11,56.11],[-132.07,56.24],[-132.38,56.5],[-132.66,56.08],[-132.13,55.94],[-132.11,56.11]]]},"properties":{"scalerank":0,"featurecla":"Land","min_zoom":0}},
{"type":"Feature","geometry":{"type":"Polygon","coordinates":[[[-132.78,56.25],[-132.64,56.44],[-132.9,56.45],[-133.04,56.34],[-132.78,56.25]]]},"properties":{"scalerank":0,"featurecla":"Land","min_zoom":3}},
{"type":"Feature","geometry":{"type":"Polygon","coordinates":[[[-134.31,58.23],[-134.52,58.33],[-134.46,58.21],[-134.31,58.23]]]},"properties":{"scalerank":0,"featurecla":"Land","min_zoom":3}},
{"type":"Feature","geometry":{"type":"Polygon","coordinates":[[[-128.94,52.51],[-128.99,52.66],[-129.25,52.81],[-129.25,52.72],[-128.97,52.46],[-128.94,52.51]]]},"properties":{"scalerank":0,"featurecla":"Land","min_zoom":3}},
{"type":"Feature","geometry":{"type":"Polygon","coordinates":[[[-130.93,54.48],[-130.75,54.6],[-130.91,54.63],[-130.93,54.48]]]},"properties":{"scalerank":0,"featurecla":"Land","min_zoom":3}},
{"type":"Feature","geometry":{"type":"Polygon","coordinates":[[[-131.03,51.96],[-131.01,52.1],[-131.1,52.15],[-131.03,51.96]]]},"properties":{"scalerank":0,"featurecla":"Land","min_zoom":3}},
{"type":"Feature","geometry":{"type":"Polygon","coordinates":[[[-130.24,53.96],[-130.4,54.09],[-130.62,53.94],[-130.38,53.84],[-130.24,53.96]]]},"properties":{"scalerank":0,"featurecla":"Land","min_zoom":3}},
{"type":"Feature","geometry":{"type":"Polygon","coordinates":[[[-129.85,53.17],[-129.75,53.24],[-129.94,53.44],[-130.45,53.63],[-130.52,53.54],[-129.85,53.17]]]},"properties":{"scalerank":0,"featurecla":"Land","min_zoom":2}},
{"type":"Feature","geometry":{"type":"Polygon","coordinates":[[[-127.92,51.47],[-128.03,51.71],[-128.15,51.63],[-127.92,51.47]]]},"properties":{"scalerank":0,"featurecla":"Land","min_zoom":3}},
{"type":"Feature","geometry":{"type":"Polygon","coordinates":[[[-128.37,52.4],[-128.25,52.78],[-128.44,52.7],[-128.37,52.4]]]},"properties":{"scalerank":0,"featurecla":"Land","min_zoom":3}},
{"type":"Feature","geometry":{"type":"Polygon","coordinates":[[[-129.31,52.99],[-129.45,53.17],[-129.41,53.02],[-129.31,52.99]]]},"properties":{"scalerank":0,"featurecla":"Land","min_zoom":3}},
{"type":"Feature","geometry":{"type":"Polygon","coordinates":[[[-129.17,53.12],[-129.24,53.33],[-129.31,53.21],[-129.17,53.12]]]},"properties":{"scalerank":0,"featurecla":"Land","min_zoom":3}},
{"type":"Feature","geometry":{"type":"Polygon","coordinates":[[[-139.04,69.58],[-139.14,69.65],[-139.29,69.6],[-139.04,69.58]]]},"properties":{"scalerank":0,"featurecla":"Land","min_zoom":3}},
{"type":"Feature","geometry":{"type":"Polygon","coordinates":[[[-61,8.87],[-60.85,9],[-60.92,9.07],[-61.07,8.95],[-61,8.87]]]},"properties":{"scalerank":0,"featurecla":"Land","min_zoom":3}},
{"type":"Feature","geometry":{"type":"Polygon","coordinates":[[[-80.13,-2.97],[-80.09,-2.85],[-79.91,-2.73],[-80.08,-2.67],[-80.22,-2.75],[-80.27,-3],[-80.13,-2.97]]]},"properties":{"scalerank":0,"featurecla":"Land","min_zoom":2}},
{"type":"Feature","geometry":{"type":"Polygon","coordinates":[[[-51.83,-1.43],[-51.64,-1.34],[-51.28,-1.02],[-51.16,-0.67],[-51.25,-0.54],[-51.55,-0.65],[-51.68,-0.86],[-51.68,-1.09],[-51.8,-1.2],[-51.94,-1.45],[-51.83,-1.43]]]},"properties":{"scalerank":0,"featurecla":"Land","min_zoom":0}},
{"type":"Feature","geometry":{"type":"Polygon","coordinates":[[[-79.07,8.25],[-79.1,8.3],[-79.11,8.21],[-79.07,8.25]]]},"properties":{"scalerank":0,"featurecla":"Land","min_zoom":4}},
{"type":"Feature","geometry":{"type":"Polygon","coordinates":[[[-78.91,1.25],[-78.9,1.36],[-78.99,1.29],[-78.91,1.25]]]},"properties":{"scalerank":0,"featurecla":"Land","min_zoom":4}},
{"type":"Feature","geometry":{"type":"Polygon","coordinates":[[[-78.11,2.54],[-78.14,2.63],[-78.21,2.61],[-78.11,2.54]]]},"properties":{"scalerank":0,"featurecla":"Land","min_zoom":4}},
{"type":"Feature","geometry":{"type":"Polygon","coordinates":[[[-60.82,9.14],[-60.74,9.2],[-60.91,9.18],[-60.82,9.14]]]},"properties":{"scalerank":0,"featurecla":"Land","min_zoom":3}},
{"type":"Feature","geometry":{"type":"Polygon","coordinates":[[[-44.5,-2.94],[-44.48,-2.72],[-44.57,-2.78],[-44.6,-3.04],[-44.5,-2.94]]]},"properties":{"scalerank":0,"featurecla":"Land","min_zoom":3}},
{"type":"Feature","geometry":{"type":"Polygon","coordinates":[[[-38.74,-13.1],[-38.6,-12.99],[-38.67,-12.88],[-38.74,-13.1]]]},"properties":{"scalerank":0,"featurecla":"Land","min_zoom":3}},
{"type":"Feature","geometry":{"type":"Polygon","coordinates":[[[-38.9,-13.47],[-38.91,-13.4],[-39.02,-13.45],[-38.9,-13.47]]]},"properties":{"scalerank":0,"featurecla":"Land","min_zoom":3}},
{"type":"Feature","geometry":{"type":"Polygon","coordinates":[[[-44.88,-1.32],[-44.98,-1.27],[-45.02,-1.37],[-44.88,-1.32]]]},"properties":{"scalerank":0,"featurecla":"Land","min_zoom":3}},
{"type":"Feature","geometry":{"type":"Polygon","coordinates":[[[-49.74,0.27],[-49.88,0.3],[-50.27,0.23],[-50.34,0.04],[-50.11,0.03],[-50,-0.03],[-49.84,0.01],[-49.7,0.22],[-49.74,0.27]]]},"properties":{"scalerank":0,"featurecla":"Land","min_zoom":2}},
{"type":"Feature","geometry":{"type":"Polygon","coordinates":[[[-50.3,1.94],[-50.34,2.14],[-50.49,2.13],[-50.46,1.91],[-50.3,1.94]]]},"properties":{"scalerank":0,"featurecla":"Land","min_zoom":3}},
{"type":"Feature","geometry":{"type":"Polygon","coordinates":[[[-50.65,-0.13],[-50.67,-0.06],[-51,-0.11],[-51.04,-0.23],[-50.93,-0.33],[-50.65,-0.13]]]},"properties":{"scalerank":0,"featurecla":"Land","min_zoom":2}},
{"type":"Feature","geometry":{"type":"Polygon","coordinates":[[[-49.44,-0.11],[-49.4,0.06],[-49.71,0.02],[-49.83,-0.09],[-49.71,-0.14],[-49.44,-0.11]]]},"properties":{"scalerank":0,"featurecla":"Land","min_zoom":2}},
{"type":"Feature","geometry":{"type":"Polygon","coordinates":[[[-50.43,0.14],[-50.33,0.26],[-50.35,0.58],[-50.42,0.56],[-50.45,0.33],[-50.61,0.2],[-50.62,0.05],[-50.44,-0.01],[-50.43,0.14]]]},"properties":{"scalerank":0,"featurecla":"Land","min_zoom":2}},
{"type":"Feature","geometry":{"type":"Polygon","coordinates":[[[-50.15,0.39],[-50.04,0.52],[-50.06,0.64],[-50.25,0.59],[-50.26,0.36],[-50.15,0.39]]]},"properties":{"scalerank":0,"featurecla":"Land","min_zoom":3}},
{"type":"Feature","geometry":{"type":"Polygon","coordinates":[[[-90.33,-0.77],[-90.19,-0.66],[-90.27,-0.48],[-90.47,-0.52],[-90.54,-0.68],[-90.33,-0.77]]]},"properties":{"scalerank":0,"featurecla":"Land","min_zoom":2}},
{"type":"Feature","geometry":{"type":"Polygon","coordinates":[[[-89.42,-0.91],[-89.26,-0.73],[-89.42,-0.72],[-89.61,-0.89],[-89.42,-0.91]]]},"properties":{"scalerank":0,"featurecla":"Land","min_zoom":3}},
{"type":"Feature","geometry":{"type":"Polygon","coordinates":[[[-81.6,7.33],[-81.69,7.43],[-81.73,7.62],[-81.85,7.45],[-81.6,7.33]]]},"properties":{"scalerank":0,"featurecla":"Land","min_zoom":3}},
{"type":"Feature","geometry":{"type":"Polygon","coordinates":[[[-91.43,-0.46],[-91.46,-0.26],[-91.65,-0.28],[-91.65,-0.39],[-91.43,-0.46]]]},"properties":{"scalerank":0,"featurecla":"Land","min_zoom":3}},
{"type":"Feature","geometry":{"type":"Polygon","coordinates":[[[-90.42,-1.34],[-90.48,-1.22],[-90.52,-1.3],[-90.42,-1.34]]]},"properties":{"scalerank":0,"featurecla":"Land","min_zoom":3}},
{"type":"Feature","geometry":{"type":"Polygon","coordinates":[[[-91.27,0.03],[-91.36,0.13],[-91.6,0],[-91.43,-0.02],[-91.37,-0.29],[-91.12,-0.56],[-91.14,-0.62],[-91.46,-0.8],[-91.48,-0.92],[-91.37,-1.02],[-91.13,-1.02],[-90.91,-0.94],[-90.8,-0.75],[-90.96,-0.6],[-90.98,-0.42],[-91.18,-0.22],[-91.27,0.03]]]},"properties":{"scalerank":0,"featurecla":"Land","min_zoom":2}},
{"type":"Feature","geometry":{"type":"Polygon","coordinates":[[[-90.57,-0.33],[-90.55,-0.28],[-90.78,-0.16],[-90.81,-0.33],[-90.57,-0.33]]]},"properties":{"scalerank":0,"featurecla":"Land","min_zoom":3}},
{"type":"Feature","geometry":{"type":"Polygon","coordinates":[[[-109.28,-27.14],[-109.39,-27.07],[-109.43,-27.17],[-109.28,-27.14]]]},"properties":{"scalerank":0,"featurecla":"Land","min_zoom":3}},
{"type":"Feature","geometry":{"type":"Polygon","coordinates":[[[-106.5,21.61],[-106.64,21.7],[-106.61,21.56],[-106.5,21.61]]]},"properties":{"scalerank":0,"featurecla":"Land","min_zoom":3}},
{"type":"Feature","geometry":{"type":"Polygon","coordinates":[[[-110.91,18.74],[-110.99,18.86],[-111.06,18.78],[-110.91,18.74]]]},"properties":{"scalerank":0,"featurecla":"Land","min_zoom":3}},
{"type":"Feature","geometry":{"type":"Polygon","coordinates":[[[-110.57,25],[-110.69,25.09],[-110.66,24.97],[-110.57,25]]]},"properties":{"scalerank":0,"featurecla":"Land","min_zoom":3}},
{"type":"Feature","geometry":{"type":"Polygon","coordinates":[[[-109.81,24.15],[-109.89,24.34],[-109.88,24.2],[-109.81,24.15]]]},"properties":{"scalerank":0,"featurecla":"Land","min_zoom":3}},
{"type":"Feature","geometry":{"type":"Polygon","coordinates":[[[-113.16,29.05],[-113.2,29.3],[-113.37,29.34],[-113.42,29.49],[-113.59,29.57],[-113.58,29.41],[-113.26,29.1],[-113.16,29.05]]]},"properties":{"scalerank":0,"featurecla":"Land","min_zoom":2}},
{"type":"Feature","geometry":{"type":"Polygon","coordinates":[[[-114.69,31.71],[-114.77,31.79],[-114.79,31.75],[-114.69,31.71]]]},"properties":{"scalerank":0,"featurecla":"Land","min_zoom":4}},
{"type":"Feature","geometry":{"type":"Polygon","coordinates":[[[-115.17,28.07],[-115.2,28.33],[-115.35,28.1],[-115.17,28.07]]]},"properties":{"scalerank":0,"featurecla":"Land","min_zoom":3}},
{"type":"Feature","geometry":{"type":"Polygon","coordinates":[[[-111.7,24.39],[-111.86,24.54],[-112.01,24.53],[-111.71,24.35],[-111.7,24.39]]]},"properties":{"scalerank":0,"featurecla":"Land","min_zoom":3}},
{"type":"Feature","geometry":{"type":"Polygon","coordinates":[[[-111.1,26.02],[-111.18,26.04],[-111.22,25.84],[-111.1,26.02]]]},"properties":{"scalerank":0,"featurecla":"Land","min_zoom":3}},
{"type":"Feature","geometry":{"type":"Polygon","coordinates":[[[-112.2,29.01],[-112.29,29.24],[-112.47,29.17],[-112.51,28.85],[-112.28,28.77],[-112.2,29.01]]]},"properties":{"scalerank":0,"featurecla":"Land","min_zoom":1}},
{"type":"Feature","geometry":{"type":"Polygon","coordinates":[[[-112.06,24.55],[-112.2,24.89],[-112.13,25.22],[-112.3,24.79],[-112.18,24.73],[-112.06,24.55]]]},"properties":{"scalerank":0,"featurecla":"Land","min_zoom":3}},
{"type":"Feature","geometry":{"type":"Polygon","coordinates":[[[166.98,-45.18],[166.89,-45.24],[167.02,-45.3],[166.98,-45.18]]]},"properties":{"scalerank":0,"featurecla":"Land","min_zoom":4}},
{"type":"Feature","geometry":{"type":"Polygon","coordinates":[[[124.32,10.61],[124.38,10.63],[124.33,10.71],[124.32,10.61]]]},"properties":{"scalerank":0,"featurecla":"Land","min_zoom":4}},
{"type":"Feature","geometry":{"type":"Polygon","coordinates":[[[125.28,9.98],[125.23,10.12],[125.16,10.06],[125.28,9.98]]]},"properties":{"scalerank":0,"featurecla":"Land","min_zoom":3}},
{"type":"Feature","geometry":{"type":"Polygon","coordinates":[[[122.94,7.41],[122.82,7.43],[122.8,7.32],[122.94,7.41]]]},"properties":{"scalerank":0,"featurecla":"Land","min_zoom":3}},
{"type":"Feature","geometry":{"type":"Polygon","coordinates":[[[125.78,6.96],[125.78,7.13],[125.68,7.07],[125.78,6.96]]]},"properties":{"scalerank":0,"featurecla":"Land","min_zoom":3}},
{"type":"Feature","geometry":{"type":"Polygon","coordinates":[[[125.97,9.59],[125.97,9.76],[125.92,9.62],[125.97,9.59]]]},"properties":{"scalerank":0,"featurecla":"Land","min_zoom":4}},
{"type":"Feature","geometry":{"type":"Polygon","coordinates":[[[124.61,11.49],[124.51,11.69],[124.36,11.67],[124.48,11.49],[124.61,11.49]]]},"properties":{"scalerank":0,"featurecla":"Land","min_zoom":3}},
{"type":"Feature","geometry":{"type":"Polygon","coordinates":[[[124.85,11.59],[124.73,11.72],[124.78,11.58],[124.85,11.59]]]},"properties":{"scalerank":0,"featurecla":"Land","min_zoom":3}},
{"type":"Feature","geometry":{"type":"Polygon","coordinates":[[[134.82,-6.43],[134.89,-6.32],[134.8,-6.39],[134.82,-6.43]]]},"properties":{"scalerank":0,"featurecla":"Land","min_zoom":4}},
{"type":"Feature","geometry":{"type":"Polygon","coordinates":[[[134.67,-6.75],[134.74,-6.62],[134.63,-6.71],[134.67,-6.75]]]},"properties":{"scalerank":0,"featurecla":"Land","min_zoom":4}},
{"type":"Feature","geometry":{"type":"Polygon","coordinates":[[[127.99,-2.94],[127.83,-3],[127.94,-3.02],[127.99,-2.94]]]},"properties":{"scalerank":0,"featurecla":"Land","min_zoom":4}},
{"type":"Feature","geometry":{"type":"Polygon","coordinates":[[[127.61,-3.32],[127.55,-3.25],[127.49,-3.29],[127.61,-3.32]]]},"properties":{"scalerank":0,"featurecla":"Land","min_zoom":4}},
{"type":"Feature","geometry":{"type":"Polygon","coordinates":[[[124.05,-5.97],[123.98,-5.88],[123.97,-5.94],[124.05,-5.97]]]},"properties":{"scalerank":0,"featurecla":"Land","min_zoom":4}},
{"type":"Feature","geometry":{"type":"Polygon","coordinates":[[[123.63,-5.27],[123.55,-5.33],[123.62,-5.37],[123.63,-5.27]]]},"properties":{"scalerank":0,"featurecla":"Land","min_zoom":4}},
{"type":"Feature","geometry":{"type":"Polygon","coordinates":[[[120.77,-7.12],[120.63,-7.02],[120.64,-7.12],[120.77,-7.12]]]},"properties":{"scalerank":0,"featurecla":"Land","min_zoom":3}},
{"type":"Feature","geometry":{"type":"Polygon","coordinates":[[[122.98,-8.55],[123.15,-8.48],[122.93,-8.5],[122.98,-8.55]]]},"properties":{"scalerank":0,"featurecla":"Land","min_zoom":3}},
{"type":"Feature","geometry":{"type":"Polygon","coordinates":[[[117.56,-8.37],[117.67,-8.15],[117.49,-8.18],[117.56,-8.37]]]},"properties":{"scalerank":0,"featurecla":"Land","min_zoom":3}},
{"type":"Feature","geometry":{"type":"Polygon","coordinates":[[[70.02,66.5],[70.08,66.7],[69.5,66.75],[69.65,66.57],[70.02,66.5]]]},"properties":{"scalerank":0,"featurecla":"Land","min_zoom":3}},
{"type":"Feature","geometry":{"type":"Polygon","coordinates":[[[96.85,76.2],[97.05,76.3],[96.88,76.36],[96.85,76.2]]]},"properties":{"scalerank":0,"featurecla":"Land","min_zoom":4}},
{"type":"Feature","geometry":{"type":"Polygon","coordinates":[[[100.14,79.61],[100.3,79.67],[99.96,79.69],[100.14,79.61]]]},"properties":{"scalerank":0,"featurecla":"Land","min_zoom":4}},
{"type":"Feature","geometry":{"type":"Polygon","coordinates":[[[161.47,68.9],[161.52,68.97],[161.39,69.11],[161.35,69.37],[161.54,69.44],[161.51,69.64],[161.11,69.47],[161.14,69.11],[161.46,69],[161.47,68.9]]]},"properties":{"scalerank":0,"featurecla":"Land","min_zoom":2}},
{"type":"Feature","geometry":{"type":"Polygon","coordinates":[[[129.72,31.66],[129.79,31.79],[129.71,31.72],[129.72,31.66]]]},"properties":{"scalerank":0,"featurecla":"Land","min_zoom":4}},
{"type":"Feature","geometry":{"type":"Polygon","coordinates":[[[126.42,36.49],[126.32,36.61],[126.34,36.47],[126.42,36.49]]]},"properties":{"scalerank":0,"featurecla":"Land","min_zoom":3}},
{"type":"Feature","geometry":{"type":"Polygon","coordinates":[[[124.91,39.54],[124.93,39.61],[124.85,39.56],[124.91,39.54]]]},"properties":{"scalerank":0,"featurecla":"Land","min_zoom":4}},
{"type":"Feature","geometry":{"type":"Polygon","coordinates":[[[121.25,28.09],[121.21,28.2],[121.13,28.06],[121.25,28.09]]]},"properties":{"scalerank":0,"featurecla":"Land","min_zoom":3}},
{"type":"Feature","geometry":{"type":"Polygon","coordinates":[[[113.56,22.8],[113.46,22.9],[113.43,22.86],[113.56,22.8]]]},"properties":{"scalerank":0,"featurecla":"Land","min_zoom":4}},
{"type":"Feature","geometry":{"type":"Polygon","coordinates":[[[112.79,21.6],[112.86,21.75],[112.71,21.7],[112.79,21.6]]]},"properties":{"scalerank":0,"featurecla":"Land","min_zoom":3}},
{"type":"Feature","geometry":{"type":"Polygon","coordinates":[[[112.64,21.64],[112.65,21.71],[112.53,21.62],[112.64,21.64]]]},"properties":{"scalerank":0,"featurecla":"Land","min_zoom":4}},
{"type":"Feature","geometry":{"type":"Polygon","coordinates":[[[114,22.21],[114.04,22.33],[113.88,22.28],[114,22.21]]]},"properties":{"scalerank":0,"featurecla":"Land","min_zoom":3}},
{"type":"Feature","geometry":{"type":"Polygon","coordinates":[[[107.17,10.4],[107.08,10.39],[107.08,10.34],[107.17,10.4]]]},"properties":{"scalerank":0,"featurecla":"Land","min_zoom":4}},
{"type":"Feature","geometry":{"type":"Polygon","coordinates":[[[103.32,10.72],[103.22,10.78],[103.28,10.68],[103.32,10.72]]]},"properties":{"scalerank":0,"featurecla":"Land","min_zoom":4}},
{"type":"Feature","geometry":{"type":"Polygon","coordinates":[[[8.59,54.71],[8.51,54.76],[8.45,54.69],[8.59,54.71]]]},"properties":{"scalerank":0,"featurecla":"Land","min_zoom":4}},
{"type":"Feature","geometry":{"type":"Polygon","coordinates":[[[6.73,53.58],[6.8,53.63],[6.67,53.61],[6.73,53.58]]]},"properties":{"scalerank":0,"featurecla":"Land","min_zoom":4}},
{"type":"Feature","geometry":{"type":"Polygon","coordinates":[[[-86.59,71.01],[-85.41,71.23],[-85.02,71.35],[-86.04,71.77],[-86.34,72.12],[-86.32,72.46],[-86.59,72.66],[-86.63,72.87],[-85.68,73.46],[-84.97,73.69],[-85.11,73.81],[-86.77,73.83],[-87.72,73.72],[-88.71,73.4],[-89.26,73.07],[-89.36,72.8],[-89.86,72.41],[-89.66,72.16],[-90.03,71.95],[-89.85,71.49],[-89.08,71.29],[-87.87,71.21],[-87.14,71.01],[-87.84,70.94],[-88.52,71.03],[-89.46,71.06],[-89.21,70.76],[-88.85,70.52],[-88.4,70.44],[-87.9,70.25],[-87.06,70.33],[-87.17,70.4],[-86.62,70.4],[-86.32,70.15],[-85.78,70.04],[-85.43,70.11],[-83.86,69.96],[-83.09,70],[-82.14,69.84],[-81.56,69.94],[-80.92,69.73],[-80.92,69.85],[-81.56,70.11],[-80.16,70],[-79.62,69.89],[-78.89,69.98],[-78.81,70.18],[-79.4,70.44],[-79.07,70.6],[-78.28,70.23],[-77.84,70.25],[-77.59,69.85],[-76.96,69.82],[-77.13,69.65],[-76.74,69.57],[-76.51,69.68],[-76.41,69.44],[-75.79,69.32],[-75.67,69.16],[-75.95,69.03],[-76.56,69.01],[-76.62,68.72],[-76.4,68.69],[-75.62,68.89],[-75.21,68.91],[-74.85,69.07],[-74.65,68.71],[-74.27,68.54],[-73.99,68.55],[-74.12,68.7],[-73.85,68.7],[-73.88,68.43],[-73.64,68.29],[-73.31,68.37],[-72.22,67.25],[-72.36,67.13],[-72.79,67.03],[-73.03,66.73],[-73.28,66.67],[-74.43,66.14],[-74.03,65.88],[-73.75,65.77],[-73.55,65.49],[-74.24,65.48],[-74.39,65.4],[-75.05,65.36],[-75.17,65.28],[-75.71,65.32],[-75.83,65.23],[-76.48,65.37],[-77.33,65.45],[-77.36,65.2],[-77.88,65.07],[-78.1,64.94],[-78.17,64.62],[-77.79,64.37],[-76.86,64.24],[-76.12,64.38],[-75.77,64.39],[-75.72,64.52],[-75.07,64.46],[-74.64,64.56],[-74.92,64.79],[-74.63,64.82],[-74.51,64.67],[-74.13,64.61],[-74.1,64.44],[-73.91,64.58],[-73.27,64.58],[-73.44,64.42],[-72.64,63.99],[-72.45,63.82],[-72.16,63.89],[-72.22,63.71],[-71.73,63.71],[-71.46,63.51],[-71.97,63.43],[-71.62,63.19],[-71.25,63.04],[-70.24,62.76],[-69.55,62.74],[-69.08,62.41],[-68.38,62.24],[-67.44,62.15],[-66.26,61.87],[-66.06,61.91],[-66.13,62.1],[-65.98,62.21],[-66.28,62.3],[-66.64,62.6],[-66.98,62.7],[-67.68,63.09],[-68.14,63.17],[-68.91,63.7],[-68.49,63.73],[-67.72,63.42],[-67.89,63.73],[-67.18,63.31],[-66.64,63.08],[-66.65,63.26],[-66.41,63.03],[-66.22,63.11],[-65.05,62.65],[-65.16,62.93],[-64.67,62.92],[-65.07,63.26],[-65,63.33],[-65.19,63.76],[-64.89,63.55],[-64.7,63.27],[-64.51,63.26],[-64.56,63.68],[-64.41,63.71],[-64.68,64.03],[-65.17,64.03],[-65.35,64.23],[-65.07,64.44],[-65.51,64.53],[-65.27,64.63],[-65.94,64.89],[-66.15,64.73],[-66.22,64.85],[-66.67,64.97],[-67.33,65.36],[-67.12,65.44],[-67.57,65.64],[-67.91,65.56],[-67.87,65.77],[-68.26,65.94],[-68.22,66.08],[-68.75,66.2],[-68.46,66.25],[-67.83,65.97],[-67.55,65.92],[-67.18,66.03],[-67.7,66.27],[-67.87,66.49],[-67.31,66.3],[-67.32,66.52],[-66.79,66.56],[-66.48,66.28],[-65.94,66.13],[-65.83,66],[-65.31,66.01],[-65,66.08],[-64.66,66.29],[-64.45,66.32],[-64.85,66.02],[-65.18,65.94],[-65.4,65.76],[-65.11,65.46],[-64.56,65.12],[-64.27,65.4],[-64.35,65.17],[-64.15,65.07],[-63.9,65.11],[-63.61,64.93],[-63.4,65.12],[-63.34,65.62],[-63.46,65.85],[-63.17,65.66],[-62.66,65.64],[-62.38,65.83],[-62.59,66.03],[-61.99,66.04],[-62.53,66.23],[-62.55,66.41],[-61.86,66.31],[-61.57,66.37],[-61.65,66.5],[-62.12,66.64],[-61.9,66.68],[-61.53,66.56],[-61.3,66.65],[-61.97,67.02],[-62.38,66.91],[-62.96,66.95],[-63.7,66.82],[-63.26,67.02],[-63.04,67.24],[-63.59,67.38],[-63.84,67.26],[-64.36,67.26],[-64.7,67.35],[-64.01,67.35],[-64.08,67.5],[-63.85,67.57],[-64.16,67.62],[-64.64,67.84],[-65.02,67.79],[-64.84,67.99],[-64.98,68.04],[-65.54,67.77],[-65.51,67.97],[-65.97,67.96],[-65.94,68.07],[-66.41,67.9],[-66.21,68.28],[-66.83,68.22],[-67.03,68.33],[-66.71,68.45],[-68.04,68.55],[-68.33,68.73],[-68.87,68.76],[-69.32,68.86],[-68.73,68.81],[-68.32,68.84],[-67.88,68.78],[-67.75,69.04],[-68.42,69.17],[-69.04,69.1],[-68.41,69.23],[-67.94,69.25],[-67.48,69.17],[-66.8,69.15],[-66.77,69.34],[-67.36,69.47],[-68.06,69.48],[-68.51,69.58],[-69.25,69.51],[-68.11,69.75],[-67.22,69.73],[-67.36,70.03],[-67.86,70.28],[-68.12,70.31],[-68.74,69.94],[-69.01,69.98],[-68.72,70.15],[-68.92,70.21],[-70.06,70.07],[-69.3,70.28],[-68.79,70.32],[-68.36,70.48],[-68.5,70.61],[-69.17,70.76],[-69.95,70.85],[-70.56,70.74],[-70.98,70.58],[-71.43,70.13],[-71.28,70.5],[-71.59,70.57],[-71.02,70.67],[-70.66,70.87],[-70.79,71.1],[-71.19,70.98],[-72.01,71.01],[-72.31,70.83],[-72.63,70.83],[-71.86,71.1],[-71.5,71.11],[-71.26,71.36],[-71.64,71.52],[-72.9,71.68],[-73.28,71.54],[-73.18,71.28],[-73.71,71.59],[-74.2,71.4],[-73.71,71.72],[-74.4,71.67],[-74.84,71.41],[-74.7,71.68],[-74.89,71.73],[-74.32,71.84],[-74.29,72.05],[-74.9,72.1],[-75.6,71.92],[-75.05,72.23],[-75.19,72.43],[-75.7,72.57],[-76.19,72.57],[-76.89,72.72],[-77.57,72.74],[-78.35,72.6],[-78.29,72.36],[-77.54,72.22],[-77.73,72.18],[-78.7,72.35],[-78.86,72.1],[-78.59,71.88],[-79.01,72.04],[-79,72.27],[-79.32,72.39],[-79.65,72.33],[-80.04,72.39],[-80.12,72.21],[-80.8,71.93],[-80.69,72.1],[-80.94,72.21],[-80.6,72.43],[-81.23,72.31],[-80.27,72.75],[-80.59,72.93],[-80.68,73.17],[-81.15,73.31],[-81.41,73.63],[-81.95,73.73],[-82.66,73.73],[-83.73,73.58],[-83.78,73.42],[-84.42,73.46],[-85.02,73.34],[-85.38,73.05],[-84.27,72.84],[-85.26,72.95],[-85.64,72.77],[-85.34,72.42],[-84.62,72.38],[-84.84,72.31],[-84.35,72.05],[-85.02,72.22],[-85.41,72.21],[-85.91,71.99],[-85.25,71.68],[-84.66,71.59],[-84.87,71],[-85.09,71.15],[-85.64,71.15],[-86.59,71.01]]]},"properties":{"scalerank":0,"featurecla":"Land","min_zoom":0}},
{"type":"Feature","geometry":{"type":"Polygon","coordinates":[[[-69.49,83.02],[-69.97,83.12],[-71.42,83.02],[-72.81,83.08],[-73.44,82.9],[-73.27,82.77],[-74.41,83.01],[-77.12,83.01],[-75.57,82.61],[-76.01,82.54],[-77.48,82.88],[-80.15,82.91],[-78.75,82.68],[-81.01,82.78],[-80.81,82.59],[-82.12,82.63],[-81.68,82.52],[-82.45,82.43],[-82,82.28],[-80.13,82.03],[-79.42,81.85],[-82.64,82.25],[-83.01,82.14],[-83.59,82.33],[-84.9,82.45],[-86.58,82.19],[-85.04,81.98],[-86.63,82.05],[-87.02,81.96],[-87.64,82.09],[-88.57,82.06],[-89.38,81.92],[-90.49,81.88],[-91.65,81.68],[-91.4,81.58],[-90.63,81.66],[-89.85,81.61],[-90.3,81.4],[-88.48,81.56],[-89.95,81.17],[-89.62,81.03],[-87.28,81.08],[-85.21,81.29],[-85.08,81.25],[-86.48,81.04],[-88.41,81],[-89.26,80.91],[-88.92,80.81],[-87.33,80.67],[-85.78,81.04],[-83.29,81.15],[-85.25,80.99],[-86.6,80.66],[-86.25,80.57],[-85.31,80.53],[-84.08,80.56],[-83.4,80.71],[-82.22,80.77],[-82.88,80.58],[-81.01,80.65],[-79.61,80.88],[-79.31,81.09],[-77.97,81.33],[-76.89,81.43],[-78.29,81.17],[-78.55,80.92],[-76.85,80.88],[-78.39,80.78],[-79.63,80.65],[-80.05,80.53],[-82.54,80.38],[-82.96,80.28],[-81.01,79.69],[-81.86,79.72],[-83.72,80.23],[-86.31,80.32],[-86.61,80.12],[-86.42,79.85],[-86.03,79.72],[-85.09,79.61],[-84.2,79.23],[-83.58,79.05],[-84.53,79.1],[-84.32,78.98],[-82.44,78.9],[-83.27,78.77],[-85,78.91],[-86.81,78.77],[-87.49,78.42],[-87.55,78.18],[-86.91,78.13],[-85.92,78.34],[-86.22,78.08],[-85.59,78.11],[-85.02,78.31],[-84.62,78.2],[-85.55,77.93],[-85.29,77.56],[-83.78,77.53],[-82.7,77.96],[-82.9,77.73],[-83.61,77.44],[-84.74,77.36],[-85.59,77.46],[-86.17,77.75],[-87.02,77.89],[-88.09,77.72],[-87.78,77.49],[-86.85,77.17],[-88.4,77.1],[-89.5,76.83],[-89.57,76.49],[-88.4,76.41],[-86.68,76.38],[-86.45,76.58],[-86.12,76.43],[-85.14,76.3],[-84.28,76.36],[-84.22,76.68],[-83.89,76.45],[-82.23,76.47],[-82.53,76.72],[-81.59,76.48],[-81.17,76.51],[-80.69,76.18],[-79.51,76.31],[-78.28,76.57],[-77.98,76.75],[-78.29,76.98],[-78.79,76.88],[-79.22,76.94],[-79.34,77.16],[-80.22,77.15],[-81.12,77.27],[-81.84,77.21],[-82.06,77.3],[-81.28,77.37],[-81.66,77.53],[-80.57,77.31],[-78.87,77.33],[-78.08,77.52],[-78.01,77.95],[-76.97,77.93],[-75.87,78.01],[-75.19,78.33],[-76.42,78.51],[-74.88,78.54],[-74.43,78.72],[-75.1,78.86],[-75.8,78.89],[-76.26,79.01],[-77.88,78.94],[-78.58,79.08],[-77.4,79.06],[-75.91,79.12],[-75.23,79.04],[-74.53,79.05],[-74.48,79.23],[-75.09,79.2],[-76.12,79.33],[-76.9,79.51],[-75.26,79.42],[-73.29,79.52],[-73.47,79.76],[-74.66,79.84],[-74.14,79.88],[-72.44,79.69],[-71.39,79.76],[-71.36,79.91],[-70.76,80],[-70.88,80.12],[-72.06,80.11],[-70.26,80.23],[-70.67,80.51],[-69.73,80.37],[-68.63,80.68],[-65.48,81.28],[-64.78,81.49],[-65.74,81.49],[-68.32,81.26],[-68.69,81.29],[-66.91,81.49],[-66.63,81.62],[-64.57,81.73],[-62.18,82.04],[-61.27,82.28],[-61.48,82.47],[-63.09,82.57],[-63.64,82.81],[-64.5,82.78],[-64.9,82.9],[-67.4,82.67],[-68.36,82.68],[-66.84,82.82],[-66.59,82.94],[-69.49,83.02]]]},"properties":{"scalerank":0,"featurecla":"Land","min_zoom":0}},
{"type":"Feature","geometry":{"type":"Polygon","coordinates":[[[-94.31,71.76],[-94.56,71.98],[-95.2,71.9],[-95.87,71.57],[-95.41,71.49],[-95.56,71.34],[-95.99,71.41],[-96.41,71.27],[-96.55,70.81],[-96.19,70.64],[-95.91,70.7],[-95.88,70.55],[-96.23,70.54],[-96.55,70.33],[-96.49,70.12],[-96.05,69.83],[-94.82,69.58],[-94.63,69.65],[-94.27,69.46],[-93.65,69.52],[-93.43,69.38],[-93.75,69.23],[-93.62,69.42],[-94.25,69.31],[-94.08,69.14],[-94.56,68.91],[-94.48,68.74],[-94.06,68.78],[-93.9,68.98],[-93.68,68.89],[-93.64,68.63],[-94.86,68.04],[-95.46,68.02],[-95.65,67.74],[-95.46,67.61],[-95.26,67.26],[-95.35,66.98],[-95.97,66.95],[-95.89,66.74],[-96.36,66.99],[-95.77,66.97],[-95.42,67.01],[-95.42,67.16],[-95.78,67.18],[-95.72,67.32],[-96.14,67.27],[-96.37,67.55],[-96.2,67.72],[-95.97,68.25],[-96.73,68.06],[-96.43,68.31],[-96.98,68.26],[-97.41,68.5],[-97.94,68.51],[-97.79,68.39],[-98.22,68.32],[-98.65,68.36],[-98.44,68.06],[-98.11,67.9],[-97.74,67.98],[-97.21,67.86],[-97.16,67.73],[-97.45,67.62],[-97.93,67.71],[-98.63,68.07],[-98.7,67.97],[-98.41,67.81],[-99.15,67.72],[-99.77,67.81],[-100.46,67.84],[-101.55,67.69],[-102.32,67.74],[-102.84,67.85],[-103.47,68.12],[-104.19,68.03],[-104.49,68.06],[-104.65,68.23],[-105.19,68.33],[-105.43,68.46],[-105.54,68.72],[-105.8,68.86],[-106.16,68.92],[-107.44,68.69],[-108.31,68.61],[-108.69,68.28],[-108.26,68.15],[-107.73,68.17],[-107.62,68.33],[-107.15,68.3],[-106.61,68.36],[-106.46,68.52],[-105.93,68.64],[-105.78,68.53],[-106.4,68.32],[-106.42,68.2],[-107.76,68.03],[-107.97,67.73],[-107.65,67.51],[-107.64,67.38],[-107.16,66.88],[-107.63,67],[-107.71,66.74],[-107.28,66.42],[-108.5,67.09],[-108.22,67.05],[-107.93,67.13],[-107.99,67.26],[-108.59,67.59],[-108.82,67.44],[-109.08,67.71],[-109.63,67.73],[-110.1,67.99],[-110.8,67.83],[-112.44,67.68],[-113.89,67.71],[-115.13,67.82],[-115.43,67.9],[-115.13,68.13],[-114.77,68.27],[-114.1,68.27],[-113.96,68.4],[-114.41,68.66],[-114.99,68.85],[-115.63,68.97],[-116.25,68.96],[-116.06,68.84],[-117.31,68.93],[-118.1,69.04],[-118.87,69.26],[-119.85,69.34],[-120.29,69.42],[-120.96,69.66],[-121.53,69.78],[-122.07,69.82],[-123.03,69.81],[-123.21,69.54],[-123.61,69.38],[-124.43,69.38],[-124.12,69.69],[-124.41,69.77],[-124.44,70.11],[-124.99,70.03],[-124.77,69.99],[-125.2,69.83],[-125.36,69.63],[-125.17,69.43],[-125.39,69.35],[-126.06,69.47],[-126.61,69.73],[-127.14,70.24],[-127.99,70.57],[-128.17,70.42],[-127.68,70.26],[-128.28,70.11],[-128.39,69.96],[-128.97,69.71],[-129.11,69.88],[-130.35,69.66],[-130.97,69.21],[-131.01,69.43],[-131.79,69.43],[-131.92,69.29],[-132.72,69.08],[-132.71,68.81],[-133.38,68.89],[-132.69,69.26],[-132.33,69.31],[-131.86,69.55],[-130.96,69.63],[-129.65,70],[-129.73,70.19],[-129.94,70.09],[-130.5,70.14],[-130.93,70.05],[-131.14,69.91],[-131.44,69.92],[-132.16,69.7],[-132.84,69.65],[-133.16,69.43],[-134.17,69.25],[-133.9,69.53],[-134.41,69.68],[-134.49,69.47],[-135.14,69.47],[-135.29,69.31],[-135.69,69.31],[-135.91,69.11],[-135.59,69.01],[-135.88,68.92],[-135.41,68.83],[-135.36,68.7],[-136.12,68.88],[-136.72,68.89],[-137.26,68.96],[-138.13,69.15],[-139.18,69.52],[-139.98,69.62],[-140.41,69.6],[-141.41,69.65],[-141.7,69.77],[-142.3,69.87],[-142.71,70.03],[-143.22,70.12],[-144.42,70.04],[-144.62,69.98],[-145.2,70.01],[-145.82,70.16],[-147.06,70.17],[-147.71,70.22],[-148.25,70.36],[-149.27,70.5],[-149.87,70.51],[-150.15,70.44],[-150.66,70.51],[-151.22,70.42],[-151.94,70.45],[-151.77,70.56],[-152.17,70.56],[-152.47,70.65],[-152.23,70.81],[-153.23,70.93],[-154.2,70.8],[-154.79,70.89],[-154.67,70.99],[-155.17,71.1],[-155.87,70.83],[-156.15,70.93],[-155.58,71.12],[-156.47,71.29],[-156.47,71.41],[-157.2,71.09],[-158,70.85],[-159,70.8],[-159.31,70.88],[-160.08,70.63],[-159.75,70.53],[-159.87,70.28],[-160.1,70.33],[-159.96,70.57],[-160.12,70.59],[-161,70.3],[-162.07,70.16],[-161.88,70.33],[-162.95,69.76],[-163.16,69.39],[-163.87,69.04],[-164.3,68.94],[-165.51,68.87],[-166.21,68.89],[-166.38,68.43],[-166.79,68.36],[-166.24,68.28],[-165.96,68.16],[-165.39,68.05],[-164.13,67.61],[-163.72,67.2],[-163.53,67.1],[-163,67.03],[-161.97,67.05],[-161.62,66.98],[-161.86,66.7],[-161.4,66.55],[-160.86,66.67],[-160.26,66.57],[-160.23,66.42],[-160.65,66.37],[-161.05,66.47],[-161.59,66.46],[-161.91,66.56],[-162.02,66.78],[-162.36,66.95],[-162.61,66.89],[-162.47,66.74],[-162.19,66.69],[-161.83,66.37],[-161.54,66.41],[-161.12,66.33],[-161.03,66.19],[-161.46,66.28],[-161.82,66.05],[-162.59,66.05],[-162.89,66.1],[-163.7,66.08],[-164.03,66.22],[-163.73,66.62],[-164.46,66.59],[-165.06,66.44],[-165.45,66.41],[-165.84,66.25],[-165.72,66.11],[-166.21,66.17],[-166.75,66.05],[-167.07,65.88],[-168.09,65.66],[-167.99,65.57],[-167.4,65.42],[-166.2,65.31],[-166.53,65.15],[-166.93,65.16],[-166.42,64.93],[-166.48,64.73],[-166.14,64.58],[-164.9,64.46],[-164.3,64.58],[-163.71,64.59],[-163.14,64.42],[-162.88,64.52],[-162.81,64.37],[-162.17,64.68],[-161.76,64.82],[-161.47,64.79],[-161.19,64.92],[-160.89,64.8],[-160.93,64.58],[-161.41,64.53],[-160.99,64.25],[-160.78,63.82],[-161.1,63.56],[-161.51,63.47],[-161.97,63.45],[-162.28,63.53],[-162.62,63.27],[-163.06,63.08],[-163.36,63.05],[-164.11,63.26],[-164.53,63.13],[-164.85,62.8],[-164.78,62.48],[-165.19,62.47],[-165.71,62.1],[-165.61,61.87],[-165.99,61.83],[-165.81,61.7],[-166.17,61.65],[-166.09,61.51],[-165.8,61.49],[-165.91,61.4],[-165.69,61.3],[-165.57,61.1],[-165.39,61.21],[-164.88,61.09],[-165.18,60.97],[-164.44,60.87],[-163.99,60.86],[-163.75,60.97],[-163.59,60.9],[-163.91,60.85],[-163.42,60.76],[-163.73,60.59],[-164,60.77],[-164.37,60.59],[-164.27,60.72],[-164.81,60.89],[-165.35,60.54],[-165.03,60.5],[-165.06,60.41],[-164.66,60.3],[-164.13,59.99],[-163.91,59.81],[-163.22,59.85],[-162.57,59.99],[-162.5,60.13],[-162.68,60.27],[-162.14,60.69],[-162.42,60.28],[-162.24,60.18],[-161.83,59.59],[-162.02,59.28],[-161.79,59.02],[-161.72,58.79],[-162.14,58.64],[-161.76,58.61],[-161.36,58.67],[-161.22,58.8],[-160.82,58.87],[-160.36,59.05],[-159.92,58.82],[-159.67,58.91],[-159.36,58.72],[-159.08,58.47],[-158.79,58.44],[-158.86,58.72],[-158.78,58.9],[-158.42,59.09],[-158.08,58.98],[-158.43,59],[-158.5,58.85],[-158.3,58.64],[-158.02,58.64],[-157.14,58.88],[-156.81,59.13],[-157.04,58.77],[-157.52,58.42],[-157.49,58.25],[-157.19,58.19],[-157.56,58.14],[-157.68,57.64],[-157.46,57.51],[-157.74,57.55],[-158.32,57.3],[-158.66,57.04],[-158.68,56.79],[-158.99,56.86],[-159.28,56.69],[-159.79,56.56],[-160.3,56.31],[-160.53,55.97],[-160.27,55.83],[-160.76,55.85],[-160.85,55.77],[-161.01,55.89],[-160.9,55.99],[-161.22,56.02],[-161.7,55.91],[-162.16,55.72],[-162.91,55.2],[-163.28,55.12],[-163.34,54.84],[-163.1,54.97],[-162.67,55],[-162.54,55.24],[-162.33,55.05],[-162.07,55.14],[-161.74,55.39],[-161.68,55.53],[-161.46,55.63],[-161.48,55.4],[-161.1,55.41],[-160.9,55.51],[-160.5,55.54],[-159.96,55.79],[-159.74,55.84],[-159.66,55.63],[-159.52,55.81],[-158.79,55.99],[-158.59,56.18],[-158.5,56.06],[-158.28,56.2],[-158.54,56.34],[-158.41,56.44],[-158.07,56.51],[-157.87,56.65],[-157.61,56.63],[-157.39,56.81],[-157.14,56.83],[-156.78,57.01],[-156.63,57.01],[-156.4,57.24],[-156.48,57.33],[-156,57.54],[-155.78,57.57],[-155.59,57.73],[-155.31,57.81],[-155.01,58.02],[-154.58,58.06],[-154.25,58.16],[-154.02,58.49],[-153.62,58.65],[-153.33,58.88],[-153.66,59.04],[-154.18,59.16],[-154.09,59.36],[-153.81,59.47],[-153.41,59.74],[-153.38,59.67],[-153.05,59.73],[-153.21,59.84],[-152.76,59.92],[-152.66,60.13],[-153.03,60.29],[-152.65,60.24],[-152.26,60.41],[-152.27,60.53],[-151.75,60.75],[-151.73,60.91],[-151.15,61.09],[-150.61,61.3],[-150.47,61.26],[-149.95,61.29],[-149.7,61.47],[-149.6,61.42],[-150.05,61.17],[-149.59,60.99],[-149.08,60.88],[-149.63,60.95],[-150.11,60.93],[-150.44,61.02],[-151.32,60.74],[-151.31,60.47],[-151.45,60.2],[-151.73,59.99],[-151.85,59.78],[-151.76,59.7],[-151.4,59.66],[-151.09,59.79],[-151.4,59.52],[-151.85,59.41],[-151.96,59.29],[-151.74,59.19],[-151.18,59.3],[-150.93,59.25],[-150.61,59.56],[-150.2,59.57],[-149.8,59.74],[-149.71,59.92],[-149.6,59.77],[-149.4,60.11],[-148.84,59.95],[-148.43,59.99],[-148.2,60.17],[-148.2,60.36],[-147.96,60.48],[-148.34,60.57],[-148.27,60.7],[-148.56,60.8],[-148.34,60.85],[-148.21,61.03],[-147.75,61.22],[-148.01,60.97],[-147.89,60.89],[-147.57,60.99],[-147.39,60.92],[-146.98,60.98],[-146.58,61.13],[-146.64,60.9],[-146.15,60.66],[-145.67,60.65],[-145.9,60.48],[-145.25,60.38],[-144.69,60.67],[-144.9,60.34],[-144.19,60.15],[-144.15,60.02],[-143.81,60.01],[-142.95,60.1],[-142.55,60.09],[-141.67,59.97],[-141.33,60.08],[-141.41,59.9],[-140.84,59.75],[-140.22,59.73],[-139.85,59.83],[-139.52,60.02],[-139.18,59.84],[-139.29,59.61],[-139.33,59.88],[-139.58,59.85],[-139.51,59.73],[-139.8,59.55],[-139.34,59.38],[-138.35,59.09],[-138.03,58.94],[-137.54,58.58],[-136.58,58.25],[-136.46,58.33],[-136.13,58.35],[-136.06,58.45],[-136.41,58.7],[-136.88,58.88],[-136.99,59.03],[-136.15,58.79],[-136.15,59.05],[-135.86,58.58],[-135.87,58.39],[-135.57,58.41],[-135.3,58.26],[-135.05,58.31],[-135.5,59.2],[-135.36,59.42],[-135.13,58.84],[-134.66,58.38],[-134.21,58.23],[-134.05,58.29],[-134.03,58.07],[-133.74,57.85],[-133.56,57.92],[-133.52,57.78],[-133.12,57.57],[-133.55,57.7],[-133.44,57.34],[-133.47,57.17],[-132.91,57.05],[-132.8,56.9],[-132.49,56.77],[-132.18,56.42],[-131.84,56.23],[-131.84,56.16],[-132.22,55.72],[-131.98,55.54],[-131.78,55.88],[-131.03,56.09],[-131.14,56],[-130.92,55.74],[-130.84,55.33],[-131.05,55.16],[-130.85,54.81],[-130.54,54.75],[-130.2,54.95],[-130.22,55.06],[-130.04,55.3],[-130.15,55.65],[-129.99,55.36],[-130.05,55.06],[-129.84,55.32],[-129.8,55.56],[-129.56,55.46],[-129.89,55.16],[-130.22,54.73],[-130.37,54.62],[-130.43,54.42],[-130.08,54.18],[-129.63,54.23],[-130.04,54.13],[-130.09,53.98],[-130.34,53.72],[-129.91,53.55],[-129.82,53.41],[-129.56,53.25],[-129.28,53.39],[-129.21,53.64],[-128.96,53.84],[-128.7,53.92],[-128.68,53.55],[-128.54,53.42],[-128.91,53.56],[-128.85,53.7],[-129.11,53.64],[-129.08,53.37],[-128.65,53.24],[-128.52,53.14],[-128.37,52.83],[-128.11,52.91],[-128.27,52.36],[-128.04,52.53],[-128.04,52.32],[-128.36,52.16],[-128.1,51.79],[-127.79,52.29],[-127.52,52.36],[-126.95,52.72],[-127.21,52.5],[-127.13,52.37],[-127.44,52.36],[-127.8,52.19],[-127.86,51.99],[-127.73,51.99],[-127.87,51.78],[-127.82,51.6],[-127.64,51.48],[-127.34,51.71],[-126.69,51.7],[-127.28,51.65],[-127.63,51.43],[-127.71,51.15],[-127.44,50.99],[-127.06,50.87],[-126.63,50.92],[-126.52,51.06],[-126.52,50.87],[-126.37,50.84],[-126.52,50.72],[-126.37,50.67],[-125.9,50.68],[-126.42,50.61],[-126.45,50.55],[-125.97,50.49],[-125.61,50.49],[-125.54,50.65],[-125.48,50.5],[-125.06,50.51],[-124.88,50.83],[-124.86,50.64],[-125.06,50.42],[-124.78,50.02],[-124.48,49.81],[-124.14,49.79],[-123.9,49.98],[-123.82,49.59],[-123.99,49.74],[-124.03,49.6],[-123.86,49.48],[-123.53,49.4],[-123.34,49.46],[-123.19,49.68],[-123.28,49.34],[-122.96,49.33],[-123.23,49.26],[-123.08,49.13],[-123.06,48.98],[-122.92,49.07],[-122.79,48.99],[-122.65,48.76],[-122.55,48.76],[-122.5,48.51],[-122.67,48.47],[-122.4,48.27],[-122.52,48.23],[-122.24,48.01],[-122.39,47.82],[-122.35,47.37],[-122.7,47.11],[-123.03,47.14],[-122.92,47.29],[-122.83,47.34],[-122.58,47.29],[-122.59,47.53],[-122.68,47.61],[-122.52,47.77],[-122.53,47.92],[-122.76,47.7],[-123.13,47.44],[-122.82,47.79],[-122.66,47.88],[-122.78,48.14],[-123.02,48.08],[-123.98,48.17],[-124.71,48.38],[-124.62,47.9],[-124.38,47.66],[-124.31,47.4],[-124.11,47.04],[-123.84,46.96],[-124.11,46.86],[-123.89,46.66],[-123.95,46.43],[-124.04,46.61],[-124.07,46.28],[-123.46,46.27],[-123.22,46.15],[-123.52,46.22],[-123.91,46.18],[-123.96,45.84],[-123.93,45.58],[-124.06,44.78],[-124.05,44.43],[-124.1,44.33],[-124.15,43.69],[-124.35,43.34],[-124.54,42.81],[-124.41,42.58],[-124.36,42.12],[-124.21,41.98],[-124.24,41.79],[-124.12,41.62],[-124.07,41.38],[-124.13,40.97],[-124.37,40.49],[-124.32,40.25],[-123.88,39.86],[-123.78,39.62],[-123.82,39.37],[-123.7,38.91],[-123.29,38.54],[-123.12,38.45],[-122.93,38.06],[-122.52,37.83],[-122.48,38.11],[-122.15,38.07],[-122.03,38.12],[-121.72,38.03],[-122.22,38.04],[-122.39,37.96],[-122.07,37.48],[-122.37,37.66],[-122.38,37.79],[-122.51,37.77],[-122.5,37.54],[-122.39,37.21],[-122.16,36.99],[-121.88,36.94],[-121.79,36.73],[-121.92,36.57],[-121.88,36.33],[-121.66,36.15],[-121.34,35.79],[-120.86,35.37],[-120.86,35.21],[-120.63,35.08],[-120.64,34.58],[-120.48,34.47],[-120.05,34.47],[-119.61,34.42],[-119.27,34.26],[-119.14,34.11],[-118.83,34.02],[-118.51,34.02],[-118.39,33.86],[-118.41,33.74],[-118.08,33.72],[-117.47,33.3],[-117.32,33.1],[-117.24,32.66],[-117.14,32.65],[-117.06,32.34],[-116.91,32.2],[-116.85,32],[-116.62,31.85],[-116.66,31.56],[-116.33,31.2],[-116.3,30.97],[-116.06,30.8],[-116,30.41],[-115.82,30.3],[-115.81,29.96],[-115.67,29.76],[-115.17,29.43],[-114.99,29.38],[-114.66,29.09],[-114.31,28.73],[-114.15,28.61],[-114.05,28.43],[-114.09,28.22],[-114.27,27.93],[-114.16,27.92],[-114.14,27.67],[-114.3,27.78],[-114.3,27.87],[-114.57,27.78],[-115.04,27.84],[-114.99,27.74],[-114.54,27.43],[-114.45,27.22],[-114.11,27.11],[-114,26.99],[-113.84,26.97],[-113.6,26.72],[-113.27,26.79],[-113.16,26.95],[-113.12,26.72],[-113.02,26.58],[-112.66,26.32],[-112.38,26.21],[-112.17,25.91],[-112.06,25.49],[-112.13,25.04],[-112.07,24.84],[-111.85,24.67],[-111.8,24.54],[-111.68,24.56],[-111.42,24.33],[-111.04,24.11],[-110.63,23.74],[-110.36,23.6],[-110.18,23.34],[-110.09,23.01],[-109.92,22.89],[-109.73,22.98],[-109.46,23.21],[-109.42,23.48],[-109.51,23.6],[-109.68,23.66],[-109.71,23.8],[-110.02,24.17],[-110.26,24.34],[-110.37,24.1],[-110.66,24.34],[-110.73,24.59],[-110.68,24.79],[-110.76,24.99],[-110.89,25.14],[-111.03,25.53],[-111.15,25.57],[-111.29,25.79],[-111.33,26.13],[-111.55,26.58],[-111.57,26.71],[-111.8,26.88],[-111.82,26.76],[-111.7,26.58],[-111.86,26.68],[-111.88,26.84],[-112.01,26.97],[-112,27.08],[-112.19,27.19],[-112.33,27.52],[-112.73,27.83],[-112.8,28.21],[-112.87,28.42],[-113.09,28.51],[-113.21,28.8],[-113.38,28.95],[-113.5,28.93],[-113.55,29.1],[-113.76,29.37],[-114.18,29.73],[-114.37,29.83],[-114.55,30.02],[-114.65,30.24],[-114.63,30.51],[-114.76,30.96],[-114.88,31.16],[-114.85,31.54],[-114.79,31.65],[-114.93,31.9],[-114.55,31.73],[-114.15,31.51],[-113.95,31.63],[-113.63,31.47],[-113.62,31.35],[-113.05,31.18],[-113.11,31.08],[-113.11,30.79],[-112.82,30.3],[-112.74,29.99],[-112.41,29.54],[-112.38,29.35],[-112.22,29.27],[-112.16,29.02],[-111.94,28.82],[-111.68,28.47],[-111.47,28.38],[-111.28,28.12],[-111.12,27.97],[-110.92,27.89],[-110.53,27.86],[-110.62,27.65],[-110.48,27.32],[-110.28,27.16],[-109.94,27.08],[-109.89,26.88],[-109.75,26.7],[-109.48,26.71],[-109.28,26.53],[-109.2,26.31],[-109.43,26.03],[-109.38,25.73],[-109.2,25.59],[-108.89,25.73],[-109.03,25.48],[-108.79,25.54],[-108.75,25.42],[-108.37,25.19],[-108.04,25.04],[-108.21,24.97],[-108.02,24.78],[-107.95,24.61],[-107.82,24.54],[-107.51,24.49],[-107.53,24.36],[-107.76,24.47],[-107.08,24.02],[-106.94,23.88],[-106.57,23.45],[-106.4,23.2],[-105.79,22.63],[-105.65,22.33],[-105.65,21.99],[-105.43,21.62],[-105.21,21.49],[-105.24,21.12],[-105.49,20.78],[-105.33,20.75],[-105.26,20.58],[-105.54,20.5],[-105.67,20.39],[-105.48,19.98],[-105.29,19.71],[-105.11,19.56],[-104.94,19.31],[-104.41,19.09],[-103.91,18.83],[-103.7,18.63],[-103.44,18.33],[-102.7,18.06],[-102.22,17.96],[-101.85,17.92],[-101.6,17.65],[-100.85,17.2],[-100.02,16.92],[-99.69,16.72],[-98.76,16.53],[-98.52,16.3],[-98.14,16.21],[-97.75,15.97],[-97.18,15.91],[-96.81,15.73],[-96.51,15.65],[-96.21,15.69],[-95.77,15.89],[-95.46,15.97],[-95.13,16.18],[-94.79,16.23],[-95.02,16.28],[-94.9,16.42],[-94.79,16.29],[-94.59,16.32],[-94.66,16.2],[-94.47,16.19],[-94,16.02],[-94.43,16.23],[-94.37,16.28],[-93.92,16.05],[-93.73,15.89],[-93.17,15.45],[-92.81,15.14],[-92.26,14.57],[-91.82,14.23],[-91.38,13.99],[-91.15,13.93],[-90.61,13.93],[-90.48,13.9],[-89.97,13.68],[-89.8,13.56],[-89.28,13.48],[-88.87,13.28],[-88.51,13.18],[-88.69,13.28],[-88.18,13.16],[-87.93,13.18],[-87.84,13.39],[-87.49,13.35],[-87.34,12.95],[-87.42,12.92],[-87.54,13.04],[-87.67,12.9],[-87.46,12.76],[-87.13,12.43],[-86.76,12.16],[-86.47,11.74],[-85.96,11.33],[-85.75,11.09],[-85.75,10.99],[-85.91,10.9],[-85.67,10.75],[-85.66,10.64],[-85.83,10.4],[-85.8,10.13],[-85.62,9.9],[-85.31,9.81],[-85.11,9.58],[-84.89,9.82],[-84.96,9.93],[-85.16,10.02],[-85.26,10.26],[-84.71,9.9],[-84.66,9.65],[-84.48,9.53],[-84.22,9.46],[-83.9,9.28],[-83.64,9.04],[-83.61,8.8],[-83.73,8.61],[-83.54,8.45],[-83.29,8.41],[-83.3,8.51],[-83.47,8.71],[-83.16,8.59],[-83.12,8.35],[-82.88,8.07],[-82.87,8.25],[-82.68,8.32],[-82.36,8.27],[-82.24,8.31],[-82.16,8.19],[-81.97,8.22],[-81.73,8.14],[-81.5,7.72],[-81.22,7.62],[-81.16,7.85],[-81.06,7.9],[-81.04,7.71],[-80.85,7.22],[-80.44,7.27],[-80.29,7.43],[-80.01,7.5],[-80.08,7.67],[-80.46,8.08],[-80.37,8.29],[-80.13,8.35],[-79.75,8.6],[-79.82,8.64],[-79.69,8.85],[-79.44,9.01],[-79.09,9],[-78.51,8.63],[-78.41,8.36],[-78.35,8.46],[-78.22,8.4],[-78.1,8.5],[-78.01,8.33],[-77.76,8.13],[-78.05,8.28],[-78.11,8.38],[-78.28,8.25],[-78.25,8.14],[-78.42,8.06],[-78.38,7.9],[-78.17,7.54],[-77.8,7.14],[-77.53,6.69],[-77.44,6.69],[-77.36,6.5],[-77.47,6.18],[-77.25,5.78],[-77.53,5.54],[-77.4,5.42],[-77.34,4.84],[-77.29,4.72],[-77.35,4.4],[-77.52,4.26],[-77.41,4.25],[-77.43,4.06],[-77.36,3.94],[-77.28,4.06],[-77.26,3.89],[-77.08,3.91],[-77.36,3.35],[-77.42,3.34],[-77.56,3.08],[-77.69,3.04],[-77.67,2.88],[-77.81,2.72],[-78.12,2.49],[-78.3,2.51],[-78.53,2.42],[-78.62,2.31],[-78.63,2.06],[-78.55,1.92],[-78.58,1.77],[-78.79,1.85],[-78.96,1.75],[-79.03,1.62],[-78.89,1.52],[-78.83,1.3],[-78.9,1.21],[-79.74,0.98],[-80.09,0.78],[-80.03,0.41],[-80.05,0.16],[-80.13,-0.01],[-80.48,-0.37],[-80.36,-0.63],[-80.46,-0.59],[-80.55,-0.85],[-80.84,-0.97],[-80.9,-1.08],[-80.8,-1.38],[-80.84,-1.63],[-80.76,-1.82],[-80.77,-2.08],[-80.96,-2.19],[-80.84,-2.35],[-80.68,-2.4],[-80.45,-2.63],[-80.28,-2.71],[-80.01,-2.35],[-80.03,-2.56],[-79.88,-2.42],[-79.89,-2.15],[-79.84,-2.07],[-79.82,-2.36],[-79.73,-2.58],[-79.92,-3.09],[-80.03,-3.23],[-80.5,-3.5],[-80.8,-3.73],[-80.89,-3.88],[-81.28,-4.32],[-81.34,-4.67],[-81.11,-5.03],[-81.17,-5.17],[-80.94,-5.48],[-80.88,-5.76],[-80.99,-5.86],[-81.09,-5.81],[-81.18,-5.94],[-81.14,-6.06],[-80.81,-6.28],[-80.11,-6.65],[-79.76,-7.07],[-79.38,-7.84],[-79.01,-8.21],[-78.93,-8.4],[-78.76,-8.62],[-78.75,-8.74],[-78.58,-9.16],[-78.45,-9.37],[-78.19,-10.09],[-77.74,-10.84],[-77.66,-11.02],[-77.63,-11.29],[-77.31,-11.53],[-77.22,-11.66],[-77.15,-12.06],[-76.83,-12.35],[-76.76,-12.53],[-76.56,-12.82],[-76.43,-13.11],[-76.22,-13.37],[-76.18,-13.52],[-76.26,-13.8],[-76.38,-13.86],[-76.3,-13.95],[-76.29,-14.13],[-76.18,-14.23],[-75.93,-14.63],[-75.53,-14.9],[-75.27,-15.18],[-75.1,-15.41],[-74.55,-15.7],[-74.37,-15.83],[-74.15,-15.91],[-73.82,-16.15],[-73.4,-16.3],[-72.79,-16.61],[-72.47,-16.71],[-72.11,-17],[-71.87,-17.15],[-71.53,-17.29],[-71.4,-17.42],[-71.34,-17.68],[-70.94,-17.93],[-70.36,-18.4],[-70.33,-18.83],[-70.28,-19.27],[-70.15,-19.81],[-70.15,-20.23],[-70.2,-20.73],[-70.09,-21.25],[-70.09,-21.49],[-70.23,-22.19],[-70.26,-22.56],[-70.33,-22.85],[-70.45,-23.03],[-70.56,-23.06],[-70.59,-23.37],[-70.39,-23.57],[-70.49,-23.78],[-70.57,-24.64],[-70.45,-25.17],[-70.49,-25.38],[-70.63,-25.55],[-70.71,-25.78],[-70.64,-25.99],[-70.65,-26.33],[-70.9,-27.19],[-70.93,-27.59],[-71.05,-27.73],[-71.15,-28.06],[-71.19,-28.38],[-71.31,-28.67],[-71.52,-28.93],[-71.49,-29.2],[-71.35,-29.35],[-71.32,-29.65],[-71.4,-30.14],[-71.67,-30.33],[-71.71,-30.63],[-71.66,-31.17],[-71.53,-31.81],[-71.51,-32.21],[-71.42,-32.39],[-71.45,-32.66],[-71.59,-32.97],[-71.74,-33.1],[-71.66,-33.65],[-71.83,-33.82],[-72,-34.17],[-72.06,-34.62],[-72.22,-35.1],[-72.39,-35.24],[-72.62,-35.59],[-72.59,-35.76],[-72.78,-35.98],[-72.87,-36.39],[-73.01,-36.64],[-73.12,-36.69],[-73.22,-37.17],[-73.37,-37.22],[-73.6,-37.19],[-73.66,-37.34],[-73.6,-37.48],[-73.66,-37.7],[-73.46,-38.04],[-73.53,-38.37],[-73.48,-38.62],[-73.23,-39.22],[-73.25,-39.42],[-73.41,-39.79],[-73.67,-39.96],[-73.67,-40.08],[-73.92,-40.87],[-73.97,-41.12],[-73.81,-41.52],[-73.62,-41.58],[-73.74,-41.74],[-73.52,-41.8],[-73.24,-41.78],[-73.01,-41.54],[-72.81,-41.54],[-72.67,-41.66],[-72.36,-41.65],[-72.66,-41.74],[-72.82,-41.91],[-72.74,-41.99],[-72.5,-41.98],[-72.43,-42.43],[-72.63,-42.2],[-72.79,-42.3],[-72.63,-42.51],[-72.77,-42.51],[-72.84,-42.81],[-72.76,-43.04],[-72.88,-43.05],[-73.1,-43.46],[-73,-43.63],[-73.07,-43.86],[-73.22,-43.9],[-73.27,-44.17],[-72.83,-44.4],[-72.66,-44.44],[-72.74,-44.73],[-73.08,-44.92],[-73.36,-44.98],[-73.44,-45.24],[-73.23,-45.26],[-72.98,-45.39],[-73.2,-45.35],[-73.55,-45.48],[-73.73,-45.48],[-73.76,-45.7],[-73.59,-45.78],[-73.66,-46.3],[-73.77,-46.5],[-73.94,-46.57],[-73.81,-46.38],[-73.69,-45.86],[-73.88,-45.85],[-73.97,-46.15],[-74.37,-46.25],[-74.08,-46.13],[-73.82,-45.45],[-74.04,-45.42],[-74.16,-45.77],[-74.46,-45.84],[-74.76,-45.82],[-75.07,-45.87],[-75.07,-46],[-74.92,-46.16],[-75.66,-46.61],[-75.71,-46.77],[-75.5,-46.94],[-75.39,-46.86],[-75.48,-46.66],[-75.15,-46.6],[-75.01,-46.74],[-74.69,-46.86],[-74.48,-46.89],[-74.31,-46.79],[-74.15,-46.97],[-74.16,-47.18],[-74.48,-47.43],[-74.13,-47.59],[-74.24,-47.68],[-74.53,-47.57],[-74.65,-47.7],[-74.38,-47.83],[-74.35,-47.94],[-73.94,-47.93],[-73.72,-47.66],[-73.61,-47.99],[-73.38,-48.18],[-73.53,-48.2],[-73.85,-48.04],[-74.58,-48],[-74.58,-48.27],[-74.47,-48.46],[-74.17,-48.43],[-74.34,-48.6],[-74.38,-48.79],[-74.37,-49.4],[-74.22,-49.5],[-74.03,-49.03],[-74.09,-49.43],[-73.89,-49.52],[-73.89,-49.62],[-74.1,-49.56],[-74.29,-49.6],[-74.32,-49.78],[-74.02,-50.02],[-74.33,-49.97],[-74.63,-50.19],[-74.43,-50.35],[-73.95,-50.51],[-74.19,-50.49],[-74.2,-50.61],[-73.98,-50.83],[-73.75,-50.54],[-73.61,-50.63],[-73.74,-50.7],[-73.85,-50.94],[-74.19,-50.78],[-74.37,-50.49],[-74.64,-50.36],[-74.78,-50.47],[-74.69,-50.66],[-75.09,-50.68],[-74.81,-51.06],[-74.33,-51.2],[-74.12,-51.2],[-73.9,-51.33],[-73.93,-51.62],[-74.2,-51.68],[-73.65,-51.86],[-73.52,-52.04],[-73.38,-52.07],[-72.93,-51.86],[-72.6,-51.8],[-72.79,-51.61],[-73.2,-51.48],[-73.13,-51.44],[-72.76,-51.57],[-72.49,-51.76],[-72.62,-51.95],[-72.52,-52.17],[-72.57,-52.33],[-72.7,-51.99],[-72.84,-51.96],[-73.14,-52.13],[-73.53,-52.15],[-73.68,-52.08],[-73.83,-52.23],[-74.3,-52.12],[-74.15,-52.38],[-74.04,-52.4],[-74.01,-52.64],[-73.59,-52.69],[-73.38,-52.6],[-73.24,-52.71],[-73.65,-52.84],[-73.34,-53.05],[-73.12,-53.07],[-73.02,-52.89],[-72.64,-52.53],[-72.44,-52.63],[-72.23,-52.52],[-71.81,-52.54],[-71.51,-52.61],[-71.8,-52.68],[-72.12,-52.65],[-72.45,-52.81],[-72.68,-52.75],[-72.91,-52.94],[-72.92,-53.12],[-73.05,-53.24],[-72.55,-53.46],[-72.46,-53.25],[-72.13,-53.06],[-71.9,-53],[-71.39,-52.76],[-71.16,-52.85],[-71.4,-53.11],[-71.74,-53.23],[-71.79,-53.48],[-71.94,-53.23],[-72.31,-53.25],[-72.38,-53.47],[-72.17,-53.63],[-71.69,-53.8],[-71.3,-53.88],[-71,-53.78],[-70.95,-53.23],[-70.8,-52.77],[-69.56,-52.42],[-69.45,-52.27],[-69.24,-52.21],[-68.44,-52.36],[-68.39,-52.31],[-68.69,-52.01],[-68.92,-51.71],[-69.36,-51.56],[-69.06,-51.55],[-69.03,-51.45],[-69.2,-50.99],[-69.04,-50.5],[-68.94,-50.38],[-68.42,-50.16],[-68.66,-49.94],[-68.67,-49.75],[-68.49,-49.98],[-68.26,-50.1],[-67.91,-49.98],[-67.78,-49.86],[-67.66,-49.34],[-67.68,-49.25],[-67.47,-48.95],[-67.03,-48.63],[-66.39,-48.34],[-65.81,-47.94],[-65.93,-47.83],[-66.17,-47.86],[-65.89,-47.7],[-65.78,-47.57],[-65.74,-47.34],[-65.85,-47.16],[-66,-47.09],[-66.65,-47.05],[-66.78,-47.01],[-67.39,-46.55],[-67.56,-46.35],[-67.56,-45.97],[-67.26,-45.58],[-66.94,-45.26],[-66.59,-45.18],[-66.19,-44.96],[-65.64,-45.01],[-65.7,-44.8],[-65.65,-44.66],[-65.36,-44.48],[-65.24,-44.05],[-65.28,-43.63],[-64.99,-43.29],[-64.72,-43.14],[-64.32,-42.97],[-64.63,-42.91],[-65.03,-42.76],[-64.97,-42.67],[-64.65,-42.53],[-64.32,-42.57],[-64.13,-42.86],[-63.69,-42.81],[-63.62,-42.7],[-63.6,-42.41],[-63.68,-42.19],[-63.8,-42.11],[-64.23,-42.22],[-64.06,-42.27],[-64.1,-42.4],[-64.57,-42.42],[-64.51,-42.27],[-64.9,-42.16],[-65.06,-41.97],[-65.02,-41.57],[-65.15,-41.11],[-65.13,-40.88],[-64.92,-40.73],[-64.85,-40.81],[-64.12,-41.01],[-63.77,-41.15],[-63.21,-41.15],[-62.96,-41.11],[-62.4,-40.89],[-62.25,-40.67],[-62.43,-40.36],[-62.29,-39.9],[-62.13,-39.83],[-62.05,-39.37],[-62.3,-39.24],[-62.3,-38.99],[-62.37,-38.85],[-62.19,-38.81],[-62.07,-38.92],[-61.6,-39],[-61.11,-38.99],[-59.83,-38.84],[-59.01,-38.67],[-58.18,-38.44],[-57.65,-38.17],[-57.55,-38.09],[-57.4,-37.74],[-57.09,-37.45],[-56.67,-36.85],[-56.7,-36.43],[-56.94,-36.35],[-57.26,-36.14],[-57.38,-35.9],[-57.35,-35.72],[-57.16,-35.51],[-57.17,-35.36],[-57.3,-35.19],[-57.76,-34.89],[-58.28,-34.68],[-58.47,-34.46],[-58.53,-34.3],[-58.39,-34.19],[-58.55,-33.66],[-58.42,-33.11],[-58.25,-33.08],[-58.17,-32.96],[-58.2,-32.47],[-58.08,-32.89],[-58.22,-33.13],[-58.36,-33.18],[-58.44,-33.72],[-58.4,-33.91],[-57.96,-34.31],[-57.83,-34.48],[-57.17,-34.45],[-56.86,-34.68],[-56.46,-34.78],[-56.39,-34.86],[-56.12,-34.91],[-55.67,-34.78],[-55.37,-34.81],[-55.24,-34.9],[-54.9,-34.93],[-54.17,-34.67],[-53.79,-34.38],[-53.74,-34.25],[-53.53,-34.02],[-53.42,-33.78],[-52.92,-33.4],[-52.65,-33.14],[-52.51,-32.88],[-52.34,-32.44],[-52.13,-32.17],[-52.19,-31.89],[-52.03,-31.6],[-51.97,-31.38],[-51.46,-31.05],[-51.36,-30.67],[-51.16,-30.36],[-51.28,-30.24],[-51.3,-30.03],[-51.18,-30.21],[-50.93,-30.37],[-50.65,-30.24],[-50.56,-30.25],[-50.58,-30.44],[-50.72,-30.43],[-50.69,-30.7],[-50.94,-30.9],[-50.98,-31.09],[-51.16,-31.12],[-51.17,-31.34],[-51.27,-31.48],[-51.45,-31.56],[-51.68,-31.77],[-51.89,-31.87],[-52.06,-31.83],[-52.04,-32.11],[-51.8,-31.9],[-51.15,-31.48],[-50.92,-31.26],[-50.62,-30.9],[-50.3,-30.43],[-50.03,-29.8],[-49.75,-29.36],[-49.5,-29.08],[-49.27,-28.87],[-48.8,-28.58],[-48.62,-28.08],[-48.64,-27.56],[-48.55,-27.2],[-48.68,-26.7],[-48.65,-26.41],[-48.75,-26.27],[-48.62,-26.18],[-48.55,-25.82],[-48.4,-25.6],[-48.69,-25.49],[-48.48,-25.44],[-48.4,-25.27],[-48.19,-25.31],[-48.2,-25.42],[-47.93,-25.17],[-47.88,-25],[-47.59,-24.78],[-47.14,-24.49],[-46.87,-24.24],[-45.97,-23.8],[-45.66,-23.76],[-45.46,-23.8],[-45.42,-23.69],[-44.95,-23.38],[-44.57,-23.27],[-44.67,-23.21],[-44.64,-23.06],[-44.15,-23.01],[-43.87,-22.91],[-43.68,-23.01],[-43.97,-23.06],[-43.9,-23.1],[-43.22,-22.99],[-43.23,-22.75],[-43.09,-22.72],[-43.08,-22.9],[-42.96,-22.97],[-42.58,-22.94],[-42.04,-22.95],[-41.94,-22.79],[-41.98,-22.58],[-41.71,-22.31],[-41.12,-22.08],[-40.99,-21.92],[-41.05,-21.51],[-40.79,-20.91],[-40.6,-20.78],[-40.4,-20.57],[-40.3,-20.29],[-40.2,-20.21],[-40.14,-19.97],[-40,-19.74],[-39.84,-19.65],[-39.73,-19.45],[-39.7,-19.28],[-39.74,-18.64],[-39.65,-18.25],[-39.49,-17.99],[-39.15,-17.7],[-39.22,-17.32],[-39.13,-16.76],[-38.88,-15.86],[-39,-15.25],[-39.06,-14.65],[-38.94,-14.03],[-39.01,-14.1],[-39.04,-13.76],[-38.99,-13.62],[-39.09,-13.59],[-39.03,-13.37],[-38.84,-13.15],[-38.76,-12.91],[-38.85,-12.79],[-38.69,-12.62],[-38.52,-12.76],[-38.5,-12.96],[-38.4,-12.97],[-38.24,-12.84],[-38.02,-12.59],[-37.69,-12.1],[-37.41,-11.5],[-37.44,-11.39],[-37.32,-11.22],[-37.36,-11.4],[-36.94,-10.82],[-36.77,-10.67],[-36.4,-10.48],[-36.22,-10.23],[-36.05,-10.08],[-35.85,-9.77],[-35.6,-9.54],[-35.34,-9.23],[-35.16,-8.93],[-34.97,-8.41],[-34.83,-7.97],[-34.88,-7.75],[-34.81,-7.29],[-34.83,-7.02],[-34.93,-6.79],[-34.99,-6.39],[-35.1,-6.19],[-35.24,-5.57],[-35.39,-5.25],[-35.55,-5.13],[-35.98,-5.05],[-36.16,-5.09],[-36.59,-5.1],[-36.86,-4.97],[-37.17,-4.91],[-37.3,-4.71],[-37.63,-4.59],[-37.8,-4.4],[-38.05,-4.22],[-38.48,-3.72],[-38.69,-3.65],[-39.01,-3.39],[-39.96,-2.86],[-40.47,-2.8],[-40.88,-2.87],[-41.19,-2.89],[-41.32,-2.94],[-41.64,-2.88],[-41.88,-2.75],[-42,-2.81],[-42.25,-2.79],[-42.59,-2.66],[-42.94,-2.47],[-43.38,-2.38],[-43.46,-2.5],[-43.73,-2.52],[-43.93,-2.58],[-44.19,-2.81],[-44.23,-2.75],[-44.11,-2.49],[-44.31,-2.54],[-44.44,-2.94],[-44.62,-3.14],[-44.72,-3.14],[-44.59,-2.57],[-44.52,-2.41],[-44.38,-2.37],[-44.44,-2.17],[-44.58,-2.23],[-44.66,-2.37],[-44.76,-2.27],[-44.54,-2.05],[-44.65,-1.75],[-44.79,-1.72],[-45.08,-1.47],[-45.18,-1.51],[-45.33,-1.72],[-45.46,-1.36],[-45.64,-1.35],[-46.22,-1.03],[-46.62,-0.97],[-46.81,-0.78],[-47.13,-0.75],[-47.4,-0.63],[-47.42,-0.77],[-47.56,-0.67],[-47.65,-0.72],[-47.81,-0.66],[-47.96,-0.77],[-48.12,-0.74],[-48.45,-1.15],[-48.45,-1.44],[-48.35,-1.48],[-48.46,-1.61],[-48.6,-1.49],[-48.71,-1.49],[-48.99,-1.83],[-49.21,-1.92],[-49.52,-2.6],[-49.55,-2.52],[-49.31,-1.73],[-49.72,-1.93],[-50,-1.83],[-50.4,-2.02],[-50.69,-1.76],[-50.68,-1.64],[-50.79,-1.49],[-50.84,-1.23],[-50.92,-1.12],[-50.89,-0.94],[-51.3,-1.22],[-51.65,-1.39],[-51.95,-1.59],[-52.2,-1.64],[-52.31,-1.56],[-52.66,-1.55],[-52.23,-1.36],[-52.02,-1.4],[-51.92,-1.18],[-51.72,-1.02],[-51.7,-0.76],[-51.4,-0.39],[-51.28,-0.09],[-51.1,-0.03],[-50.97,0.13],[-50.82,0.17],[-50.58,0.42],[-50.46,0.64],[-50.29,0.84],[-49.9,1.16],[-49.88,1.42],[-49.96,1.66],[-50.19,1.79],[-50.46,1.83],[-50.68,2.21],[-51.05,3.28],[-51.08,3.67],[-51.22,4.09],[-51.33,4.22],[-51.55,4.31],[-51.65,4.06],[-51.67,4.23],[-51.79,4.57],[-51.88,4.63],[-51.93,4.44],[-52.06,4.72],[-52.22,4.86],[-52.32,4.77],[-52.29,4.94],[-52.45,5.02],[-52.76,5.27],[-52.9,5.43],[-53.27,5.54],[-53.45,5.56],[-53.85,5.78],[-54.05,5.61],[-54.05,5.81],[-54.36,5.91],[-54.83,5.99],[-55.15,5.99],[-55.38,5.95],[-55.83,5.96],[-55.94,5.8],[-56.47,5.94],[-56.97,5.99],[-57.06,5.94],[-57.21,5.56],[-57.17,5.89],[-57.19,6.1],[-57.34,6.27],[-57.54,6.33],[-57.61,6.45],[-57.98,6.79],[-58.3,6.88],[-58.41,6.85],[-58.61,6.5],[-58.58,6.84],[-58.48,7.04],[-58.48,7.33],[-58.63,7.55],[-59.2,8.07],[-59.67,8.36],[-59.84,8.37],[-59.98,8.53],[-60.34,8.63],[-60.48,8.55],[-60.8,8.59],[-61.3,8.41],[-61.62,8.6],[-61.25,8.6],[-61.12,8.84],[-61.05,9.1],[-60.79,9.36],[-61.01,9.56],[-61.31,9.63],[-61.59,9.89],[-61.83,9.73],[-61.91,9.87],[-62.12,9.98],[-62.32,9.78],[-62.52,10.18],[-62.74,10.06],[-62.66,10.2],[-62.71,10.33],[-62.91,10.53],[-62.69,10.56],[-62.38,10.55],[-62.23,10.63],[-62.04,10.65],[-61.88,10.74],[-62.24,10.7],[-62.7,10.75],[-63.19,10.71],[-63.5,10.64],[-63.87,10.66],[-64.3,10.64],[-64.16,10.58],[-63.86,10.56],[-63.83,10.45],[-64.19,10.46],[-64.85,10.1],[-65.13,10.07],[-65.85,10.26],[-66.09,10.47],[-66.11,10.57],[-66.25,10.63],[-66.99,10.61],[-67.13,10.57],[-67.87,10.47],[-68.14,10.49],[-68.23,10.57],[-68.32,10.81],[-68.27,10.88],[-68.4,11.16],[-68.83,11.43],[-69.23,11.52],[-69.63,11.48],[-69.71,11.56],[-69.83,12],[-70,12.18],[-70.2,12.1],[-70.29,11.89],[-70.19,11.62],[-69.82,11.67],[-69.77,11.54],[-69.89,11.44],[-70.05,11.53],[-70.23,11.37],[-70.55,11.26],[-70.82,11.21],[-71.26,11],[-71.47,10.96],[-71.54,10.78],[-71.39,10.26],[-71.26,10.14],[-71.08,9.83],[-71.05,9.71],[-71.09,9.35],[-71.3,9.13],[-71.54,9.05],[-71.69,9.07],[-71.76,9.34],[-71.98,9.55],[-72.11,9.82],[-71.96,10.11],[-71.66,10.44],[-71.6,10.73],[-71.73,10.99],[-71.64,11.01],[-71.84,11.19],[-71.95,11.41],[-71.96,11.57],[-71.87,11.63],[-71.49,11.72],[-71.14,12.05],[-71.26,12.34],[-71.49,12.43],[-71.71,12.42],[-71.97,12.24],[-72.14,12.19],[-72.28,11.89],[-72.72,11.71],[-73.31,11.3],[-73.8,11.28],[-74.06,11.34],[-74.2,11.27],[-74.22,11.11],[-74.4,10.77],[-74.52,10.86],[-74.45,10.99],[-74.84,11.11],[-75.45,10.61],[-75.55,10.33],[-75.71,10.14],[-75.56,10.24],[-75.68,9.73],[-75.6,9.54],[-75.64,9.45],[-75.91,9.43],[-76.14,9.27],[-76.28,8.99],[-76.69,8.69],[-76.92,8.57],[-76.82,8.46],[-76.74,8],[-76.87,7.92],[-76.85,8.09],[-77.34,8.64],[-77.7,8.89],[-77.83,9.07],[-78.08,9.24],[-78.5,9.41],[-78.93,9.43],[-79.02,9.51],[-79.58,9.6],[-79.86,9.38],[-80.13,9.21],[-80.55,9.08],[-80.84,8.89],[-81.06,8.81],[-81.35,8.78],[-81.55,8.83],[-81.71,9.02],[-81.89,9.14],[-81.78,8.96],[-82.08,8.93],[-82.24,9.03],[-82.2,9.22],[-82.34,9.21],[-82.37,9.43],[-82.61,9.62],[-82.78,9.67],[-83.03,9.99],[-83.12,10.04],[-83.45,10.47],[-83.64,10.92],[-83.83,11.13],[-83.87,11.3],[-83.74,11.57],[-83.65,11.64],[-83.7,11.82],[-83.83,11.86],[-83.77,12.06],[-83.68,12.02],[-83.65,12.29],[-83.75,12.5],[-83.58,12.67],[-83.63,12.46],[-83.51,12.41],[-83.54,12.6],[-83.51,12.94],[-83.57,13.32],[-83.49,13.74],[-83.41,14],[-83.19,14.34],[-83.3,14.8],[-83.16,14.99],[-83.29,15.08],[-83.37,15.24],[-83.65,15.37],[-83.59,15.27],[-83.76,15.22],[-83.93,15.39],[-84.1,15.4],[-83.97,15.52],[-83.78,15.44],[-84.26,15.82],[-84.56,15.8],[-84.65,15.88],[-84.97,15.99],[-85.16,15.92],[-85.48,15.9],[-85.78,16],[-86.36,15.78],[-86.76,15.79],[-86.91,15.76],[-87.29,15.83],[-87.49,15.79],[-87.62,15.91],[-87.87,15.88],[-88.13,15.7],[-88.59,15.95],[-88.6,15.76],[-88.89,15.89],[-88.88,16.02],[-88.7,16.25],[-88.56,16.29],[-88.31,16.63],[-88.26,16.96],[-88.29,17.19],[-88.2,17.52],[-88.27,17.61],[-88.1,18.12],[-88.13,18.35],[-88.35,18.36],[-88.2,18.72],[-88.03,18.84],[-88.06,18.52],[-87.85,18.27],[-87.76,18.45],[-87.5,19.29],[-87.66,19.26],[-87.66,19.35],[-87.48,19.44],[-87.42,19.58],[-87.65,19.55],[-87.69,19.64],[-87.43,19.9],[-87.47,20.1],[-87.22,20.51],[-87.06,20.63],[-86.86,20.89],[-86.77,21.15],[-86.82,21.42],[-87.13,21.62],[-87.37,21.57],[-87.16,21.51],[-87.25,21.45],[-88.13,21.62],[-88.47,21.57],[-88.88,21.41],[-89.82,21.27],[-90.18,21.12],[-90.35,21.01],[-90.48,20.56],[-90.51,19.91],[-90.69,19.73],[-90.74,19.35],[-90.96,19.15],[-91.44,18.89],[-91.28,18.62],[-91.53,18.46],[-91.8,18.47],[-91.94,18.56],[-91.97,18.72],[-92.44,18.68],[-92.71,18.61],[-92.88,18.47],[-93.13,18.42],[-93.55,18.43],[-94.19,18.2],[-94.55,18.17],[-94.8,18.51],[-95.01,18.57],[-95.18,18.7],[-95.82,18.75],[-95.93,18.85],[-95.98,19.05],[-96.29,19.34],[-96.46,19.87],[-96.71,20.19],[-97.12,20.61],[-97.5,21.4],[-97.64,21.6],[-97.75,22.03],[-97.59,21.76],[-97.38,21.57],[-97.41,21.27],[-97.31,21.56],[-97.58,21.81],[-97.76,22.11],[-97.86,22.62],[-97.75,22.94],[-97.77,23.31],[-97.67,24.39],[-97.51,25.01],[-97.22,25.59],[-97.14,26.03],[-97.21,26.07],[-97.4,26.4],[-97.55,26.97],[-97.49,27.24],[-97.69,27.29],[-97.77,27.46],[-97.52,27.31],[-97.44,27.33],[-97.29,27.67],[-97.43,27.84],[-97.17,27.88],[-97.03,28.09],[-97.16,28.14],[-96.81,28.22],[-96.77,28.42],[-96.68,28.34],[-96.42,28.46],[-96.52,28.49],[-96.64,28.71],[-96.45,28.59],[-96.37,28.66],[-96.01,28.63],[-96.23,28.49],[-95.85,28.64],[-95.27,28.96],[-95.14,29.17],[-94.89,29.37],[-95.02,29.7],[-94.74,29.75],[-94.78,29.55],[-94.53,29.55],[-94.75,29.42],[-94.1,29.67],[-93.89,29.69],[-93.95,29.81],[-93.69,29.77],[-93.18,29.78],[-92.67,29.6],[-92.26,29.56],[-92.06,29.62],[-92.14,29.7],[-91.89,29.84],[-91.67,29.75],[-91.51,29.56],[-91.24,29.46],[-91.15,29.32],[-91.29,29.29],[-90.75,29.13],[-90.59,29.27],[-90.38,29.3],[-90.21,29.1],[-90.1,29.18],[-90.05,29.43],[-90.16,29.54],[-89.88,29.46],[-89.79,29.33],[-89.62,29.3],[-89.35,29.07],[-89.16,29.02],[-89.02,29.2],[-89.25,29.33],[-89.51,29.42],[-89.72,29.62],[-89.53,29.77],[-89.35,29.82],[-89.4,30.05],[-89.59,29.92],[-89.82,30.01],[-89.67,30.12],[-89.74,30.17],[-90.18,30.03],[-90.41,30.14],[-90.23,30.38],[-89.59,30.17],[-89.32,30.35],[-88.91,30.42],[-88.69,30.36],[-88.14,30.37],[-88.01,30.69],[-87.92,30.45],[-87.79,30.29],[-88.01,30.23],[-87.62,30.26],[-87.28,30.34],[-87.17,30.54],[-87,30.57],[-86.99,30.43],[-87.2,30.34],[-86.68,30.4],[-86.45,30.5],[-86.24,30.43],[-86.45,30.4],[-86.18,30.33],[-85.76,30.17],[-85.6,30.29],[-85.68,30.12],[-85.35,29.88],[-85.32,29.68],[-84.8,29.77],[-84.55,29.9],[-84.38,29.91],[-84.31,30.06],[-84.04,30.1],[-83.69,29.93],[-83.29,29.45],[-82.77,29.05],[-82.65,28.89],[-82.66,28.49],[-82.84,27.85],[-82.66,27.72],[-82.58,27.96],[-82.4,27.84],[-82.64,27.52],[-82.62,27.4],[-82.44,27.06],[-82.29,26.87],[-82.07,26.89],[-82.04,26.55],[-81.83,26.69],[-81.96,26.49],[-81.87,26.44],[-81.81,26.15],[-81.72,25.98],[-81.36,25.83],[-81.35,25.73],[-81.11,25.37],[-81.11,25.14],[-80.74,25.16],[-80.48,25.23],[-80.37,25.33],[-80.3,25.62],[-80.16,25.88],[-80.04,26.57],[-80.05,26.81],[-80.13,27.08],[-80.23,27.21],[-80.75,28.38],[-80.84,28.76],[-80.69,28.58],[-80.69,28.34],[-80.61,28.52],[-80.61,28.18],[-80.52,28.49],[-80.9,29.05],[-81.25,29.79],[-81.39,30.27],[-81.52,30.87],[-81.44,31.2],[-81.29,31.26],[-81.18,31.53],[-81.2,31.7],[-81.11,31.88],[-80.92,31.94],[-80.85,32.11],[-80.69,32.22],[-80.8,32.36],[-80.65,32.4],[-80.61,32.29],[-80.47,32.42],[-80.63,32.51],[-80.36,32.5],[-80.02,32.62],[-79.23,33.19],[-79.14,33.41],[-78.92,33.66],[-78.58,33.87],[-78.41,33.92],[-78.01,33.91],[-77.95,34.17],[-77.93,33.94],[-77.75,34.28],[-77.13,34.71],[-76.73,34.71],[-76.52,34.78],[-76.36,34.94],[-76.46,34.99],[-76.74,34.94],[-76.9,34.97],[-76.63,35.07],[-76.51,35.27],[-76.97,35.46],[-76.74,35.43],[-76.53,35.51],[-76.49,35.4],[-76.17,35.35],[-75.77,35.65],[-75.77,35.9],[-75.98,35.9],[-76.08,35.69],[-76.07,35.97],[-76.73,35.96],[-76.68,36.08],[-76.48,36.03],[-76.38,36.13],[-76.15,36.15],[-76.15,36.28],[-75.88,36.18],[-75.99,36.47],[-75.95,36.66],[-75.76,36.23],[-76,36.91],[-76.24,36.95],[-76.4,36.89],[-76.63,37.05],[-76.67,37.17],[-77.25,37.33],[-77.01,37.32],[-76.7,37.22],[-76.4,36.99],[-76.28,37.05],[-76.4,37.21],[-76.61,37.32],[-76.26,37.36],[-76.31,37.57],[-76.48,37.63],[-76.93,38.03],[-76.49,37.68],[-76.34,37.68],[-76.26,37.89],[-76.55,38.09],[-76.91,38.2],[-77.05,38.36],[-77.31,38.4],[-77.26,38.6],[-77.02,38.78],[-77.24,38.49],[-77.23,38.41],[-77,38.45],[-76.89,38.29],[-76.45,38.17],[-76.41,38.27],[-76.64,38.45],[-76.39,38.37],[-76.5,38.53],[-76.49,38.95],[-76.56,39.07],[-76.42,39.07],[-76.57,39.27],[-76.42,39.23],[-76.33,39.4],[-76.28,39.32],[-76.1,39.43],[-76.06,39.56],[-75.87,39.51],[-76.24,39.19],[-76.19,38.99],[-76.31,39.01],[-76.17,38.85],[-76.28,38.77],[-76,38.6],[-76.26,38.6],[-76.21,38.36],[-76.05,38.28],[-75.89,38.36],[-75.93,38.17],[-75.8,38.09],[-75.85,37.97],[-75.66,37.95],[-75.89,37.62],[-76,37.26],[-75.93,37.15],[-75.81,37.43],[-75.59,37.56],[-75.6,37.63],[-75.35,38.07],[-75.04,38.5],[-75.19,38.82],[-75.39,39.09],[-75.41,39.28],[-75.57,39.48],[-75.59,39.64],[-75.42,39.79],[-75.52,39.49],[-75.14,39.21],[-74.9,39.15],[-74.95,38.95],[-74.79,39],[-74.6,39.29],[-74.43,39.39],[-74.18,39.73],[-73.96,40.33],[-74,40.45],[-74.24,40.46],[-74.23,40.61],[-73.58,41.02],[-72.92,41.29],[-72.27,41.29],[-71.52,41.38],[-71.44,41.45],[-71.39,41.8],[-71.2,41.64],[-71.17,41.49],[-70.7,41.71],[-70.66,41.53],[-70.4,41.63],[-69.95,41.68],[-69.98,41.96],[-70.11,42.08],[-70,41.83],[-70.3,41.73],[-70.51,41.8],[-70.74,42.23],[-71.05,42.33],[-70.83,42.55],[-70.61,42.62],[-70.83,42.83],[-70.73,43.07],[-70.52,43.35],[-70.2,43.63],[-70.18,43.77],[-69.97,43.86],[-69.81,43.77],[-69.65,43.99],[-69.62,43.88],[-69.07,44.1],[-68.96,44.43],[-68.76,44.57],[-68.81,44.34],[-68.53,44.26],[-68.45,44.51],[-68.12,44.49],[-68.06,44.38],[-67.84,44.58],[-67.65,44.56],[-67.36,44.7],[-67.19,44.68],[-66.99,44.83],[-67.11,44.89],[-67.12,45.17],[-66.87,45.07],[-66.51,45.14],[-66.44,45.1],[-66.11,45.26],[-65.88,45.22],[-65.55,45.34],[-64.9,45.63],[-64.78,45.64],[-64.59,45.81],[-64.31,45.84],[-64.91,45.37],[-64.75,45.32],[-64.6,45.41],[-64.09,45.41],[-63.37,45.36],[-63.75,45.31],[-64.35,45.14],[-64.33,45.31],[-64.9,45.12],[-65.66,44.76],[-65.52,44.73],[-65.87,44.57],[-66.1,44.37],[-66.19,44.14],[-66.13,43.81],[-65.89,43.8],[-65.74,43.56],[-65.34,43.55],[-65.33,43.67],[-65.09,43.73],[-64.86,43.87],[-64.38,44.3],[-64.34,44.44],[-64.17,44.59],[-64.1,44.49],[-64,44.64],[-63.76,44.49],[-63.54,44.54],[-63.6,44.68],[-63.31,44.64],[-62.51,44.84],[-61.57,45.15],[-61.03,45.29],[-61.11,45.35],[-61.46,45.37],[-61.28,45.44],[-61.49,45.69],[-61.66,45.64],[-61.88,45.71],[-61.96,45.87],[-62.48,45.62],[-62.75,45.65],[-62.7,45.74],[-63.11,45.78],[-63.29,45.75],[-63.51,45.87],[-63.7,45.86],[-64.06,46.02],[-63.83,46.11],[-63.92,46.17],[-64.54,46.24],[-64.65,46.36],[-64.73,46.67],[-64.91,46.89],[-64.83,47.06],[-65.19,47.05],[-65.32,47.1],[-64.91,47.37],[-64.85,47.57],[-64.7,47.72],[-65,47.85],[-65.48,47.69],[-65.67,47.7],[-65.85,47.91],[-66.43,48.07],[-66.08,48.1],[-65.93,48.19],[-65.48,48.03],[-65.26,48.02],[-64.76,48.23],[-64.63,48.36],[-64.35,48.42],[-64.25,48.69],[-64.51,48.84],[-64.21,48.81],[-64.26,48.92],[-64.57,49.1],[-64.84,49.19],[-65.52,49.27],[-66.18,49.21],[-66.6,49.13],[-67.56,48.86],[-68.24,48.63],[-68.99,48.28],[-69.47,47.97],[-69.58,47.82],[-70.52,47.03],[-71.26,46.76],[-71.9,46.63],[-72.5,46.35],[-72.73,46.18],[-73.16,46.01],[-73.47,45.63],[-73.56,45.43],[-73.76,45.4],[-74.05,45.24],[-74.71,45],[-74.36,45.21],[-73.97,45.35],[-74.04,45.5],[-73.71,45.71],[-73.48,45.74],[-72.98,46.21],[-72.68,46.29],[-71.88,46.69],[-71.76,46.67],[-71.27,46.8],[-71.12,46.92],[-70.71,47.14],[-70.45,47.42],[-69.91,47.83],[-69.78,48.1],[-69.87,48.17],[-70.5,48.35],[-70.84,48.37],[-71.02,48.46],[-70.38,48.37],[-69.85,48.21],[-69.67,48.2],[-69.37,48.39],[-68.93,48.83],[-68.63,49.01],[-68.22,49.15],[-68.06,49.26],[-67.37,49.35],[-66.94,49.99],[-66.5,50.21],[-66.13,50.2],[-65.96,50.29],[-65.76,50.26],[-65.27,50.32],[-64.87,50.28],[-64.51,50.31],[-64.17,50.27],[-63.73,50.3],[-63.24,50.24],[-63.14,50.29],[-62.72,50.3],[-61.92,50.23],[-61.72,50.1],[-61.29,50.2],[-60.08,50.25],[-59.89,50.32],[-59.17,50.78],[-58.51,51.3],[-58.02,51.32],[-57.77,51.43],[-57.3,51.48],[-56.98,51.46],[-56.02,51.93],[-55.7,52.14],[-55.69,52.24],[-56,52.37],[-55.78,52.36],[-55.75,52.47],[-56.32,52.54],[-55.85,52.62],[-55.89,53],[-55.8,53.21],[-56.11,53.59],[-56.35,53.62],[-56.46,53.77],[-56.84,53.74],[-57.33,53.47],[-57.53,53.6],[-57.13,53.79],[-57.42,54.16],[-58.19,54.23],[-58.32,54.11],[-58.09,54.09],[-58.65,53.98],[-59.32,53.64],[-59.83,53.5],[-60.15,53.31],[-60.33,53.27],[-60.1,53.49],[-60.4,53.65],[-60.14,53.6],[-60.01,53.76],[-59.82,53.83],[-59.5,53.83],[-58.84,54.04],[-58.63,54.05],[-58.44,54.23],[-58.15,54.35],[-57.7,54.39],[-57.4,54.57],[-57.93,54.77],[-57.96,54.88],[-58.4,54.77],[-58.78,54.84],[-59,55.15],[-59.26,55.2],[-59.75,54.89],[-59.44,55.18],[-59.69,55.2],[-59.76,55.31],[-60.21,55.24],[-60.62,55.06],[-60.19,55.48],[-60.41,55.65],[-60.34,55.78],[-60.59,55.81],[-60.83,55.96],[-61,55.86],[-61.45,56],[-61.3,56.05],[-61.36,56.22],[-61.71,56.23],[-61.43,56.36],[-62.01,56.45],[-61.74,56.53],[-62.5,56.8],[-62.06,56.7],[-61.37,56.68],[-61.33,57.01],[-61.63,57.18],[-61.98,57.25],[-61.85,57.38],[-62.09,57.45],[-62.45,57.46],[-61.97,57.61],[-61.9,57.86],[-62.31,57.97],[-62.49,58.15],[-62.98,58.09],[-62.81,58.2],[-62.61,58.5],[-63.08,58.41],[-63.39,58.45],[-62.87,58.67],[-63.05,58.88],[-63.51,59.12],[-63.54,59.33],[-63.75,59.28],[-63.97,59.41],[-63.75,59.51],[-64.06,59.82],[-64.23,59.74],[-64.18,59.97],[-64.28,60.06],[-64.77,60.01],[-64.42,60.17],[-64.71,60.34],[-64.93,60.25],[-65.17,59.91],[-65.41,59.8],[-65.41,59.54],[-65.61,59.11],[-66.04,58.82],[-65.93,58.61],[-66.36,58.79],[-66.61,58.55],[-67.02,58.43],[-67.57,58.21],[-67.68,57.99],[-67.74,58.39],[-67.86,58.27],[-68.11,58.47],[-68.35,58.09],[-68.5,58.01],[-68.95,57.97],[-68.47,58.08],[-68.23,58.4],[-68.41,58.78],[-68.7,58.9],[-69.17,58.9],[-69.79,58.69],[-70.15,58.76],[-69.75,58.94],[-69.53,58.87],[-69.41,59.09],[-69.4,59.34],[-69.68,59.34],[-69.58,59.68],[-69.81,59.94],[-70.62,59.98],[-69.96,60.02],[-69.67,60.08],[-69.76,60.39],[-69.64,60.69],[-69.43,60.81],[-69.47,61.01],[-69.71,60.91],[-70.1,60.88],[-70.28,61.07],[-70.72,61.06],[-71.42,61.16],[-71.85,61.44],[-71.64,61.62],[-71.87,61.69],[-72.02,61.61],[-72.23,61.83],[-72.51,61.92],[-72.77,61.84],[-72.63,62.03],[-73.63,62.45],[-73.76,62.47],[-74.65,62.21],[-74.63,62.12],[-75.02,62.26],[-75.34,62.31],[-75.68,62.25],[-75.82,62.32],[-76.88,62.53],[-77.37,62.57],[-78.07,62.36],[-78.14,62.11],[-77.95,61.76],[-77.51,61.56],[-77.74,61.44],[-77.83,61.08],[-78.18,60.82],[-77.6,60.83],[-77.79,60.64],[-77.52,60.56],[-77.68,60.43],[-77.31,60.04],[-77.33,59.8],[-77.49,59.68],[-77.73,59.68],[-77.86,59.48],[-77.76,59.38],[-78.43,58.9],[-78.52,58.68],[-78.01,58.4],[-77.68,58.29],[-77.16,58.02],[-76.89,57.76],[-76.57,57.18],[-76.52,56.71],[-76.55,56.36],[-76.65,56.11],[-77.32,55.56],[-77.89,55.24],[-78.3,55.07],[-78.91,54.88],[-79.67,54.7],[-79.43,54.34],[-79.14,54.16],[-79.24,54.1],[-79,54],[-78.94,53.84],[-79.11,53.72],[-78.9,53.04],[-78.72,52.86],[-78.72,52.63],[-78.56,52.49],[-78.49,52.25],[-78.83,51.96],[-78.98,51.73],[-78.73,51.5],[-78.9,51.2],[-79.01,51.43],[-79.34,51.63],[-79.5,51.57],[-79.69,51.35],[-79.71,51.12],[-80.1,51.28],[-80.48,51.31],[-80.44,51.39],[-80.66,51.76],[-80.97,51.97],[-81.55,52.24],[-81.81,52.22],[-81.57,52.37],[-82.02,52.81],[-82.26,52.96],[-82.16,53.26],[-82.19,53.61],[-82.14,53.82],[-82.39,54.18],[-82.42,54.36],[-82.22,54.81],[-82.31,55],[-82.58,55.15],[-82.87,55.16],[-83.91,55.31],[-84.71,55.26],[-85.21,55.3],[-85.68,55.6],[-87.56,56.06],[-88.08,56.47],[-88.95,56.85],[-89.79,56.98],[-90.59,57.22],[-91.11,57.24],[-92.37,56.98],[-92.46,57.04],[-92.73,56.93],[-92.48,57.21],[-92.49,57.47],[-92.7,57.78],[-93.28,58.76],[-94.06,58.76],[-94.21,58.63],[-94.33,58.3],[-94.29,58.72],[-94.67,58.87],[-94.87,59.09],[-94.79,59.27],[-94.79,59.95],[-94.65,60.42],[-94.07,61.14],[-94.06,61.32],[-93.71,61.6],[-93.31,61.77],[-93.58,61.94],[-93.02,62.09],[-92.91,62.22],[-93.15,62.37],[-92.53,62.17],[-92.77,62.38],[-92.55,62.55],[-92.01,62.54],[-91.96,62.64],[-92.24,62.68],[-92.36,62.82],[-92.03,62.86],[-91.45,62.8],[-90.78,62.97],[-90.69,63.11],[-90.75,63.35],[-91.33,63.51],[-91.84,63.7],[-92.29,63.56],[-92.16,63.69],[-93.38,63.95],[-93.56,63.87],[-93.7,64.15],[-93.43,64.03],[-92.34,63.79],[-91.54,63.73],[-90.95,63.59],[-90.6,63.66],[-90.25,63.64],[-90.01,63.8],[-90.17,63.98],[-89.86,63.98],[-90.08,64.13],[-89.81,64.18],[-89.62,64.03],[-89.11,63.98],[-89.21,64.11],[-88.82,63.99],[-88.11,64.18],[-87.89,64.4],[-87.28,64.83],[-87.03,65.06],[-87.03,65.2],[-87.39,65.26],[-88.2,65.28],[-88.97,65.35],[-89.79,65.74],[-90.05,65.81],[-90.98,65.92],[-91.04,65.83],[-91.43,65.95],[-91.01,65.97],[-89.85,65.87],[-89.75,65.94],[-88.67,65.61],[-87.97,65.35],[-87.29,65.35],[-86.04,66.02],[-86,66.19],[-86.58,66.32],[-86.63,66.53],[-85.44,66.54],[-85.1,66.33],[-84.48,66.18],[-84.29,66.29],[-83.91,66.21],[-83.83,66.29],[-84.22,66.68],[-84.74,66.93],[-85.11,66.89],[-84.85,67.03],[-84.54,66.97],[-84.21,66.74],[-83.92,66.68],[-83.52,66.37],[-82.95,66.55],[-82.64,66.59],[-82.2,66.76],[-81.87,66.99],[-81.47,67.07],[-81.27,67.46],[-81.41,67.6],[-81.98,67.86],[-82.01,68.17],[-82.22,68.15],[-82.55,68.45],[-81.91,68.46],[-81.28,68.66],[-81.38,68.85],[-81.96,68.88],[-81.33,69.12],[-81.95,69.28],[-82.23,69.25],[-82.31,69.41],[-82.75,69.49],[-82.37,69.64],[-82.62,69.69],[-83.67,69.7],[-84.24,69.84],[-85.02,69.8],[-85.42,69.85],[-85.5,69.65],[-85.39,69.23],[-84.86,69.07],[-85.11,68.84],[-84.87,68.77],[-85.52,68.77],[-85.73,68.63],[-85.73,68.45],[-85.95,68.07],[-86.37,67.82],[-86.54,67.52],[-87.27,67.18],[-88.2,67.77],[-88.31,67.95],[-88.35,68.29],[-87.85,68.27],[-87.81,68.4],[-88.04,68.81],[-89.06,69.27],[-89.35,69.23],[-89.67,69.01],[-89.88,68.52],[-90.2,68.26],[-90.57,68.47],[-90.47,68.86],[-90.74,69.11],[-91.24,69.29],[-90.89,69.27],[-90.55,69.5],[-91.29,69.54],[-91.38,69.65],[-91.91,69.53],[-92.49,69.68],[-92.89,69.67],[-91.98,70.04],[-92.51,70.1],[-92.29,70.24],[-91.99,70.14],[-91.56,70.18],[-91.82,70.34],[-91.98,70.29],[-92.39,70.65],[-92.98,70.85],[-92.95,71.26],[-93.26,71.46],[-93.76,71.64],[-93.81,71.77],[-94.31,71.76]]]},"properties":{"scalerank":0,"featurecla":"Land","min_zoom":0}},
{"type":"Feature","geometry":{"type":"Polygon","coordinates":[[[-80.73,52.75],[-80.77,52.92],[-81.14,53.21],[-81.85,53.19],[-82.04,53.05],[-81.84,52.96],[-81.01,52.76],[-80.73,52.75]]]},"properties":{"scalerank":0,"featurecla":"Land","min_zoom":2}},
{"type":"Feature","geometry":{"type":"Polygon","coordinates":[[[-73.62,67.78],[-73.41,67.79],[-73.44,67.97],[-74.38,68.09],[-74.71,68.07],[-74.57,67.83],[-73.62,67.78]]]},"properties":{"scalerank":0,"featurecla":"Land","min_zoom":2}},
{"type":"Feature","geometry":{"type":"Polygon","coordinates":[[[-77.88,63.47],[-78.51,63.45],[-78.47,63.36],[-77.94,63.11],[-77.59,63.19],[-77.54,63.29],[-77.88,63.47]]]},"properties":{"scalerank":0,"featurecla":"Land","min_zoom":2}},
{"type":"Feature","geometry":{"type":"Polygon","coordinates":[[[-82,62.95],[-82.71,62.94],[-82.97,62.87],[-83.38,62.9],[-83.9,62.48],[-83.7,62.16],[-83.38,62.24],[-83.02,62.21],[-82.11,62.65],[-82,62.95]]]},"properties":{"scalerank":0,"featurecla":"Land","min_zoom":1.5}},
{"type":"Feature","geometry":{"type":"Polygon","coordinates":[[[-79.55,62.41],[-80.02,62.34],[-80.26,62.11],[-80.27,61.82],[-79.9,61.63],[-79.67,61.64],[-79.32,62.03],[-79.29,62.25],[-79.55,62.41]]]},"properties":{"scalerank":0,"featurecla":"Land","min_zoom":1.5}},
{"type":"Feature","geometry":{"type":"Polygon","coordinates":[[[-104.56,77.14],[-104.54,77.34],[-105.59,77.74],[-106.07,77.73],[-105.22,77.18],[-104.56,77.14]]]},"properties":{"scalerank":0,"featurecla":"Land","min_zoom":2}},
{"type":"Feature","geometry":{"type":"Polygon","coordinates":[[[-95.48,77.79],[-96.14,77.71],[-95.99,77.48],[-93.52,77.47],[-93.13,77.66],[-93.58,77.77],[-95.23,77.75],[-95.48,77.79]]]},"properties":{"scalerank":0,"featurecla":"Land","min_zoom":1.5}},
{"type":"Feature","geometry":{"type":"Polygon","coordinates":[[[-98.79,79.98],[-98.89,80.08],[-99.73,80.14],[-100.09,79.92],[-98.84,79.74],[-98.79,79.98]]]},"properties":{"scalerank":0,"featurecla":"Land","min_zoom":2}},
{"type":"Feature","geometry":{"type":"Polygon","coordinates":[[[-89.83,77.27],[-89.72,77.44],[-90.17,77.59],[-91.15,77.61],[-91.15,77.39],[-90.23,77.21],[-89.83,77.27]]]},"properties":{"scalerank":0,"featurecla":"Land","min_zoom":2}},
{"type":"Feature","geometry":{"type":"Polygon","coordinates":[[[-93.54,75.03],[-93.75,75.35],[-94.43,75.59],[-95.05,75.62],[-95.67,75.53],[-96.57,75.1],[-96.56,74.99],[-95.87,74.83],[-95.29,74.79],[-94.7,74.64],[-93.55,74.69],[-93.54,75.03]]]},"properties":{"scalerank":0,"featurecla":"Land","min_zoom":1.5}},
{"type":"Feature","geometry":{"type":"Polygon","coordinates":[[[-109.82,78.65],[-110.41,78.76],[-113.15,78.41],[-113.17,78.28],[-112.13,78.37],[-111.44,78.29],[-109.39,78.34],[-109.36,78.49],[-109.82,78.65]]]},"properties":{"scalerank":0,"featurecla":"Land","min_zoom":1.5}},
{"type":"Feature","geometry":{"type":"Polygon","coordinates":[[[-118.33,75.58],[-117.63,75.97],[-117.75,76.11],[-118.63,75.91],[-119.39,75.62],[-118.82,75.52],[-118.33,75.58]]]},"properties":{"scalerank":0,"featurecla":"Land","min_zoom":2}},
{"type":"Feature","geometry":{"type":"Polygon","coordinates":[[[-105.29,72.92],[-104.58,73.35],[-104.65,73.61],[-105.51,73.77],[-106.61,73.7],[-106.92,73.48],[-106.18,73.3],[-106.07,73.2],[-105.29,72.92]]]},"properties":{"scalerank":0,"featurecla":"Land","min_zoom":1.5}},
{"type":"Feature","geometry":{"type":"Polygon","coordinates":[[[-100,73.95],[-99.99,73.8],[-100.92,73.81],[-100.98,73.6],[-101.32,73.57],[-101.45,73.43],[-100.89,73.28],[-100.37,73.36],[-100.01,73.24],[-100.44,73.25],[-100.1,72.96],[-100.4,72.98],[-100.48,72.77],[-101.35,72.75],[-101.92,73.06],[-102.5,73.01],[-102.71,72.78],[-102.4,72.59],[-101.97,72.49],[-101.72,72.31],[-101.21,72.32],[-100.59,72.15],[-99.73,71.76],[-99.17,71.37],[-98.66,71.3],[-98.2,71.44],[-98.46,71.77],[-98.18,71.66],[-97.58,71.63],[-96.61,71.83],[-96.77,72.05],[-96.59,72.2],[-96.8,72.31],[-96.44,72.49],[-96.54,72.7],[-97.16,72.64],[-97.08,72.76],[-97.48,72.99],[-98.44,73],[-97.8,73.29],[-97.27,73.39],[-97.6,73.54],[-97,73.67],[-97.22,73.84],[-97.58,73.89],[-99.16,73.73],[-100,73.95]]]},"properties":{"scalerank":0,"featurecla":"Land","min_zoom":0}},
{"type":"Feature","geometry":{"type":"Polygon","coordinates":[[[-84.92,65.26],[-85.24,65.51],[-85.11,65.62],[-85.24,65.8],[-85.55,65.92],[-85.96,65.7],[-86.11,65.42],[-86.19,65.01],[-86.37,64.57],[-86.25,64.14],[-86.89,63.92],[-87.19,63.67],[-86.85,63.58],[-86.58,63.66],[-85.8,63.71],[-85.71,63.66],[-85.5,63.14],[-84.96,63.2],[-84.63,63.31],[-84.31,63.59],[-83.73,63.81],[-83.49,64.1],[-83.07,64.16],[-83.03,64.02],[-82.47,63.93],[-82.38,63.71],[-81.96,63.66],[-81.05,63.46],[-80.3,63.76],[-80.83,64.09],[-81.9,64.03],[-81.68,64.21],[-81.79,64.43],[-82.05,64.64],[-82.67,64.78],[-83.22,64.97],[-83.41,65.1],[-84.08,65.22],[-84.27,65.37],[-84.61,65.45],[-84.92,65.26]]]},"properties":{"scalerank":0,"featurecla":"Land","min_zoom":0.5}},
{"type":"Feature","geometry":{"type":"Polygon","coordinates":[[[-75.68,68.32],[-76.36,68.32],[-76.74,68.23],[-77.23,67.85],[-77.31,67.71],[-77,67.27],[-76.69,67.24],[-75.78,67.28],[-75.4,67.37],[-75.13,67.54],[-75.15,68.23],[-75.68,68.32]]]},"properties":{"scalerank":0,"featurecla":"Land","min_zoom":1}},
{"type":"Feature","geometry":{"type":"Polygon","coordinates":[[[-79.54,73.65],[-80.76,73.76],[-80.82,73.38],[-80.18,73.22],[-79.94,72.86],[-79.5,72.76],[-77.84,72.9],[-76.4,72.82],[-76.09,72.88],[-76.29,73.08],[-77.21,73.5],[-78.29,73.67],[-79.54,73.65]]]},"properties":{"scalerank":0,"featurecla":"Land","min_zoom":1}},
{"type":"Feature","geometry":{"type":"Polygon","coordinates":[[[-97.7,76.47],[-98.71,76.69],[-99.17,76.45],[-99.67,76.62],[-100.39,76.61],[-100.89,76.48],[-99.98,76.31],[-100.41,76.24],[-99.54,76.15],[-100.11,76.12],[-99.69,75.96],[-100.02,75.94],[-101.06,76.25],[-101.34,76.41],[-101.86,76.44],[-102.14,76.28],[-101.56,76.24],[-101.87,76.08],[-101.43,75.99],[-101.26,75.76],[-101.94,75.88],[-102.8,75.6],[-102.54,75.51],[-99.92,75.68],[-99.59,75.66],[-100.73,75.35],[-100.23,75.01],[-99.42,75.04],[-98.57,75.01],[-97.67,75.13],[-97.88,75.42],[-97.34,75.42],[-97.41,75.67],[-97.86,75.74],[-97.6,75.85],[-97.53,76.18],[-97.7,76.47]]]},"properties":{"scalerank":0,"featurecla":"Land","min_zoom":0}},
{"type":"Feature","geometry":{"type":"Polygon","coordinates":[[[-103.43,79.32],[-105.39,79.32],[-105.54,79.03],[-104.9,79.05],[-104.74,78.83],[-104.15,78.99],[-104.01,78.76],[-103.37,78.74],[-104.02,78.63],[-103.76,78.52],[-104.73,78.58],[-105,78.52],[-104.32,78.27],[-102.73,78.37],[-102.61,78.25],[-102.06,78.28],[-101.07,78.19],[-100.59,77.89],[-99.96,77.79],[-99.17,77.86],[-99.13,78.12],[-99.75,78.3],[-99.61,78.58],[-100.44,78.82],[-101.13,78.8],[-101.03,78.91],[-101.7,79.08],[-102.39,79.01],[-102.58,78.88],[-102.91,79.23],[-103.43,79.32]]]},"properties":{"scalerank":0,"featurecla":"Land","min_zoom":0.5}},
{"type":"Feature","geometry":{"type":"Polygon","coordinates":[[[-91.89,81.13],[-92.41,81.28],[-94.06,81.35],[-94.19,81.24],[-93.41,81.21],[-93.83,81.11],[-95.27,81],[-95.51,80.84],[-93.93,80.56],[-94.89,80.57],[-95.23,80.69],[-96.13,80.69],[-96.15,80.55],[-95.55,80.37],[-96.37,80.29],[-95.41,80.14],[-94.59,80.2],[-94.65,80.05],[-96.77,80.14],[-96.59,79.92],[-96,79.7],[-94.52,79.67],[-95.66,79.53],[-95.73,79.42],[-95.1,79.29],[-94.28,79.4],[-93.93,79.29],[-92.82,79.45],[-91.34,79.36],[-92.55,79.28],[-92.68,79.19],[-94.16,78.99],[-93.27,78.61],[-91.87,78.54],[-92.73,78.49],[-92.68,78.39],[-91.9,78.24],[-90.61,78.15],[-90.62,78.32],[-89.51,78.2],[-90.04,78.61],[-89.1,78.21],[-88.79,78.19],[-88.74,78.58],[-88.04,78.49],[-88.23,78.65],[-88.1,78.97],[-87.62,78.68],[-87.02,78.9],[-85.29,79.21],[-85.06,79.33],[-85.65,79.61],[-86.01,79.48],[-86.65,79.65],[-87.3,79.58],[-86.98,79.89],[-87.2,80.04],[-87.92,80.1],[-87.67,80.37],[-88.64,80.39],[-88.2,80.11],[-89.2,80.26],[-89.17,80.48],[-90.64,80.59],[-91.89,81.13]]]},"properties":{"scalerank":0,"featurecla":"Land","min_zoom":0}},
{"type":"Feature","geometry":{"type":"Polygon","coordinates":[[[-94.29,76.91],[-95.64,77.06],[-96.76,76.97],[-96.43,76.81],[-96.85,76.73],[-95.97,76.57],[-96.04,76.49],[-95.27,76.26],[-93.67,76.27],[-93.09,76.35],[-92.19,75.85],[-92.07,75.66],[-92.43,75.35],[-92.08,75.12],[-91.96,74.79],[-91.51,74.65],[-91.13,74.74],[-90.55,74.61],[-89.84,74.55],[-88.34,74.78],[-88.42,74.49],[-86.67,74.49],[-86.73,74.56],[-85.96,74.5],[-85.06,74.61],[-84.43,74.51],[-83.53,74.59],[-83.1,74.82],[-82.93,74.57],[-81.81,74.48],[-81.23,74.57],[-80.28,74.58],[-80.15,74.8],[-79.4,74.92],[-79.73,75.02],[-80.36,75.05],[-79.63,75.2],[-79.66,75.45],[-80.29,75.49],[-80.32,75.63],[-81,75.64],[-81.15,75.74],[-82.15,75.83],[-83.24,75.75],[-83.93,75.82],[-84.6,75.65],[-86.07,75.5],[-85.95,75.4],[-86.81,75.49],[-87.26,75.62],[-88.2,75.51],[-88.85,75.62],[-88.92,75.45],[-89.65,75.57],[-89.2,75.76],[-90.25,76.05],[-91.28,76.16],[-91.26,76.23],[-90.31,76.16],[-89.41,76.19],[-89.28,76.3],[-91.44,76.5],[-90.62,76.46],[-91.12,76.66],[-93,76.62],[-93.53,76.45],[-93.21,76.75],[-93.81,76.91],[-94.29,76.91]]]},"properties":{"scalerank":0,"featurecla":"Land","min_zoom":0}},
{"type":"Feature","geometry":{"type":"Polygon","coordinates":[[[-96.2,78.53],[-96.59,78.69],[-98.21,78.8],[-98.06,78.56],[-98.25,78.43],[-97.82,78.23],[-96.94,78.15],[-97.66,78.09],[-96.99,77.81],[-95.09,77.99],[-94.94,78.11],[-95.33,78.23],[-94.89,78.35],[-95.56,78.52],[-96.2,78.53]]]},"properties":{"scalerank":0,"featurecla":"Land","min_zoom":1}},
{"type":"Feature","geometry":{"type":"Polygon","coordinates":[[[-110.46,78.1],[-111.21,78.09],[-113.22,77.9],[-113.16,77.53],[-111.95,77.34],[-110.2,77.52],[-110.15,77.76],[-110.87,77.83],[-109.77,77.96],[-109.66,78.08],[-110.46,78.1]]]},"properties":{"scalerank":0,"featurecla":"Land","min_zoom":1}},
{"type":"Feature","geometry":{"type":"Polygon","coordinates":[[[-115.55,77.36],[-116.36,77.54],[-116.84,77.53],[-116.7,77.38],[-117.28,77.31],[-118.01,77.38],[-119.09,77.31],[-121.61,76.44],[-122.37,76.4],[-122.9,76.13],[-122.62,76.17],[-122.4,75.94],[-121.91,76.03],[-121.02,76.02],[-120.77,76.17],[-120.41,75.83],[-119.91,75.86],[-119.52,76.34],[-119.17,76.13],[-118.64,76.33],[-118.79,76.51],[-118.47,76.55],[-118.3,76.74],[-117.78,76.78],[-118.02,76.45],[-117.49,76.27],[-117.15,76.3],[-117,76.53],[-116.22,76.61],[-115.94,76.74],[-116.23,76.87],[-115.86,76.97],[-116.29,77.1],[-115.55,77.36]]]},"properties":{"scalerank":0,"featurecla":"Land","min_zoom":0.5}},
{"type":"Feature","geometry":{"type":"Polygon","coordinates":[[[-108.29,76.06],[-108.12,76.23],[-108.51,76.44],[-108.47,76.74],[-108.83,76.82],[-109.34,76.76],[-110.27,76.42],[-110.2,76.29],[-109.49,76.14],[-109.8,75.86],[-108.94,75.7],[-109.09,75.51],[-111.05,75.55],[-111.51,75.81],[-112.06,75.83],[-111.87,75.94],[-112.7,76.2],[-113.17,76.26],[-113.82,76.21],[-114.19,76.45],[-115,76.5],[-115.58,76.44],[-115.8,76.25],[-114.94,76.17],[-116.21,76.19],[-116.61,76.07],[-116.34,75.88],[-114.99,75.9],[-116.97,75.75],[-117.03,75.6],[-116.03,75.61],[-115.12,75.71],[-116.08,75.49],[-117.15,75.47],[-117.6,75.27],[-117,75.16],[-116.48,75.17],[-115.73,74.97],[-115.41,75.11],[-115.02,74.98],[-114.45,75.09],[-114.48,75.29],[-114.17,75.24],[-114.02,75.43],[-113.5,75.4],[-113.89,75.21],[-113.71,75.07],[-112.95,75.11],[-112.6,75.21],[-112.26,75.13],[-111.03,75.23],[-111.67,75.02],[-112.84,74.98],[-114.13,74.77],[-114.27,74.6],[-113.51,74.43],[-112.52,74.42],[-110.94,74.64],[-110.18,74.84],[-109.5,74.88],[-108.83,75.06],[-108.35,74.94],[-107.82,75],[-107.15,74.93],[-106.09,75.09],[-105.86,75.19],[-105.48,75.75],[-105.6,75.93],[-106.4,76.06],[-107.08,75.86],[-107.42,75.91],[-108.02,75.8],[-107.85,76.06],[-108.29,76.06]]]},"properties":{"scalerank":0,"featurecla":"Land","min_zoom":0}},
{"type":"Feature","geometry":{"type":"Polygon","coordinates":[[[-93.17,74.16],[-94.48,74.11],[-95.04,74.02],[-95.06,73.81],[-94.7,73.66],[-95.39,73.76],[-95.63,73.7],[-95.55,72.78],[-95.25,72.5],[-95.19,72.03],[-94.04,72.03],[-93.56,72.42],[-93.77,72.67],[-94.21,72.76],[-93.34,72.8],[-92.39,72.72],[-92.12,72.75],[-91.62,73.03],[-90.35,73.87],[-90.63,73.95],[-91.63,74.03],[-92.22,73.97],[-93.17,74.16]]]},"properties":{"scalerank":0,"featurecla":"Land","min_zoom":0.5}},
{"type":"Feature","geometry":{"type":"Polygon","coordinates":[[[-97.44,69.64],[-97.41,69.74],[-97.79,69.86],[-98.27,69.75],[-98.16,69.51],[-98.55,69.57],[-98.46,69.33],[-98.91,69.17],[-99.46,69.13],[-99.44,68.92],[-98.83,68.84],[-98.32,68.84],[-98.24,68.74],[-97.47,68.54],[-96.4,68.47],[-95.69,68.74],[-95.59,68.84],[-95.95,69.02],[-96.3,69.34],[-97.24,69.67],[-97.44,69.64]]]},"properties":{"scalerank":0,"featurecla":"Land","min_zoom":1.5}},
{"type":"Feature","geometry":{"type":"Polygon","coordinates":[[[-114.52,72.59],[-114.11,72.86],[-114.16,73.27],[-114.64,73.37],[-116.57,73.05],[-117.55,72.83],[-118.37,72.53],[-118.48,72.43],[-118.21,72.26],[-118.94,71.99],[-118.87,71.69],[-117.74,71.66],[-118.19,71.44],[-117.72,71.39],[-115.59,71.55],[-115.34,71.47],[-115.98,71.47],[-115.89,71.38],[-117.81,71.16],[-118.27,71.03],[-118.26,70.89],[-117.59,70.63],[-116.33,70.62],[-115.99,70.59],[-114.84,70.62],[-113.76,70.69],[-112.11,70.45],[-111.63,70.31],[-112.64,70.23],[-114.59,70.31],[-116.55,70.18],[-117.14,70.1],[-117.1,69.8],[-116.51,69.42],[-116.1,69.34],[-115.16,69.26],[-114.32,69.27],[-113.69,69.2],[-113.62,68.84],[-113.13,68.49],[-111.31,68.54],[-109.96,68.63],[-108.95,68.76],[-108.36,68.93],[-107.44,69],[-107.03,69.18],[-106.66,69.44],[-106.36,69.38],[-106.14,69.16],[-105.02,69.08],[-105.11,68.92],[-104.57,68.87],[-104.35,68.93],[-103.47,68.81],[-102.9,68.82],[-101.86,69.02],[-101.82,69.22],[-102.06,69.28],[-101.98,69.41],[-102.45,69.48],[-103.09,69.21],[-103.06,69.48],[-103.46,69.64],[-102.62,69.55],[-102.6,69.72],[-102.23,69.84],[-101.65,69.7],[-101.51,69.83],[-101.22,69.68],[-100.94,69.72],[-101.04,70.11],[-101.56,70.14],[-101.73,70.29],[-101.99,70.29],[-103.05,70.66],[-103.1,70.51],[-103.95,70.76],[-104.57,71.1],[-104.35,71.43],[-104.39,71.58],[-104.77,71.87],[-105.23,72.42],[-105.42,72.79],[-105.81,73.01],[-106.95,73.28],[-107.11,73.19],[-108.03,73.35],[-107.94,73.22],[-108.24,73.11],[-107.7,72.15],[-107.31,71.89],[-107.93,71.64],[-108.21,71.75],[-108.75,72.55],[-109.12,72.73],[-110.01,72.98],[-110.66,73.01],[-110.21,72.66],[-110.78,72.53],[-111.14,72.37],[-111.25,72.45],[-111.68,72.3],[-111.9,72.36],[-111.36,72.57],[-111.27,72.71],[-112.75,72.99],[-113.21,72.98],[-113.5,72.69],[-114.52,72.59]]]},"properties":{"scalerank":0,"featurecla":"Land","min_zoom":0}},
{"type":"Feature","geometry":{"type":"Polygon","coordinates":[[[-119.74,74.11],[-119.56,74.23],[-120.55,74.35],[-121.32,74.53],[-124.7,74.35],[-124.26,73.95],[-123.8,73.77],[-124.42,73.42],[-124.84,73.08],[-124.58,72.93],[-125,72.81],[-124.99,72.59],[-125.38,72.42],[-125.76,72.14],[-125.77,71.96],[-125.3,71.97],[-124.01,71.68],[-123.21,71.12],[-122.94,71.09],[-122.16,71.27],[-121.75,71.44],[-121.47,71.39],[-120.62,71.51],[-120.44,71.63],[-120.18,72.21],[-119.41,72.36],[-118.96,72.68],[-115.45,73.44],[-115.51,73.62],[-116.72,74.03],[-117.51,74.23],[-118.54,74.24],[-119.13,74.03],[-119.21,74.2],[-119.74,74.11]]]},"properties":{"scalerank":0,"featurecla":"Land","min_zoom":0}},
{"type":"Feature","geometry":{"type":"Polygon","coordinates":[[[-56.15,46.76],[-56.15,46.81],[-56.24,46.77],[-56.15,46.76]]]},"properties":{"scalerank":0,"featurecla":"Land","min_zoom":4}},
{"type":"Feature","geometry":{"type":"Polygon","coordinates":[[[-94.53,75.75],[-94.3,75.79],[-94.54,76],[-94.9,75.93],[-94.53,75.75]]]},"properties":{"scalerank":0,"featurecla":"Land","min_zoom":3}},
{"type":"Feature","geometry":{"type":"Polygon","coordinates":[[[-79.38,51.95],[-79.27,52.09],[-79.64,52.01],[-79.38,51.95]]]},"properties":{"scalerank":0,"featurecla":"Land","min_zoom":3}},
{"type":"Feature","geometry":{"type":"Polygon","coordinates":[[[-78.83,56.15],[-78.67,56.26],[-78.8,56.38],[-78.83,56.15]]]},"properties":{"scalerank":0,"featurecla":"Land","min_zoom":3}},
{"type":"Feature","geometry":{"type":"Polygon","coordinates":[[[-78.94,56.27],[-78.96,56.42],[-79.27,56.6],[-79.39,56.28],[-79.52,56.33],[-80,55.93],[-79.9,55.87],[-79.56,56.12],[-79.5,56.09],[-79.76,55.81],[-79.41,55.93],[-79.18,56.21],[-79.27,55.92],[-79.18,55.89],[-78.94,56.27]]]},"properties":{"scalerank":0,"featurecla":"Land","min_zoom":2}},
{"type":"Feature","geometry":{"type":"Polygon","coordinates":[[[-79.87,56.77],[-79.9,56.87],[-79.94,56.78],[-79.87,56.77]]]},"properties":{"scalerank":0,"featurecla":"Land","min_zoom":4}},
{"type":"Feature","geometry":{"type":"Polygon","coordinates":[[[-79.72,57.52],[-79.73,57.6],[-79.84,57.48],[-79.72,57.52]]]},"properties":{"scalerank":0,"featurecla":"Land","min_zoom":4}},
{"type":"Feature","geometry":{"type":"Polygon","coordinates":[[[-79.98,56.21],[-79.69,56.33],[-79.58,56.47],[-80.01,56.32],[-79.98,56.21]]]},"properties":{"scalerank":0,"featurecla":"Land","min_zoom":3}},
{"type":"Feature","geometry":{"type":"Polygon","coordinates":[[[-80.29,59.62],[-80.18,59.68],[-80.21,59.72],[-80.29,59.62]]]},"properties":{"scalerank":0,"featurecla":"Land","min_zoom":4}},
{"type":"Feature","geometry":{"type":"Polygon","coordinates":[[[-79.94,53.3],[-79.97,53.35],[-80.04,53.3],[-79.94,53.3]]]},"properties":{"scalerank":0,"featurecla":"Land","min_zoom":4}},
{"type":"Feature","geometry":{"type":"Polygon","coordinates":[[[-80.06,59.77],[-79.9,59.85],[-80.04,59.87],[-80.06,59.77]]]},"properties":{"scalerank":0,"featurecla":"Land","min_zoom":3}},
{"type":"Feature","geometry":{"type":"Polygon","coordinates":[[[-79.52,56.66],[-79.51,56.77],[-79.58,56.64],[-79.52,56.66]]]},"properties":{"scalerank":0,"featurecla":"Land","min_zoom":4}},
{"type":"Feature","geometry":{"type":"Polygon","coordinates":[[[-96.78,72.94],[-96.6,73.07],[-96.86,73.19],[-97.09,73],[-96.78,72.94]]]},"properties":{"scalerank":0,"featurecla":"Land","min_zoom":3}},
{"type":"Feature","geometry":{"type":"Polygon","coordinates":[[[-97.36,74.53],[-97.42,74.63],[-97.75,74.51],[-97.36,74.53]]]},"properties":{"scalerank":0,"featurecla":"Land","min_zoom":3}},
{"type":"Feature","geometry":{"type":"Polygon","coordinates":[[[-98.27,73.87],[-97.7,74.11],[-98.82,74.02],[-99.42,73.9],[-98.97,73.81],[-98.27,73.87]]]},"properties":{"scalerank":0,"featurecla":"Land","min_zoom":2}},
{"type":"Feature","geometry":{"type":"Polygon","coordinates":[[[-90.2,69.42],[-90.49,69.37],[-90.33,69.25],[-90.2,69.42]]]},"properties":{"scalerank":0,"featurecla":"Land","min_zoom":3}},
{"type":"Feature","geometry":{"type":"Polygon","coordinates":[[[-90.49,69.22],[-90.6,69.37],[-90.74,69.36],[-90.49,69.22]]]},"properties":{"scalerank":0,"featurecla":"Land","min_zoom":3}},
{"type":"Feature","geometry":{"type":"Polygon","coordinates":[[[-74,62.62],[-74.02,62.66],[-74.63,62.71],[-74,62.62]]]},"properties":{"scalerank":0,"featurecla":"Land","min_zoom":3}},
{"type":"Feature","geometry":{"type":"Polygon","coordinates":[[[-74.88,68.35],[-74.8,68.46],[-74.98,68.65],[-75.29,68.69],[-75.4,68.53],[-74.88,68.35]]]},"properties":{"scalerank":0,"featurecla":"Land","min_zoom":3}},
{"type":"Feature","geometry":{"type":"Polygon","coordinates":[[[-78.53,60.73],[-78.24,60.82],[-78.61,60.77],[-78.53,60.73]]]},"properties":{"scalerank":0,"featurecla":"Land","min_zoom":3}},
{"type":"Feature","geometry":{"type":"Polygon","coordinates":[[[-78.98,68.19],[-78.83,68.27],[-79.15,68.34],[-78.98,68.19]]]},"properties":{"scalerank":0,"featurecla":"Land","min_zoom":3}},
{"type":"Feature","geometry":{"type":"Polygon","coordinates":[[[-76.68,63.39],[-76.65,63.5],[-77.13,63.68],[-77.36,63.59],[-77.06,63.45],[-76.68,63.39]]]},"properties":{"scalerank":0,"featurecla":"Land","min_zoom":2}},
{"type":"Feature","geometry":{"type":"Polygon","coordinates":[[[-64.82,62.56],[-64.9,62.42],[-64.66,62.38],[-64.42,62.49],[-64.82,62.56]]]},"properties":{"scalerank":0,"featurecla":"Land","min_zoom":3}},
{"type":"Feature","geometry":{"type":"Polygon","coordinates":[[[-62.68,67.06],[-62.4,67.18],[-62.63,67.18],[-62.68,67.06]]]},"properties":{"scalerank":0,"featurecla":"Land","min_zoom":3}},
{"type":"Feature","geometry":{"type":"Polygon","coordinates":[[[-68.23,60.24],[-67.82,60.45],[-68.14,60.56],[-68.37,60.31],[-68.23,60.24]]]},"properties":{"scalerank":0,"featurecla":"Land","min_zoom":2}},
{"type":"Feature","geometry":{"type":"Polygon","coordinates":[[[-70.34,62.55],[-70.44,62.73],[-71.13,62.88],[-70.77,62.6],[-70.34,62.55]]]},"properties":{"scalerank":0,"featurecla":"Land","min_zoom":2}},
{"type":"Feature","geometry":{"type":"Polygon","coordinates":[[[-64.83,61.37],[-64.67,61.59],[-64.79,61.66],[-65.43,61.65],[-65.39,61.56],[-64.83,61.37]]]},"properties":{"scalerank":0,"featurecla":"Land","min_zoom":2}},
{"type":"Feature","geometry":{"type":"Polygon","coordinates":[[[-67.91,69.54],[-67.99,69.68],[-68.2,69.58],[-67.91,69.54]]]},"properties":{"scalerank":0,"featurecla":"Land","min_zoom":3}},
{"type":"Feature","geometry":{"type":"Polygon","coordinates":[[[-79.43,69.79],[-79.97,69.74],[-80.21,69.8],[-80.78,69.68],[-79.98,69.51],[-80.05,69.63],[-79.55,69.63],[-79.43,69.79]]]},"properties":{"scalerank":0,"featurecla":"Land","min_zoom":2}},
{"type":"Feature","geometry":{"type":"Polygon","coordinates":[[[-78.03,69.71],[-78.58,69.64],[-78.85,69.48],[-78.47,69.5],[-77.97,69.64],[-78.03,69.71]]]},"properties":{"scalerank":0,"featurecla":"Land","min_zoom":3}},
{"type":"Feature","geometry":{"type":"Polygon","coordinates":[[[-77.64,63.99],[-77.93,64.01],[-77.93,63.96],[-77.64,63.99]]]},"properties":{"scalerank":0,"featurecla":"Land","min_zoom":3}},
{"type":"Feature","geometry":{"type":"Polygon","coordinates":[[[-83.12,66.28],[-83.06,66.2],[-82.93,66.26],[-83.12,66.28]]]},"properties":{"scalerank":0,"featurecla":"Land","min_zoom":4}},
{"type":"Feature","geometry":{"type":"Polygon","coordinates":[[[-79.21,68.85],[-78.85,68.92],[-78.23,69.3],[-78.6,69.37],[-78.9,69.14],[-79.41,68.92],[-79.21,68.85]]]},"properties":{"scalerank":0,"featurecla":"Land","min_zoom":2}},
{"type":"Feature","geometry":{"type":"Polygon","coordinates":[[[-77,69.14],[-76.67,69.37],[-77.19,69.44],[-77.38,69.27],[-77,69.14]]]},"properties":{"scalerank":0,"featurecla":"Land","min_zoom":2}},
{"type":"Feature","geometry":{"type":"Polygon","coordinates":[[[-65.03,61.88],[-65.17,61.8],[-64.85,61.76],[-65.03,61.88]]]},"properties":{"scalerank":0,"featurecla":"Land","min_zoom":3}},
{"type":"Feature","geometry":{"type":"Polygon","coordinates":[[[-86.91,70.11],[-87.32,70.1],[-86.73,69.98],[-86.61,70.11],[-86.91,70.11]]]},"properties":{"scalerank":0,"featurecla":"Land","min_zoom":3}},
{"type":"Feature","geometry":{"type":"Polygon","coordinates":[[[-83.73,65.8],[-83.7,65.92],[-84.41,66.13],[-84.14,65.92],[-84.12,65.77],[-83.7,65.76],[-83.38,65.63],[-83.23,65.72],[-83.73,65.8]]]},"properties":{"scalerank":0,"featurecla":"Land","min_zoom":2}},
{"type":"Feature","geometry":{"type":"Polygon","coordinates":[[[-86.6,67.74],[-86.38,67.93],[-86.42,68.18],[-86.7,68.31],[-86.96,68.1],[-86.86,67.81],[-86.6,67.74]]]},"properties":{"scalerank":0,"featurecla":"Land","min_zoom":2}},
{"type":"Feature","geometry":{"type":"Polygon","coordinates":[[[-84.67,65.58],[-84.6,65.66],[-84.94,66.01],[-85.15,66.02],[-85.14,65.82],[-84.67,65.58]]]},"properties":{"scalerank":0,"featurecla":"Land","min_zoom":2}},
{"type":"Feature","geometry":{"type":"Polygon","coordinates":[[[-93.04,61.84],[-93.08,61.94],[-93.2,61.92],[-93.04,61.84]]]},"properties":{"scalerank":0,"featurecla":"Land","min_zoom":4}},
{"type":"Feature","geometry":{"type":"Polygon","coordinates":[[[-102.23,76.01],[-102.58,76.28],[-103.1,76.31],[-104.35,76.18],[-104.24,76.05],[-103.8,76.04],[-103.77,75.89],[-103.04,75.92],[-103.31,75.76],[-102.58,75.78],[-102.05,75.93],[-102.23,76.01]]]},"properties":{"scalerank":0,"featurecla":"Land","min_zoom":2}},
{"type":"Feature","geometry":{"type":"Polygon","coordinates":[[[-101.23,76.58],[-100.27,76.73],[-100.96,76.73],[-101.6,76.59],[-101.23,76.58]]]},"properties":{"scalerank":0,"featurecla":"Land","min_zoom":3}},
{"type":"Feature","geometry":{"type":"Polygon","coordinates":[[[-104.02,76.58],[-104.59,76.61],[-104.27,76.33],[-103.47,76.33],[-103.05,76.45],[-104.02,76.58]]]},"properties":{"scalerank":0,"featurecla":"Land","min_zoom":2}},
{"type":"Feature","geometry":{"type":"Polygon","coordinates":[[[-103,78.15],[-102.79,78.22],[-103.11,78.25],[-103,78.15]]]},"properties":{"scalerank":0,"featurecla":"Land","min_zoom":3}},
{"type":"Feature","geometry":{"type":"Polygon","coordinates":[[[-101.69,77.7],[-101,77.74],[-101.64,77.89],[-102.45,77.88],[-102.38,77.73],[-101.69,77.7]]]},"properties":{"scalerank":0,"featurecla":"Land","min_zoom":3}},
{"type":"Feature","geometry":{"type":"Polygon","coordinates":[[[-89.73,76.51],[-89.7,76.74],[-89.95,76.84],[-90.56,76.73],[-90.05,76.5],[-89.73,76.51]]]},"properties":{"scalerank":0,"featurecla":"Land","min_zoom":3}},
{"type":"Feature","geometry":{"type":"Polygon","coordinates":[[[-96.08,75.51],[-96.37,75.65],[-96.98,75.51],[-96.86,75.37],[-96.08,75.51]]]},"properties":{"scalerank":0,"featurecla":"Land","min_zoom":3}},
{"type":"Feature","geometry":{"type":"Polygon","coordinates":[[[-95.31,74.51],[-95.51,74.64],[-95.85,74.58],[-95.31,74.51]]]},"properties":{"scalerank":0,"featurecla":"Land","min_zoom":3}},
{"type":"Feature","geometry":{"type":"Polygon","coordinates":[[[-113.83,77.75],[-113.77,77.9],[-114.33,78.08],[-115.03,77.97],[-114.61,77.77],[-113.83,77.75]]]},"properties":{"scalerank":0,"featurecla":"Land","min_zoom":2}},
{"type":"Feature","geometry":{"type":"Polygon","coordinates":[[[-121.08,75.75],[-120.88,75.91],[-121.24,75.75],[-121.08,75.75]]]},"properties":{"scalerank":0,"featurecla":"Land","min_zoom":4}},
{"type":"Feature","geometry":{"type":"Polygon","coordinates":[[[-113.56,76.74],[-113.89,76.89],[-114.75,76.76],[-113.56,76.74]]]},"properties":{"scalerank":0,"featurecla":"Land","min_zoom":3}},
{"type":"Feature","geometry":{"type":"Polygon","coordinates":[[[-104.12,75.04],[-103.64,75.16],[-103.8,75.35],[-104.35,75.43],[-104.89,75.15],[-104.12,75.04]]]},"properties":{"scalerank":0,"featurecla":"Land","min_zoom":2}},
{"type":"Feature","geometry":{"type":"Polygon","coordinates":[[[-55.46,51.54],[-55.7,51.56],[-55.69,51.47],[-56.03,51.57],[-56.52,51.4],[-56.75,51.27],[-56.81,51.14],[-57.04,51.01],[-57.13,50.79],[-57.3,50.7],[-57.93,49.7],[-57.79,49.49],[-58.02,49.54],[-58.21,49.39],[-58.19,49.26],[-57.98,49.23],[-58.1,49.08],[-58.4,49.08],[-58.72,48.6],[-58.91,48.65],[-59.17,48.52],[-58.33,48.52],[-58.6,48.41],[-58.96,48.16],[-59.27,48],[-59.36,47.87],[-59.26,47.63],[-59.12,47.57],[-58.33,47.68],[-57.93,47.67],[-56.95,47.57],[-56.22,47.67],[-56.12,47.79],[-55.86,47.82],[-55.86,47.53],[-55.58,47.47],[-55.43,47.5],[-55.37,47.66],[-54.87,47.57],[-55.19,47.45],[-55.49,47.16],[-55.84,47.07],[-55.95,46.93],[-55.79,46.87],[-55.32,46.91],[-54.86,47.39],[-54.56,47.38],[-54.19,47.86],[-53.99,47.76],[-53.87,47.39],[-54.09,47.09],[-54.17,46.88],[-54.08,46.82],[-53.58,47.13],[-53.62,46.68],[-53.29,46.72],[-53.07,46.68],[-52.89,46.97],[-52.91,47.1],[-52.65,47.55],[-52.78,47.77],[-52.95,47.55],[-53.12,47.46],[-53.18,47.65],[-53.11,47.81],[-52.87,48.11],[-52.92,48.15],[-53.28,48],[-53.6,47.66],[-53.77,47.65],[-53.86,47.8],[-53.57,48.09],[-53.61,48.21],[-53.14,48.4],[-53.06,48.66],[-53.55,48.48],[-54.07,48.42],[-53.79,48.53],[-53.7,48.68],[-53.96,48.74],[-53.85,48.81],[-54.16,48.79],[-53.9,48.89],[-53.57,49.14],[-53.62,49.32],[-53.96,49.44],[-54.32,49.42],[-54.46,49.34],[-54.47,49.53],[-55.02,49.26],[-55.24,49.2],[-55.33,49.08],[-55.21,49.48],[-55.68,49.43],[-55.82,49.52],[-56.09,49.45],[-55.87,49.67],[-56.04,49.7],[-55.58,49.89],[-55.53,50],[-55.93,50.02],[-56.16,49.94],[-56.25,50.09],[-56.38,49.93],[-56.82,49.61],[-56.85,49.77],[-56.69,50.06],[-55.87,50.91],[-55.82,51.19],[-56,51.2],[-56.03,51.33],[-55.58,51.39],[-55.46,51.54]]]},"properties":{"scalerank":0,"featurecla":"Land","min_zoom":0}},
{"type":"Feature","geometry":{"type":"Polygon","coordinates":[[[-55.54,50.72],[-55.47,50.8],[-55.6,50.78],[-55.54,50.72]]]},"properties":{"scalerank":0,"featurecla":"Land","min_zoom":4}},
{"type":"Feature","geometry":{"type":"Polygon","coordinates":[[[-54.55,49.59],[-54.86,49.58],[-54.79,49.5],[-54.55,49.59]]]},"properties":{"scalerank":0,"featurecla":"Land","min_zoom":3}},
{"type":"Feature","geometry":{"type":"Polygon","coordinates":[[[-55.36,51.89],[-55.27,52],[-55.42,51.9],[-55.36,51.89]]]},"properties":{"scalerank":0,"featurecla":"Land","min_zoom":4}},
{"type":"Feature","geometry":{"type":"Polygon","coordinates":[[[-54.09,49.74],[-54.29,49.6],[-53.98,49.66],[-54.09,49.74]]]},"properties":{"scalerank":0,"featurecla":"Land","min_zoom":3}},
{"type":"Feature","geometry":{"type":"Polygon","coordinates":[[[-56.27,46.84],[-56.29,47.07],[-56.39,47.07],[-56.27,46.84]]]},"properties":{"scalerank":0,"featurecla":"Land","min_zoom":3}},
{"type":"Feature","geometry":{"type":"Polygon","coordinates":[[[-54.23,47.44],[-54.13,47.65],[-54.32,47.44],[-54.23,47.44]]]},"properties":{"scalerank":0,"featurecla":"Land","min_zoom":3}},
{"type":"Feature","geometry":{"type":"Polygon","coordinates":[[[-100.22,68.81],[-100.41,69.03],[-100.61,68.99],[-100.62,68.78],[-100.22,68.81]]]},"properties":{"scalerank":0,"featurecla":"Land","min_zoom":3}},
{"type":"Feature","geometry":{"type":"Polygon","coordinates":[[[-99.99,69.01],[-100.15,69.13],[-100.24,69.04],[-99.99,69.01]]]},"properties":{"scalerank":0,"featurecla":"Land","min_zoom":3}},
{"type":"Feature","geometry":{"type":"Polygon","coordinates":[[[-100.31,70.5],[-100.28,70.59],[-100.64,70.67],[-100.31,70.5]]]},"properties":{"scalerank":0,"featurecla":"Land","min_zoom":3}},
{"type":"Feature","geometry":{"type":"Polygon","coordinates":[[[-95.51,69.57],[-95.94,69.57],[-95.89,69.35],[-95.5,69.35],[-95.51,69.57]]]},"properties":{"scalerank":0,"featurecla":"Land","min_zoom":3}},
{"type":"Feature","geometry":{"type":"Polygon","coordinates":[[[-101.17,69.4],[-101,69.46],[-101.31,69.58],[-101.17,69.4]]]},"properties":{"scalerank":0,"featurecla":"Land","min_zoom":3}},
{"type":"Feature","geometry":{"type":"Polygon","coordinates":[[[-101.85,68.59],[-101.72,68.72],[-102.01,68.83],[-102.27,68.66],[-101.85,68.59]]]},"properties":{"scalerank":0,"featurecla":"Land","min_zoom":3}},
{"type":"Feature","geometry":{"type":"Polygon","coordinates":[[[-104.54,68.41],[-104.47,68.5],[-105.04,68.53],[-104.54,68.41]]]},"properties":{"scalerank":0,"featurecla":"Land","min_zoom":3}},
{"type":"Feature","geometry":{"type":"Polygon","coordinates":[[[-107.9,67.4],[-107.99,67.62],[-108.15,67.43],[-107.9,67.4]]]},"properties":{"scalerank":0,"featurecla":"Land","min_zoom":3}},
{"type":"Feature","geometry":{"type":"Polygon","coordinates":[[[-109.17,67.98],[-108.92,67.88],[-108.97,67.98],[-109.17,67.98]]]},"properties":{"scalerank":0,"featurecla":"Land","min_zoom":4}},
{"type":"Feature","geometry":{"type":"Polygon","coordinates":[[[-108.09,67.01],[-107.94,66.86],[-107.81,67],[-108.09,67.01]]]},"properties":{"scalerank":0,"featurecla":"Land","min_zoom":3}},
{"type":"Feature","geometry":{"type":"Polygon","coordinates":[[[-109.32,67.99],[-109.47,68.1],[-109.5,68.05],[-109.32,67.99]]]},"properties":{"scalerank":0,"featurecla":"Land","min_zoom":4}},
{"type":"Feature","geometry":{"type":"Polygon","coordinates":[[[-60.99,56.04],[-61.09,56.14],[-61.19,56.05],[-60.99,56.04]]]},"properties":{"scalerank":0,"featurecla":"Land","min_zoom":3}},
{"type":"Feature","geometry":{"type":"Polygon","coordinates":[[[-61.74,57.55],[-62.01,57.55],[-61.64,57.42],[-61.74,57.55]]]},"properties":{"scalerank":0,"featurecla":"Land","min_zoom":3}},
{"type":"Feature","geometry":{"type":"Polygon","coordinates":[[[-69.16,59.04],[-69.33,59.12],[-69.35,58.96],[-69.16,59.04]]]},"properties":{"scalerank":0,"featurecla":"Land","min_zoom":3}},
{"type":"Feature","geometry":{"type":"Polygon","coordinates":[[[22.18,60.37],[22.08,60.29],[22.36,60.17],[22.35,60.36],[22.18,60.37]]]},"properties":{"scalerank":0,"featurecla":"Land","min_zoom":3}},
{"type":"Feature","geometry":{"type":"Polygon","coordinates":[[[21.45,60.53],[21.21,60.6],[21.3,60.48],[21.45,60.53]]]},"properties":{"scalerank":0,"featurecla":"Land","min_zoom":3}},
{"type":"Feature","geometry":{"type":"Polygon","coordinates":[[[21.83,60.14],[21.86,60.2],[21.7,60.17],[21.83,60.14]]]},"properties":{"scalerank":0,"featurecla":"Land","min_zoom":4}},
{"type":"Feature","geometry":{"type":"Polygon","coordinates":[[[-64.41,60.37],[-64.65,60.51],[-64.81,60.41],[-64.44,60.3],[-64.41,60.37]]]},"properties":{"scalerank":0,"featurecla":"Land","min_zoom":3}},
{"type":"Feature","geometry":{"type":"Polygon","coordinates":[[[126.17,34.73],[126.08,34.91],[126.01,34.87],[126.17,34.73]]]},"properties":{"scalerank":0,"featurecla":"Land","min_zoom":3}},
{"type":"Feature","geometry":{"type":"Polygon","coordinates":[[[72.49,-7.38],[72.49,-7.26],[72.43,-7.44],[72.49,-7.38]]]},"properties":{"scalerank":0,"featurecla":"Land","min_zoom":3}},
{"type":"Feature","geometry":{"type":"Polygon","coordinates":[[[-139.56,-8.94],[-139.58,-8.86],[-139.62,-8.95],[-139.56,-8.94]]]},"properties":{"scalerank":0,"featurecla":"Land","min_zoom":4}},
{"type":"Feature","geometry":{"type":"Polygon","coordinates":[[[157.65,-8.76],[157.58,-8.7],[157.46,-8.73],[157.65,-8.76]]]},"properties":{"scalerank":0,"featurecla":"Land","min_zoom":3}},
{"type":"Feature","geometry":{"type":"Polygon","coordinates":[[[20.61,60.04],[20.43,60.06],[20.52,60.01],[20.61,60.04]]]},"properties":{"scalerank":0,"featurecla":"Land","min_zoom":4}},
{"type":"Feature","geometry":{"type":"Polygon","coordinates":[[[21.63,60.11],[21.63,60.17],[21.49,60.13],[21.63,60.11]]]},"properties":{"scalerank":0,"featurecla":"Land","min_zoom":4}},
{"type":"Feature","geometry":{"type":"Polygon","coordinates":[[[24.85,64.99],[24.79,65.09],[24.58,64.98],[24.85,64.99]]]},"properties":{"scalerank":0,"featurecla":"Land","min_zoom":3}},
{"type":"Feature","geometry":{"type":"Polygon","coordinates":[[[29.96,69.8],[29.84,69.91],[29.77,69.77],[29.96,69.8]]]},"properties":{"scalerank":0,"featurecla":"Land","min_zoom":3}},
{"type":"Feature","geometry":{"type":"Polygon","coordinates":[[[4.96,61.08],[4.92,61.2],[4.8,61.08],[4.96,61.08]]]},"properties":{"scalerank":0,"featurecla":"Land","min_zoom":4}},
{"type":"Feature","geometry":{"type":"Polygon","coordinates":[[[8.1,63.34],[8.07,63.47],[7.8,63.41],[8.1,63.34]]]},"properties":{"scalerank":0,"featurecla":"Land","min_zoom":3}},
{"type":"Feature","geometry":{"type":"Polygon","coordinates":[[[8.47,63.67],[8.79,63.7],[8.71,63.77],[8.47,63.67]]]},"properties":{"scalerank":0,"featurecla":"Land","min_zoom":3}},
{"type":"Feature","geometry":{"type":"Polygon","coordinates":[[[12.51,65.9],[12.75,66.01],[12.55,66],[12.51,65.9]]]},"properties":{"scalerank":0,"featurecla":"Land","min_zoom":3}},
{"type":"Feature","geometry":{"type":"Polygon","coordinates":[[[12.42,66.04],[12.62,66.18],[12.46,66.19],[12.42,66.04]]]},"properties":{"scalerank":0,"featurecla":"Land","min_zoom":3}},
{"type":"Feature","geometry":{"type":"Polygon","coordinates":[[[19.77,70.22],[19.78,70.08],[20.09,70.1],[19.77,70.22]]]},"properties":{"scalerank":0,"featurecla":"Land","min_zoom":3}},
{"type":"Feature","geometry":{"type":"Polygon","coordinates":[[[23.44,70.82],[22.96,70.71],[21.99,70.66],[22.36,70.51],[23.07,70.59],[23.44,70.82]]]},"properties":{"scalerank":0,"featurecla":"Land","min_zoom":2}},
{"type":"Feature","geometry":{"type":"Polygon","coordinates":[[[20.78,70.09],[20.82,70.21],[20.41,70.15],[20.78,70.09]]]},"properties":{"scalerank":0,"featurecla":"Land","min_zoom":3}},
{"type":"Feature","geometry":{"type":"Polygon","coordinates":[[[25.59,71.14],[25.31,71.03],[25.58,70.96],[26.13,71],[25.59,71.14]]]},"properties":{"scalerank":0,"featurecla":"Land","min_zoom":3}},
{"type":"Feature","geometry":{"type":"Polygon","coordinates":[[[23.62,70.55],[23.55,70.62],[22.94,70.44],[23.16,70.28],[23.55,70.41],[23.62,70.55]]]},"properties":{"scalerank":0,"featurecla":"Land","min_zoom":3}},
{"type":"Feature","geometry":{"type":"Polygon","coordinates":[[[24.02,70.57],[23.78,70.75],[23.67,70.6],[24.02,70.57]]]},"properties":{"scalerank":0,"featurecla":"Land","min_zoom":3}},
{"type":"Feature","geometry":{"type":"Polygon","coordinates":[[[13.87,68.27],[13.54,68.25],[13.2,68.09],[13.23,68],[13.78,68.1],[14.09,68.25],[13.87,68.27]]]},"properties":{"scalerank":0,"featurecla":"Land","min_zoom":3}},
{"type":"Feature","geometry":{"type":"Polygon","coordinates":[[[12.97,67.87],[13.12,68.05],[12.96,68.02],[12.97,67.87]]]},"properties":{"scalerank":0,"featurecla":"Land","min_zoom":3}},
{"type":"Feature","geometry":{"type":"Polygon","coordinates":[[[17.5,69.6],[17.25,69.5],[17.36,69.38],[17,69.36],[16.97,69.14],[17.16,69.03],[17.49,69.2],[17.95,69.2],[18,69.5],[17.5,69.6]]]},"properties":{"scalerank":0,"featurecla":"Land","min_zoom":2}},
{"type":"Feature","geometry":{"type":"Polygon","coordinates":[[[19.26,70.07],[19.21,70.25],[18.69,69.89],[18.35,69.77],[18.27,69.54],[18.78,69.58],[19.13,69.81],[19.59,69.97],[19.26,70.07]]]},"properties":{"scalerank":0,"featurecla":"Land","min_zoom":2}},
{"type":"Feature","geometry":{"type":"Polygon","coordinates":[[[15.76,68.56],[15.93,68.73],[15.81,69.02],[16.11,69.22],[15.89,69.28],[15.48,69.04],[15.56,68.87],[15.41,68.62],[15.1,68.44],[14.59,68.4],[14.26,68.19],[14.63,68.2],[14.93,68.31],[15.44,68.31],[15.91,68.39],[16.52,68.63],[16.33,68.88],[15.76,68.56]]]},"properties":{"scalerank":0,"featurecla":"Land","min_zoom":2}},
{"type":"Feature","geometry":{"type":"Polygon","coordinates":[[[15.21,68.94],[15.04,69],[14.8,68.79],[14.55,68.82],[14.52,68.63],[15.22,68.62],[15.4,68.78],[15.21,68.94]]]},"properties":{"scalerank":0,"featurecla":"Land","min_zoom":2}},
{"type":"Feature","geometry":{"type":"Polygon","coordinates":[[[11.23,64.87],[11.13,64.98],[10.83,64.84],[11.23,64.87]]]},"properties":{"scalerank":0,"featurecla":"Land","min_zoom":3}},
{"type":"Feature","geometry":{"type":"Polygon","coordinates":[[[5.09,60.31],[4.99,60.45],[4.94,60.27],[5.09,60.31]]]},"properties":{"scalerank":0,"featurecla":"Land","min_zoom":3}},
{"type":"Feature","geometry":{"type":"Polygon","coordinates":[[[11.97,65.63],[11.8,65.68],[11.78,65.6],[11.97,65.63]]]},"properties":{"scalerank":0,"featurecla":"Land","min_zoom":4}},
{"type":"Feature","geometry":{"type":"Polygon","coordinates":[[[-79.06,75.93],[-79.01,76.15],[-79.7,75.88],[-79.06,75.93]]]},"properties":{"scalerank":0,"featurecla":"Land","min_zoom":3}},
{"type":"Feature","geometry":{"type":"Polygon","coordinates":[[[-71.67,77.33],[-71.43,77.39],[-72.09,77.47],[-72.49,77.39],[-71.67,77.33]]]},"properties":{"scalerank":0,"featurecla":"Land","min_zoom":3}},
{"type":"Feature","geometry":{"type":"Polygon","coordinates":[[[-44.86,82.08],[-44.75,82.4],[-46.4,82.69],[-47.27,82.66],[-46.75,82.35],[-44.86,82.08]]]},"properties":{"scalerank":0,"featurecla":"Land","min_zoom":0}},
{"type":"Feature","geometry":{"type":"Polygon","coordinates":[[[-18.66,81.85],[-19.31,82.12],[-19.59,81.99],[-18.66,81.85]]]},"properties":{"scalerank":0,"featurecla":"Land","min_zoom":3}},
{"type":"Feature","geometry":{"type":"Polygon","coordinates":[[[-17.61,79.83],[-17.47,80.03],[-17.98,80.06],[-19,79.94],[-19.03,79.77],[-18.04,79.71],[-17.61,79.83]]]},"properties":{"scalerank":0,"featurecla":"Land","min_zoom":2}},
{"type":"Feature","geometry":{"type":"Polygon","coordinates":[[[-19,77.97],[-18.94,78.42],[-19.31,78.34],[-19,77.97]]]},"properties":{"scalerank":0,"featurecla":"Land","min_zoom":3}},
{"type":"Feature","geometry":{"type":"Polygon","coordinates":[[[-18.58,76.04],[-18.73,76.64],[-19.06,76.69],[-19.09,76.43],[-18.7,76.02],[-18.58,76.04]]]},"properties":{"scalerank":0,"featurecla":"Land","min_zoom":3}},
{"type":"Feature","geometry":{"type":"Polygon","coordinates":[[[-18,75.41],[-18.86,75.32],[-18.89,75.07],[-18.67,75],[-17.59,74.99],[-17.5,75.15],[-17.89,75.2],[-18,75.41]]]},"properties":{"scalerank":0,"featurecla":"Land","min_zoom":2}},
{"type":"Feature","geometry":{"type":"Polygon","coordinates":[[[-17.95,77.64],[-17.68,77.86],[-18.17,77.71],[-17.95,77.64]]]},"properties":{"scalerank":0,"featurecla":"Land","min_zoom":3}},
{"type":"Feature","geometry":{"type":"Polygon","coordinates":[[[-29.95,83.56],[-32.98,83.6],[-37.83,83.49],[-38.75,83.37],[-37.93,83.16],[-38.28,83],[-38.93,83.18],[-40.36,83.33],[-41.3,83.1],[-43.01,83.26],[-45.41,83.02],[-46.17,83.06],[-46.14,82.86],[-45.03,82.89],[-41.43,82.78],[-41.88,82.68],[-42.65,82.74],[-45.07,82.78],[-45.55,82.73],[-44.58,82.54],[-44.24,82.37],[-44.64,82.1],[-44.53,81.85],[-45.29,81.83],[-46.62,82.1],[-48.86,82.41],[-50.99,82.46],[-50.71,82.24],[-49.54,81.92],[-50.89,81.9],[-52.78,82.32],[-53.15,81.8],[-53.56,81.65],[-53.58,82.06],[-53.99,82.28],[-54.73,82.35],[-55.55,82.25],[-58.72,82.09],[-59.26,82.01],[-56.86,81.38],[-59.28,81.88],[-60.43,81.92],[-61.2,81.75],[-61.1,81.4],[-61.44,81.13],[-62.9,81.22],[-63.21,81.14],[-63.06,80.89],[-63.89,81.06],[-64.52,81],[-65.65,80.69],[-67,80.41],[-67.14,80.17],[-66.84,80.08],[-65.81,80.02],[-64.54,80.14],[-65.42,79.34],[-65.97,79.13],[-67.48,79.12],[-69.03,78.94],[-68.99,78.86],[-70.91,78.64],[-71.65,78.62],[-72.4,78.5],[-72.82,78.19],[-72.06,77.94],[-70.99,77.79],[-70.08,77.83],[-70.56,77.72],[-69.98,77.55],[-69.35,77.47],[-68.62,77.6],[-67.98,77.52],[-66.69,77.68],[-66.27,77.52],[-66.39,77.28],[-66.94,77.36],[-68.59,77.34],[-68.98,77.2],[-69.66,77.23],[-70.86,77.18],[-71.15,77.07],[-70.44,76.81],[-69.69,76.99],[-69.89,76.83],[-69.25,76.69],[-68.22,76.68],[-69.48,76.4],[-69.37,76.33],[-68.15,76.07],[-66.67,75.98],[-67.05,76.15],[-66.47,76.14],[-65.88,76.24],[-65.46,76.13],[-64.39,76.3],[-63.96,76.21],[-63.44,76.34],[-62.74,76.25],[-61.37,76.18],[-58.52,75.69],[-58.25,75.51],[-58.6,75.39],[-57.81,75.04],[-57.19,74.89],[-56.8,74.67],[-56.26,74.53],[-56.66,74.46],[-56.71,74.22],[-57.23,74.13],[-56.3,74.16],[-55.93,73.9],[-56.1,73.56],[-55.74,73.38],[-55.45,73.46],[-55.3,73.26],[-55.69,73.11],[-55.29,72.93],[-55.07,73.02],[-54.74,72.87],[-54.79,72.64],[-55.12,72.5],[-55.6,72.45],[-55.58,72.18],[-54.87,72.33],[-55.32,72.11],[-55.59,71.55],[-55.34,71.43],[-54.69,71.37],[-53.96,71.46],[-54.02,71.66],[-53.48,71.85],[-53.9,72.34],[-53.42,72],[-53.44,71.58],[-53.17,71.54],[-52.66,71.67],[-51.97,71.6],[-52.75,71.5],[-53.12,71.31],[-53.01,71.18],[-52.53,71.2],[-52.06,71.12],[-51.38,71.12],[-51.02,71],[-51.75,70.99],[-51.26,70.85],[-51.32,70.59],[-50.68,70.4],[-50.95,70.36],[-51.52,70.44],[-52.41,70.69],[-53.09,70.77],[-54.17,70.82],[-54.53,70.7],[-54.01,70.42],[-53.02,70.3],[-52.25,70.06],[-51.42,69.99],[-51.11,70.06],[-50.29,70.01],[-50.5,69.94],[-50.35,69.8],[-50.72,69.73],[-51.08,69.21],[-50.54,69.25],[-50.39,69.14],[-51.08,69.13],[-51.25,68.74],[-50.81,68.82],[-51.13,68.6],[-51.78,68.55],[-52.3,68.7],[-53.04,68.61],[-53.38,68.3],[-52.78,68.31],[-52.38,68.22],[-51.63,68.27],[-51.46,68.39],[-51.21,68.33],[-51.6,68.05],[-53.15,68.21],[-53.58,67.84],[-53.74,67.55],[-53.42,67.57],[-52.98,67.76],[-52.34,67.84],[-51.77,67.74],[-50.97,67.81],[-51.18,67.64],[-51.91,67.66],[-52.67,67.75],[-53.8,67.42],[-53.88,67.14],[-53.44,66.92],[-52.39,66.88],[-53.04,66.83],[-53.42,66.65],[-53.63,66.41],[-53.61,66.15],[-52.92,66.24],[-51.28,66.89],[-51.26,66.84],[-51.89,66.62],[-52.06,66.51],[-53.39,66.05],[-53.11,65.98],[-53.2,65.59],[-52.76,65.59],[-52.35,65.46],[-51.72,65.72],[-51.62,65.71],[-52.18,65.44],[-52.54,65.33],[-52.26,65.15],[-52.09,64.68],[-52.09,64.42],[-51.92,64.22],[-51.76,64.28],[-51.4,64.62],[-50.72,64.8],[-50.96,65.2],[-50.52,64.77],[-50.12,64.7],[-50.01,64.45],[-50.36,64.68],[-50.85,64.64],[-50.83,64.56],[-51.23,64.56],[-51.71,64.21],[-51.54,64.1],[-50.72,64.22],[-50.7,64.15],[-51.55,64.01],[-51.47,63.64],[-50.74,63.05],[-50.39,62.82],[-49.79,63.04],[-50.3,62.72],[-50.32,62.47],[-49.55,62.23],[-49.62,62],[-49.2,62.1],[-48.83,62.08],[-49.38,61.89],[-49.29,61.59],[-49.05,61.52],[-48.92,61.28],[-48.49,61.22],[-48.39,61],[-47.77,61],[-48.21,60.86],[-48.01,60.72],[-47.73,60.73],[-47.8,60.83],[-47.22,60.78],[-46.87,60.82],[-46.58,60.96],[-46.01,61.1],[-45.85,61.18],[-46.14,60.78],[-46.05,60.62],[-45.38,60.44],[-45.08,60.51],[-44.76,60.66],[-44.85,60.53],[-45.37,60.37],[-45.38,60.2],[-44.81,60.05],[-44.45,60.01],[-44.38,59.9],[-44.07,59.92],[-44.12,59.83],[-43.66,59.86],[-43.96,60.03],[-43.32,59.93],[-43.12,60.06],[-43.16,60.33],[-43.3,60.44],[-43.83,60.52],[-43.92,60.6],[-43.04,60.52],[-42.72,60.77],[-42.65,61.06],[-42.32,61.68],[-42.59,61.72],[-42.11,61.86],[-42.32,62.15],[-42.15,62.57],[-42.94,62.72],[-42.06,62.69],[-41.63,62.97],[-41.84,63.07],[-41.39,63.06],[-41.11,63.27],[-41.05,63.51],[-40.78,63.53],[-40.55,63.73],[-40.62,64.13],[-41.03,64.12],[-41.58,64.3],[-40.78,64.22],[-40.18,64.48],[-40.66,64.92],[-40.97,64.87],[-41.08,65.1],[-40.25,65.05],[-39.58,65.34],[-40.19,65.52],[-38.64,65.62],[-38.2,65.71],[-38.22,65.84],[-38.52,66.01],[-38.14,65.9],[-37.75,66.26],[-38.16,66.39],[-37.29,66.32],[-37.79,65.98],[-38,65.71],[-37.75,65.59],[-37.41,65.66],[-37.06,65.87],[-36.64,65.81],[-36.53,66.01],[-36.38,65.83],[-35.63,66.14],[-35.87,66.44],[-35.41,66.26],[-35.19,66.25],[-34.63,66.43],[-34.42,66.63],[-34.1,66.73],[-33.16,67.63],[-32.27,67.92],[-32.16,68.06],[-32.37,68.21],[-32.18,68.26],[-32.33,68.44],[-31.42,68.13],[-30.98,68.06],[-30.61,68.12],[-30.72,68.25],[-30.2,68.2],[-29.87,68.31],[-29.25,68.3],[-26.34,68.7],[-25.7,68.89],[-25.54,69.05],[-25.09,69.17],[-25.19,69.26],[-24.74,69.32],[-24.22,69.48],[-24.3,69.59],[-23.71,69.63],[-23.87,69.74],[-23.01,69.8],[-23.09,69.88],[-22.44,69.99],[-22.28,70.13],[-23.17,70.11],[-24.04,70.18],[-24.75,70.3],[-25.53,70.35],[-26.42,70.22],[-27.03,70.2],[-27.38,69.99],[-27.56,70.12],[-26.51,70.4],[-26.75,70.48],[-28.02,70.4],[-28.54,70.48],[-29.04,70.46],[-28.15,70.66],[-27.99,70.9],[-28.3,71.01],[-26.72,70.95],[-25.74,71.18],[-25.84,71.48],[-27.11,71.53],[-27.01,71.63],[-25.66,71.53],[-24.38,71.15],[-24.13,70.79],[-23.79,70.56],[-23.33,70.45],[-22.69,70.44],[-22.44,70.86],[-22.38,70.46],[-21.94,70.44],[-21.52,70.53],[-21.67,70.86],[-21.75,71.48],[-22.3,71.43],[-22.42,71.25],[-22.5,71.5],[-21.96,71.74],[-22.37,71.77],[-22.5,71.91],[-22.87,71.97],[-24.42,72.35],[-24.67,72.44],[-24.77,72.87],[-24.98,72.89],[-26.39,72.67],[-26.66,72.72],[-24.63,73.04],[-24.36,72.69],[-24.07,72.5],[-22.29,72.12],[-22.28,72.34],[-22.07,72.4],[-22.04,72.92],[-22.85,73.08],[-23.9,73.4],[-24.59,73.42],[-25.27,73.36],[-25.4,73.28],[-26.75,73.12],[-26.6,73.28],[-27.27,73.44],[-26.06,73.25],[-24.79,73.51],[-25.43,73.79],[-24.68,73.6],[-24.16,73.76],[-23.76,73.54],[-22.99,73.35],[-22.19,73.27],[-21.55,73.43],[-20.51,73.49],[-20.37,73.85],[-21.3,73.96],[-21.99,73.97],[-22.33,74.09],[-22.32,74.3],[-21.76,74.48],[-21.95,74.24],[-21.13,74.11],[-20.23,74.2],[-20.26,74.28],[-19.37,74.28],[-19.23,74.48],[-19.98,74.98],[-20.42,74.98],[-20.61,74.73],[-20.93,75.05],[-21.78,74.97],[-20.91,75.16],[-20.48,75.31],[-19.8,75.16],[-19.43,75.23],[-19.51,75.76],[-19.96,76],[-20.1,76.22],[-20.89,76.3],[-21.42,76.26],[-21.88,76.57],[-22.61,76.68],[-22.33,76.79],[-21.61,76.69],[-20.94,76.89],[-20.06,76.93],[-18.51,76.78],[-18.34,77.22],[-18.59,77.28],[-19.3,77.22],[-20.23,77.37],[-20.68,77.62],[-20.16,77.69],[-19.52,77.57],[-19.49,77.72],[-20.86,77.91],[-21.58,77.65],[-21.75,77.79],[-20.96,78.56],[-21.13,78.66],[-20.05,78.84],[-19.72,79.07],[-18.99,79.18],[-19.41,79.35],[-19.28,79.68],[-20.14,79.8],[-20.15,80.01],[-19.43,80.26],[-18.07,80.17],[-16.87,80.2],[-15.94,80.43],[-16.76,80.57],[-14.5,80.76],[-14.49,80.97],[-13.45,81.04],[-11.53,81.42],[-12.19,81.65],[-13.7,81.79],[-15.56,81.83],[-16.36,81.73],[-17.46,81.4],[-19.15,81.51],[-19.22,81.64],[-20.02,81.56],[-20.76,81.31],[-21.93,81.05],[-23.07,80.93],[-21.72,81.35],[-21.15,81.7],[-21.34,82.07],[-23.1,82.01],[-23.64,81.74],[-24.29,81.7],[-25.15,82],[-27.84,82.05],[-29.81,81.96],[-29.58,82.16],[-23.86,82.29],[-22.47,82.38],[-21.52,82.6],[-22.52,82.79],[-24.47,82.88],[-25.12,83.16],[-27,83.07],[-30.39,83.09],[-32.03,82.98],[-31.99,83.09],[-30.09,83.16],[-26.18,83.22],[-25.8,83.26],[-28.48,83.43],[-29.95,83.56]]]},"properties":{"scalerank":0,"featurecla":"Land","min_zoom":0}},
{"type":"Feature","geometry":{"type":"Polygon","coordinates":[[[180,-16.54],[180,-16.49],[179.98,-16.52],[180,-16.54]]]},"properties":{"scalerank":0,"featurecla":"Land","min_zoom":4}},
{"type":"Feature","geometry":{"type":"Polygon","coordinates":[[[-179.96,-16.15],[-179.97,-16.13],[-180,-16.15],[-180,-16.16],[-180,-16.17],[-179.96,-16.15]]]},"properties":{"scalerank":0,"featurecla":"Land","min_zoom":1}},
{"type":"Feature","geometry":{"type":"Polygon","coordinates":[[[-85.87,16.46],[-85.88,16.51],[-85.96,16.43],[-85.87,16.46]]]},"properties":{"scalerank":0,"featurecla":"Land","min_zoom":4}},
{"type":"Feature","geometry":{"type":"Polygon","coordinates":[[[25.4,37.42],[25.35,37.51],[25.31,37.41],[25.4,37.42]]]},"properties":{"scalerank":0,"featurecla":"Land","min_zoom":3}},
{"type":"Feature","geometry":{"type":"Polygon","coordinates":[[[166.96,-0.52],[166.91,-0.5],[166.92,-0.55],[166.96,-0.52]]]},"properties":{"scalerank":0,"featurecla":"Land","min_zoom":4}},
{"type":"Feature","geometry":{"type":"Polygon","coordinates":[[[169.64,5.83],[169.67,5.94],[169.65,5.95],[169.64,5.83]]]},"properties":{"scalerank":0,"featurecla":"Land","min_zoom":4}},
{"type":"Feature","geometry":{"type":"Polygon","coordinates":[[[172.97,3.13],[172.96,3.15],[172.89,3.1],[172.97,3.13]]]},"properties":{"scalerank":0,"featurecla":"Land","min_zoom":4}},
{"type":"Feature","geometry":{"type":"Polygon","coordinates":[[[172.84,3.05],[172.83,3.07],[172.77,3.01],[172.84,3.05]]]},"properties":{"scalerank":0,"featurecla":"Land","min_zoom":4}},
{"type":"Feature","geometry":{"type":"Polygon","coordinates":[[[173.02,1.85],[172.97,1.91],[172.93,1.93],[173.02,1.85]]]},"properties":{"scalerank":0,"featurecla":"Land","min_zoom":4}},
{"type":"Feature","geometry":{"type":"Polygon","coordinates":[[[173.03,1.72],[173.05,1.74],[173.02,1.81],[173.03,1.72]]]},"properties":{"scalerank":0,"featurecla":"Land","min_zoom":4}},
{"type":"Feature","geometry":{"type":"Polygon","coordinates":[[[173.03,1.01],[173.07,0.96],[172.97,0.84],[172.99,0.84],[173.09,0.97],[173.03,1.01]]]},"properties":{"scalerank":0,"featurecla":"Land","min_zoom":4}},
{"type":"Feature","geometry":{"type":"Polygon","coordinates":[[[174.51,-0.8],[174.47,-0.64],[174.45,-0.65],[174.51,-0.8]]]},"properties":{"scalerank":0,"featurecla":"Land","min_zoom":4}},
{"type":"Feature","geometry":{"type":"Polygon","coordinates":[[[174.77,-1.21],[174.72,-1.13],[174.76,-1.26],[174.77,-1.21]]]},"properties":{"scalerank":0,"featurecla":"Land","min_zoom":4}},
{"type":"Feature","geometry":{"type":"Polygon","coordinates":[[[168.83,7.31],[168.68,7.34],[168.72,7.3],[168.83,7.31]]]},"properties":{"scalerank":0,"featurecla":"Land","min_zoom":4}},
{"type":"Feature","geometry":{"type":"Polygon","coordinates":[[[171.58,7.05],[171.76,6.97],[171.69,7.03],[171.58,7.05]]]},"properties":{"scalerank":0,"featurecla":"Land","min_zoom":4}},
{"type":"Feature","geometry":{"type":"Polygon","coordinates":[[[171.1,7.14],[171.1,7.11],[171.26,7.07],[171.1,7.14]]]},"properties":{"scalerank":0,"featurecla":"Land","min_zoom":4}},
{"type":"Feature","geometry":{"type":"Polygon","coordinates":[[[-178.05,-14.32],[-178.14,-14.24],[-178.16,-14.31],[-178.05,-14.32]]]},"properties":{"scalerank":0,"featurecla":"Land","min_zoom":4}},
{"type":"Feature","geometry":{"type":"Polygon","coordinates":[[[-140.81,-17.86],[-140.76,-17.72],[-140.85,-17.83],[-140.81,-17.86]]]},"properties":{"scalerank":0,"featurecla":"Land","min_zoom":4}},
{"type":"Feature","geometry":{"type":"Polygon","coordinates":[[[-136.29,-18.54],[-136.46,-18.46],[-136.48,-18.47],[-136.29,-18.54]]]},"properties":{"scalerank":0,"featurecla":"Land","min_zoom":4}},
{"type":"Feature","geometry":{"type":"Polygon","coordinates":[[[-136.97,-18.34],[-137.03,-18.27],[-137.07,-18.27],[-136.97,-18.34]]]},"properties":{"scalerank":0,"featurecla":"Land","min_zoom":4}},
{"type":"Feature","geometry":{"type":"Polygon","coordinates":[[[-138.51,-20.86],[-138.55,-20.77],[-138.52,-20.85],[-138.51,-20.86]]]},"properties":{"scalerank":0,"featurecla":"Land","min_zoom":4}},
{"type":"Feature","geometry":{"type":"Polygon","coordinates":[[[-140.69,-18.38],[-140.77,-18.36],[-140.67,-18.42],[-140.69,-18.38]]]},"properties":{"scalerank":0,"featurecla":"Land","min_zoom":4}},
{"type":"Feature","geometry":{"type":"Polygon","coordinates":[[[-140.83,-18.19],[-140.97,-18.06],[-140.86,-18.2],[-140.83,-18.19]]]},"properties":{"scalerank":0,"featurecla":"Land","min_zoom":4}},
{"type":"Feature","geometry":{"type":"Polygon","coordinates":[[[-142.51,-16.1],[-142.48,-16.02],[-142.51,-16.03],[-142.51,-16.1]]]},"properties":{"scalerank":0,"featurecla":"Land","min_zoom":4}},
{"type":"Feature","geometry":{"type":"Polygon","coordinates":[[[-143.44,-16.62],[-143.46,-16.64],[-143.39,-16.67],[-143.44,-16.62]]]},"properties":{"scalerank":0,"featurecla":"Land","min_zoom":4}},
{"type":"Feature","geometry":{"type":"Polygon","coordinates":[[[-143.57,-16.63],[-143.71,-16.58],[-143.61,-16.64],[-143.57,-16.63]]]},"properties":{"scalerank":0,"featurecla":"Land","min_zoom":4}},
{"type":"Feature","geometry":{"type":"Polygon","coordinates":[[[-145.05,-15.86],[-145.16,-15.76],[-145.08,-15.86],[-145.05,-15.86]]]},"properties":{"scalerank":0,"featurecla":"Land","min_zoom":4}},
{"type":"Feature","geometry":{"type":"Polygon","coordinates":[[[-145.49,-16.33],[-145.61,-16.08],[-145.61,-16.17],[-145.49,-16.33]]]},"properties":{"scalerank":0,"featurecla":"Land","min_zoom":4}},
{"type":"Feature","geometry":{"type":"Polygon","coordinates":[[[173.04,1.34],[173.16,1.36],[173.14,1.38],[173.04,1.34]]]},"properties":{"scalerank":0,"featurecla":"Land","min_zoom":4}},
{"type":"Feature","geometry":{"type":"Polygon","coordinates":[[[-169.76,56.64],[-169.59,56.54],[-169.47,56.59],[-169.76,56.64]]]},"properties":{"scalerank":0,"featurecla":"Land","min_zoom":3}},
{"type":"Feature","geometry":{"type":"Polygon","coordinates":[[[-72.66,20.04],[-72.96,20.06],[-72.64,19.99],[-72.66,20.04]]]},"properties":{"scalerank":0,"featurecla":"Land","min_zoom":3}},
{"type":"Feature","geometry":{"type":"Polygon","coordinates":[[[24.52,37.13],[24.53,37.19],[24.42,37.13],[24.52,37.13]]]},"properties":{"scalerank":0,"featurecla":"Land","min_zoom":4}},
{"type":"Feature","geometry":{"type":"Polygon","coordinates":[[[142.19,26.62],[142.16,26.71],[142.11,26.72],[142.19,26.62]]]},"properties":{"scalerank":0,"featurecla":"Land","min_zoom":4}},
{"type":"Feature","geometry":{"type":"Polygon","coordinates":[[[130.92,37.48],[130.9,37.55],[130.82,37.48],[130.92,37.48]]]},"properties":{"scalerank":0,"featurecla":"Land","min_zoom":4}},
{"type":"Feature","geometry":{"type":"Polygon","coordinates":[[[-57.02,-63.37],[-57.08,-63.26],[-57.39,-63.23],[-57.87,-63.32],[-58.22,-63.45],[-58.87,-63.55],[-59.04,-63.67],[-59.51,-63.82],[-60.28,-63.92],[-60.86,-64.07],[-61.08,-64.31],[-61.4,-64.43],[-61.63,-64.6],[-62.14,-64.73],[-62.4,-64.64],[-62.53,-64.83],[-63.12,-64.94],[-63.06,-65.14],[-63.76,-65.03],[-64.04,-65.18],[-64.05,-65.42],[-63.8,-65.48],[-64.65,-65.75],[-64.61,-66.02],[-65,-65.95],[-65.27,-65.99],[-65.17,-66.12],[-65.62,-66.14],[-65.85,-66.65],[-66.37,-66.61],[-66.53,-66.74],[-66.47,-67.24],[-66.9,-67.26],[-66.96,-66.98],[-67.16,-66.95],[-67.49,-67.11],[-67.59,-67.44],[-67.49,-67.55],[-67.12,-67.49],[-66.7,-67.53],[-67.15,-68.02],[-66.79,-68.24],[-67.12,-68.57],[-67.13,-68.77],[-67.39,-68.86],[-67.02,-69.03],[-66.97,-69.16],[-67.37,-69.41],[-68.14,-69.35],[-68.71,-69.43],[-68.47,-69.64],[-68.4,-70.02],[-67.89,-70.42],[-67.5,-71.06],[-67.46,-71.53],[-66.95,-71.9],[-66.83,-72.09],[-67.31,-72.61],[-67.67,-72.83],[-68.82,-73.11],[-70.32,-73.27],[-71.02,-73.26],[-71.45,-73.35],[-72.93,-73.45],[-74,-73.7],[-74.59,-73.72],[-75.29,-73.64],[-76.29,-73.81],[-77.05,-73.84],[-76.76,-73.57],[-76.85,-73.46],[-78.41,-73.56],[-78.79,-73.51],[-78.96,-73.31],[-79.52,-73.09],[-80.44,-72.94],[-80.61,-73.08],[-80.34,-73.41],[-81.02,-73.24],[-81.26,-73.31],[-81.16,-73.63],[-81.31,-73.74],[-82.18,-73.86],[-83.04,-73.71],[-83.56,-73.71],[-84.21,-73.57],[-84.98,-73.5],[-85.8,-73.19],[-86.6,-73.35],[-87.04,-73.35],[-87.4,-73.19],[-88.42,-73.23],[-88.56,-73.12],[-88.19,-72.86],[-88.53,-72.7],[-89.13,-72.69],[-89.34,-72.89],[-89.82,-72.86],[-90.3,-72.98],[-90.43,-73.24],[-90.92,-73.32],[-92.24,-73.18],[-93.71,-73.22],[-94.25,-73.31],[-95.24,-73.22],[-96.15,-73.31],[-96.68,-73.27],[-98.01,-73.03],[-99.81,-73],[-100.26,-73.04],[-100.82,-72.98],[-101.68,-73.03],[-102.41,-72.99],[-102.36,-72.76],[-103.11,-72.72],[-103.37,-72.82],[-103.08,-73.18],[-102.68,-73.32],[-101.19,-73.32],[-100.02,-73.4],[-98.9,-73.61],[-99.78,-73.72],[-100.99,-73.76],[-102.41,-73.62],[-102.8,-73.65],[-102.77,-73.88],[-101.72,-74.02],[-101.25,-74.49],[-100.88,-74.54],[-100.12,-74.52],[-100.01,-74.66],[-100.47,-74.87],[-99.65,-74.95],[-98.56,-75.19],[-98.75,-75.32],[-99.53,-75.31],[-101.04,-75.42],[-101.71,-75.13],[-103.42,-75.1],[-103.9,-75.15],[-104.9,-75.12],[-106.62,-75.34],[-107.8,-75.32],[-109.27,-75.19],[-111.1,-75.19],[-111.46,-75.13],[-110.3,-74.71],[-110.31,-74.37],[-111.18,-74.19],[-111.81,-74.27],[-111.7,-74.79],[-114.11,-74.98],[-113.9,-74.64],[-113.33,-74.45],[-113.75,-74.37],[-113.51,-74.09],[-114.35,-73.92],[-114.79,-73.99],[-115.11,-74.46],[-117.07,-74.47],[-118.34,-74.38],[-118.8,-74.42],[-119.68,-74.65],[-121.54,-74.75],[-123.89,-74.77],[-125.35,-74.71],[-126.38,-74.74],[-127.02,-74.7],[-127.86,-74.72],[-129.79,-74.89],[-132.05,-74.77],[-133.47,-74.85],[-134.12,-74.83],[-134.84,-74.69],[-135.36,-74.69],[-136.23,-74.84],[-136.55,-75.14],[-137.62,-75.08],[-139.69,-75.21],[-140.71,-75.5],[-141.22,-75.55],[-140.87,-75.75],[-141.51,-75.69],[-142.33,-75.49],[-143.57,-75.56],[-145.11,-75.88],[-145.99,-75.89],[-146.38,-76.1],[-145.44,-76.41],[-145.89,-76.42],[-146.82,-76.32],[-147.86,-76.13],[-148.32,-76.1],[-148.89,-76.27],[-149.65,-76.37],[-148.6,-76.49],[-147.34,-76.44],[-146.78,-76.51],[-145.75,-76.75],[-145.63,-76.95],[-145.93,-77.03],[-145.52,-77.2],[-145.81,-77.27],[-145.68,-77.49],[-146.39,-77.47],[-146.93,-77.26],[-147.73,-77.31],[-148.57,-77.11],[-148.74,-77.34],[-148.16,-77.46],[-149.72,-77.8],[-150.31,-77.73],[-151.72,-77.43],[-153.46,-77.42],[-153.91,-77.23],[-154.81,-77.13],[-156.21,-77.11],[-156.67,-77.21],[-157.47,-77.23],[-157.84,-77.08],[-158.21,-77.16],[-158.23,-77.5],[-158.5,-77.78],[-158.29,-77.95],[-157.27,-78.2],[-155.34,-78.19],[-154.29,-78.26],[-154.72,-78.4],[-155.92,-78.51],[-156.47,-78.64],[-155.21,-78.96],[-153.52,-79.12],[-152.14,-79.12],[-152.09,-79.24],[-150.49,-79.55],[-149.05,-79.66],[-148.18,-79.78],[-148.32,-80.07],[-150.22,-80.15],[-150.58,-80.35],[-150.13,-80.51],[-149.21,-80.6],[-149.15,-80.72],[-148.02,-80.84],[-148.12,-80.9],[-152.03,-81.03],[-156.53,-81.16],[-157.03,-81.32],[-154.91,-81.51],[-153.96,-81.7],[-154.72,-81.94],[-153.01,-82.45],[-153.82,-82.67],[-155.15,-82.86],[-155.46,-82.98],[-157.68,-83.13],[-157.03,-83.23],[-157.43,-83.35],[-159.44,-83.54],[-159.92,-83.49],[-162.2,-83.52],[-163.11,-83.33],[-164.45,-83.47],[-164.92,-83.29],[-166.22,-83.2],[-168.42,-83.23],[-171.82,-82.85],[-174.07,-82.9],[-169.17,-83.45],[-167.55,-83.81],[-164.95,-83.81],[-164.08,-83.95],[-164.69,-84.15],[-163.9,-84.35],[-165.24,-84.38],[-163.57,-84.53],[-156.99,-84.81],[-157.45,-84.91],[-156.46,-85.19],[-162.93,-84.9],[-166.91,-84.82],[-168.67,-84.68],[-171.7,-84.54],[-178.39,-84.34],[-180,-84.35],[-180,-85.06],[-180,-85.76],[-180,-86.47],[-180,-87.18],[-180,-87.88],[-180,-88.59],[-180,-89.29],[-180,-89.58],[-180,-90],[180,-90],[180,-84.35],[179.4,-84.21],[171.92,-83.64],[170.82,-83.44],[168.11,-83.36],[168.61,-83.07],[167.6,-83.05],[166.96,-82.76],[166.45,-82.72],[164.75,-82.35],[163.27,-82.46],[161.28,-82.49],[161.17,-82.41],[163.68,-82.19],[162.82,-81.87],[160.47,-81.34],[160.72,-80.91],[160.26,-80.79],[160.83,-80.73],[160.54,-80.42],[158.57,-80.42],[158.77,-80.29],[160.56,-80.01],[159.9,-79.86],[160.32,-79.64],[159.98,-79.59],[160.65,-79.43],[160.48,-79.2],[161.19,-78.98],[161.95,-79.03],[161.5,-78.68],[161.76,-78.54],[162.64,-78.9],[164.63,-78.6],[166.12,-78.57],[166.52,-78.69],[167.05,-78.69],[167.06,-78.52],[166.21,-78.45],[165.66,-78.31],[165.42,-78.04],[164.63,-78.32],[163.98,-78.22],[164.43,-78.04],[164.42,-77.88],[163.62,-77.58],[163.61,-77.39],[163.09,-77.03],[162.45,-76.96],[162.76,-76.75],[162.73,-76.23],[162.44,-76.15],[162.82,-75.85],[161.9,-75.4],[161.03,-75.4],[160.91,-75.33],[161.68,-75.22],[162.09,-75.26],[162.53,-75.17],[162.6,-74.82],[163.17,-74.6],[163.27,-74.43],[163.74,-74.56],[164.17,-74.52],[165.3,-74.59],[165.26,-74.43],[164.78,-74.03],[164.98,-73.93],[164.75,-73.56],[164.81,-73.4],[165.13,-73.38],[165.35,-73.88],[166.11,-73.74],[165.86,-73.59],[166.16,-73.53],[167,-73.54],[167.62,-73.34],[166.83,-73.22],[166.45,-72.94],[167.16,-73.15],[168.74,-73.09],[169.03,-73.2],[169.55,-73.05],[169.83,-72.73],[168.82,-72.55],[168.43,-72.38],[168.72,-72.38],[170.05,-72.6],[170.26,-72.37],[169.95,-72.4],[170.03,-72.12],[170.22,-71.95],[170.68,-71.97],[170.86,-71.87],[170.44,-71.42],[170.16,-71.63],[168.8,-71.27],[168.17,-71.18],[167.57,-70.81],[166.63,-70.66],[165.85,-70.65],[164.4,-70.51],[164,-70.64],[163.35,-70.62],[162.67,-70.3],[162.22,-70.33],[162.04,-70.62],[162.29,-70.97],[161.42,-70.83],[161.04,-70.32],[160.65,-70.08],[160.21,-69.97],[160.13,-69.73],[159.78,-69.52],[157.93,-69.18],[157.48,-69.31],[157.05,-69.18],[156.49,-69.18],[155.52,-69.02],[154.99,-68.84],[154.2,-68.42],[153.78,-68.35],[153.71,-68.73],[153.08,-68.86],[152.55,-68.73],[151.56,-68.69],[151.14,-68.76],[151.07,-68.38],[150.34,-68.44],[149.72,-68.42],[148.46,-68.47],[147.57,-68.38],[147.09,-68.37],[146.8,-68.27],[146.83,-67.96],[145.98,-67.62],[145.13,-67.63],[144.4,-67.79],[144.19,-67.9],[143.94,-67.79],[144.62,-67.14],[144.35,-67.02],[143.91,-67.09],[143.73,-66.88],[143.45,-66.88],[142.69,-67.01],[141.97,-66.81],[141.29,-66.83],[140.9,-66.75],[139.9,-66.72],[139.24,-66.57],[138.14,-66.54],[137.75,-66.41],[136.89,-66.34],[136.55,-66.44],[136.19,-66.29],[135.35,-66.13],[134.97,-66.33],[134.29,-66.48],[134.18,-66.28],[133.44,-66.08],[132.87,-66.18],[132.32,-66.17],[131.83,-66.24],[130.95,-66.19],[130.12,-66.29],[129.74,-66.47],[129.24,-67.04],[128.43,-67.12],[127.97,-67.03],[127.54,-67.05],[126.87,-66.76],[126.66,-66.5],[125.87,-66.36],[125.4,-66.42],[125.1,-66.64],[124.6,-66.71],[124.2,-66.6],[122.18,-66.86],[121.49,-67.09],[119.13,-67.37],[118.92,-67.32],[119.28,-67.2],[120.37,-66.98],[119.77,-66.99],[118.96,-67.14],[118.52,-67.16],[118.14,-67.08],[117.74,-67.13],[117.13,-67.11],[116.71,-67.05],[115.89,-67.2],[115.38,-67.24],[114.66,-67.39],[114.03,-67.44],[113.99,-67.21],[115.27,-67.03],[115.64,-66.77],[115.31,-66.56],[114.62,-66.47],[114.34,-66.36],[113.71,-65.93],[113.1,-65.8],[111.45,-65.96],[110.91,-66.08],[110.59,-66.31],[110.62,-66.52],[109.82,-66.83],[109.46,-66.91],[108.38,-66.77],[108.16,-66.64],[107.79,-66.66],[107.17,-66.47],[106.39,-66.41],[103.95,-65.99],[103.64,-66],[102.67,-65.87],[102.17,-65.95],[101.47,-65.95],[100.89,-66.36],[99.37,-66.65],[98.86,-66.67],[98.72,-66.55],[98.26,-66.47],[97.72,-66.61],[97.1,-66.5],[96.42,-66.6],[95.54,-66.63],[94.84,-66.5],[93.96,-66.69],[93.36,-66.59],[92.73,-66.62],[92.07,-66.51],[91.02,-66.6],[90.55,-66.73],[89.7,-66.82],[87.98,-66.79],[87.08,-66.94],[86.75,-67.04],[86.12,-67.05],[85.71,-67.16],[84.49,-67.11],[83.49,-67.44],[83.3,-67.6],[82.61,-67.61],[82.02,-67.69],[79.29,-68.12],[78.73,-68.28],[78.49,-68.63],[77.54,-69.17],[77.19,-69.21],[76.36,-69.49],[75.89,-69.58],[75.82,-69.73],[75.42,-69.89],[74.57,-69.88],[73.94,-69.74],[73.32,-69.85],[72.82,-70.1],[72.76,-70.4],[72.26,-70.66],[71.9,-70.71],[71.46,-71.15],[71.28,-71.62],[70.62,-71.84],[70.57,-71.93],[69.96,-72.13],[69.55,-72.37],[68.42,-72.52],[67.97,-72.75],[67.97,-73.09],[67.32,-73.3],[66.57,-73.21],[66.5,-73.13],[66.89,-72.95],[67.43,-72],[68.04,-71.39],[68.87,-71.04],[69.19,-70.7],[69.25,-70.43],[69.02,-70.33],[68.56,-70.41],[67.94,-70.42],[67.27,-70.27],[68.18,-69.84],[68.74,-69.92],[69.08,-69.87],[69.19,-69.65],[68.91,-69.37],[69.63,-69.23],[69.53,-68.74],[69.98,-68.46],[69.6,-68.04],[69.66,-67.86],[69.42,-67.74],[68.9,-67.86],[68.33,-67.89],[67.17,-67.77],[66.49,-67.77],[64.57,-67.62],[63.7,-67.51],[63.24,-67.53],[62.69,-67.65],[62.17,-67.58],[61.31,-67.54],[60.48,-67.39],[59.87,-67.4],[59.25,-67.48],[58.74,-67.23],[57.63,-67.01],[56.89,-67.06],[56.15,-67.26],[55.8,-67.2],[56.39,-66.97],[56.45,-66.78],[56.15,-66.63],[56.82,-66.71],[57.19,-66.61],[56.86,-66.42],[56.36,-66.37],[55.71,-66.08],[54.95,-65.92],[53.67,-65.86],[52.96,-65.95],[51.88,-66.02],[50.94,-66.32],[50.33,-66.44],[50.31,-66.75],[50.52,-66.82],[50.55,-67.19],[50.01,-67.18],[49.25,-66.94],[48.83,-66.94],[48.47,-67.04],[48.71,-67.22],[49.22,-67.23],[48.63,-67.52],[48.65,-67.79],[48.37,-67.99],[48.32,-67.79],[47.96,-67.66],[47.49,-67.73],[47.12,-67.57],[47.4,-67.41],[46.88,-67.27],[46.56,-67.27],[46.32,-67.4],[46.4,-67.62],[45.57,-67.74],[44.99,-67.77],[44.7,-67.9],[42.82,-68.12],[42.41,-68.35],[41.13,-68.58],[40.82,-68.72],[40.48,-68.74],[39.86,-68.97],[39.71,-69.43],[38.86,-70.01],[38.89,-70.17],[38.5,-70.06],[38.14,-69.82],[37.56,-69.72],[37.11,-69.81],[36.72,-69.65],[35.36,-69.68],[34.75,-69.17],[34.6,-69.09],[33.81,-69.1],[33.77,-69.02],[34.22,-68.79],[34.19,-68.7],[33.12,-68.69],[32.64,-68.87],[32.57,-69.07],[32.9,-69.38],[32.99,-69.62],[32.62,-70],[31.38,-70.23],[30,-70.3],[29.46,-70.41],[28.91,-70.58],[27.7,-70.77],[27.21,-70.91],[26.5,-71.02],[25.97,-71.04],[24.76,-70.89],[24.39,-70.7],[24.24,-70.45],[23.8,-70.4],[23.41,-70.72],[22.98,-70.81],[22.23,-70.64],[22.37,-70.48],[21.7,-70.26],[21.34,-70.5],[21.07,-70.84],[20.13,-70.92],[19.27,-70.9],[19.03,-70.67],[19.2,-70.29],[18.88,-70.2],[18.43,-70.29],[18.12,-70.54],[16.71,-70.4],[16.58,-70.2],[16.03,-70.19],[15.81,-70.32],[14.49,-70.3],[13.82,-70.34],[13.3,-70.23],[13.07,-70.05],[12.63,-70.07],[12.93,-70.21],[12.46,-70.37],[11.7,-70.77],[11.2,-70.73],[10.22,-70.51],[9.61,-70.27],[9.14,-70.18],[8.52,-70.47],[7.68,-70.36],[7.4,-70.49],[6.51,-70.59],[5.11,-70.66],[3.51,-70.84],[2.61,-70.9],[0.83,-71.2],[0.15,-71.4],[-0.54,-71.71],[-0.76,-71.63],[-1.07,-71.27],[-1.35,-71.39],[-2.01,-71.43],[-2.81,-71.32],[-3.71,-71.37],[-4.45,-71.33],[-6.12,-71.33],[-6.08,-71.15],[-5.59,-70.86],[-5.94,-70.71],[-6.84,-70.84],[-7.39,-70.79],[-7.87,-70.94],[-7.62,-71.12],[-7.71,-71.55],[-7.92,-71.64],[-8.65,-71.67],[-9.23,-71.17],[-10.1,-70.93],[-10.33,-71.02],[-10.03,-71.13],[-10.52,-71.3],[-10.97,-71.56],[-11.66,-71.33],[-12.07,-71.3],[-12.35,-71.39],[-12.15,-71.61],[-11.33,-71.79],[-11.01,-71.76],[-10.96,-71.9],[-11.5,-72.41],[-12.75,-72.63],[-13.21,-72.79],[-14.3,-72.73],[-14,-73],[-14.32,-73.12],[-15.01,-73.05],[-15.6,-73.1],[-16.44,-73.43],[-16.52,-73.64],[-15.94,-73.76],[-16.28,-73.87],[-15.75,-73.95],[-14.61,-73.85],[-14.57,-73.94],[-15.67,-74.41],[-16.43,-74.32],[-17.3,-74.33],[-17.92,-74.7],[-18.22,-74.97],[-18.75,-75.24],[-18.3,-75.43],[-19.49,-75.54],[-20.49,-75.49],[-21.43,-75.68],[-22.47,-75.66],[-24.27,-75.77],[-26.06,-75.96],[-27.13,-76.16],[-28.93,-76.37],[-30.22,-76.66],[-32.06,-77.16],[-32.61,-77.14],[-34.08,-77.43],[-34.55,-77.73],[-35.09,-77.84],[-36.18,-78.47],[-36.24,-78.77],[-35.52,-78.93],[-32.99,-79.23],[-30.65,-79.12],[-30.32,-79.16],[-30.21,-79.49],[-29.95,-79.6],[-25.26,-79.76],[-24.3,-79.77],[-23.41,-79.86],[-24.24,-80.06],[-29.33,-80.17],[-31.02,-80.31],[-31.31,-80.45],[-32.26,-80.46],[-35.33,-80.65],[-35.97,-80.89],[-37.21,-81.06],[-38.77,-80.88],[-41.43,-81.3],[-43.18,-82.02],[-43.67,-82.27],[-46.18,-82.51],[-46.52,-82.45],[-46.05,-82.16],[-46.26,-81.95],[-47.36,-82],[-48.36,-81.89],[-50.65,-81.98],[-52.41,-82.13],[-53.99,-82.2],[-55.29,-82.46],[-55.8,-82.48],[-57.35,-82.84],[-59.52,-83.46],[-61.59,-83.34],[-61.2,-83.1],[-61.71,-83.01],[-62.74,-82.53],[-60.82,-82.28],[-60.86,-82.19],[-64.92,-82.37],[-65.71,-82.28],[-65.92,-81.9],[-64.14,-81.87],[-64.19,-81.79],[-65.49,-81.78],[-64.7,-81.65],[-62.54,-81.68],[-62.49,-81.56],[-64.75,-81.52],[-65.57,-81.46],[-68.14,-81.13],[-68.59,-80.97],[-69.18,-81],[-70.24,-80.86],[-70.56,-80.65],[-71.02,-80.62],[-73.03,-80.92],[-73.94,-80.82],[-74.81,-80.89],[-75.24,-80.8],[-75.71,-80.38],[-76.41,-80.09],[-78.18,-80.17],[-79.66,-80],[-77.7,-80.01],[-76.56,-79.9],[-76.03,-79.63],[-76.5,-79.33],[-79.46,-79.3],[-80.49,-79.32],[-80.89,-79.5],[-81.66,-79.1],[-83.26,-78.77],[-83.76,-78.46],[-83.25,-78.36],[-83.78,-77.98],[-82.61,-78.41],[-80.29,-78.82],[-77.87,-78.75],[-77.43,-78.43],[-77.86,-78.35],[-81.44,-77.89],[-80.6,-77.75],[-79.68,-77.84],[-77.74,-77.94],[-74.81,-78.18],[-74.04,-78.11],[-73.25,-77.89],[-72.85,-77.59],[-74.58,-77.48],[-75.39,-77.47],[-76.25,-77.27],[-77.17,-76.83],[-77.19,-76.63],[-75.27,-76.58],[-73.88,-76.7],[-72.72,-76.69],[-71.8,-76.75],[-70.9,-76.74],[-70.1,-76.65],[-69.3,-76.35],[-67.52,-76.11],[-66.37,-76.01],[-63.36,-75.45],[-63.3,-75.35],[-64.28,-75.29],[-63.23,-75.15],[-63.34,-75.03],[-63.92,-75],[-63.13,-74.85],[-63.18,-74.68],[-62.71,-74.74],[-62.37,-74.95],[-61.93,-74.86],[-61.89,-74.71],[-62.24,-74.44],[-61.64,-74.51],[-61.01,-74.48],[-60.78,-74.24],[-61.33,-74.33],[-61.84,-74.29],[-61.04,-74.12],[-61.84,-74.03],[-61.69,-73.92],[-61.2,-73.96],[-60.9,-73.87],[-60.88,-73.61],[-61.41,-73.47],[-61.64,-73.5],[-62.01,-73.15],[-61.43,-73.19],[-61.08,-73.33],[-60.56,-73.21],[-60.12,-73.28],[-60.01,-72.94],[-60.38,-73.01],[-60.53,-72.67],[-60.94,-72.7],[-61.29,-72.6],[-61.28,-72.47],[-60.73,-72.43],[-60.72,-72.07],[-61.31,-72.11],[-62.26,-72.02],[-61.94,-71.9],[-61.04,-71.82],[-61.21,-71.56],[-61.56,-71.68],[-61.96,-71.66],[-61.15,-71.34],[-61.02,-71.17],[-61.31,-70.87],[-61.96,-70.9],[-61.99,-70.73],[-61.7,-70.68],[-61.5,-70.49],[-62,-70.5],[-62.38,-70.36],[-62.01,-70.28],[-61.96,-70.12],[-62.41,-69.83],[-62.45,-69.58],[-63.46,-69.04],[-63.34,-68.81],[-63.75,-68.7],[-63.71,-68.59],[-62.93,-68.44],[-63.8,-68.47],[-64.17,-68.58],[-64.08,-68.77],[-64.9,-68.67],[-65.24,-68.58],[-65,-68.41],[-65.45,-68.34],[-64.9,-68.17],[-64.88,-68.06],[-65.22,-68.14],[-65.64,-68.13],[-65.47,-68.01],[-65.6,-67.88],[-65.42,-67.66],[-65.5,-67.38],[-64.82,-67.31],[-65.03,-67.21],[-64.69,-66.81],[-64.04,-66.93],[-63.75,-66.87],[-64.08,-66.65],[-63.76,-66.41],[-63.75,-66.28],[-63.26,-66.26],[-62.7,-66.68],[-62.68,-66.24],[-62.24,-66.2],[-61.88,-66.3],[-61.76,-66.43],[-61.68,-66.25],[-61.43,-66.14],[-61.03,-66.34],[-60.57,-65.98],[-60.91,-65.92],[-61.36,-66.06],[-61.84,-66.12],[-62.17,-66.03],[-62.31,-65.84],[-61.99,-65.59],[-61.76,-65.57],[-62.15,-65.33],[-61.95,-65.19],[-61.58,-65.19],[-61.7,-64.99],[-61.06,-64.98],[-60.66,-64.73],[-59.96,-64.43],[-59.73,-64.56],[-59.46,-64.35],[-58.79,-64.52],[-59.05,-64.23],[-58.84,-64.19],[-58.26,-63.76],[-57.46,-63.51],[-57.15,-63.48],[-57.12,-63.64],[-56.83,-63.63],[-57.02,-63.37]]]},"properties":{"scalerank":0,"featurecla":"Land","min_zoom":0}},
{"type":"Feature","geometry":{"type":"Polygon","coordinates":[[[178.86,70.83],[179.65,70.9],[180,70.99],[180,71.54],[178.89,71.23],[178.63,71.05],[178.86,70.83]]]},"properties":{"scalerank":0,"featurecla":"Land","min_zoom":0.5}},
{"type":"Feature","geometry":{"type":"Polygon","coordinates":[[[17.98,59.33],[18.97,59.76],[18.79,60.08],[18.54,60.15],[18.56,60.25],[18.25,60.36],[17.96,60.59],[17.66,60.54],[17.56,60.64],[17.25,60.7],[17.13,61.58],[17.2,61.72],[17.47,61.68],[17.37,61.87],[17.51,62.17],[17.41,62.51],[17.57,62.45],[18.04,62.6],[17.9,62.83],[18.46,62.9],[18.61,63.18],[19.03,63.24],[19.35,63.48],[19.72,63.46],[19.91,63.61],[20.2,63.66],[20.76,63.87],[21.02,64.18],[21.52,64.46],[21.14,64.81],[21.58,65.16],[21.57,65.41],[21.88,65.42],[21.92,65.53],[22.25,65.6],[22.37,65.84],[22.75,65.87],[23.1,65.74],[23.69,65.83],[24.58,65.76],[25.35,65.48],[25.26,65.14],[25.29,64.86],[24.94,64.88],[24.56,64.8],[24.28,64.52],[23.92,64.27],[23.25,63.9],[22.76,63.68],[22.53,63.65],[22.32,63.31],[21.9,63.21],[21.55,63.2],[21.65,63.04],[21.2,62.79],[21.1,62.62],[21.17,62.41],[21.35,62.22],[21.26,61.99],[21.61,61.59],[21.5,61.55],[21.51,61.28],[21.36,60.97],[21.44,60.6],[22.26,60.4],[22.58,60.38],[22.46,60.03],[22.79,60.08],[22.87,60.22],[23.2,60.02],[22.96,59.83],[23.18,59.84],[23.46,59.99],[23.72,59.97],[24.34,60.04],[25.16,60.19],[25.66,60.33],[25.76,60.27],[26.2,60.41],[26.53,60.41],[27.24,60.54],[27.46,60.46],[28.18,60.57],[28.51,60.68],[28.65,60.61],[28.64,60.38],[29.07,60.19],[29.72,60.2],[30.17,59.96],[30.12,59.87],[29.15,60],[28.95,59.83],[28.52,59.85],[28.33,59.69],[28.13,59.79],[28.06,59.55],[27.89,59.41],[26.97,59.45],[26.63,59.55],[25.51,59.64],[25.44,59.52],[24.88,59.52],[24.38,59.47],[24.08,59.29],[23.49,59.2],[23.43,58.92],[23.56,58.58],[23.77,58.36],[24.11,58.27],[24.34,58.38],[24.53,58.35],[24.3,57.78],[24.4,57.33],[24.28,57.17],[23.93,57.01],[23.65,56.97],[23.29,57.09],[23.14,57.32],[22.65,57.6],[22.55,57.72],[21.73,57.57],[21.46,57.32],[21.35,57.02],[21.07,56.82],[21.01,56.26],[21.06,55.81],[21.24,55.46],[21.19,54.94],[20.89,54.91],[20.59,54.98],[21.03,55.35],[20.52,54.99],[19.97,54.92],[19.94,54.75],[19.76,54.54],[19.41,54.39],[18.98,54.35],[18.67,54.43],[18.44,54.74],[18.76,54.68],[18.32,54.84],[17.84,54.82],[17.26,54.73],[16.89,54.6],[16.56,54.55],[16.19,54.29],[15.9,54.25],[14.25,53.93],[13.83,54.13],[13.93,53.88],[14.56,53.82],[14.58,53.64],[14.03,53.77],[13.87,53.85],[13.72,54.15],[13.45,54.14],[13.15,54.28],[13.03,54.41],[12.58,54.47],[12.11,54.17],[11.8,54.15],[11.4,53.94],[10.92,54],[10.81,54.08],[11.01,54.18],[11.01,54.38],[10.73,54.32],[10.14,54.49],[9.87,54.47],[10.03,54.58],[9.89,54.78],[9.75,54.81],[9.73,54.97],[9.45,55.04],[9.67,55.27],[9.59,55.49],[10.02,55.76],[9.9,55.84],[10.18,55.87],[10.32,56.21],[10.62,56.2],[10.86,56.3],[10.85,56.52],[10.49,56.52],[10.28,56.62],[10.3,57],[10.52,57.24],[10.44,57.56],[10.53,57.74],[10.26,57.62],[9.96,57.58],[9.55,57.23],[9.3,57.15],[8.62,57.11],[8.28,56.85],[8.47,56.66],[8.77,56.73],[8.99,57.02],[9.25,57.01],[9.2,56.7],[9.07,56.79],[8.74,56.63],[8.67,56.5],[8.16,56.61],[8.12,56.14],[8.2,55.98],[8.13,55.6],[8.62,55.42],[8.67,55.16],[8.57,55.13],[8.68,54.79],[8.95,54.47],[8.65,54.4],[8.64,54.29],[8.91,54.26],[8.98,53.93],[9.31,53.86],[9.63,53.6],[9.21,53.86],[8.62,53.88],[8.49,53.51],[8.33,53.61],[8.25,53.45],[8.01,53.69],[7.29,53.68],[7.11,53.56],[6.97,53.33],[6.82,53.44],[6.06,53.41],[5.53,53.27],[5.36,53.1],[4.68,52.81],[4.48,52.31],[4.08,51.99],[3.95,51.81],[4.18,51.61],[3.45,51.54],[3.82,51.41],[4.23,51.39],[3.88,51.35],[3.59,51.4],[3.23,51.35],[2.45,51.07],[1.91,50.99],[1.67,50.89],[1.58,50.74],[1.59,50.25],[1.25,50],[0.62,49.86],[0.19,49.7],[0.13,49.51],[0.42,49.45],[-0.16,49.3],[-0.52,49.35],[-1.14,49.39],[-1.26,49.68],[-1.86,49.68],[-1.87,49.6],[-1.58,49.2],[-1.57,48.81],[-1.38,48.65],[-1.82,48.63],[-2.45,48.65],[-2.69,48.54],[-3,48.79],[-3.23,48.84],[-3.71,48.71],[-4.06,48.71],[-4.53,48.62],[-4.72,48.54],[-4.72,48.36],[-4.39,48.37],[-4.24,48.3],[-4.58,48.29],[-4.33,48.17],[-4.68,48.04],[-4.43,47.97],[-4.31,47.82],[-3.9,47.84],[-3.16,47.69],[-2.96,47.6],[-2.73,47.6],[-2.77,47.51],[-2.43,47.47],[-2.5,47.31],[-1.98,47.31],[-2.2,47.16],[-2.02,47.04],[-2.06,46.81],[-1.79,46.51],[-1.39,46.35],[-1.15,46.31],[-1.1,45.93],[-1.03,45.74],[-1.17,45.69],[-0.88,45.54],[-0.77,45.31],[-1.08,45.53],[-1.19,45.16],[-1.25,44.56],[-1.35,44.02],[-1.48,43.56],[-1.63,43.44],[-1.99,43.35],[-2.34,43.33],[-2.88,43.45],[-3.05,43.37],[-3.6,43.52],[-4.31,43.41],[-4.52,43.42],[-5.67,43.58],[-5.85,43.65],[-6.08,43.59],[-7.26,43.59],[-7.5,43.74],[-7.7,43.76],[-8.26,43.58],[-8.25,43.44],[-8.54,43.34],[-8.87,43.33],[-9.18,43.17],[-9.24,42.98],[-8.93,42.8],[-8.99,42.59],[-8.81,42.64],[-8.69,42.27],[-8.89,42.11],[-8.88,41.83],[-8.66,41.03],[-8.68,40.75],[-8.77,40.61],[-8.89,40.18],[-8.84,40.12],[-9.15,39.54],[-9.37,39.34],[-9.47,38.73],[-9.14,38.74],[-8.95,39.02],[-8.98,38.8],[-9.25,38.66],[-9.21,38.45],[-8.8,38.52],[-8.67,38.42],[-8.88,38.45],[-8.8,38.18],[-8.88,37.96],[-8.79,37.73],[-8.81,37.43],[-9,37.03],[-8.6,37.12],[-8.14,37.08],[-7.83,37.01],[-7.49,37.17],[-7.17,37.21],[-6.88,37.19],[-6.49,36.95],[-6.4,36.83],[-6.38,36.64],[-6.27,36.6],[-6.17,36.33],[-6.04,36.19],[-5.63,36.03],[-5.36,36.13],[-5.17,36.42],[-4.94,36.5],[-4.67,36.51],[-4.37,36.72],[-3.83,36.76],[-3.43,36.71],[-3.26,36.76],[-2.79,36.71],[-2.6,36.81],[-2.31,36.82],[-2.19,36.75],[-1.94,36.95],[-1.8,37.23],[-1.64,37.39],[-1.33,37.56],[-0.82,37.58],[-0.82,37.71],[-0.65,38.15],[-0.38,38.44],[-0.05,38.59],[0.2,38.76],[-0.03,38.89],[-0.2,39.06],[-0.33,39.52],[-0.08,39.88],[0.36,40.32],[0.6,40.61],[0.89,40.72],[0.71,40.82],[1.03,41.06],[1.57,41.2],[2.08,41.29],[2.31,41.47],[3,41.77],[3.25,41.94],[3.17,42.26],[3.31,42.29],[3.09,42.59],[3.05,42.92],[3.26,43.19],[4.05,43.59],[4.16,43.5],[4.63,43.39],[5.06,43.44],[5.07,43.37],[5.32,43.34],[5.41,43.23],[5.81,43.1],[6.12,43.07],[6.49,43.17],[6.72,43.37],[7.18,43.66],[8.08,43.92],[8.55,44.35],[8.77,44.42],[9.29,44.32],[9.73,44.1],[10.05,44.02],[10.25,43.85],[10.32,43.51],[10.53,43.14],[10.51,42.97],[10.71,42.94],[11.17,42.54],[11.14,42.39],[11.3,42.42],[11.64,42.29],[11.81,42.08],[12.08,41.94],[12.63,41.47],[12.85,41.41],[13.09,41.24],[13.25,41.29],[13.73,41.24],[14.1,40.83],[14.46,40.73],[14.34,40.6],[14.77,40.67],[14.99,40.38],[14.95,40.24],[15.29,40.07],[15.69,39.99],[15.85,39.63],[16.02,39.35],[16.11,39.02],[16.21,38.94],[16.2,38.76],[15.97,38.71],[15.82,38.3],[15.64,38.18],[15.72,37.94],[16.06,37.94],[16.28,38.25],[16.55,38.41],[16.56,38.71],[16.76,38.89],[17.1,38.92],[17.17,39],[17.11,39.38],[16.82,39.58],[16.6,39.64],[16.53,39.86],[16.67,40.14],[16.93,40.46],[17.22,40.49],[17.48,40.31],[17.87,40.28],[18.08,39.94],[18.34,39.82],[18.49,40.1],[18.33,40.37],[17.95,40.66],[17.47,40.84],[17.1,41.06],[16.55,41.23],[16.01,41.44],[15.91,41.62],[16.15,41.76],[16.16,41.9],[15.96,41.94],[15.4,41.91],[15.17,41.93],[14.87,42.05],[14.54,42.24],[14.18,42.51],[14.01,42.69],[13.8,43.18],[13.56,43.57],[13.3,43.69],[12.91,43.92],[12.69,43.99],[12.4,44.22],[12.25,44.72],[12.52,44.97],[12.23,45.24],[12.27,45.45],[12.49,45.55],[12.5,45.46],[13.03,45.64],[13.21,45.77],[13.47,45.71],[13.63,45.77],[13.78,45.63],[13.52,45.48],[13.63,45.11],[13.86,44.84],[13.97,44.84],[14.24,45.16],[14.31,45.34],[14.55,45.3],[14.85,45.08],[14.9,44.71],[15.27,44.38],[15.47,44.27],[15.12,44.26],[15.5,43.91],[15.94,43.66],[15.99,43.52],[16.39,43.54],[16.9,43.39],[17.13,43.21],[17.72,42.85],[17.22,43.03],[17.58,42.84],[17.82,42.8],[18.89,42.25],[19.19,41.95],[19.58,41.79],[19.58,41.64],[19.44,41.42],[19.46,40.93],[19.34,40.62],[19.44,40.38],[19.32,40.41],[19.48,40.21],[19.85,40.04],[20,39.71],[20.19,39.55],[20.3,39.33],[20.47,39.26],[20.78,39.01],[21.12,39.03],[21.07,38.89],[20.78,38.93],[20.78,38.81],[20.99,38.65],[21.11,38.38],[21.3,38.37],[21.33,38.49],[21.47,38.32],[21.97,38.41],[22.23,38.35],[22.42,38.44],[22.93,38.2],[23.15,38.18],[23.12,38.07],[22.89,38.05],[22.92,37.96],[22.56,38.11],[21.82,38.33],[21.66,38.18],[21.4,38.2],[21.14,37.85],[21.33,37.67],[21.57,37.54],[21.69,37.31],[21.58,37.08],[21.89,36.74],[21.96,36.99],[22.08,37.03],[22.38,36.7],[22.37,36.51],[22.49,36.57],[22.61,36.78],[22.78,36.79],[22.98,36.53],[23.16,36.45],[23.04,36.64],[23.07,36.77],[23,37.02],[22.73,37.54],[22.78,37.59],[23.1,37.44],[23.16,37.33],[23.49,37.44],[23.4,37.58],[23.2,37.62],[23.04,37.88],[23.19,37.96],[23.58,38.01],[23.97,37.68],[24.06,37.71],[24.02,38.14],[23.97,38.28],[23.68,38.35],[23.57,38.49],[23.37,38.53],[23.25,38.66],[22.77,38.8],[22.6,38.89],[22.8,38.9],[22.97,39.03],[22.84,39.26],[22.99,39.33],[23.16,39.26],[23.12,39.13],[23.33,39.17],[23.29,39.29],[22.92,39.63],[22.84,39.8],[22.59,40.04],[22.63,40.5],[22.92,40.59],[22.9,40.4],[23.31,40.22],[23.4,39.99],[23.67,39.96],[23.47,40.07],[23.43,40.26],[23.66,40.22],[23.95,39.97],[23.97,40.11],[23.72,40.29],[23.82,40.37],[24.16,40.28],[24.21,40.33],[23.87,40.42],[23.88,40.54],[23.76,40.75],[24.08,40.72],[24.48,40.95],[24.79,40.86],[25.1,40.99],[25.25,40.93],[25.86,40.84],[26.01,40.77],[26.11,40.61],[26.79,40.63],[26.25,40.31],[26.2,40.08],[26.33,40.12],[26.77,40.5],[27.26,40.69],[27.5,40.97],[27.93,40.99],[28.17,41.08],[28.78,40.97],[28.96,41.01],[29.06,41.23],[28.35,41.47],[28.2,41.55],[27.99,41.85],[27.98,42.05],[27.71,42.35],[27.48,42.47],[27.75,42.71],[27.89,42.75],[27.93,43.19],[28.13,43.4],[28.47,43.39],[28.56,43.5],[28.66,43.98],[28.65,44.3],[28.85,44.51],[28.81,44.57],[29.05,44.93],[29.05,44.76],[29.56,44.84],[29.73,45.34],[29.6,45.68],[30.22,45.87],[30.51,46.11],[30.72,46.37],[30.8,46.55],[31.53,46.66],[31.87,46.65],[31.94,46.98],[31.97,46.71],[32.13,46.6],[32.35,46.56],[32.58,46.62],[32.36,46.47],[31.55,46.55],[32.01,46.43],[31.78,46.32],[32.48,46.08],[33.2,46.18],[33.43,46.06],[33.59,46.1],[33.66,45.95],[33.28,45.77],[33.14,45.75],[32.51,45.4],[32.61,45.33],[32.92,45.35],[33.19,45.19],[33.56,45.1],[33.61,44.91],[33.45,44.55],[33.66,44.43],[33.91,44.39],[34.28,44.54],[34.47,44.72],[34.72,44.81],[35.09,44.8],[35.47,45.1],[35.68,45.1],[35.87,45.01],[36.39,45.07],[36.58,45.39],[36.17,45.45],[36.01,45.37],[35.83,45.4],[35.56,45.31],[35.37,45.35],[35.02,45.7],[34.86,45.99],[34.85,46.19],[35.06,46.27],[35.23,46.44],[35.28,46.28],[35.83,46.62],[36.28,46.66],[37.34,46.92],[37.54,47.07],[38.18,47.08],[38.76,47.26],[38.55,47.15],[38.93,47.18],[39.2,47.27],[39.29,47.11],[38.8,46.91],[38.44,46.81],[38.5,46.66],[38.23,46.7],[37.97,46.62],[37.77,46.64],[37.91,46.41],[38.08,46.39],[38.49,46.09],[38.18,46.09],[38.08,45.93],[38.01,46.05],[37.67,45.65],[37.65,45.38],[37.1,45.3],[36.87,45.43],[36.72,45.37],[36.94,45.29],[36.62,45.19],[36.65,45.13],[37.2,44.97],[37.41,44.74],[37.57,44.67],[37.85,44.7],[38.18,44.42],[38.72,44.29],[39.33,43.9],[39.87,43.47],[40.52,43.12],[40.84,43.06],[41.13,42.83],[41.49,42.66],[41.66,42.15],[41.76,41.97],[41.7,41.71],[41.41,41.42],[40.96,41.21],[40.27,40.96],[39.81,40.98],[39.43,41.11],[38.38,40.92],[37.91,41],[37.77,41.08],[37.07,41.18],[36.78,41.36],[36.51,41.26],[36.18,41.43],[36.05,41.68],[35.92,41.71],[35.56,41.63],[35.3,41.73],[35.12,41.89],[35.15,42.03],[35.01,42.06],[34.75,41.96],[34.19,41.96],[33.38,42.02],[32.31,41.73],[32.09,41.59],[31.46,41.32],[31.25,41.11],[30.81,41.08],[30.34,41.2],[29.92,41.15],[29.32,41.23],[29.15,41.22],[29.05,41.01],[29.36,40.81],[29.84,40.74],[28.96,40.63],[28.79,40.53],[29.06,40.42],[28.63,40.38],[28.29,40.4],[27.96,40.37],[27.99,40.49],[27.73,40.48],[27.85,40.38],[27.48,40.32],[27.28,40.46],[27.01,40.4],[26.74,40.4],[26.31,40.03],[26.18,39.99],[26.11,39.47],[26.83,39.56],[26.91,39.52],[26.68,39.29],[26.85,39.12],[26.87,38.92],[27.01,38.89],[26.76,38.71],[26.84,38.56],[27.1,38.42],[26.86,38.37],[26.6,38.42],[26.51,38.63],[26.38,38.62],[26.43,38.44],[26.29,38.28],[26.58,38.15],[26.68,38.2],[26.94,38.06],[27.23,37.98],[27.22,37.73],[27.08,37.69],[27.22,37.39],[27.52,37.25],[27.54,37.16],[27.25,37.08],[27.35,37.02],[28.24,37.03],[27.93,36.81],[27.63,36.79],[27.45,36.71],[27.66,36.67],[28.08,36.75],[28.02,36.63],[28.2,36.69],[28.3,36.81],[28.48,36.8],[28.72,36.7],[29.04,36.69],[29.14,36.4],[29.35,36.26],[29.69,36.16],[30.23,36.31],[30.39,36.24],[30.48,36.31],[30.64,36.87],[31.35,36.8],[32.02,36.54],[32.38,36.18],[32.79,36.04],[33.69,36.18],[34.02,36.34],[34.3,36.6],[34.6,36.78],[34.81,36.8],[35.18,36.63],[35.54,36.6],[35.66,36.72],[36.05,36.91],[36.18,36.81],[36.19,36.66],[35.81,36.31],[35.96,36],[35.84,35.85],[35.76,35.57],[35.9,35.42],[35.94,35.22],[35.9,34.85],[35.98,34.55],[35.8,34.44],[35.65,34.25],[35.61,34.03],[35.25,33.39],[34.92,32.61],[34.8,32.2],[34.68,31.9],[34.48,31.59],[34.18,31.3],[33.9,31.18],[33.19,31.08],[33.13,31.17],[32.6,31.07],[32.32,31.26],[32.1,31.09],[32.01,31.22],[31.77,31.29],[31.89,31.54],[31.52,31.46],[31.19,31.59],[31.05,31.59],[31,31.46],[30.56,31.42],[30.92,31.57],[30.4,31.46],[30.22,31.26],[29.93,31.23],[29.59,31.01],[29.28,30.87],[29.07,30.83],[28.51,31.05],[27.97,31.1],[27.83,31.2],[27.54,31.21],[27.25,31.38],[25.89,31.62],[25.38,31.51],[25.23,31.53],[25.03,31.88],[24.68,32.02],[24.13,32.01],[23.8,32.16],[23.29,32.21],[23.11,32.33],[23.09,32.62],[22.19,32.92],[21.64,32.94],[21.42,32.8],[21.06,32.78],[20.62,32.58],[20.37,32.43],[20.12,32.22],[19.97,32],[19.93,31.82],[19.96,31.56],[20.1,31.3],[20.15,31.08],[20.01,30.8],[19.71,30.49],[19.29,30.29],[18.94,30.29],[18.67,30.42],[18.19,30.78],[17.83,30.93],[17.35,31.08],[16.78,31.21],[16.12,31.26],[15.71,31.43],[15.5,31.66],[15.36,31.97],[15.36,32.16],[15.18,32.39],[14.51,32.51],[14.24,32.68],[13.84,32.79],[13.65,32.8],[13.28,32.91],[12.75,32.8],[12.28,32.86],[11.81,33.09],[11.66,33.12],[11.15,33.37],[11.08,33.56],[10.96,33.63],[10.72,33.51],[10.71,33.69],[10.45,33.66],[10.16,33.85],[10.05,34.06],[10.06,34.21],[10.2,34.35],[10.53,34.54],[10.87,34.88],[11.12,35.24],[11.04,35.34],[11,35.63],[10.59,35.89],[10.48,36.18],[10.53,36.32],[10.8,36.49],[10.97,36.74],[11.13,36.87],[11.05,37.07],[10.57,36.88],[10.41,36.73],[10.19,37.03],[10.2,37.21],[9.88,37.25],[9.69,37.34],[9.14,37.19],[8.82,37],[8.58,36.94],[8.13,36.91],[7.91,36.86],[7.61,37],[7.2,37.09],[7.24,36.97],[6.93,36.92],[6.58,37],[6.49,37.09],[6.25,36.94],[5.73,36.8],[5.42,36.68],[5.2,36.68],[4.76,36.9],[3.78,36.9],[3.52,36.8],[2.97,36.78],[2.59,36.6],[1.26,36.52],[0.97,36.44],[0.51,36.26],[0.15,36.06],[0.05,35.9],[-0.19,35.82],[-0.43,35.86],[-0.92,35.67],[-1.34,35.36],[-1.67,35.18],[-2.02,35.09],[-2.84,35.13],[-2.97,35.41],[-3.21,35.24],[-3.39,35.21],[-3.69,35.28],[-4.33,35.16],[-4.84,35.28],[-5.11,35.47],[-5.34,35.75],[-5.28,35.9],[-5.4,35.93],[-5.62,35.83],[-5.92,35.79],[-6.35,34.78],[-6.76,34.13],[-6.9,33.97],[-7.56,33.64],[-8.3,33.37],[-8.6,33.19],[-8.84,32.92],[-9.25,32.57],[-9.35,32.09],[-9.67,31.71],[-9.81,31.42],[-9.83,30.85],[-9.88,30.72],[-9.65,30.45],[-9.67,30.11],[-9.85,29.81],[-10.49,29.06],[-11.08,28.71],[-11.43,28.38],[-11.99,28.13],[-12.47,28.01],[-12.79,27.98],[-12.95,27.91],[-13.18,27.66],[-13.58,26.74],[-13.95,26.49],[-14.17,26.42],[-14.41,26.25],[-14.52,25.93],[-14.79,25.4],[-14.84,25.22],[-14.86,24.87],[-15.04,24.55],[-15.19,24.48],[-15.59,24.07],[-15.9,23.84],[-15.98,23.67],[-15.8,23.84],[-15.81,23.75],[-16.21,23.1],[-16.17,23.03],[-16.3,22.83],[-16.36,22.59],[-16.51,22.33],[-16.68,22.27],[-16.93,21.9],[-17.1,20.86],[-17.05,20.81],[-17,21.04],[-16.88,21.09],[-16.62,20.63],[-16.43,20.65],[-16.21,20.23],[-16.28,19.79],[-16.51,19.36],[-16.21,19],[-16.08,18.52],[-16.03,17.89],[-16.08,17.55],[-16.21,17.19],[-16.35,16.93],[-16.54,16.29],[-16.54,15.84],[-16.84,15.29],[-17.15,14.92],[-17.54,14.76],[-17.45,14.65],[-17.35,14.73],[-17.17,14.64],[-16.97,14.4],[-16.73,13.96],[-16.75,13.84],[-16.59,13.69],[-16.53,13.46],[-16.35,13.34],[-16.14,13.45],[-15.57,13.5],[-15.44,13.48],[-16.16,13.38],[-16.19,13.28],[-16.56,13.3],[-16.67,13.48],[-16.82,13.34],[-16.77,13.15],[-16.74,12.59],[-16.6,12.72],[-16.46,12.62],[-16.76,12.53],[-16.71,12.35],[-16.44,12.2],[-16.24,12.24],[-16.32,12.14],[-16.27,11.98],[-16.14,11.92],[-15.96,11.96],[-15.94,11.79],[-15.82,11.76],[-15.43,11.94],[-15.1,11.91],[-15.42,11.87],[-15.5,11.72],[-15.41,11.62],[-15.23,11.69],[-15.07,11.6],[-15.43,11.5],[-15.35,11.4],[-15.39,11.22],[-15.22,11.16],[-15.22,11.03],[-15.05,11.14],[-15.09,11.01],[-14.97,10.8],[-14.92,10.94],[-14.78,10.93],[-14.68,10.69],[-14.59,10.77],[-14.61,10.55],[-14.43,10.25],[-14.17,10.13],[-14.05,10.14],[-13.95,9.97],[-13.75,9.87],[-13.69,9.93],[-13.66,9.64],[-13.27,9.17],[-13.27,8.99],[-13.07,8.86],[-13.21,8.84],[-13.18,8.58],[-12.91,8.58],[-13.09,8.42],[-13.26,8.49],[-13.15,8.21],[-12.96,8.15],[-12.88,7.86],[-12.7,7.72],[-12.51,7.67],[-12.43,7.55],[-12.49,7.39],[-11.93,7.18],[-11.55,6.95],[-11.29,6.69],[-10.85,6.47],[-10.79,6.31],[-10.28,6.08],[-9.65,5.52],[-9.37,5.24],[-9.13,5.05],[-8.26,4.59],[-7.66,4.37],[-7.43,4.38],[-6.85,4.67],[-6.55,4.76],[-5.91,5.01],[-5.56,5.09],[-5.06,5.13],[-5.37,5.15],[-5.28,5.21],[-5.02,5.2],[-4.9,5.14],[-4.04,5.23],[-4.12,5.26],[-4.61,5.24],[-4.55,5.28],[-4.12,5.31],[-3.87,5.22],[-3.35,5.13],[-3.24,5.34],[-3.17,5.2],[-3.02,5.13],[-3.25,5.11],[-2.4,4.93],[-2.09,4.76],[-2,4.76],[-1.64,4.98],[-1.06,5.18],[-0.8,5.23],[-0.35,5.5],[-0.13,5.57],[0.26,5.76],[0.75,5.76],[0.95,5.81],[1.11,6.05],[1.31,6.15],[1.82,6.26],[2.77,6.38],[3.34,6.4],[3.43,6.53],[3.75,6.58],[3.49,6.41],[4.13,6.41],[4.43,6.35],[4.86,6.03],[5.17,5.6],[5.33,5.71],[5.39,5.57],[5.22,5.57],[5.39,5.4],[5.38,5.13],[5.59,4.65],[5.8,4.46],[6.08,4.29],[6.86,4.37],[6.79,4.47],[6.77,4.72],[6.87,4.44],[7.01,4.4],[7.15,4.51],[7.14,4.68],[7.28,4.55],[7.57,4.56],[7.8,4.52],[8.29,4.56],[8.33,4.66],[8.23,4.91],[8.43,4.75],[8.57,4.75],[8.57,4.53],[8.76,4.58],[8.92,4.55],[8.9,4.44],[9,4.09],[9.43,3.92],[9.48,4.07],[9.6,4.03],[9.74,3.85],[9.56,3.8],[9.67,3.54],[9.88,3.31],[9.95,3.08],[9.89,2.92],[9.82,2.54],[9.78,2.07],[9.81,1.93],[9.63,1.57],[9.49,1.44],[9.39,1.14],[9.6,1.05],[9.62,0.58],[9.5,0.66],[9.32,0.55],[9.55,0.3],[9.78,0.19],[10,0.19],[9.81,0.13],[9.8,0.04],[9.41,0.2],[9.3,0.29],[9.34,-0.06],[9.3,-0.35],[9.14,-0.57],[8.82,-0.71],[8.7,-0.59],[8.84,-0.91],[9.06,-1.3],[9.2,-1.38],[9.35,-1.32],[9.28,-1.48],[9.45,-1.51],[9.52,-1.6],[9.32,-1.63],[9.04,-1.31],[9.26,-1.73],[9.27,-1.83],[9.48,-1.89],[9.3,-1.9],[9.53,-2.16],[9.68,-2.42],[9.86,-2.44],[10.06,-2.55],[10,-2.59],[9.76,-2.52],[10.01,-2.75],[10.35,-3.01],[10.59,-3.28],[10.64,-3.4],[10.95,-3.66],[11.03,-3.83],[11.36,-4.13],[11.39,-4.2],[11.78,-4.57],[11.78,-4.68],[12.04,-5.04],[12.21,-5.47],[12.16,-5.63],[12.24,-5.81],[12.41,-5.99],[12.68,-5.96],[12.79,-5.88],[13.07,-5.86],[12.79,-6],[12.3,-6.09],[12.52,-6.59],[12.82,-6.95],[12.86,-7.23],[13.09,-7.78],[13.38,-8.37],[13.36,-8.69],[13,-9.05],[13.16,-9.39],[13.21,-9.7],[13.33,-10],[13.5,-10.26],[13.54,-10.42],[13.72,-10.63],[13.85,-11.05],[13.78,-11.49],[13.79,-11.81],[13.69,-12.12],[13.42,-12.52],[12.98,-12.78],[12.9,-13.03],[12.55,-13.44],[12.5,-13.76],[12.38,-14.04],[12.28,-14.64],[12.07,-15.25],[11.97,-15.63],[11.75,-15.83],[11.8,-15.99],[11.82,-16.7],[11.78,-16.87],[11.72,-17.47],[11.78,-18],[12.1,-18.54],[12.33,-18.75],[12.46,-18.93],[13.04,-20.03],[13.17,-20.18],[13.45,-20.92],[13.84,-21.47],[13.97,-21.77],[14.32,-22.19],[14.46,-22.45],[14.53,-22.7],[14.5,-22.92],[14.4,-22.97],[14.47,-23.28],[14.5,-24.2],[14.63,-24.55],[14.77,-24.79],[14.84,-25.03],[14.85,-25.73],[14.93,-25.96],[14.97,-26.32],[15.1,-26.43],[15.16,-26.6],[15.13,-26.79],[15.34,-27.39],[15.72,-27.97],[16.34,-28.54],[16.48,-28.64],[16.74,-29.01],[16.95,-29.4],[17.19,-30.1],[17.35,-30.44],[17.68,-31.02],[18.21,-31.74],[18.31,-32.12],[18.33,-32.5],[18.25,-32.65],[18.04,-32.78],[17.97,-32.71],[17.85,-32.83],[17.88,-32.96],[18.16,-33.36],[18.26,-33.42],[18.43,-33.72],[18.47,-33.89],[18.35,-33.94],[18.35,-34.19],[18.46,-34.35],[18.53,-34.09],[18.81,-34.11],[18.83,-34.36],[19.1,-34.35],[19.33,-34.49],[19.39,-34.61],[19.63,-34.75],[20.02,-34.79],[20.53,-34.46],[21.06,-34.36],[21.25,-34.41],[21.79,-34.37],[22.25,-34.07],[22.55,-34.01],[23.27,-34.08],[23.59,-33.99],[24.18,-34.06],[24.6,-34.17],[24.83,-34.17],[25,-33.97],[25.48,-34.03],[25.64,-34.01],[25.65,-33.85],[25.81,-33.74],[25.99,-33.71],[26.43,-33.76],[27.08,-33.52],[27.86,-33.05],[28.21,-32.77],[28.45,-32.62],[28.86,-32.29],[29.13,-32],[29.74,-31.47],[29.97,-31.32],[30.29,-30.97],[30.66,-30.43],[30.88,-30.07],[31.02,-29.9],[31.17,-29.59],[31.34,-29.38],[31.78,-28.94],[32.03,-28.84],[32.29,-28.62],[32.53,-28.2],[32.66,-27.61],[32.85,-27.08],[32.95,-26.08],[32.85,-26.27],[32.59,-26],[32.79,-25.64],[32.96,-25.49],[33.35,-25.26],[33.84,-25.07],[34.61,-24.82],[35.16,-24.54],[35.44,-24.17],[35.54,-23.82],[35.37,-23.8],[35.49,-23.19],[35.58,-22.96],[35.49,-22.66],[35.54,-22.38],[35.49,-22.12],[35.42,-22.18],[35.38,-22.45],[35.32,-22.4],[35.33,-22.04],[35.27,-21.65],[35.13,-21.4],[35.12,-21.2],[34.98,-20.81],[34.71,-20.47],[34.76,-19.82],[34.95,-19.81],[35.37,-19.49],[35.65,-19.16],[35.85,-18.99],[36.13,-18.84],[36.33,-18.79],[36.54,-18.52],[36.9,-18.13],[36.94,-17.99],[37.24,-17.74],[37.84,-17.39],[38.14,-17.24],[38.63,-17.08],[39.08,-16.97],[39.24,-16.79],[39.84,-16.44],[39.79,-16.29],[39.98,-16.23],[40.11,-15.98],[40.56,-15.47],[40.65,-15.26],[40.62,-15.12],[40.7,-14.93],[40.84,-14.79],[40.82,-14.47],[40.73,-14.42],[40.65,-14.54],[40.72,-14.21],[40.6,-14.17],[40.55,-13.46],[40.58,-13.37],[40.57,-12.98],[40.44,-12.98],[40.55,-12.82],[40.58,-12.64],[40.49,-12.49],[40.52,-12.39],[40.53,-12],[40.43,-11.66],[40.47,-11.45],[40.4,-11.33],[40.54,-11.07],[40.52,-10.93],[40.6,-10.83],[40.49,-10.77],[40.61,-10.66],[40.39,-10.35],[40.08,-10.16],[39.98,-10.16],[39.86,-10.02],[39.73,-10],[39.78,-9.91],[39.63,-9.41],[39.64,-9.19],[39.45,-8.94],[39.49,-8.86],[39.38,-8.72],[39.3,-8.44],[39.44,-8.01],[39.43,-7.81],[39.29,-7.79],[39.29,-7.52],[39.35,-7.34],[39.55,-7.02],[39.47,-6.88],[39.29,-6.81],[39.23,-6.69],[38.87,-6.33],[38.8,-6.07],[38.82,-5.88],[38.98,-5.52],[39.23,-4.67],[39.38,-4.63],[39.49,-4.48],[39.82,-3.79],[39.86,-3.58],[39.99,-3.35],[40.12,-3.25],[40.19,-3.02],[40.22,-2.69],[40.4,-2.56],[40.64,-2.54],[40.81,-2.39],[40.92,-2.19],[40.89,-2.02],[41.11,-1.98],[41.39,-1.87],[41.73,-1.43],[41.98,-0.97],[42.22,-0.74],[42.56,-0.32],[43.47,0.62],[44.03,1.11],[44.33,1.39],[44.92,1.81],[45.83,2.31],[46.05,2.48],[46.88,3.29],[47.51,3.97],[47.98,4.5],[48.23,4.95],[48.65,5.49],[49.05,6.17],[49.09,6.41],[49.35,6.99],[49.57,7.3],[49.76,7.66],[49.85,7.96],[50.1,8.2],[50.29,8.51],[50.43,8.85],[50.64,9.11],[50.83,9.43],[50.83,9.71],[50.93,10.34],[51.21,10.43],[51.38,10.39],[51.37,10.48],[51.19,10.55],[51.06,10.43],[51.14,10.66],[51.08,11.34],[51.25,11.83],[50.79,11.98],[50.64,11.94],[50.47,11.73],[50.11,11.53],[49.64,11.45],[49.39,11.34],[48.9,11.25],[48.67,11.32],[48.44,11.29],[48.02,11.14],[47.71,11.11],[47.4,11.17],[46.97,10.93],[46.57,10.75],[45.82,10.84],[45.34,10.65],[44.94,10.44],[44.39,10.43],[44.16,10.55],[43.85,10.78],[43.63,11.04],[43.44,11.35],[43.16,11.57],[42.91,11.59],[42.54,11.5],[42.8,11.74],[43.05,11.83],[43.27,11.97],[43.41,12.19],[43.3,12.46],[43.13,12.66],[43.08,12.82],[42.8,12.86],[42.73,13.02],[42.52,13.22],[42.4,13.21],[42.25,13.59],[41.66,13.98],[41.18,14.62],[40.8,14.74],[40.63,14.88],[40.2,15.01],[40.08,15.15],[40.04,15.33],[39.86,15.47],[39.79,15.32],[39.79,15.12],[39.63,15.45],[39.51,15.53],[39.42,15.79],[39.3,15.92],[39.22,16.19],[39.14,16.73],[38.91,17.43],[38.57,18.07],[38.2,18.25],[37.92,18.56],[37.47,18.82],[37.36,19.09],[37.25,19.58],[37.26,19.79],[37.19,20.12],[37.23,20.56],[37.17,20.73],[37.15,21.1],[37.21,21.19],[36.93,21.59],[36.83,22.1],[36.41,22.39],[36.23,22.63],[35.91,22.74],[35.7,22.95],[35.52,23.44],[35.5,23.78],[35.54,23.92],[35.78,23.94],[35.48,24.15],[35.19,24.48],[34.57,25.69],[34.33,26.02],[34.05,26.55],[33.96,26.65],[33.89,27.05],[33.8,27.27],[33.7,27.34],[33.55,27.61],[33.55,27.9],[33.2,28.21],[32.9,28.57],[32.63,28.99],[32.64,29.18],[32.57,29.39],[32.36,29.63],[32.57,29.97],[32.72,29.52],[32.87,29.29],[33.08,29.07],[33.25,28.57],[33.59,28.26],[33.76,28.05],[34.05,27.83],[34.22,27.76],[34.4,28.02],[34.45,28.36],[34.62,28.76],[34.74,29.27],[34.97,29.56],[34.98,29.48],[34.8,28.72],[34.78,28.51],[34.62,28.15],[35.08,28.09],[35.18,28.03],[35.42,27.73],[35.58,27.43],[35.76,27.26],[35.85,27.07],[36.25,26.59],[36.52,26.1],[36.68,26.04],[36.76,25.75],[36.92,25.64],[37.15,25.29],[37.27,24.96],[37.18,24.82],[37.54,24.29],[37.92,24.19],[38.29,23.91],[38.46,23.71],[38.71,23.31],[38.8,23.05],[39.01,22.77],[39.1,22.39],[38.99,21.88],[39.15,21.52],[39.09,21.31],[39.28,20.97],[39.49,20.74],[39.61,20.52],[39.88,20.29],[40.08,20.27],[40.48,19.99],[40.62,19.82],[40.76,19.76],[41.12,19.08],[41.23,18.68],[41.43,18.45],[41.51,18.26],[41.75,17.89],[42.05,17.67],[42.29,17.43],[42.38,17.12],[42.7,16.74],[42.79,16.45],[42.84,16.03],[42.72,15.65],[42.8,15.37],[42.66,15.23],[42.86,15.13],[43.02,14.55],[43.09,14.2],[43.09,14.01],[43.23,13.86],[43.28,13.64],[43.23,13.27],[43.48,12.84],[43.49,12.7],[43.63,12.74],[43.93,12.62],[44.36,12.67],[44.62,12.82],[44.76,12.76],[45.04,12.82],[45.16,13],[45.39,13.07],[45.66,13.34],[46.2,13.42],[46.5,13.42],[46.79,13.47],[46.98,13.55],[47.41,13.66],[47.63,13.86],[47.99,14.05],[48.28,14],[48.67,14.05],[49,14.36],[49.05,14.46],[49.35,14.64],[49.91,14.83],[50.17,14.85],[50.53,15.04],[51.02,15.14],[51.6,15.34],[52.22,15.66],[52.17,15.96],[52.33,16.29],[52.58,16.47],[53.3,16.72],[53.61,16.76],[54.07,17.01],[54.57,17.03],[54.77,16.96],[55.06,17.04],[55.3,17.38],[55.26,17.59],[55.48,17.84],[55.61,17.89],[56.27,17.95],[56.38,17.99],[56.55,18.17],[56.66,18.59],[56.83,18.75],[57.18,18.9],[57.68,18.96],[57.81,19.02],[57.72,19.61],[57.86,20.24],[58.1,20.57],[58.25,20.6],[58.21,20.42],[58.47,20.41],[58.69,20.81],[58.9,21.11],[59.07,21.29],[59.37,21.5],[59.52,21.78],[59.8,22.22],[59.82,22.51],[59.54,22.58],[59.31,22.79],[59.03,23.13],[58.77,23.52],[58.58,23.64],[58.32,23.62],[58.12,23.72],[57.61,23.8],[57.22,23.92],[56.91,24.15],[56.64,24.47],[56.49,24.72],[56.37,25.02],[56.36,25.57],[56.3,25.65],[56.37,25.8],[56.43,26.33],[56.16,26.21],[55.94,25.79],[55.52,25.5],[55.1,25.04],[54.75,24.81],[54.53,24.53],[54.4,24.28],[53.89,24.08],[53.33,24.1],[53.03,24.15],[52.65,24.15],[52.25,24],[51.91,23.99],[51.79,24.07],[51.77,24.25],[51.31,24.34],[51.41,24.57],[51.27,24.61],[51.43,24.67],[51.59,24.96],[51.6,25.15],[51.49,25.52],[51.57,25.78],[51.54,25.9],[51.26,26.15],[51,25.98],[50.87,25.61],[50.76,25.44],[50.78,25.18],[50.85,24.89],[50.8,24.79],[50.56,25.09],[50.46,25.42],[50.28,25.57],[50.03,26.11],[50.16,26.1],[50.21,26.31],[50.03,26.53],[50.03,26.7],[50.15,26.66],[49.99,26.83],[49.72,26.96],[49.54,27.15],[49.41,27.18],[49.18,27.44],[49.24,27.49],[48.91,27.63],[48.8,27.72],[48.77,27.96],[48.63,28.13],[48.34,28.76],[48.18,28.98],[48.05,29.36],[47.73,29.42],[47.97,29.62],[48.14,29.57],[48.01,29.84],[47.98,30.01],[48.14,30.04],[48.45,29.94],[48.83,30.04],[48.92,30.12],[48.89,30.33],[49.04,30.45],[49.22,30.47],[49.05,30.31],[49.43,30.13],[49.55,30.03],[49.98,30.21],[50.07,30.2],[50.17,29.92],[50.65,29.42],[50.68,29.15],[50.88,29.06],[50.87,28.87],[51.06,28.73],[51.09,28.51],[51.28,28.22],[51.28,28.13],[51.52,27.91],[51.67,27.84],[52.03,27.82],[52.48,27.62],[52.69,27.32],[52.98,27.14],[53.45,26.94],[53.71,26.73],[54.25,26.7],[54.64,26.51],[54.9,26.56],[55.29,26.79],[55.42,26.77],[55.65,26.98],[55.94,27.04],[56.12,27.14],[56.36,27.2],[56.81,27.09],[56.98,26.91],[57.07,26.68],[57.1,26.37],[57.21,26.04],[57.33,25.79],[57.94,25.69],[58.31,25.58],[58.8,25.55],[59.05,25.42],[59.46,25.48],[59.62,25.4],[60.02,25.38],[60.4,25.31],[60.51,25.44],[60.66,25.28],[61.41,25.1],[61.53,25.2],[61.74,25.14],[62.09,25.16],[62.2,25.22],[62.32,25.13],[62.57,25.25],[63.02,25.22],[63.17,25.25],[63.49,25.21],[63.56,25.35],[63.94,25.34],[64.06,25.4],[64.15,25.33],[64.66,25.18],[64.78,25.31],[65.06,25.31],[65.41,25.37],[65.68,25.36],[66.23,25.46],[66.22,25.59],[66.43,25.58],[66.7,25.23],[66.7,24.86],[67.17,24.76],[67.29,24.37],[67.31,24.17],[67.67,23.81],[67.86,23.9],[68.12,23.75],[68.17,23.86],[68.23,23.6],[68.5,23.75],[68.78,23.85],[68.42,23.57],[68.64,23.19],[68.82,23.05],[69.24,22.85],[69.66,22.76],[69.85,22.86],[70.25,22.97],[70.44,22.97],[70.18,22.57],[69.82,22.45],[69.55,22.41],[69.28,22.29],[69.13,22.42],[68.98,22.39],[69.01,22.2],[69.19,21.99],[69.75,21.51],[70.13,21.09],[70.49,20.84],[70.72,20.74],[71.02,20.74],[71.4,20.87],[72.02,21.16],[72.25,21.53],[72.26,21.66],[72.04,21.82],[72.24,22.03],[72.31,22.19],[72.18,22.27],[72.59,22.28],[72.81,22.23],[72.55,22.16],[72.52,21.98],[72.7,21.97],[72.59,21.88],[72.54,21.7],[73.02,21.7],[72.81,21.62],[72.61,21.46],[72.69,21.18],[72.81,21.12],[72.88,20.83],[72.88,20.56],[72.71,20.08],[72.67,19.83],[72.73,19.58],[72.8,19.52],[72.83,18.98],[72.97,19.15],[73.01,19.02],[72.87,18.68],[72.92,18.58],[72.99,18.1],[73.16,17.62],[73.24,17.2],[73.34,16.46],[73.48,16.05],[73.77,15.57],[73.93,15.4],[73.88,15.31],[73.95,15.07],[74.38,14.49],[74.5,14.05],[74.67,13.67],[74.77,13.08],[74.95,12.56],[75.2,12.06],[75.52,11.7],[75.72,11.36],[75.92,10.78],[76.2,10.2],[76.2,10.09],[76.35,9.92],[76.46,9.54],[76.38,9.54],[76.34,9.83],[76.24,9.93],[76.32,9.45],[76.47,9.16],[76.55,8.9],[76.97,8.41],[77.3,8.15],[77.52,8.08],[77.77,8.19],[78.06,8.38],[78.13,8.51],[78.19,8.89],[78.42,9.11],[78.98,9.27],[79.28,9.28],[79.02,9.33],[78.92,9.45],[79,9.68],[79.26,10.04],[79.25,10.17],[79.39,10.31],[79.84,10.32],[79.85,11.2],[79.75,11.58],[79.86,11.99],[80.14,12.45],[80.23,12.69],[80.34,13.36],[80.06,13.61],[80.16,13.71],[80.31,13.49],[80.11,14.21],[80.17,14.35],[80.17,14.58],[80.05,15.07],[80.1,15.32],[80.29,15.71],[80.65,15.9],[80.83,15.77],[80.98,15.76],[81.13,15.96],[81.29,16.34],[81.4,16.37],[81.76,16.33],[82.26,16.56],[82.36,16.78],[82.28,16.94],[82.36,17.1],[82.59,17.27],[82.98,17.46],[83.2,17.61],[83.65,18.07],[84.1,18.29],[84.46,18.69],[84.75,19.05],[84.77,19.13],[85.23,19.51],[85.44,19.63],[85.37,19.68],[85.16,19.62],[85.25,19.76],[85.46,19.9],[85.56,19.87],[85.58,19.69],[86.28,19.92],[86.5,20.17],[86.75,20.31],[86.76,20.42],[86.98,20.7],[86.84,21.11],[86.86,21.24],[87.1,21.5],[87.68,21.65],[87.95,21.83],[88.2,22.14],[88.06,21.69],[88.25,21.62],[88.29,21.76],[88.45,21.61],[88.58,21.66],[88.57,21.83],[88.64,22.12],[88.74,22.01],[88.69,21.73],[88.75,21.58],[88.86,21.74],[89.05,21.65],[89.02,21.83],[89.05,22.09],[89.09,21.87],[89.23,21.72],[89.35,21.72],[89.5,21.91],[89.48,22.28],[89.57,21.77],[89.81,21.98],[89.88,22.39],[89.95,22.02],[90.21,22.16],[90.07,21.89],[90.23,21.83],[90.36,22.05],[90.59,22.26],[90.6,22.44],[90.44,22.75],[90.55,22.9],[90.47,23.05],[90.6,23.13],[90.52,23.35],[90.27,23.46],[90.56,23.42],[90.6,23.59],[90.66,23.27],[90.63,23.09],[90.83,22.72],[90.95,22.6],[91.15,22.61],[91.48,22.88],[91.53,22.71],[91.69,22.5],[91.82,22.23],[91.91,21.88],[92.01,21.68],[92.06,21.17],[92.31,20.79],[92.61,20.47],[92.72,20.3],[92.71,20.56],[92.89,20.34],[92.79,20.21],[92.88,20.15],[93.07,20.38],[93,20.07],[93.13,19.86],[93.16,20.04],[93.36,20.06],[93.58,19.91],[93.71,19.91],[93.61,19.78],[93.84,19.53],[94,19.44],[93.82,19.24],[93.58,19.4],[93.49,19.37],[93.71,19.03],[93.93,18.9],[93.94,19.15],[94.04,19.29],[94.09,18.85],[94.43,18.2],[94.49,17.82],[94.59,17.57],[94.56,17.31],[94.47,17.14],[94.35,16.64],[94.27,16.52],[94.22,16.02],[94.44,16.09],[94.72,16.4],[94.65,16.06],[94.66,15.9],[94.8,15.97],[94.89,16.18],[94.94,15.82],[95.18,15.83],[95.33,16.03],[95.3,15.76],[95.39,15.72],[95.68,15.98],[95.76,16.17],[96.01,16.25],[96.32,16.44],[96.19,16.77],[96.36,16.52],[96.62,16.56],[96.81,16.78],[96.91,17.03],[96.85,17.2],[96.97,17.32],[97.18,17.06],[97.27,16.74],[97.38,16.52],[97.73,16.57],[97.63,16.46],[97.58,16.02],[97.71,15.88],[97.8,15.18],[97.81,14.86],[98.02,14.65],[97.91,14.65],[98,14.34],[98.1,14.16],[98.07,13.99],[98.15,13.65],[98.2,13.98],[98.25,13.73],[98.42,13.48],[98.58,13.16],[98.64,12.85],[98.7,12.23],[98.64,11.74],[98.88,11.72],[98.74,11.59],[98.74,11.24],[98.68,10.99],[98.46,10.68],[98.52,10.35],[98.5,10.18],[98.56,10.03],[98.7,10.19],[98.56,9.84],[98.49,9.56],[98.37,9.29],[98.33,8.97],[98.24,8.77],[98.24,8.42],[98.31,8.23],[98.42,8.18],[98.58,8.34],[98.7,8.26],[98.79,8.06],[99.05,7.89],[99.08,7.72],[99.18,7.72],[99.3,7.56],[99.36,7.37],[99.6,7.36],[99.55,7.22],[99.72,7.11],[99.7,6.88],[99.87,6.75],[100.12,6.44],[100.34,5.98],[100.35,5.59],[100.47,5.04],[100.61,4.65],[100.61,4.37],[100.8,4.02],[100.72,3.97],[101.02,3.62],[101.3,3.25],[101.35,3.01],[101.3,2.89],[101.52,2.68],[101.78,2.57],[102.15,2.25],[102.55,2.04],[102.73,1.86],[103.36,1.55],[103.48,1.33],[103.69,1.45],[103.99,1.45],[103.98,1.62],[104.18,1.36],[104.29,1.48],[104.22,1.72],[103.81,2.58],[103.54,2.77],[103.44,2.93],[103.45,3.52],[103.36,3.77],[103.42,3.98],[103.47,4.39],[103.42,4.85],[103.2,5.26],[102.98,5.52],[102.53,5.86],[102.34,6.17],[102.1,6.24],[101.8,6.47],[101.5,6.87],[101.3,6.91],[101.02,6.86],[100.79,6.99],[100.59,7.18],[100.42,7.19],[100.2,7.5],[100.16,7.73],[100.32,7.72],[100.28,7.55],[100.38,7.54],[100.44,7.28],[100.55,7.23],[100.45,7.44],[100.28,8.27],[100.16,8.51],[100.13,8.43],[99.96,8.67],[99.9,9.11],[99.84,9.29],[99.72,9.31],[99.39,9.21],[99.25,9.27],[99.29,9.41],[99.16,9.73],[99.19,10.18],[99.17,10.32],[99.49,10.89],[99.51,11.1],[99.63,11.46],[99.8,11.75],[99.84,11.94],[99.99,12.17],[100.01,12.35],[99.96,12.69],[100.09,13.05],[99.99,13.24],[100.02,13.35],[100.24,13.48],[100.66,13.52],[100.96,13.43],[100.86,12.71],[100.95,12.62],[101.09,12.67],[101.44,12.62],[101.72,12.69],[102.03,12.53],[102.23,12.33],[102.54,12.11],[102.59,12.2],[102.76,12.01],[102.91,11.7],[103.13,11.46],[103.09,11.21],[103.15,10.91],[103.35,10.92],[103.53,11.15],[103.65,11.06],[103.72,10.89],[103.68,10.76],[103.53,10.6],[103.66,10.51],[103.94,10.59],[104.26,10.54],[104.52,10.34],[104.66,10.17],[104.8,10.2],[105.03,10.07],[105.09,9.9],[104.9,9.82],[104.85,9.61],[104.81,9.19],[104.82,8.8],[104.9,8.75],[104.77,8.6],[105.11,8.63],[105.32,8.8],[105.5,9.09],[106.17,9.4],[106.21,9.5],[106.11,9.67],[105.83,10],[105.93,9.96],[106.2,9.68],[106.38,9.56],[106.57,9.64],[106.51,9.82],[106.14,10.22],[106.45,9.94],[106.6,9.86],[106.79,10.12],[106.73,10.19],[106.46,10.3],[106.76,10.3],[106.73,10.54],[106.9,10.38],[107.01,10.66],[107.09,10.5],[107.26,10.4],[107.85,10.7],[108,10.72],[108.09,10.9],[108.27,10.93],[108.55,11.16],[108.82,11.32],[108.99,11.34],[109.04,11.59],[109.2,11.72],[109.16,11.84],[109.21,12.01],[109.21,12.42],[109.3,12.39],[109.22,12.65],[109.34,12.75],[109.44,12.6],[109.42,12.96],[109.27,13.28],[109.25,13.85],[109.3,13.86],[109.09,14.55],[109.08,14.72],[108.94,15],[108.82,15.38],[108.67,15.48],[108.03,16.33],[107.83,16.32],[107.55,16.64],[107.18,16.9],[107.12,17.06],[106.74,17.37],[106.48,17.72],[106.5,17.95],[106.24,18.22],[106.07,18.32],[105.89,18.5],[105.62,18.97],[105.79,19.29],[105.81,19.59],[105.98,19.94],[106.17,19.99],[106.52,20.29],[106.55,20.53],[106.75,20.74],[106.68,21],[106.89,20.95],[107.08,21],[107.16,20.95],[107.35,21.06],[107.41,21.28],[107.64,21.37],[107.81,21.5],[108.25,21.56],[108.32,21.69],[108.44,21.61],[108.53,21.67],[108.48,21.9],[108.59,21.9],[108.62,21.77],[108.77,21.63],[109.03,21.63],[109.13,21.54],[109.08,21.44],[109.35,21.45],[109.54,21.54],[109.52,21.69],[109.69,21.52],[109.93,21.48],[109.92,21.38],[109.78,21.34],[109.68,21.13],[109.66,20.92],[109.81,20.71],[109.79,20.62],[109.98,20.4],[109.94,20.3],[110.12,20.26],[110.45,20.36],[110.51,20.52],[110.31,20.67],[110.37,20.84],[110.18,20.86],[110.19,21.04],[110.37,21.17],[110.41,21.34],[110.57,21.21],[110.77,21.39],[111,21.43],[111.02,21.51],[111.32,21.49],[111.6,21.56],[111.94,21.85],[112.3,21.74],[112.42,21.88],[112.59,21.78],[112.81,21.94],[112.98,21.94],[113.09,22.21],[113.15,22.08],[113.55,22.22],[113.55,22.59],[113.33,22.91],[113.45,23.06],[113.62,23.13],[113.62,22.86],[113.83,22.61],[114.01,22.48],[113.9,22.43],[114.27,22.3],[114.34,22.4],[114.27,22.54],[114.34,22.59],[114.55,22.53],[114.65,22.76],[114.85,22.62],[115.2,22.82],[115.5,22.72],[115.64,22.85],[115.85,22.8],[116.16,22.89],[116.25,22.98],[116.47,22.95],[116.54,23.18],[116.7,23.28],[116.63,23.35],[116.86,23.45],[116.91,23.65],[117.08,23.58],[117.33,23.71],[117.37,23.59],[117.47,23.84],[117.63,23.84],[117.74,24.01],[117.84,24.01],[118.06,24.25],[118.02,24.38],[117.84,24.47],[118.01,24.48],[118.09,24.63],[118.3,24.57],[118.56,24.58],[118.72,24.75],[118.64,24.84],[118.91,24.93],[118.91,25.13],[119.02,25.22],[119.29,25.23],[119.15,25.41],[119.42,25.46],[119.59,25.37],[119.54,25.59],[119.65,25.92],[119.62,26],[119.26,25.97],[119.14,26.12],[119.46,26.05],[119.88,26.33],[119.78,26.55],[119.64,26.62],[119.59,26.78],[119.71,26.73],[119.82,26.85],[119.88,26.61],[120.09,26.67],[120.14,26.89],[120.28,27.1],[120.54,27.32],[120.63,27.48],[120.59,27.58],[120.83,27.89],[120.75,28.01],[120.96,28.04],[121.1,28.29],[121.22,28.35],[121.27,28.22],[121.6,28.37],[121.48,28.64],[121.63,28.77],[121.66,29.01],[121.45,29.13],[121.53,29.24],[121.72,29.26],[121.92,29.14],[121.97,29.49],[121.94,29.61],[121.51,29.48],[121.91,29.78],[122.08,29.87],[121.68,29.98],[121.43,30.23],[121.16,30.3],[120.9,30.16],[120.63,30.13],[120.49,30.3],[120.25,30.28],[120.45,30.39],[120.82,30.35],[121,30.56],[121.53,30.84],[121.88,30.92],[121.79,31.16],[121.66,31.32],[121.35,31.49],[121.06,31.72],[120.79,31.82],[120.72,31.98],[120.5,32.02],[120.19,31.91],[120.18,31.97],[120.52,32.11],[120.79,32.03],[120.97,31.87],[121.35,31.86],[121.68,31.71],[121.87,31.7],[121.83,31.9],[121.67,32.05],[121.4,32.21],[121.4,32.37],[121.29,32.46],[120.85,32.66],[120.87,33.02],[120.5,33.64],[120.32,34.17],[120.2,34.33],[119.58,34.58],[119.35,34.75],[119.2,34.75],[119.22,35.01],[119.35,35.11],[119.43,35.3],[119.72,35.59],[119.87,35.64],[120.05,35.86],[120.28,35.98],[120.09,36.12],[120.33,36.23],[120.39,36.05],[120.68,36.17],[120.68,36.34],[120.9,36.44],[120.8,36.61],[120.99,36.6],[121.67,36.84],[121.93,36.96],[122.16,36.96],[122.34,36.83],[122.52,36.95],[122.45,37.07],[122.59,37.18],[122.67,37.4],[122.34,37.41],[122.06,37.53],[121.96,37.45],[121.64,37.46],[121.22,37.6],[121.05,37.73],[120.75,37.83],[120.26,37.68],[120.31,37.62],[119.88,37.35],[119.76,37.16],[119.45,37.12],[119.11,37.2],[118.95,37.33],[118.99,37.64],[119.09,37.7],[118.94,38.04],[118.8,38.13],[118.54,38.09],[118.01,38.18],[117.77,38.31],[117.56,38.63],[117.62,38.85],[117.78,39.13],[118.04,39.23],[118.3,39.07],[118.63,39.18],[118.91,39.17],[119.22,39.41],[119.39,39.75],[119.59,39.9],[120.48,40.23],[120.77,40.59],[121.17,40.9],[121.73,40.85],[121.83,40.97],[121.86,40.84],[122.14,40.69],[122.28,40.54],[122.19,40.36],[121.8,39.95],[121.52,39.84],[121.52,39.64],[121.27,39.54],[121.28,39.38],[121.82,39.39],[121.63,39.22],[121.68,39.11],[121.11,38.92],[121.16,38.73],[121.65,38.87],[121.68,39],[121.86,39],[122.12,39.15],[122.33,39.37],[123.03,39.67],[123.76,39.82],[124.11,39.84],[124.35,40.01],[124.35,39.91],[124.56,39.79],[124.64,39.62],[124.78,39.76],[125.1,39.59],[125.36,39.53],[125.41,39.29],[125.16,38.87],[125.3,38.74],[125.55,38.69],[125.31,38.67],[125.07,38.56],[124.88,38.34],[124.87,38.23],[124.69,38.13],[125.25,38.06],[124.99,37.93],[125.31,37.84],[125.36,37.72],[125.58,37.82],[125.77,37.99],[126.05,37.87],[126.12,37.74],[126.37,37.88],[126.63,37.78],[126.56,37.72],[126.65,37.45],[126.79,37.29],[126.75,37.19],[126.96,36.91],[126.58,37.02],[126.22,36.87],[126.18,36.69],[126.49,36.69],[126.55,36.48],[126.54,36.17],[126.69,36.01],[126.72,35.77],[126.49,35.65],[126.61,35.57],[126.49,35.5],[126.29,35.15],[126.42,34.82],[126.59,34.82],[126.52,34.7],[126.26,34.67],[126.48,34.49],[126.53,34.31],[126.75,34.51],[126.9,34.44],[127.03,34.61],[127.25,34.76],[127.17,34.55],[127.32,34.46],[127.48,34.63],[127.4,34.82],[127.52,34.84],[127.63,34.69],[127.74,34.78],[127.71,34.95],[128.04,35.02],[128.09,34.93],[128.44,34.87],[128.51,35.1],[128.98,35.1],[129.21,35.18],[129.42,35.5],[129.57,36.05],[129.4,36.05],[129.39,36.32],[129.47,36.74],[129.34,37.27],[129.05,37.68],[128.62,38.18],[128.37,38.62],[127.97,38.9],[127.79,39.08],[127.39,39.21],[127.55,39.46],[127.57,39.78],[127.87,39.9],[127.97,40],[128.3,40.04],[128.61,40.2],[128.7,40.32],[129.11,40.49],[129.34,40.73],[129.71,40.86],[129.76,41.39],[129.68,41.49],[129.76,41.71],[130.07,42.05],[130.46,42.3],[130.73,42.33],[130.83,42.52],[130.71,42.66],[131.16,42.63],[131.39,42.82],[131.79,43.26],[132.01,43.28],[131.87,43.1],[132.03,43.12],[132.31,43.31],[132.3,42.88],[132.71,42.88],[133,42.81],[133.16,42.7],[133.71,42.83],[134.69,43.29],[135.13,43.53],[135.48,43.84],[135.53,43.97],[135.87,44.37],[136.14,44.49],[136.25,44.67],[136.46,44.82],[136.8,45.17],[137.15,45.39],[137.69,45.82],[138.11,46.25],[138.34,46.54],[138.39,46.75],[138.59,47.06],[139,47.38],[139.37,47.89],[140,48.32],[140.17,48.52],[140.22,48.77],[140.38,48.96],[140.31,49.05],[140.52,49.6],[140.46,49.91],[140.62,50.08],[140.54,50.13],[140.48,50.55],[140.52,50.8],[140.67,51.05],[140.69,51.23],[140.93,51.62],[141.37,51.92],[141.49,52.18],[141.17,52.37],[141.26,52.84],[140.87,53.04],[141.18,53.02],[141.4,53.18],[141.01,53.49],[140.69,53.6],[140.35,53.81],[140.18,54.05],[139.71,54.28],[139.32,54.19],[138.7,54.32],[138.72,54.04],[138.66,53.74],[138.45,53.54],[138.25,53.52],[138.57,53.82],[138.57,53.95],[138.38,53.91],[138.25,53.73],[137.74,53.56],[137.22,53.58],[137.52,53.71],[137.83,53.95],[137.34,54.1],[137.67,54.28],[137.38,54.28],[137.1,54.13],[137.26,54.03],[137.16,53.82],[136.72,53.8],[136.68,53.93],[136.8,54.62],[135.85,54.58],[135.26,54.73],[135.26,54.94],[135.54,55.11],[136.18,55.35],[136.46,55.58],[136.79,55.69],[137.69,56.14],[138.07,56.43],[138.22,56.63],[138.66,56.97],[138.97,57.09],[139.18,57.26],[139.44,57.33],[139.86,57.55],[140,57.69],[140.45,57.81],[140.68,58.21],[140.99,58.42],[141.35,58.53],[141.75,58.75],[142.03,59],[142.58,59.24],[143.19,59.37],[143.52,59.34],[143.87,59.41],[144.48,59.38],[145.55,59.41],[145.76,59.37],[145.93,59.2],[146.27,59.22],[146.54,59.46],[147.51,59.27],[147.87,59.39],[148.26,59.41],[148.49,59.26],[148.91,59.28],[148.74,59.37],[148.8,59.53],[149.2,59.49],[149.07,59.63],[149.64,59.77],[150.67,59.56],[150.86,59.48],[150.98,59.57],[151.49,59.52],[151.8,59.32],[152.26,59.22],[151.99,59.16],[151.5,59.16],[151.12,59.08],[151.33,58.88],[152.09,58.91],[152.4,59.03],[152.88,58.94],[153.36,59.21],[153.7,59.22],[154.01,59.08],[154.46,59.22],[154.7,59.14],[155.16,59.19],[155.17,59.36],[154.58,59.54],[154.15,59.53],[154.29,59.83],[154.97,60.38],[155.43,60.55],[155.85,60.78],[156.06,61],[156.63,61.27],[156.68,61.48],[157.47,61.8],[158.07,61.75],[159.08,61.92],[159.3,61.91],[159.55,61.72],[160.18,61.9],[160.32,61.79],[160.16,61.54],[159.88,61.29],[159.95,61.13],[159.79,60.96],[160.38,61.03],[160.17,60.64],[160.77,60.75],[161.04,60.96],[162.39,61.66],[162.86,61.71],[162.99,61.54],[163.26,61.7],[163.01,61.79],[163.16,62.26],[163.33,62.55],[164.26,62.7],[164.79,62.57],[165.4,62.49],[165.12,62.41],[164.6,62.47],[164.21,62.29],[164.07,62.05],[164.02,61.71],[163.8,61.46],[164.01,61.34],[163.55,61.03],[163.71,60.92],[163.35,60.8],[162.97,60.78],[162.71,60.66],[162,60.42],[161.75,60.15],[161.45,60.03],[160.86,59.63],[160.55,59.55],[160.35,59.39],[159.85,59.13],[159.59,58.8],[159.04,58.42],[158.21,58.03],[157.67,58.02],[157.45,57.8],[156.99,57.83],[156.79,57.75],[156.98,57.47],[156.73,57.15],[156.07,56.78],[155.98,56.7],[155.72,56.07],[155.55,55.35],[155.62,54.86],[155.9,53.93],[156.1,53.01],[156.23,52.63],[156.36,52.51],[156.49,51.91],[156.54,51.31],[156.67,51.23],[156.75,50.97],[157.2,51.21],[157.53,51.48],[157.82,51.61],[158.1,51.81],[158.46,52.3],[158.48,52.63],[158.61,52.87],[158.43,52.96],[158.56,53.05],[158.75,52.91],[158.95,53.05],[159.59,53.24],[160.03,53.13],[159.9,53.38],[159.96,53.55],[159.84,53.78],[160.07,54.19],[160.77,54.54],[161.13,54.6],[161.29,54.52],[161.73,54.53],[162.11,54.75],[162.08,54.89],[161.82,55.14],[161.73,55.36],[161.78,55.65],[162.08,56.09],[162.53,56.26],[162.49,56.4],[162.67,56.49],[163.04,56.52],[162.63,56.23],[162.84,56.07],[163.05,56.04],[163.34,56.23],[163.26,56.69],[162.92,56.72],[162.8,56.81],[162.78,57.36],[163.21,57.69],[163.15,57.84],[162.72,57.95],[162.52,57.9],[162.47,57.77],[162.04,57.92],[161.96,58.08],[162.14,58.45],[162.45,58.71],[163,59.02],[163.27,59.3],[163.27,59.52],[163.41,59.83],[163.78,60.04],[164.14,59.98],[164.38,60.06],[164.67,60],[164.85,59.84],[165.02,59.86],[165.08,60.1],[165.29,60.13],[166.35,60.48],[166.14,59.98],[166.33,59.87],[166.96,60.31],[167.23,60.41],[168.14,60.57],[169.23,60.6],[169.62,60.44],[169.98,60.07],[170.35,59.97],[170.61,60.43],[170.95,60.52],[171.73,60.84],[172.39,61.06],[172.73,61.31],[172.91,61.31],[172.86,61.47],[173.13,61.41],[173.62,61.72],[173.82,61.68],[174.14,61.8],[174.51,61.82],[174.72,61.95],[176.33,62.35],[176.7,62.51],[177.16,62.56],[177.02,62.78],[177.34,62.78],[177.29,62.6],[178.02,62.55],[179.12,62.32],[179.18,62.47],[179.57,62.69],[179.51,62.86],[179.26,63.01],[179.33,63.19],[179.03,63.28],[178.79,63.54],[178.44,63.61],[178.73,63.67],[178.65,63.97],[178.23,64.36],[177.95,64.22],[177.43,64.44],[177.39,64.77],[176.73,64.62],[176.35,64.71],[176.06,64.9],[175.68,64.78],[174.55,64.68],[175.78,64.84],[176.06,64.96],[176.43,64.86],[177.07,64.79],[177.22,64.86],[177.04,65],[176.65,65.01],[176.88,65.08],[177.18,65.01],[177.75,64.72],[178.52,64.6],[179.45,64.82],[180,65.07],[180,65.31],[180,68.98],[178.85,69.39],[176.92,69.65],[176.11,69.86],[173.95,69.87],[173.44,69.95],[173.28,69.82],[172.56,69.97],[170.49,70.11],[170.5,69.86],[170.16,69.63],[170.58,69.58],[171,69.13],[171,69.05],[170.54,68.83],[169.61,68.79],[169.31,69.08],[168.3,69.27],[168.15,69.58],[167.63,69.74],[166.88,69.5],[165.76,69.58],[164.51,69.61],[164.16,69.72],[163.2,69.71],[162.38,69.65],[161.54,69.38],[161.57,68.91],[161.37,68.82],[161.1,68.56],[161.34,68.91],[161.04,69.1],[160.91,69.61],[159.83,69.78],[159.73,69.87],[160.01,70.31],[159.73,70.65],[159.35,70.79],[158.04,71.04],[155.9,71.1],[155.03,71.03],[153.79,70.88],[152.51,70.83],[151.76,70.98],[152.09,71.02],[151.58,71.29],[150.97,71.38],[150.24,71.27],[150.67,71.46],[150.06,71.51],[149.5,71.66],[148.97,71.69],[149.05,71.8],[149.88,71.84],[149.96,71.99],[149.5,72.16],[148.4,72.31],[147.26,72.33],[146.37,71.92],[145.8,71.75],[145.19,71.7],[144.99,71.75],[145.13,71.93],[145.76,71.94],[145.71,72.21],[146.23,72.14],[146.01,71.95],[146.4,72.04],[146.81,72.24],[146.59,72.3],[145.04,72.26],[144.47,72.17],[144.17,72.26],[144.78,72.38],[146.23,72.35],[146.25,72.44],[145.49,72.54],[143.52,72.7],[142.06,72.72],[141.31,72.86],[140.71,72.89],[141.08,72.59],[140.45,72.49],[139.6,72.5],[139.14,72.33],[139.18,72.16],[140.13,72.21],[139.64,72],[139.7,71.7],[139.98,71.49],[139.21,71.44],[138.67,71.63],[138.12,71.57],[137.92,71.38],[138.31,71.33],[137.84,71.23],[136.41,71.57],[135.88,71.63],[135.02,71.52],[134.7,71.39],[134.1,71.38],[133.43,71.49],[132.77,71.8],[132.65,71.93],[132.23,71.64],[131.91,71.2],[131.56,70.9],[131.16,70.74],[130.28,70.95],[129.76,71.12],[129.13,71.59],[128.84,71.66],[129.46,71.74],[129.21,71.92],[128.91,71.76],[128.36,72.09],[127.84,72.31],[127.8,72.43],[128.93,72.08],[129.28,72.09],[129.41,72.32],[129.12,72.49],[128.42,72.54],[129.25,72.71],[129.02,72.87],[128.6,72.9],[129.05,73.05],[128.89,73.19],[127.74,73.48],[127.03,73.55],[126.55,73.33],[126.25,73.55],[125.6,73.45],[125.62,73.52],[124.39,73.75],[123.8,73.63],[123.49,73.67],[123.31,73.53],[123.62,73.19],[123.16,72.95],[122.62,73.03],[122.75,72.91],[122.03,72.9],[121.89,72.96],[121,72.94],[119.75,72.98],[118.43,73.25],[118.46,73.46],[118.94,73.48],[118.45,73.59],[117.31,73.6],[116.5,73.68],[115.34,73.7],[114.82,73.61],[114.06,73.58],[113.51,73.5],[113.89,73.35],[113.56,73.23],[113.54,73.05],[113.22,72.81],[113.71,72.65],[113.31,72.66],[113.13,72.83],[113.47,73.05],[113.49,73.35],[113.16,73.46],[113.42,73.65],[112.84,73.96],[112.8,73.75],[112.15,73.71],[111.4,73.83],[111.13,74.05],[111.06,73.94],[110.26,74.02],[109.87,73.93],[109.75,73.72],[110.87,73.73],[109.86,73.47],[109.33,73.49],[109.09,73.38],[108.35,73.31],[107.75,73.17],[106.48,73.14],[105.71,72.84],[105.14,72.78],[105.68,72.96],[106.19,73.31],[106.68,73.33],[107.27,73.62],[108.2,73.69],[109.08,74.03],[109.81,74.17],[109.84,74.32],[111.3,74.66],[111.87,74.74],[112.92,75.02],[113.61,75.29],[113.73,75.45],[113.16,75.62],[112.96,75.57],[112.63,75.84],[113.62,75.59],[113.87,75.86],[113.56,75.89],[113.27,76.25],[112.8,76.13],[112.62,76.38],[111.11,76.72],[109.37,76.75],[108.03,76.72],[107.62,76.51],[106.83,76.48],[106.64,76.57],[107.43,76.93],[106.94,77.03],[105.71,77],[105.65,77.1],[104.2,77.1],[105.38,77.24],[106.06,77.39],[105.89,77.49],[104.01,77.73],[103.13,77.63],[101.52,77.2],[100.99,76.99],[101.1,76.7],[100.84,76.53],[100.32,76.48],[98.81,76.48],[99.83,76.14],[99.85,75.93],[99.56,76.11],[98.66,76.24],[96.5,75.89],[96.51,76.01],[95.65,75.89],[96.08,76.08],[94.58,76.15],[93.65,76.05],[92.97,76.08],[92.89,75.91],[94.16,75.96],[93.55,75.85],[91.85,75.72],[91.48,75.65],[90.18,75.59],[89.31,75.47],[87.67,75.13],[87.17,75.19],[86.94,75.07],[87.42,74.94],[86.65,74.68],[86.2,74.82],[85.79,74.65],[86.7,74.52],[87.23,74.36],[86.18,74.42],[86,74.32],[86.57,74.24],[87.21,73.88],[87.57,73.81],[87.12,73.62],[86.38,73.57],[85.94,73.46],[85.97,73.35],[86.68,73.11],[85.82,73.33],[85.83,73.49],[87.03,73.82],[86.59,73.89],[85.61,73.82],[85.45,73.73],[84.74,73.76],[83.54,73.67],[81.82,73.66],[80.58,73.57],[80.4,73.36],[80.51,73.09],[80.84,72.95],[80.66,72.71],[80.83,72.49],[81.28,72.36],[82.18,72.24],[82.65,71.93],[83.2,71.87],[83.57,71.59],[83.15,71.1],[83.74,70.55],[83.5,70.35],[83.07,70.28],[83.08,70.09],[82.68,70.22],[83.03,70.58],[83.05,70.82],[82.87,70.95],[82.59,70.89],[82.26,70.54],[82.34,70.81],[82.24,71],[82.32,71.26],[82.92,71.42],[83.23,71.67],[82.99,71.75],[82.08,71.71],[81.51,71.75],[80.86,71.97],[80.76,72.09],[79.95,72.22],[79.42,72.38],[78.48,72.39],[77.47,72.19],[77.49,72.07],[78.02,72.09],[78.23,71.95],[77.55,71.84],[76.87,72.03],[76.03,71.91],[76.31,71.6],[77.48,71.31],[78.21,71.27],[78.59,70.99],[79.08,71],[78.53,70.91],[78.07,70.99],[77.59,71.17],[76.11,71.22],[75.33,71.34],[75.5,71.65],[75.25,71.81],[75.74,72.3],[75.37,72.8],[74.79,72.81],[75.1,72.42],[74.99,72.14],[74.31,71.96],[73.67,71.85],[73.09,71.44],[73.51,71.26],[74.34,70.58],[73.83,70.18],[73.56,69.71],[73.89,69.42],[73.78,69.2],[73.98,69.11],[74.81,69.09],[75.42,69.24],[76,69.24],[77.65,68.9],[78,68.26],[77.66,68.19],[77.54,68.01],[77.59,67.75],[78.92,67.59],[77.99,67.56],[77.68,67.59],[77.17,67.78],[77.25,67.94],[77.24,68.47],[76.46,68.98],[76.11,68.98],[75.12,68.86],[74.58,68.75],[74.39,68.42],[74.74,68.07],[74.77,67.77],[74.07,67.41],[73.79,67],[73.34,66.81],[72.42,66.56],[72.32,66.33],[71.92,66.25],[71.15,66.37],[70.34,66.34],[69.19,66.58],[69.01,66.79],[69.88,66.85],[70.28,66.69],[70.69,66.75],[70.38,66.6],[70.94,66.55],[71.55,66.76],[71.37,66.96],[71.85,67.01],[72.59,67.59],[72.95,67.7],[73.15,67.87],[73.14,68.18],[73.55,68.57],[72.81,68.82],[72.53,69.08],[72.62,69.48],[72.47,70.27],[72.7,70.46],[72.73,70.82],[72.58,71.15],[72.08,71.31],[71.91,71.55],[72.28,71.7],[72.62,72.08],[72.81,72.69],[72.45,72.79],[71.5,72.91],[69.65,72.9],[69.39,72.96],[69.04,72.67],[68.61,72.01],[68.27,71.68],[67.54,71.41],[66.92,71.28],[66.64,71.08],[66.82,70.8],[67.28,70.74],[67.15,70.22],[67.24,70.11],[66.93,70.01],[66.8,69.66],[67.06,69.69],[68.01,69.48],[68.12,69.24],[68.54,68.97],[69.14,68.95],[68.83,68.57],[68.37,68.31],[67.73,68.51],[67.15,68.75],[67,68.87],[66.42,68.95],[65.03,69.27],[64.19,69.53],[63.36,69.68],[62.63,69.74],[61.77,69.76],[61.02,69.85],[60.17,69.59],[60.66,69.11],[60.93,68.99],[60.49,68.73],[59.9,68.71],[59.9,68.42],[59.6,68.35],[59.1,68.44],[59.11,68.62],[59.37,68.74],[59.06,69.01],[58.17,68.89],[57.13,68.55],[56.04,68.65],[55.42,68.57],[54.92,68.37],[54.86,68.2],[54.56,68.27],[53.97,68.23],[53.26,68.27],[53.34,68.34],[53.93,68.44],[53.76,68.63],[53.97,68.84],[53.87,68.93],[54.49,68.99],[53.8,69],[52.68,68.73],[52.34,68.61],[52.72,68.48],[52.32,68.34],[51.99,68.54],[51.34,68.4],[50.84,68.35],[49.93,68.07],[49.16,67.87],[48.7,67.87],[48.88,67.73],[47.87,67.58],[47.91,67.45],[47.66,66.98],[46.49,66.8],[45.99,66.85],[45.56,67.19],[44.94,67.35],[44.94,67.48],[45.53,67.76],[46.69,67.85],[46.68,67.97],[45.89,68.48],[45.08,68.58],[44.05,68.55],[43.47,68.68],[43.4,68.61],[44.17,68.33],[44.23,68],[43.78,67.25],[44.29,67.1],[44.49,66.67],[44.1,66.24],[44.1,66.01],[43.84,66.14],[43.54,66.12],[43.65,66.25],[43.23,66.42],[42.6,66.42],[42.21,66.52],[41.48,66.12],[40.69,65.96],[40.33,65.75],[39.82,65.6],[39.8,65.35],[40.28,65],[40.44,64.78],[40.06,64.77],[39.76,64.58],[39.57,64.57],[39.05,64.71],[38.01,64.88],[37.53,65.11],[37.14,65.19],[36.88,65.17],[36.79,64.99],[36.53,64.85],[37.18,64.41],[37.74,64.4],[37.95,64.32],[38.07,64.03],[37.44,63.81],[36.36,64],[36.15,64.19],[35.65,64.38],[35.43,64.35],[35.04,64.44],[34.87,64.56],[34.8,64.99],[34.41,65.4],[34.62,65.51],[34.79,65.86],[34.4,66.13],[34.11,66.23],[33.36,66.33],[33.66,66.44],[33.22,66.53],[33.18,66.68],[32.93,66.7],[32.46,66.92],[32.5,67],[31.9,67.16],[32.93,67.09],[32.85,67.02],[33.15,66.84],[33.48,66.76],[34.45,66.65],[34.48,66.55],[34.82,66.61],[35.51,66.4],[37.29,66.23],[37.63,66.13],[38.4,66.06],[39.29,66.13],[40.1,66.3],[40.52,66.45],[41.19,66.83],[41.36,67.21],[41.13,67.27],[40.97,67.71],[40.38,67.83],[39.75,68.16],[39.57,68.07],[38.83,68.32],[38.43,68.36],[37.73,68.69],[35.86,69.19],[35.29,69.28],[34.86,69.23],[34.23,69.31],[33.68,69.31],[33.33,69.15],[33.38,69.44],[32.38,69.48],[32.18,69.67],[32.99,69.63],[32.94,69.75],[31.98,69.95],[32.03,69.84],[31.45,69.69],[31.05,69.77],[30.18,69.84],[30.16,69.75],[29.79,69.73],[29.64,69.78],[29.6,69.98],[28.8,70.09],[28.78,70.15],[29.93,70.1],[30.94,70.27],[30.93,70.4],[30.6,70.52],[30.21,70.54],[30.07,70.7],[29.8,70.64],[29.1,70.86],[28.61,70.76],[28.17,70.29],[28.22,70.7],[28.39,70.98],[27.6,71.09],[27.24,70.95],[27.56,70.83],[27.18,70.74],[26.99,70.51],[26.59,70.41],[26.56,70.67],[26.73,70.85],[26.51,70.91],[25.04,70.11],[24.99,70.22],[25.27,70.55],[25.77,70.85],[25.26,70.84],[24.76,71.01],[24.26,70.83],[24.42,70.7],[24.04,70.49],[23.38,70.25],[23.26,69.99],[22.94,70.3],[22.68,70.37],[21.78,70.23],[21.36,70.23],[21.8,70.07],[21.93,69.81],[21.43,70.01],[21.16,69.89],[20.62,69.91],[20.49,69.54],[20.28,69.54],[20.39,69.87],[20.07,69.88],[19.64,69.42],[19.72,69.78],[19.2,69.75],[18.99,69.56],[18.62,69.43],[18.29,69.48],[18.08,69.33],[18.1,69.16],[17.7,69.1],[17.39,68.8],[16.65,68.63],[16.58,68.47],[17.55,68.43],[16.86,68.36],[16.39,68.39],[16.17,68.28],[16.39,68.09],[16.26,67.89],[16.01,68.23],[15.32,68.07],[15.61,67.99],[15.05,67.96],[14.78,67.67],[15.3,67.77],[15.47,67.45],[14.96,67.57],[14.48,67.26],[15.43,67.25],[14.11,67.12],[13.65,66.91],[13.96,66.79],[13.62,66.79],[13.21,66.64],[13.07,66.43],[13.12,66.23],[13.97,66.32],[13.67,66.18],[12.78,66.1],[13.03,65.96],[12.82,65.95],[12.27,65.57],[12.13,65.28],[12.51,65.2],[12.92,65.34],[12.51,65.1],[12.16,65.18],[11.49,64.98],[11.3,64.75],[11.52,64.74],[10.93,64.58],[10.57,64.42],[9.61,63.79],[9.92,63.52],[10.34,63.57],[10.93,63.77],[10.91,63.92],[11.31,64.05],[11.18,63.9],[11.37,63.8],[10.73,63.63],[10.76,63.46],[10.34,63.47],[9.98,63.4],[9.7,63.62],[9.32,63.57],[8.84,63.65],[8.4,63.54],[8.58,63.31],[8.27,63.29],[8.16,63.16],[8.62,62.85],[8.1,63.09],[7.57,63.1],[7.01,62.96],[6.78,62.7],[7.41,62.71],[8.05,62.77],[7.54,62.67],[7.69,62.59],[6.74,62.64],[6.35,62.61],[6.14,62.41],[6.69,62.47],[6.08,62.35],[5.91,62.42],[5.53,62.31],[5.36,62.15],[5.14,62.16],[5.16,61.96],[6.13,61.85],[6.73,61.87],[6.02,61.79],[5.47,61.9],[4.93,61.88],[4.93,61.71],[5.34,61.49],[5,61.43],[5.02,61.25],[5.32,61.11],[6.66,61.21],[7.28,61.18],[7.35,61.3],[7.55,61.18],[7.04,61.09],[7.08,60.97],[6.78,61.14],[6.42,61.08],[5.98,61.12],[5.01,61.04],[5.05,60.71],[5.24,60.57],[5.18,60.31],[5.42,60.15],[5.21,60.09],[5.11,59.67],[5.49,59.83],[6.15,60.35],[6.81,60.5],[6.53,60.15],[6.52,60.41],[6.14,60.23],[6.11,60.13],[5.73,59.86],[5.83,59.79],[6.21,59.83],[5.77,59.66],[5.47,59.71],[5.3,59.64],[5.13,59.23],[5.36,59.17],[6.4,59.56],[5.95,59.3],[5.89,59.06],[6.1,58.87],[5.61,59.01],[5.52,58.73],[5.71,58.52],[6.39,58.27],[6.66,58.26],[6.56,58.12],[6.91,58.14],[7,58.02],[7.47,58.02],[8.17,58.15],[8.52,58.3],[8.93,58.57],[9.62,58.95],[9.64,59.12],[9.84,58.96],[10.18,59.01],[10.43,59.28],[10.4,59.52],[10.57,59.59],[10.83,59.18],[11.37,59.1],[11.2,59.08],[11.27,58.48],[11.43,58.34],[11.45,58.12],[11.7,57.97],[11.73,57.72],[11.88,57.68],[11.96,57.43],[12.42,56.91],[12.72,56.66],[12.88,56.62],[12.86,56.45],[12.66,56.44],[12.8,56.26],[12.51,56.29],[12.98,55.69],[12.89,55.41],[13.32,55.35],[13.81,55.43],[14.17,55.4],[14.34,55.53],[14.22,55.83],[14.71,56.13],[15.63,56.19],[15.83,56.12],[16,56.22],[16.35,56.71],[16.53,57.07],[16.48,57.27],[16.65,57.5],[16.56,57.81],[16.69,57.92],[16.77,58.21],[16.65,58.43],[16.92,58.49],[16.79,58.59],[16.21,58.64],[16.98,58.65],[17.46,58.86],[18.29,59.11],[18.51,59.41],[17.98,59.33]],[[50.68,46.94],[51.18,47.11],[51.65,47.02],[51.74,46.93],[52.09,46.84],[52.48,46.99],[52.92,46.95],[53.17,46.67],[53.08,46.55],[53.14,46.19],[53.04,45.97],[52.77,45.57],[53.2,45.33],[52.91,45.32],[52.53,45.4],[51.73,45.4],[51.42,45.36],[51.25,45.12],[51.04,44.98],[51.06,44.81],[51.31,44.62],[51.54,44.53],[51.18,44.5],[50.86,44.63],[50.41,44.62],[50.3,44.58],[50.33,44.33],[50.83,44.19],[51.14,43.65],[51.3,43.48],[51.3,43.17],[51.62,43.16],[51.96,42.85],[52.18,42.87],[52.6,42.76],[52.62,42.43],[52.46,42.1],[52.49,41.78],[52.61,41.53],[52.86,41.21],[52.88,41.65],[52.81,41.71],[52.97,41.98],[53.16,42.09],[53.62,42.14],[53.85,42.09],[54.09,41.52],[54.59,41.19],[54.7,41.07],[54.71,40.89],[54.32,40.83],[54.38,40.69],[54.19,40.72],[53.76,40.67],[53.62,40.82],[53.33,40.78],[53.15,40.82],[52.94,41.04],[52.73,40.4],[52.74,40.22],[52.9,39.91],[52.99,39.99],[53.4,39.96],[53.49,39.91],[53.47,39.67],[53.6,39.55],[53.39,39.54],[53.24,39.61],[53.12,39.43],[53.16,39.26],[53.34,39.34],[53.7,39.21],[53.89,38.86],[53.84,38.51],[53.82,37.93],[53.85,37.67],[54.02,36.95],[53.97,36.82],[53.68,36.85],[53.92,36.93],[53.37,36.87],[52.19,36.62],[51.76,36.61],[51.12,36.74],[50.53,37.01],[50.34,37.15],[50.13,37.41],[49.47,37.5],[49.08,37.67],[48.96,37.89],[48.87,38.39],[48.85,38.82],[49.01,39.13],[49.2,39.07],[49.36,39.35],[49.32,39.61],[49.48,40.09],[49.55,40.19],[49.92,40.32],[50.37,40.28],[50.31,40.41],[49.99,40.58],[49.78,40.58],[49.56,40.72],[49.23,41.03],[49.11,41.3],[48.66,41.79],[48.38,41.95],[48.23,42.18],[47.82,42.61],[47.71,42.81],[47.46,43.04],[47.51,43.51],[47.65,43.88],[47.56,43.83],[47.46,43.56],[47.36,43.99],[47.23,44.19],[47.02,44.34],[46.75,44.42],[46.76,44.66],[47.08,44.82],[47.53,45.53],[47.48,45.69],[47.63,45.58],[48.16,45.74],[48.49,45.93],[48.75,45.92],[48.68,46.09],[49.08,46.19],[49.36,46.41],[49.35,46.52],[50,46.63],[50.42,46.88],[50.68,46.94]]]},"properties":{"scalerank":0,"featurecla":"Land","min_zoom":0}},
{"type":"Feature","geometry":{"type":"Polygon","coordinates":[[[145.88,43.46],[145.89,43.42],[145.94,43.43],[145.88,43.46]]]},"properties":{"scalerank":0,"featurecla":"Land","min_zoom":4}},
{"type":"Feature","geometry":{"type":"Polygon","coordinates":[[[146.36,43.63],[146.31,43.65],[146.27,43.63],[146.36,43.63]]]},"properties":{"scalerank":0,"featurecla":"Land","min_zoom":4}},
{"type":"Feature","geometry":{"type":"Polygon","coordinates":[[[146.05,43.41],[146.09,43.45],[146.03,43.42],[146.05,43.41]]]},"properties":{"scalerank":0,"featurecla":"Land","min_zoom":4}},
{"type":"Feature","geometry":{"type":"Polygon","coordinates":[[[-159.74,-21.25],[-159.77,-21.19],[-159.84,-21.24],[-159.74,-21.25]]]},"properties":{"scalerank":0,"featurecla":"Land","min_zoom":4}},
{"type":"Feature","geometry":{"type":"Polygon","coordinates":[[[-172.48,-8.58],[-172.49,-8.56],[-172.5,-8.55],[-172.48,-8.58]]]},"properties":{"scalerank":0,"featurecla":"Land","min_zoom":4}},
{"type":"Feature","geometry":{"type":"Polygon","coordinates":[[[-171.19,-9.36],[-171.19,-9.34],[-171.2,-9.34],[-171.19,-9.36]]]},"properties":{"scalerank":0,"featurecla":"Land","min_zoom":4}},
{"type":"Feature","geometry":{"type":"Polygon","coordinates":[[[-172.21,-4.51],[-172.21,-4.49],[-172.23,-4.51],[-172.21,-4.51]]]},"properties":{"scalerank":0,"featurecla":"Land","min_zoom":4}},
{"type":"Feature","geometry":{"type":"Polygon","coordinates":[[[-171.7,-2.77],[-171.66,-2.8],[-171.63,-2.86],[-171.64,-2.81],[-171.7,-2.77]]]},"properties":{"scalerank":0,"featurecla":"Land","min_zoom":4}},
{"type":"Feature","geometry":{"type":"Polygon","coordinates":[[[-171.09,-3.14],[-171.09,-3.12],[-171.1,-3.14],[-171.09,-3.14]]]},"properties":{"scalerank":0,"featurecla":"Land","min_zoom":4}},
{"type":"Feature","geometry":{"type":"Polygon","coordinates":[[[-171.23,-4.46],[-171.25,-4.44],[-171.26,-4.46],[-171.23,-4.46]]]},"properties":{"scalerank":0,"featurecla":"Land","min_zoom":4}},
{"type":"Feature","geometry":{"type":"Polygon","coordinates":[[[-174.51,-4.68],[-174.54,-4.66],[-174.5,-4.69],[-174.51,-4.68]]]},"properties":{"scalerank":0,"featurecla":"Land","min_zoom":4}},
{"type":"Feature","geometry":{"type":"Polygon","coordinates":[[[-154.96,-4.09],[-154.95,-4.03],[-155.02,-4.05],[-154.96,-4.09]]]},"properties":{"scalerank":0,"featurecla":"Land","min_zoom":4}},
{"type":"Feature","geometry":{"type":"Polygon","coordinates":[[[-151.78,-11.44],[-151.8,-11.39],[-151.81,-11.45],[-151.78,-11.44]]]},"properties":{"scalerank":0,"featurecla":"Land","min_zoom":4}},
{"type":"Feature","geometry":{"type":"Polygon","coordinates":[[[-155.86,-5.63],[-155.93,-5.61],[-155.91,-5.63],[-155.86,-5.63]]]},"properties":{"scalerank":0,"featurecla":"Land","min_zoom":4}},
{"type":"Feature","geometry":{"type":"Polygon","coordinates":[[[-178.54,-19.17],[-178.59,-19.12],[-178.6,-19.15],[-178.54,-19.17]]]},"properties":{"scalerank":0,"featurecla":"Land","min_zoom":4}},
{"type":"Feature","geometry":{"type":"Polygon","coordinates":[[[-179.8,-18.94],[-179.83,-18.92],[-179.85,-19],[-179.8,-18.94]]]},"properties":{"scalerank":0,"featurecla":"Land","min_zoom":4}},
{"type":"Feature","geometry":{"type":"Polygon","coordinates":[[[-178.71,-20.67],[-178.72,-20.65],[-178.72,-20.67],[-178.71,-20.67]]]},"properties":{"scalerank":0,"featurecla":"Land","min_zoom":4}},
{"type":"Feature","geometry":{"type":"Polygon","coordinates":[[[-78.8,-33.65],[-78.89,-33.58],[-78.98,-33.67],[-78.8,-33.65]]]},"properties":{"scalerank":0,"featurecla":"Land","min_zoom":3}},
{"type":"Feature","geometry":{"type":"Polygon","coordinates":[[[-14.36,-7.97],[-14.3,-7.94],[-14.38,-7.88],[-14.36,-7.97]]]},"properties":{"scalerank":0,"featurecla":"Land","min_zoom":4}},
{"type":"Feature","geometry":{"type":"Polygon","coordinates":[[[72.78,11.2],[72.8,11.26],[72.77,11.21],[72.78,11.2]]]},"properties":{"scalerank":0,"featurecla":"Land","min_zoom":4}},
{"type":"Feature","geometry":{"type":"Polygon","coordinates":[[[73.07,8.27],[73.08,8.32],[73.06,8.27],[73.07,8.27]]]},"properties":{"scalerank":0,"featurecla":"Land","min_zoom":4}},
{"type":"Feature","geometry":{"type":"Polygon","coordinates":[[[73.42,3.23],[73.44,3.27],[73.4,3.29],[73.42,3.23]]]},"properties":{"scalerank":0,"featurecla":"Land","min_zoom":4}},
{"type":"Feature","geometry":{"type":"Polygon","coordinates":[[[73.51,4.16],[73.53,4.24],[73.47,4.17],[73.51,4.16]]]},"properties":{"scalerank":0,"featurecla":"Land","min_zoom":4}},
{"type":"Feature","geometry":{"type":"Polygon","coordinates":[[[131.17,3.03],[131.19,3.06],[131.13,3.03],[131.17,3.03]]]},"properties":{"scalerank":0,"featurecla":"Land","min_zoom":4}},
{"type":"Feature","geometry":{"type":"Polygon","coordinates":[[[151.65,7.35],[151.63,7.39],[151.58,7.34],[151.65,7.35]]]},"properties":{"scalerank":0,"featurecla":"Land","min_zoom":4}},
{"type":"Feature","geometry":{"type":"Polygon","coordinates":[[[151.88,7.43],[151.91,7.46],[151.87,7.47],[151.88,7.43]]]},"properties":{"scalerank":0,"featurecla":"Land","min_zoom":4}},
{"type":"Feature","geometry":{"type":"Polygon","coordinates":[[[166.89,11.15],[166.86,11.17],[166.84,11.15],[166.89,11.15]]]},"properties":{"scalerank":0,"featurecla":"Land","min_zoom":4}},
{"type":"Feature","geometry":{"type":"Polygon","coordinates":[[[177.12,-12.51],[177.12,-12.48],[177.01,-12.49],[177.12,-12.51]]]},"properties":{"scalerank":0,"featurecla":"Land","min_zoom":4}},
{"type":"Feature","geometry":{"type":"Polygon","coordinates":[[[174.63,-21.7],[174.6,-21.67],[174.59,-21.7],[174.63,-21.7]]]},"properties":{"scalerank":0,"featurecla":"Land","min_zoom":4}},
{"type":"Feature","geometry":{"type":"Polygon","coordinates":[[[179.21,-8.52],[179.2,-8.47],[179.2,-8.53],[179.21,-8.52]]]},"properties":{"scalerank":0,"featurecla":"Land","min_zoom":4}},
{"type":"Feature","geometry":{"type":"Polygon","coordinates":[[[178.69,-7.48],[178.67,-7.46],[178.67,-7.48],[178.69,-7.48]]]},"properties":{"scalerank":0,"featurecla":"Land","min_zoom":4}},
{"type":"Feature","geometry":{"type":"Polygon","coordinates":[[[178.39,-8.05],[178.39,-8.03],[178.37,-8.06],[178.39,-8.05]]]},"properties":{"scalerank":0,"featurecla":"Land","min_zoom":4}},
{"type":"Feature","geometry":{"type":"Polygon","coordinates":[[[169.55,-0.87],[169.54,-0.85],[169.52,-0.87],[169.55,-0.87]]]},"properties":{"scalerank":0,"featurecla":"Land","min_zoom":4}},
{"type":"Feature","geometry":{"type":"Polygon","coordinates":[[[-128.29,-24.4],[-128.3,-24.33],[-128.35,-24.34],[-128.29,-24.4]]]},"properties":{"scalerank":0,"featurecla":"Land","min_zoom":4}},
{"type":"Feature","geometry":{"type":"Polygon","coordinates":[[[-166.11,66.23],[-165.83,66.32],[-166.03,66.28],[-166.11,66.23]]]},"properties":{"scalerank":0,"featurecla":"Land","min_zoom":4}},
{"type":"Feature","geometry":{"type":"Polygon","coordinates":[[[-86.71,21.24],[-86.75,21.28],[-86.71,21.2],[-86.71,21.24]]]},"properties":{"scalerank":0,"featurecla":"Land","min_zoom":4}},
{"type":"Feature","geometry":{"type":"Polygon","coordinates":[[[54.47,24.44],[54.4,24.51],[54.36,24.44],[54.47,24.44]]]},"properties":{"scalerank":0,"featurecla":"Land","min_zoom":4}},
{"type":"Feature","geometry":{"type":"Polygon","coordinates":[[[-81.78,24.54],[-81.74,24.58],[-81.81,24.56],[-81.78,24.54]]]},"properties":{"scalerank":0,"featurecla":"Land","min_zoom":4}},
{"type":"Feature","geometry":{"type":"Polygon","coordinates":[[[124.74,37.98],[124.64,37.98],[124.7,37.92],[124.74,37.98]]]},"properties":{"scalerank":0,"featurecla":"Land","min_zoom":4}}
]}