{"type":"FeatureCollection", "features": [
{"type":"Feature","geometry":{"type":"Polygon","coordinates":[[[33.78,35.21],[34.46,35.64],[32.14,35.04],[32.6,34.61],[33.78,35.21]]]},"properties":{"NAME":"Cyprus","SUBJECTO":"Cyprus","PARTOF":"Cyprus"}},
{"type":"Feature","geometry":{"type":"Polygon","coordinates":[[[120.62,21.93],[120.72,21.99],[120.78,22.34],[121.33,23.4],[121.59,24.65],[121.78,24.9],[121.43,25.13],[120.86,24.81],[120.27,23.98],[120.02,23.62],[119.96,23.09],[120.11,22.64],[120.62,21.93]]]},"properties":{"NAME":null,"SUBJECTO":null,"PARTOF":null}},
{"type":"Feature","geometry":{"type":"MultiPolygon","coordinates":[[[[-71.98,18.26],[-71.4,17.7],[-71.06,18.35],[-68.37,18.58],[-70.88,19.93],[-71.84,19.73],[-73.47,19.84],[-72.77,19.53],[-72.75,18.51],[-74.3,18.7],[-73.47,18.32],[-71.98,18.26]]],[[[-81.74,22.62],[-82.18,22.37],[-79.73,21.67],[-78.73,21.62],[-78.45,20.97],[-77.29,20.7],[-77.66,19.9],[-75.52,19.91],[-74.17,20.19],[-75.6,21.01],[-77.34,21.51],[-78.17,22.12],[-79.76,22.76],[-81.43,23.14],[-82.96,23.03],[-84.26,22.54],[-84.21,21.83],[-82.56,22.71],[-81.74,22.62]]],[[[-77.74,17.93],[-76.43,18.12],[-77.77,18.51],[-77.74,17.93]]]]},"properties":{"NAME":"Ciboney","SUBJECTO":"Ciboney","PARTOF":"Ciboney"}},
{"type":"Feature","geometry":{"type":"Polygon","coordinates":[[[123.49,-10.35],[125.21,-9.4],[126.87,-8.81],[127.04,-8.48],[125.08,-8.77],[123.67,-9.75],[123.49,-10.35]]]},"properties":{"NAME":null,"SUBJECTO":null,"PARTOF":null}},
{"type":"Feature","geometry":{"type":"MultiPolygon","coordinates":[[[[175.31,-37.32],[174.22,-35.34],[172.63,-34.56],[174.76,-37.3],[174.65,-38.98],[173.8,-39.42],[175.35,-40.3],[174.9,-41.3],[175.37,-41.66],[177.16,-39.85],[177.02,-39.45],[178.41,-38.77],[178.57,-37.92],[177.53,-38.2],[176.13,-37.8],[175.84,-37.03],[175.31,-37.32]]],[[[172.06,-43.92],[174.23,-42.01],[174.06,-41.29],[173.26,-41.54],[172.44,-40.75],[172.09,-41.71],[171.02,-42.89],[168.42,-44.22],[166.55,-45.97],[169.4,-46.71],[170.61,-45.95],[171.38,-44.34],[172.06,-43.92]]]]},"properties":{"NAME":null,"SUBJECTO":null,"PARTOF":null}},
{"type":"Feature","geometry":{"type":"Polygon","coordinates":[[[-61.11,10.82],[-61.81,10.72],[-61.21,10.12],[-61.11,10.82]]]},"properties":{"NAME":null,"SUBJECTO":null,"PARTOF":null}},
{"type":"Feature","geometry":{"type":"Polygon","coordinates":[[[-39.69,65.19],[-37.15,66.32],[-37.58,65.55],[-34.43,66.38],[-32.96,67.64],[-26.96,68.5],[-22.16,70.06],[-27.47,70.21],[-27.61,71.07],[-25.29,71.57],[-23.75,70.59],[-21.71,70.39],[-21.9,71.5],[-27.44,73.29],[-24.08,73.76],[-20.33,73.42],[-21.76,74.31],[-19.72,74.21],[-20.62,74.95],[-19.57,76.11],[-22.38,76.64],[-18.06,76.81],[-19.18,77.82],[-21.77,77.77],[-19.76,78.87],[-19.05,80.43],[-16.44,80.45],[-12.71,81.62],[-16.47,81.9],[-23.34,80.62],[-22.06,81.96],[-32.6,81.97],[-22.59,82.42],[-26.42,83.34],[-32.51,83.58],[-45.21,82.97],[-44.68,81.73],[-49.65,82.48],[-49.94,81.68],[-53.77,82.24],[-60.04,81.88],[-62.81,81.16],[-63.36,78.24],[-62.45,76.34],[-58.64,75.79],[-54.56,72.87],[-55.63,71.73],[-51.72,71.59],[-50.57,69.87],[-50.95,68.54],[-52.84,68.51],[-50.49,67.97],[-50.54,67.49],[-49.47,67.03],[-49.06,64.79],[-47.66,62.79],[-46.13,61.76],[-46.16,60.94],[-43.58,59.94],[-44.26,61.87],[-43.85,64.21],[-42.79,65.4],[-39.69,65.19]]]},"properties":{"NAME":null,"SUBJECTO":null,"PARTOF":null}},
{"type":"Feature","geometry":{"type":"MultiPolygon","coordinates":[[[[-73.11,-72.75],[-70.02,-72.67],[-68.4,-71.13],[-70.33,-68.96],[-72.39,-69.26],[-72.11,-71.05],[-75.28,-71.67],[-74.35,-72.21],[-72.03,-71.82],[-73.11,-72.75]]],[[[-102.55,-72.13],[-97.14,-72.67],[-97.22,-71.82],[-101.16,-71.82],[-102.55,-72.13]]],[[[-55.18,-80.94],[-44.83,-80.32],[-44.21,-78.39],[-48.85,-78.08],[-55.18,-80.94]]],[[[-164.06,-79.36],[-160.43,-79.97],[-158.8,-79.67],[-162.59,-78.82],[-164.06,-79.36]]],[[[169.77,-83.42],[158.14,-80.32],[159.84,-79.16],[166.75,-78.6],[162.33,-76.96],[162.35,-75.11],[165.19,-74.67],[164.62,-74.17],[168.9,-73.54],[170.73,-71.9],[167.63,-70.87],[160.6,-70.22],[157.31,-69.16],[151.09,-68.89],[150.89,-68.54],[146.88,-68],[145.59,-67.22],[141.16,-66.72],[134.21,-66.18],[130.27,-66.25],[129.01,-67.03],[122.46,-66.65],[118.29,-67.07],[115.68,-66.41],[114.44,-66.49],[113.01,-65.76],[110.61,-66.06],[109.4,-66.71],[102.63,-65.93],[100.88,-66.08],[99.12,-66.89],[95.72,-66.53],[90,-66.61],[88.65,-66.76],[88.3,-66.07],[87.22,-66.99],[85.52,-66.92],[81.81,-67.3],[78.26,-68.38],[76.87,-69.31],[75.4,-69.47],[71.92,-70.55],[69.53,-72.4],[67.36,-71.71],[69.07,-70.59],[69.77,-68.64],[69.37,-67.84],[62.81,-67.61],[56.63,-66.94],[57.1,-66.52],[55.14,-65.96],[52.45,-65.99],[50.01,-66.59],[50.27,-67.14],[42.56,-68.11],[39.65,-68.93],[38.33,-70.03],[33.54,-68.54],[32.75,-69.35],[23.71,-70.59],[17.6,-70.08],[12.66,-70.32],[11.11,-70.86],[8.49,-70.08],[0.68,-71.32],[-6.32,-71.42],[-7.2,-70.89],[-8.82,-71.82],[-9.75,-71.05],[-12.33,-71.68],[-11.83,-72.32],[-16.4,-73.44],[-14.45,-74.06],[-17.17,-74.76],[-18.4,-75.69],[-23.58,-75.92],[-33.16,-77.39],[-36.41,-78.62],[-36.41,-79.16],[-29.57,-79.22],[-28.91,-80.48],[-38.03,-80.94],[-43.83,-81.79],[-52.25,-82.02],[-58.97,-83.18],[-60.21,-82.33],[-67.93,-81.48],[-78.83,-80.01],[-77.98,-79.09],[-82.92,-79.16],[-84.16,-78.24],[-79.14,-78.93],[-80.69,-77.57],[-74.5,-78.08],[-78.6,-76.61],[-70.56,-76.69],[-64.46,-75.69],[-61.37,-73.91],[-60.83,-72.75],[-61.68,-70.82],[-63.84,-68.65],[-65.15,-68.5],[-65.38,-67.34],[-63.84,-66.49],[-62.76,-66.65],[-61.13,-64.87],[-57.27,-63.71],[-57.43,-63.25],[-64.23,-65.25],[-67.86,-67.57],[-67.08,-68.65],[-68.78,-69.81],[-67.08,-71.82],[-67.63,-72.75],[-75.58,-73.75],[-80.99,-73.25],[-81.77,-74.02],[-86.32,-73.25],[-99.79,-73],[-103.25,-73.56],[-100.05,-75.31],[-105.64,-75.07],[-110.56,-75.3],[-110.43,-74.29],[-120.17,-74.53],[-128.98,-74.91],[-134.77,-74.64],[-140.57,-75.26],[-149.61,-76.34],[-147.13,-76.53],[-146.15,-77.46],[-149.99,-77.73],[-154.17,-77.12],[-158.03,-77.27],[-158.19,-77.81],[-154.55,-79.12],[-148.6,-79.67],[-145.67,-80.52],[-148.84,-81.37],[-154.48,-81.06],[-152.08,-82.6],[-152,-84.38],[-138.82,-85.01],[-148.76,-85.07],[-156.56,-85.46],[-167.23,-84.76],[-180,-84.32],[-180,-85.32],[-180,-86.32],[-180,-87.32],[-180,-88.32],[-180,-89.32],[-180,-90],[-179.2,-90],[-178.2,-90],[-177.2,-90],[-176.2,-90],[-175.2,-90],[-174.2,-90],[-173.2,-90],[-172.2,-90],[-171.2,-90],[-170.2,-90],[-169.2,-90],[-168.2,-90],[-167.2,-90],[-166.2,-90],[-165.2,-90],[-164.2,-90],[-163.2,-90],[-162.2,-90],[-161.2,-90],[-160.2,-90],[-159.2,-90],[-158.2,-90],[-157.2,-90],[-156.2,-90],[-155.2,-90],[-154.2,-90],[-153.2,-90],[-152.2,-90],[-151.2,-90],[-150.2,-90],[-149.2,-90],[-148.2,-90],[-147.2,-90],[-146.2,-90],[-145.2,-90],[-144.2,-90],[-143.2,-90],[-142.2,-90],[-141.2,-90],[-140.2,-90],[-139.2,-90],[-138.2,-90],[-137.2,-90],[-136.2,-90],[-135.2,-90],[-134.2,-90],[-133.2,-90],[-132.2,-90],[-131.2,-90],[-130.2,-90],[-129.2,-90],[-128.2,-90],[-127.2,-90],[-126.2,-90],[-125.2,-90],[-124.2,-90],[-123.2,-90],[-122.2,-90],[-121.2,-90],[-120.2,-90],[-119.2,-90],[-118.2,-90],[-117.2,-90],[-116.2,-90],[-115.2,-90],[-114.2,-90],[-113.2,-90],[-112.2,-90],[-111.2,-90],[-110.2,-90],[-109.2,-90],[-108.2,-90],[-107.2,-90],[-106.2,-90],[-105.2,-90],[-104.2,-90],[-103.2,-90],[-102.2,-90],[-101.2,-90],[-100.2,-90],[-99.2,-90],[-98.2,-90],[-97.2,-90],[-96.2,-90],[-95.2,-90],[-94.2,-90],[-93.2,-90],[-92.2,-90],[-91.2,-90],[-90,-90],[-89.2,-90],[-88.2,-90],[-87.2,-90],[-86.2,-90],[-85.2,-90],[-84.2,-90],[-83.2,-90],[-82.2,-90],[-81.2,-90],[-80.2,-90],[-79.2,-90],[-78.2,-90],[-77.2,-90],[-76.2,-90],[-75.2,-90],[-74.2,-90],[-73.2,-90],[-72.2,-90],[-71.2,-90],[-70.2,-90],[-69.2,-90],[-68.2,-90],[-67.2,-90],[-66.2,-90],[-65.2,-90],[-64.2,-90],[-63.2,-90],[-62.2,-90],[-61.2,-90],[-60.2,-90],[-59.2,-90],[-58.2,-90],[-57.2,-90],[-56.2,-90],[-55.2,-90],[-54.2,-90],[-53.2,-90],[-52.2,-90],[-51.2,-90],[-50.2,-90],[-49.2,-90],[-48.2,-90],[-47.2,-90],[-46.2,-90],[-45.2,-90],[-44.2,-90],[-43.2,-90],[-42.2,-90],[-41.2,-90],[-40.2,-90],[-39.2,-90],[-38.2,-90],[-37.2,-90],[-36.2,-90],[-35.2,-90],[-34.2,-90],[-33.2,-90],[-32.2,-90],[-31.2,-90],[-30.2,-90],[-29.2,-90],[-28.2,-90],[-27.2,-90],[-26.2,-90],[-25.2,-90],[-24.2,-90],[-23.2,-90],[-22.2,-90],[-21.2,-90],[-20.2,-90],[-19.2,-90],[-18.2,-90],[-17.2,-90],[-16.2,-90],[-15.2,-90],[-14.2,-90],[-13.2,-90],[-12.2,-90],[-11.2,-90],[-10.2,-90],[-9.2,-90],[-8.2,-90],[-7.2,-90],[-6.2,-90],[-5.2,-90],[-4.2,-90],[-3.2,-90],[-2.2,-90],[-1.2,-90],[-0.2,-90],[0.78,-90],[1.78,-90],[2.78,-90],[3.78,-90],[4.78,-90],[5.78,-90],[6.78,-90],[7.78,-90],[8.78,-90],[9.78,-90],[10.78,-90],[11.78,-90],[12.78,-90],[13.78,-90],[14.78,-90],[15.78,-90],[16.78,-90],[17.78,-90],[18.78,-90],[19.78,-90],[20.78,-90],[21.78,-90],[22.78,-90],[23.78,-90],[24.78,-90],[25.78,-90],[26.78,-90],[27.78,-90],[28.78,-90],[29.78,-90],[30.78,-90],[31.78,-90],[32.78,-90],[33.78,-90],[34.78,-90],[35.78,-90],[36.78,-90],[37.78,-90],[38.78,-90],[39.78,-90],[40.78,-90],[41.78,-90],[42.78,-90],[43.78,-90],[44.78,-90],[45.78,-90],[46.78,-90],[47.78,-90],[48.78,-90],[49.78,-90],[50.78,-90],[51.78,-90],[52.78,-90],[53.78,-90],[54.78,-90],[55.78,-90],[56.78,-90],[57.78,-90],[58.78,-90],[59.78,-90],[60.78,-90],[61.78,-90],[62.78,-90],[63.78,-90],[64.78,-90],[65.78,-90],[66.78,-90],[67.78,-90],[68.78,-90],[69.78,-90],[70.78,-90],[71.78,-90],[72.78,-90],[73.78,-90],[74.78,-90],[75.78,-90],[76.78,-90],[77.78,-90],[78.78,-90],[79.78,-90],[80.78,-90],[81.78,-90],[82.78,-90],[83.78,-90],[84.78,-90],[85.78,-90],[86.78,-90],[87.78,-90],[88.78,-90],[89.78,-90],[89.8,-90],[90,-90],[91.78,-90],[92.78,-90],[93.78,-90],[94.78,-90],[95.78,-90],[96.78,-90],[97.78,-90],[98.78,-90],[99.78,-90],[100.78,-90],[101.78,-90],[102.78,-90],[103.78,-90],[104.78,-90],[105.78,-90],[106.78,-90],[107.78,-90],[108.78,-90],[109.78,-90],[110.78,-90],[111.78,-90],[112.78,-90],[113.78,-90],[114.78,-90],[115.78,-90],[116.78,-90],[117.78,-90],[118.78,-90],[119.78,-90],[120.78,-90],[121.78,-90],[122.78,-90],[123.78,-90],[124.78,-90],[125.78,-90],[126.78,-90],[127.78,-90],[128.78,-90],[129.78,-90],[130.78,-90],[131.78,-90],[132.78,-90],[133.78,-90],[134.78,-90],[135.78,-90],[136.78,-90],[137.78,-90],[138.78,-90],[139.78,-90],[140.78,-90],[141.78,-90],[142.78,-90],[143.78,-90],[144.78,-90],[145.78,-90],[146.78,-90],[147.78,-90],[148.78,-90],[149.78,-90],[150.78,-90],[151.78,-90],[152.78,-90],[153.78,-90],[154.78,-90],[155.78,-90],[156.78,-90],[157.78,-90],[158.78,-90],[159.78,-90],[160.78,-90],[161.78,-90],[162.78,-90],[163.78,-90],[164.78,-90],[165.78,-90],[166.78,-90],[167.78,-90],[168.78,-90],[169.78,-90],[170.78,-90],[171.78,-90],[172.78,-90],[173.78,-90],[174.78,-90],[175.78,-90],[176.78,-90],[177.78,-90],[178.78,-90],[180,-90],[180,-89.32],[180,-88.32],[180,-87.32],[180,-86.32],[180,-85.32],[180,-84.34],[169.77,-83.42]]]]},"properties":{"NAME":null,"SUBJECTO":null,"PARTOF":null}},
{"type":"Feature","geometry":{"type":"Polygon","coordinates":[[[109.43,18.1],[110.26,18.63],[110.89,19.71],[109.55,19.91],[108.58,19.19],[108.65,18.48],[109.43,18.1]]]},"properties":{"NAME":"Hainan","SUBJECTO":"Hainan","PARTOF":"Hainan"}},
{"type":"Feature","geometry":{"type":"Polygon","coordinates":[[[106.45,16.19],[107.49,14.91],[107.9,13.68],[107.9,12.57],[106.93,11.84],[106.77,10.64],[107.41,10.37],[109.07,11.64],[109.31,12.91],[108.79,15.09],[108.24,16.08],[107.38,16.69],[106.45,16.19]]]},"properties":{"NAME":"Champa","SUBJECTO":"Champa","PARTOF":"Champa"}},
{"type":"Feature","geometry":{"type":"Polygon","coordinates":[[[97.42,16.48],[97.73,18.38],[97.44,19.1],[96.7,19.12],[94.24,18.59],[94.46,17.26],[94.14,16.01],[94.82,16.21],[95.33,15.68],[96.47,16.51],[96.88,17.35],[97.42,16.48]]]},"properties":{"NAME":"Mon state","SUBJECTO":"Mon state","PARTOF":"Mon state"}},
{"type":"Feature","geometry":{"type":"Polygon","coordinates":[[[96.7,19.12],[96.48,21.76],[95.9,22.64],[94.88,22.68],[94.3,22.3],[93.97,19.19],[94.24,18.59],[96.7,19.12]]]},"properties":{"NAME":"Pyu state","SUBJECTO":"Pyu state","PARTOF":"Pyu state"}},
{"type":"Feature","geometry":{"type":"Polygon","coordinates":[[[127.63,-0.02],[128.63,1.02],[128.55,1.45],[127.42,0.98],[127.63,-0.02]]]},"properties":{"NAME":null,"SUBJECTO":null,"PARTOF":null}},
{"type":"Feature","geometry":{"type":"Polygon","coordinates":[[[37.9,18.56],[37.4,18.92],[37.13,21.23],[36.66,22.17],[35.75,22.91],[35.19,24.4],[32.51,23.73],[30.82,23.66],[29.34,24.03],[28.61,20.56],[29.45,17.83],[30.79,15.5],[31.67,16.62],[33.82,16.78],[35.33,15.42],[37.08,17.09],[37.9,18.56]]]},"properties":{"NAME":"Makkura","SUBJECTO":"Makkura","PARTOF":"Makkura"}},
{"type":"Feature","geometry":{"type":"Polygon","coordinates":[[[30.79,15.5],[30.47,13.51],[30.79,11.2],[31.75,10.25],[33.58,10.01],[34.45,10.25],[35.41,11.28],[35.65,12.8],[35.33,15.42],[33.82,16.78],[31.67,16.62],[30.79,15.5]]]},"properties":{"NAME":"Alwa","SUBJECTO":"Alwa","PARTOF":"Alwa"}},
{"type":"Feature","geometry":{"type":"Polygon","coordinates":[[[-11.91,16.38],[-11.8,15.76],[-8.88,14.29],[-7,14.4],[-4.8,15.55],[-5.01,16.7],[-7.83,17.64],[-11.7,17.11],[-11.91,16.38]]]},"properties":{"NAME":"Ghana","SUBJECTO":"Ghana","PARTOF":"Ghana"}},
{"type":"Feature","geometry":{"type":"Polygon","coordinates":[[[-0.86,51.45],[-2.04,51.45],[-1.77,50.73],[0.19,50.73],[0.2,51.09],[0.27,51.46],[-0.86,51.45]]]},"properties":{"NAME":"Wessex","SUBJECTO":"Wessex","PARTOF":"Wessex"}},
{"type":"Feature","geometry":{"type":"MultiPolygon","coordinates":[[[[13.25,79.8],[11.28,79.71],[13.06,78.35],[16.66,76.73],[19.12,78.45],[20.91,78.81],[16.33,80.03],[16.39,79.23],[13.25,79.8]]],[[[21.97,79.78],[23.82,79.15],[27.2,79.94],[19.92,80.63],[18.33,79.88],[21.97,79.78]]]]},"properties":{"NAME":null,"SUBJECTO":null,"PARTOF":null}},
{"type":"Feature","geometry":{"type":"Polygon","coordinates":[[[-156.03,20.2],[-155.78,18.95],[-154.92,19.56],[-156.03,20.2]]]},"properties":{"NAME":null,"SUBJECTO":null,"PARTOF":null}},
{"type":"Feature","geometry":{"type":"Polygon","coordinates":[[[-87.57,15.91],[-88.94,15.9],[-88.44,16.44],[-88.14,18.89],[-87.88,18.38],[-87.65,20.19],[-86.94,20.98],[-87.2,21.53],[-88.33,21.59],[-90.3,21.05],[-90.8,19.25],[-91.7,18.82],[-94.24,18.24],[-93.59,15.74],[-91.24,13.95],[-90,13.75],[-88.24,14.84],[-87.57,15.91]]]},"properties":{"NAME":"Maya city-states","SUBJECTO":"Maya city-states","PARTOF":"Maya city-states"}},
{"type":"Feature","geometry":{"type":"Polygon","coordinates":[[[-100.12,21.24],[-100.45,20.42],[-100.2,19.66],[-99.35,19.04],[-98.23,18.87],[-97.75,19.29],[-97.66,20.39],[-98.34,21.29],[-99.06,21.62],[-100.12,21.24]]]},"properties":{"NAME":"Toltec Empire","SUBJECTO":"Toltec Empire","PARTOF":"Toltec Empire"}},
{"type":"Feature","geometry":{"type":"Polygon","coordinates":[[[-105.29,20.67],[-105.69,20.4],[-104.95,19.44],[-103.49,18.35],[-101.99,18.03],[-101.22,17.42],[-98.86,16.6],[-97.88,16.05],[-96.33,15.75],[-95.13,16.3],[-93.59,15.74],[-94.24,18.24],[-96.01,18.93],[-97.5,21.19],[-97.71,21.8],[-100.25,22.57],[-100.89,20.74],[-105.29,20.67]],[[-100.57,17.88],[-100.48,18.5],[-99.3,18.5],[-97.58,17.85],[-97.1,16.93],[-97.52,16.47],[-99.02,16.82],[-100.57,17.88]],[[-100.12,21.24],[-99.06,21.62],[-98.34,21.29],[-97.66,20.39],[-97.75,19.29],[-98.23,18.87],[-99.35,19.04],[-100.2,19.66],[-100.45,20.42],[-100.12,21.24]]]},"properties":{"NAME":"Mesoamerican city-states and chiefdoms","SUBJECTO":"Mesoamerican city-states and chiefdoms","PARTOF":"Mesoamerican city-states and chiefdoms"}},
{"type":"Feature","geometry":{"type":"Polygon","coordinates":[[[-100.57,17.88],[-99.02,16.82],[-97.52,16.47],[-97.1,16.93],[-97.58,17.85],[-99.3,18.5],[-100.48,18.5],[-100.57,17.88]]]},"properties":{"NAME":"Mixtecs","SUBJECTO":"Mixtecs","PARTOF":"Mixtecs"}},
{"type":"Feature","geometry":{"type":"Polygon","coordinates":[[[-80.82,-5.72],[-81.3,-6.04],[-80.07,-6.76],[-79.06,-8.22],[-77.69,-10.84],[-76.24,-13.5],[-76.24,-14.11],[-75.23,-15.22],[-74.05,-16.04],[-71.61,-17.22],[-69.54,-13.82],[-71.23,-12.73],[-75.58,-10.61],[-77.34,-7.68],[-77.51,-6.97],[-78.26,-6.79],[-79.16,-5.86],[-80.82,-5.72]]]},"properties":{"NAME":"Huari Empire","SUBJECTO":"Huari Empire","PARTOF":"Huari Empire"}},
{"type":"Feature","geometry":{"type":"Polygon","coordinates":[[[-71.61,-17.22],[-70.58,-18.08],[-70.21,-19.07],[-70.11,-21.75],[-70.4,-25.25],[-68.19,-25.49],[-67.82,-22.47],[-67.36,-19.19],[-67.24,-18.36],[-67.94,-15.43],[-69.54,-13.82],[-71.61,-17.22]]]},"properties":{"NAME":"Tiahuanaco Empire","SUBJECTO":"Tiahuanaco Empire","PARTOF":"Tiahuanaco Empire"}},
{"type":"Feature","geometry":{"type":"MultiPolygon","coordinates":[[[[-48.85,-28.56],[-48.73,-28.37],[-48.8,-28.48],[-48.85,-28.56]]],[[[-65.91,-18.31],[-64.66,-16.8],[-64.19,-14.69],[-69.05,-8.24],[-70.16,-5.74],[-66.41,3.04],[-62.66,4.15],[-58.56,3.98],[-55.86,1.7],[-55.8,0.88],[-57.97,-0.59],[-58.44,-2.29],[-56.33,-4.33],[-54.16,-4.63],[-49.07,-4.74],[-46.28,-3.55],[-45.04,-1.61],[-46.93,-0.93],[-48.04,-0.82],[-49.42,-2.36],[-49.29,-1.79],[-50.64,-1.88],[-50.98,-1.11],[-52.02,-1.57],[-51.53,-0.43],[-49.88,1.21],[-50.69,2.22],[-51.21,4.07],[-51.71,4.23],[-53.03,5.43],[-54.29,5.88],[-56.75,6],[-57.07,5.84],[-58.01,6.79],[-58.51,6.56],[-58.62,7.5],[-59.83,8.44],[-61.7,8.61],[-63.07,8.33],[-65.97,8.18],[-70.68,8.56],[-71.1,9.33],[-71.6,9.09],[-72.11,9.9],[-71.69,10.77],[-71.99,11.61],[-71.19,11.91],[-71.44,12.42],[-73.36,11.32],[-74.22,11.37],[-75.45,10.63],[-75.7,9.43],[-76.76,8.69],[-76.86,7.93],[-78.27,9.39],[-79.5,9.64],[-80.96,8.86],[-82.23,9.05],[-83.91,11.25],[-83.66,13.71],[-83.31,14.77],[-84.65,15.93],[-87.57,15.91],[-88.24,14.84],[-90,13.75],[-87.69,13.02],[-85.62,10.83],[-85.78,10.14],[-85.09,9.58],[-83.61,9.15],[-82.96,8.05],[-82.38,8.32],[-81.12,7.94],[-80.66,7.25],[-79.98,7.49],[-80.4,8.06],[-79.07,9.03],[-78.38,8.39],[-77.4,6.67],[-77.5,5.51],[-77.11,3.79],[-77.8,2.58],[-79.38,1.02],[-80.09,0.82],[-80.34,-0.66],[-80.97,-1.03],[-80.36,-2.73],[-79.81,-2.17],[-80.14,-3.41],[-81.42,-4.68],[-80.82,-5.72],[-79.16,-5.86],[-78.26,-6.79],[-77.51,-6.97],[-77.34,-7.68],[-75.58,-10.61],[-71.23,-12.73],[-69.54,-13.82],[-67.94,-15.43],[-67.24,-18.36],[-67.36,-19.19],[-66.6,-19.15],[-65.91,-18.31]]],[[[-47.87,-24.97],[-53.13,-14.26],[-53.12,-14.28],[-48.47,-23.75],[-47.87,-24.97]]],[[[-52.14,-31.75],[-52.04,-31.56],[-52.14,-31.74],[-52.14,-31.75]]]]},"properties":{"NAME":null,"SUBJECTO":null,"PARTOF":null}},
{"type":"Feature","geometry":{"type":"Polygon","coordinates":[[[39.21,16.33],[37.02,13.63],[36.39,11.73],[36.6,9.21],[37.86,7.74],[39.75,7.95],[40.17,9.84],[40.74,14.92],[39.21,16.33]]]},"properties":{"NAME":"Axum","SUBJECTO":"Axum","PARTOF":"Axum"}},
{"type":"Feature","geometry":{"type":"Polygon","coordinates":[[[0.46,32.55],[5.68,32.82],[7.89,32.59],[12.53,30.8],[17,28.75],[19.32,28.42],[19.12,30.2],[17.42,31],[15.84,31.29],[15.01,32.36],[12.56,32.74],[10.41,33.63],[10.02,34.08],[11.13,35.24],[10.51,36.21],[11.02,37.07],[10.27,36.75],[9.42,37.28],[7.91,36.78],[6.32,37.09],[5.14,36.67],[3.74,36.84],[1.58,36.51],[1.24,35.89],[0.87,33.07],[0.46,32.55]]]},"properties":{"NAME":"Aghlabid Emirate","SUBJECTO":"Aghlabid Emirate","PARTOF":"Aghlabid Emirate"}},
{"type":"Feature","geometry":{"type":"Polygon","coordinates":[[[-8.64,42.42],[-4.17,42.25],[-1.94,42.64],[-1.91,43.31],[-7.64,43.72],[-9.27,43.05],[-8.64,42.42]]]},"properties":{"NAME":"Asturias","SUBJECTO":"Asturias","PARTOF":"Asturias"}},
{"type":"Feature","geometry":{"type":"Polygon","coordinates":[[[17.26,40.96],[15.99,41.41],[16.01,41.9],[14.92,41.97],[14.08,42.63],[13.76,41.21],[15.85,39.63],[16.53,39.7],[17.08,40.53],[17.26,40.96]]]},"properties":{"NAME":"Lombard duchies","SUBJECTO":"Lombard duchies","PARTOF":"Lombard duchies"}},
{"type":"Feature","geometry":{"type":"Polygon","coordinates":[[[-14.63,25.68],[-11.19,25.72],[-9.68,26.11],[-8.57,27.16],[-6.73,29.52],[-4.77,31.66],[-1.8,32.43],[0.46,32.55],[0.87,33.07],[1.24,35.89],[1.58,36.51],[-0.09,35.74],[-1.15,35.63],[-2.04,35.05],[-4.59,35.15],[-5.93,35.73],[-7,33.87],[-8.31,33.34],[-9.22,32.58],[-9.81,31.29],[-9.66,29.95],[-11.58,28.23],[-12.87,27.86],[-13.63,26.59],[-14.63,25.68]]]},"properties":{"NAME":"Idrisid Caliphate","SUBJECTO":"Idrisid Caliphate","PARTOF":"Idrisid Caliphate"}},
{"type":"Feature","geometry":{"type":"Polygon","coordinates":[[[-8.64,42.42],[-8.69,40.99],[-9.52,38.69],[-8.85,38.5],[-8.99,36.99],[-7.23,37.23],[-5.66,36.01],[-4.45,36.72],[-2.24,36.73],[0.17,38.74],[-0.39,39.43],[0.88,41.02],[2.07,41.3],[0.49,42.57],[-0.5,42.9],[-1.94,42.64],[-4.17,42.25],[-8.64,42.42]]]},"properties":{"NAME":"Emirate of Córdoba","SUBJECTO":"Emirate of Córdoba","PARTOF":"Emirate of Córdoba"}},
{"type":"Feature","geometry":{"type":"Polygon","coordinates":[[[-2.91,53.27],[-3.96,53.21],[-5,51.7],[-2.75,51.64],[-2.91,53.27]]]},"properties":{"NAME":"Welsh","SUBJECTO":"Welsh","PARTOF":"Welsh"}},
{"type":"Feature","geometry":{"type":"Polygon","coordinates":[[[68.07,23.68],[68.86,24.48],[69.74,26.38],[72.04,30.18],[72.27,32.37],[72.85,33.35],[73.65,35.25],[73.19,37.32],[73.19,39.97],[71.7,40.89],[69.97,40.54],[68.59,40.66],[67.21,41.69],[63.52,45.03],[61.45,45.26],[58.69,44.11],[58.69,42.73],[60.88,40.66],[61.45,39.27],[61.11,38.7],[54.87,36.81],[54.07,36.94],[51.8,36.43],[50.56,36.69],[50.04,37.22],[48.84,37.51],[48.82,38.31],[49.81,40.58],[49.09,41.45],[48.63,41.2],[48.96,40.15],[48.24,39.95],[45.76,40.65],[41.68,41.79],[41.28,41.28],[40.63,39.88],[37.35,38.83],[34.66,36.65],[35.89,36.77],[35.87,34.42],[35.53,34.12],[34.5,31.62],[33.56,30.97],[32.08,31.01],[31,31.47],[29.25,30.75],[26.14,31.49],[25.26,31.44],[24.82,31.91],[23.15,32.14],[21.67,32.82],[20.37,32.3],[20.12,30.96],[19.12,30.2],[19.32,28.42],[21.68,28.08],[25.05,28.02],[27.35,24.13],[29.34,24.03],[30.82,23.66],[32.51,23.73],[35.19,24.4],[33.93,26.56],[33.35,27.91],[32.32,29.54],[32.65,29.85],[33.33,28.55],[34.32,27.83],[34.76,29.25],[34.76,28.1],[35.44,27.73],[37.22,25.17],[37.2,24.66],[38.33,23.83],[39.1,22.4],[39.17,21.22],[39.76,20.41],[40.69,19.87],[41.63,18.05],[42.76,16.65],[42.8,15.47],[43.84,12.66],[44.96,12.83],[45.83,13.41],[46.6,13.4],[49.33,14.63],[52.14,15.69],[52.89,16.61],[54.91,16.97],[55.56,17.94],[56.26,17.98],[56.74,18.69],[57.84,19.03],[57.81,20.17],[58.51,20.42],[59.84,22.28],[58.63,23.46],[57.15,23.98],[56.41,24.82],[56.37,26.24],[54.35,24.15],[53.69,23.99],[51.29,24.28],[51.59,25.61],[51.07,25.95],[50.97,24.44],[49.94,25.96],[50.12,26.74],[48.86,27.52],[47.91,29.89],[50.13,30.07],[51.35,28.04],[52.89,27.05],[54.65,26.39],[55.9,27.1],[56.79,26.97],[57.25,25.79],[59.03,25.31],[61.34,25.03],[66.62,25.32],[66.7,24.75],[68.07,23.68]]]},"properties":{"NAME":"Abbasid Caliphate","SUBJECTO":"Abbasid Caliphate","PARTOF":"Abbasid Caliphate"}},
{"type":"Feature","geometry":{"type":"MultiPolygon","coordinates":[[[[79.05,27.76],[79.28,27.63],[79.25,27.81],[79.05,27.76]]],[[[72.27,24.22],[76.11,27],[74.12,26.54],[72.63,28.37],[77.06,29.42],[79.15,28.34],[78.49,30.53],[77.1,31.33],[76.76,31.91],[76.76,33.18],[72.85,33.35],[72.27,32.37],[72.04,30.18],[69.74,26.38],[68.86,24.48],[68.07,23.68],[69.11,22.9],[70.38,22.86],[72.27,24.22]]]]},"properties":{"NAME":"Hindu states","SUBJECTO":"Hindu states","PARTOF":"Hindu states"}},
{"type":"Feature","geometry":{"type":"Polygon","coordinates":[[[72.27,24.22],[70.38,22.86],[69.97,22.35],[68.89,22.29],[70.21,20.95],[71.02,20.66],[72.12,21.16],[72.69,22.1],[73.92,23.11],[72.27,24.22]]]},"properties":{"NAME":"Vallabhi","SUBJECTO":"Vallabhi","PARTOF":"Vallabhi"}},
{"type":"Feature","geometry":{"type":"Polygon","coordinates":[[[80.31,13.1],[80.09,15.18],[81.37,16.35],[83.38,17.71],[85.38,19.61],[84.73,20.89],[84.91,22.74],[84.9,22.85],[78.83,20.4],[78.95,19.02],[78.72,17.52],[78.95,16.49],[79.06,13.03],[80.31,13.1]]]},"properties":{"NAME":"Hindu states","SUBJECTO":"Hindu states","PARTOF":"Hindu states"}},
{"type":"Feature","geometry":{"type":"Polygon","coordinates":[[[72.88,20.34],[73.06,18.03],[73.84,15.39],[74.73,13.68],[75.21,12.1],[75.73,11.25],[77.68,12.92],[79.06,13.03],[78.95,16.49],[78.72,17.52],[78.95,19.02],[78.83,20.4],[75.03,20.51],[72.88,20.34]]]},"properties":{"NAME":"Rashtrakuta state","SUBJECTO":"Rashtrakuta state","PARTOF":"Rashtrakuta state"}},
{"type":"Feature","geometry":{"type":"Polygon","coordinates":[[[102.42,24.89],[101.96,22.59],[101.43,21.98],[100.12,20.17],[100.7,19.48],[102.08,19.82],[104.37,19.48],[104.61,20.28],[105.76,21.9],[108.41,23.16],[108.29,24.31],[108.75,26.15],[106.22,26.61],[105.3,26.04],[104.04,26.38],[102.42,24.89]]]},"properties":{"NAME":"Nan Chao","SUBJECTO":"Nan Chao","PARTOF":"Nan Chao"}},
{"type":"Feature","geometry":{"type":"Polygon","coordinates":[[[97.98,14.24],[98.65,12.24],[99.98,12.84],[100.24,13.49],[100.91,13.45],[101.27,14.41],[100.58,14.99],[99.78,14.99],[97.98,14.24]]]},"properties":{"NAME":"Dvaravati","SUBJECTO":"Dvaravati","PARTOF":"Dvaravati"}},
{"type":"Feature","geometry":{"type":"Polygon","coordinates":[[[107.49,14.91],[104.73,14.53],[103,13.84],[102.18,12.33],[102.66,12.07],[103.04,10.9],[104.98,9.98],[104.74,8.49],[106.48,9.55],[106.77,10.64],[106.93,11.84],[107.9,12.57],[107.9,13.68],[107.49,14.91]]]},"properties":{"NAME":"Chen-La","SUBJECTO":"Chen-La","PARTOF":"Chen-La"}},
{"type":"Feature","geometry":{"type":"Polygon","coordinates":[[[100.91,13.45],[100.87,12.68],[102.18,12.33],[103,13.84],[104.73,14.53],[107.49,14.91],[106.45,16.19],[104.38,18.33],[104.37,19.48],[102.08,19.82],[100.7,19.48],[100.12,20.17],[101.43,21.98],[99.43,21.9],[98.28,22.59],[98.4,24.43],[97.94,24.89],[94.48,24.66],[93.41,24.25],[92.99,24.08],[91.65,22.36],[92.18,20.89],[93.33,20.03],[93.97,19.19],[94.3,22.3],[94.88,22.68],[95.9,22.64],[96.48,21.76],[96.7,19.12],[97.44,19.1],[97.73,18.38],[97.42,16.48],[97.98,14.24],[99.78,14.99],[100.58,14.99],[101.27,14.41],[100.91,13.45]]]},"properties":{"NAME":"Rajput Clans and Small States","SUBJECTO":"Rajput Clans and Small States","PARTOF":"Rajput Clans and Small States"}},
{"type":"Feature","geometry":{"type":"Polygon","coordinates":[[[54.66,73.47],[56.96,73.36],[60.46,75.16],[66.55,75.98],[68.94,76.61],[59.02,75.8],[56.99,75.27],[54.66,73.47]]]},"properties":{"NAME":null,"SUBJECTO":null,"PARTOF":null}},
{"type":"Feature","geometry":{"type":"Polygon","coordinates":[[[127.67,39.87],[124.15,39.82],[125.3,39.36],[124.69,38.14],[125.27,37.48],[126.21,37.75],[126.39,37.61],[126.44,37.47],[126.79,37.07],[126.69,36.84],[126.39,36.96],[126.25,36.91],[125.96,36.72],[126.36,36.63],[126.63,35.93],[126.23,35.16],[126.29,34.99],[126.36,34.67],[126.39,34.52],[126.41,34.27],[126.62,34.41],[126.82,34.43],[127.36,34.8],[129.06,35.17],[129.25,37.01],[128.45,38.26],[128.14,38.53],[127.96,38.69],[127.4,39.08],[127.28,39.22],[127.67,39.87]]]},"properties":{"NAME":"Silia","SUBJECTO":"Silia","PARTOF":"Silia"}},
{"type":"Feature","geometry":{"type":"Polygon","coordinates":[[[127.67,39.87],[129.48,40.68],[129.64,41.66],[131.58,43.21],[132.83,42.86],[132.92,44.34],[131.77,45.14],[130.39,44.8],[126.02,42.15],[122.08,40.49],[121.24,39.55],[121.07,38.75],[123.04,39.67],[124.15,39.82],[127.67,39.87]]]},"properties":{"NAME":"Parhae","SUBJECTO":"Parhae","PARTOF":"Parhae"}},
{"type":"Feature","geometry":{"type":"Polygon","coordinates":[[[104.04,38.01],[104.27,36.51],[102.77,33.4],[104.27,31.91],[103.58,30.3],[104.15,28],[103,26.38],[102.42,24.89],[104.04,26.38],[105.3,26.04],[106.22,26.61],[108.75,26.15],[108.29,24.31],[108.41,23.16],[105.76,21.9],[104.61,20.28],[104.37,19.48],[104.38,18.33],[106.45,16.19],[107.38,16.69],[106.43,17.55],[105.53,18.84],[105.84,19.7],[106.81,20.91],[108.39,21.53],[109.78,21.48],[109.93,20.24],[110.57,21.23],[112.75,21.76],[113.72,22.48],[115.71,22.64],[117.85,24.05],[119.47,25.77],[119.43,26.59],[120.35,27.18],[121.36,28.39],[121.77,29.83],[121.16,30.19],[119.94,30.12],[121.57,30.71],[121.61,31.83],[120.66,32.54],[119.97,34.14],[119.02,34.69],[120.14,36.19],[122.26,36.73],[122.39,37.3],[120.66,37.74],[118.95,37.08],[118.88,37.95],[117.59,38.28],[117.75,39.2],[118.98,39.22],[119.39,39.84],[121.01,40.85],[122.08,40.49],[126.02,42.15],[125.1,42.96],[123.37,42.96],[116.24,41.58],[110.71,40.89],[104.84,41.23],[104.15,40.31],[104.04,38.01]]]},"properties":{"NAME":"Tang Empire","SUBJECTO":"Tang Empire","PARTOF":"Tang Empire"}},
{"type":"Feature","geometry":{"type":"Polygon","coordinates":[[[79.06,13.03],[77.68,12.92],[75.73,11.25],[76.05,10.61],[76.64,10.62],[77.45,9.58],[78.93,9.49],[79.79,10.25],[79.71,11.44],[80.31,13.1],[79.06,13.03]]]},"properties":{"NAME":"Pallava state","SUBJECTO":"Pallava state","PARTOF":"Pallava state"}},
{"type":"Feature","geometry":{"type":"Polygon","coordinates":[[[78.93,9.49],[77.45,9.58],[76.64,10.62],[76.05,10.61],[76.7,8.71],[77.34,8.05],[77.9,8.26],[78.93,9.49]]]},"properties":{"NAME":"Pandya state","SUBJECTO":"Pandya state","PARTOF":"Pandya state"}},
{"type":"Feature","geometry":{"type":"Polygon","coordinates":[[[80.56,5.93],[81.2,6.08],[81.87,7.08],[80.66,9.3],[79.71,8.93],[79.85,7.06],[80.56,5.93]]]},"properties":{"NAME":"Sinhalese kingdoms","SUBJECTO":"Sinhalese kingdoms","PARTOF":"Sinhalese kingdoms"}},
{"type":"Feature","geometry":{"type":"MultiPolygon","coordinates":[[[[139.8,39.89],[140.03,39.48],[139.2,37.92],[137.05,36.67],[137.31,37.43],[135.36,35.32],[135.16,35.65],[132.66,35.38],[130.78,33.97],[131.99,33.8],[134.43,34.63],[135.32,34.47],[135.06,33.69],[135.76,33.34],[136.2,34],[138.15,34.53],[140,35.5],[139.83,34.84],[140.83,35.68],[140.87,37.92],[141.5,38.42],[142,39.67],[141.47,40.51],[139.8,39.89]]],[[[130.74,30.89],[131.83,32.69],[130.86,33.68],[129.34,33.15],[130.5,32.56],[130.06,31.97],[130.23,31.03],[130.74,30.89]]],[[[132.7,32.55],[133.52,33.39],[134,33.15],[134.54,34.01],[132.78,33.91],[132.12,33.35],[132.7,32.55]]]]},"properties":{"NAME":"Japan","SUBJECTO":"Japan","PARTOF":"Japan"}},
{"type":"Feature","geometry":{"type":"MultiPolygon","coordinates":[[[[143.06,53.06],[141.77,53.27],[141.64,51.81],[142.15,50.89],[141.74,48.81],[142.04,47.96],[141.62,46.56],[143.44,46.57],[142.49,47.9],[142.85,49.13],[144.54,48.75],[142.94,51.62],[143.06,53.06]]],[[[141.47,40.51],[141.44,41.27],[139.92,40.57],[139.8,39.89],[141.47,40.51]]],[[[140.01,41.38],[141.16,41.75],[140.25,42.23],[141.93,42.5],[143.21,41.93],[143.85,42.77],[145.45,43.17],[145.06,43.79],[143.51,44.16],[141.88,45.44],[141.3,43.19],[140.6,43.33],[139.71,42.48],[140.01,41.38]]]]},"properties":{"NAME":"Ainu","SUBJECTO":"Ainu","PARTOF":"Ainu"}},
{"type":"Feature","geometry":{"type":"MultiPolygon","coordinates":[[[[99.86,2.57],[99.11,0.22],[99.7,-0.15],[100.65,-1.63],[100.81,-2.34],[102.46,-4.18],[104.57,-6.07],[104.56,-5.6],[105.64,-5.93],[105.94,-3.21],[104.3,-1.36],[103.24,-0.66],[103.72,0.02],[102.47,0.62],[101.06,2.08],[99.86,2.57]]],[[[110.97,1.23],[109.28,1.88],[108.81,0.81],[109.18,-0.87],[109.94,-1.64],[110.1,-3.08],[111.33,-1.37],[110.71,-0.6],[110.64,0.16],[111.26,0.79],[110.97,1.23]]],[[[109.22,-7.01],[107.77,-6.45],[105.93,-6.03],[105.63,-6.76],[106.32,-7.43],[108.16,-7.86],[109.12,-7.74],[109.22,-7.01]]],[[[106.55,-3.18],[106.64,-2.71],[105.86,-1.63],[105.2,-2.11],[106.55,-3.18]]],[[[100.75,3.82],[101.34,2.78],[103.43,1.38],[104.18,1.39],[103.31,3.03],[103.34,4.81],[103.06,5.22],[100.75,3.82]]]]},"properties":{"NAME":"Srivijaya Empire","SUBJECTO":"Srivijaya Empire","PARTOF":"Srivijaya Empire"}},
{"type":"Feature","geometry":{"type":"MultiPolygon","coordinates":[[[[99.98,12.84],[98.65,12.24],[98.87,11.65],[98.4,10.56],[98.63,10.1],[98.18,8.6],[99.02,7.87],[100.14,6.18],[100.75,3.82],[103.06,5.22],[101.56,6.74],[100.61,6.98],[99.72,9.26],[99.3,9.16],[99.19,10.49],[99.9,12.08],[99.98,12.84]]],[[[99.86,2.57],[99.86,2.9],[98.15,4.07],[97.38,5.18],[95.19,5.41],[95.56,4.53],[96.72,3.7],[97.6,2.25],[98.6,1.71],[99.11,0.22],[99.86,2.57]]]]},"properties":{"NAME":"minor Hindu and Buddhist states","SUBJECTO":"minor Hindu and Buddhist states","PARTOF":"minor Hindu & Buddhist states"}},
{"type":"Feature","geometry":{"type":"MultiPolygon","coordinates":[[[[113.97,-3.36],[113.57,-1.87],[112.8,-1.87],[111.33,-1.37],[110.1,-3.08],[111.59,-2.8],[111.74,-3.65],[112.8,-2.97],[113.61,-3.61],[113.97,-3.36]]],[[[109.22,-7.01],[109.12,-7.74],[110.78,-8.32],[113.07,-8.35],[114.33,-8.78],[113.95,-7.82],[112.68,-7.72],[112.27,-7.03],[111.04,-6.85],[109.22,-7.01]]],[[[115.07,-8.78],[115.5,-8.47],[114.46,-8.33],[115.07,-8.78]]]]},"properties":{"NAME":"Mataram","SUBJECTO":"Mataram","PARTOF":"Mataram"}},
{"type":"Feature","geometry":{"type":"Polygon","coordinates":[[[122.95,-8.38],[121.43,-8.72],[120.57,-8.39],[119.94,-8.94],[121.69,-9],[122.95,-8.38]]]},"properties":{"NAME":null,"SUBJECTO":null,"PARTOF":null}},
{"type":"Feature","geometry":{"type":"Polygon","coordinates":[[[-156.55,20.97],[-156.51,20.6],[-156.12,20.79],[-156.55,20.97]]]},"properties":{"NAME":null,"SUBJECTO":null,"PARTOF":null}},
{"type":"Feature","geometry":{"type":"Polygon","coordinates":[[[-158.43,21.45],[-157.84,21.29],[-158.18,21.69],[-158.43,21.45]]]},"properties":{"NAME":null,"SUBJECTO":null,"PARTOF":null}},
{"type":"Feature","geometry":{"type":"Polygon","coordinates":[[[-168.36,53.55],[-168.37,53.24],[-167.87,53.32],[-168.36,53.55]]]},"properties":{"NAME":null,"SUBJECTO":null,"PARTOF":null}},
{"type":"Feature","geometry":{"type":"Polygon","coordinates":[[[-160.94,63.98],[-163.31,63.04],[-164.29,63.25],[-166.19,61.75],[-165.9,61.27],[-163.52,60.71],[-165.13,60.54],[-164.03,59.8],[-162.38,60.16],[-161.94,58.72],[-157.14,58.86],[-157.67,57.6],[-160.46,56.2],[-160.17,55.81],[-156.5,57.1],[-156.68,57.4],[-154.65,58.08],[-153.45,58.88],[-154.28,59.25],[-152.88,60.28],[-150.31,61.31],[-149.32,60.93],[-151.16,60.66],[-151.39,59.21],[-149.33,60.03],[-147.94,61.21],[-145,60.55],[-144.41,60.09],[-141.14,59.84],[-140.05,62.5],[-144.68,63.19],[-150.13,63.32],[-160.94,63.98]]]},"properties":{"NAME":"Thule","SUBJECTO":"Thule","PARTOF":"Thule"}},
{"type":"Feature","geometry":{"type":"Polygon","coordinates":[[[-125.46,49.17],[-123.9,48.47],[-123.86,49.16],[-125.72,50.41],[-127.85,50.86],[-128.34,50.67],[-125.46,49.17]]]},"properties":{"NAME":null,"SUBJECTO":null,"PARTOF":null}},
{"type":"Feature","geometry":{"type":"Polygon","coordinates":[[[-132.73,54.07],[-133,53.65],[-132.09,53.4],[-132.73,54.07]]]},"properties":{"NAME":null,"SUBJECTO":null,"PARTOF":null}},
{"type":"Feature","geometry":{"type":"Polygon","coordinates":[[[-133.28,56.23],[-133.27,55.62],[-132.17,54.85],[-133.28,56.23]]]},"properties":{"NAME":null,"SUBJECTO":null,"PARTOF":null}},
{"type":"Feature","geometry":{"type":"Polygon","coordinates":[[[-166.49,53.73],[-167.15,53.94],[-166.93,53.46],[-166.49,53.73]]]},"properties":{"NAME":null,"SUBJECTO":null,"PARTOF":null}},
{"type":"Feature","geometry":{"type":"Polygon","coordinates":[[[-164.56,54.33],[-163.21,54.74],[-163.74,55.06],[-164.56,54.33]]]},"properties":{"NAME":null,"SUBJECTO":null,"PARTOF":null}},
{"type":"Feature","geometry":{"type":"Polygon","coordinates":[[[-162.8,55],[-163.09,55.27],[-163.26,55.17],[-162.8,55]]]},"properties":{"NAME":null,"SUBJECTO":null,"PARTOF":null}},
{"type":"Feature","geometry":{"type":"Polygon","coordinates":[[[-161.81,55.78],[-162.58,55.39],[-160.36,55.66],[-161.81,55.78]]]},"properties":{"NAME":null,"SUBJECTO":null,"PARTOF":null}},
{"type":"Feature","geometry":{"type":"Polygon","coordinates":[[[-135.48,57.33],[-134.95,56.45],[-135,57.33],[-135.48,57.33]]]},"properties":{"NAME":null,"SUBJECTO":null,"PARTOF":null}},
{"type":"Feature","geometry":{"type":"Polygon","coordinates":[[[-154.59,57.14],[-153.88,56.94],[-152.38,57.52],[-153.4,57.8],[-154.59,57.14]]]},"properties":{"NAME":null,"SUBJECTO":null,"PARTOF":null}},
{"type":"Feature","geometry":{"type":"Polygon","coordinates":[[[-135.82,57.45],[-135.32,58.09],[-136.6,57.9],[-135.82,57.45]]]},"properties":{"NAME":null,"SUBJECTO":null,"PARTOF":null}},
{"type":"Feature","geometry":{"type":"Polygon","coordinates":[[[-117.69,73.22],[-115.65,73.63],[-121.24,74.58],[-123.49,74.45],[-117.69,73.22]]]},"properties":{"NAME":null,"SUBJECTO":null,"PARTOF":null}},
{"type":"Feature","geometry":{"type":"Polygon","coordinates":[[[-60.63,47.13],[-61.38,46.33],[-61.07,45.99],[-60.63,47.13]]]},"properties":{"NAME":null,"SUBJECTO":null,"PARTOF":null}},
{"type":"Feature","geometry":{"type":"Polygon","coordinates":[[[-57.81,49.2],[-59.16,47.67],[-54.78,47.71],[-53.07,46.73],[-52.73,47.45],[-53.58,47.74],[-54.13,48.84],[-53.51,49.28],[-55.11,49.28],[-56.66,50.06],[-55.42,51.43],[-56.15,51.47],[-57.36,50.6],[-57.81,49.2]]]},"properties":{"NAME":"Beothuk","SUBJECTO":"Beothuk","PARTOF":"Beothuk"}},
{"type":"Feature","geometry":{"type":"Polygon","coordinates":[[[-100.1,75.76],[-98,75.16],[-97.82,76.48],[-101.75,76.54],[-102.15,75.64],[-100.1,75.76]]]},"properties":{"NAME":null,"SUBJECTO":null,"PARTOF":null}},
{"type":"Feature","geometry":{"type":"Polygon","coordinates":[[[-113.02,77.6],[-110.62,77.54],[-109.66,77.95],[-113.02,77.6]]]},"properties":{"NAME":null,"SUBJECTO":null,"PARTOF":null}},
{"type":"Feature","geometry":{"type":"Polygon","coordinates":[[[-98.34,78.8],[-97.46,78.1],[-95.1,78.44],[-98.34,78.8]]]},"properties":{"NAME":null,"SUBJECTO":null,"PARTOF":null}},
{"type":"Feature","geometry":{"type":"Polygon","coordinates":[[[-171.73,63.46],[-169.9,63.08],[-169.33,63.4],[-171.73,63.46]]]},"properties":{"NAME":null,"SUBJECTO":null,"PARTOF":null}},
{"type":"Feature","geometry":{"type":"Polygon","coordinates":[[[-115.8,76.34],[-115.15,75.76],[-117.4,75.41],[-111.37,75.1],[-114.22,74.84],[-112.2,74.5],[-109.07,75.13],[-105.77,75.23],[-105.5,75.85],[-111.39,75.66],[-115.8,76.34]]]},"properties":{"NAME":null,"SUBJECTO":null,"PARTOF":null}},
{"type":"Feature","geometry":{"type":"Polygon","coordinates":[[[-121.46,76.27],[-118.74,76.94],[-116.24,76.78],[-116.36,77.58],[-122.66,76.54],[-121.46,76.27]]]},"properties":{"NAME":null,"SUBJECTO":null,"PARTOF":null}},
{"type":"Feature","geometry":{"type":"Polygon","coordinates":[[[-100.89,78.18],[-99.89,78.66],[-105.45,79.4],[-100.89,78.18]]]},"properties":{"NAME":null,"SUBJECTO":null,"PARTOF":null}},
{"type":"Feature","geometry":null,"properties":{"NAME":null,"SUBJECTO":null,"PARTOF":null}},
{"type":"Feature","geometry":{"type":"Polygon","coordinates":[[[-141.14,59.84],[-137.09,58.45],[-136.15,58.9],[-133.47,57.84],[-133.4,57.22],[-131.19,56.03],[-130,53.94],[-128.08,52.94],[-127.87,52.41],[-122.49,54.24],[-111.5,57.99],[-118.2,62.71],[-124.94,64.83],[-132.43,62.5],[-140.05,62.5],[-141.14,59.84]]]},"properties":{"NAME":"Athabaskan","SUBJECTO":"Athabaskan","PARTOF":"Athabaskan"}},
{"type":"Feature","geometry":{"type":"Polygon","coordinates":[[[-102.57,29.99],[-104.23,30.44],[-112.89,30.39],[-112.74,30.11],[-111.69,28.5],[-110.6,27.86],[-110.38,27.21],[-109.13,26.29],[-109.26,25.65],[-108.01,24.98],[-105.54,22.28],[-105.29,20.67],[-100.89,20.74],[-100.25,22.57],[-97.71,21.8],[-97.82,24.21],[-97.26,25.81],[-97.64,26.85],[-96.68,28.25],[-96.6,28.38],[-102.57,29.99]]]},"properties":{"NAME":"Mogollon","SUBJECTO":"Mogollon","PARTOF":"Mogollon"}},
{"type":"Feature","geometry":{"type":"Polygon","coordinates":[[[-102.57,38.88],[-123.65,38.88],[-121.93,37.01],[-121.93,36.34],[-120.68,35.19],[-120.53,34.51],[-118.6,34.1],[-117.5,33.33],[-116.7,31.59],[-115.6,29.69],[-114.07,28.42],[-114.48,27.24],[-112.41,26.19],[-112.17,25.01],[-110.22,23.4],[-109.52,23.19],[-110.8,24.88],[-111.59,26.76],[-111.91,26.66],[-112.87,28.33],[-114.68,30.14],[-114.84,31.82],[-113.05,31.14],[-112.91,30.41],[-112.89,30.39],[-104.23,30.44],[-102.57,29.99],[-102.57,38.88]]]},"properties":{"NAME":"Anasazi","SUBJECTO":"Anasazi","PARTOF":"Anasazi"}},
{"type":"Feature","geometry":{"type":"Polygon","coordinates":[[[-38.07,-4.23],[-39.05,-3.41],[-40.23,-2.85],[-42.32,-2.82],[-43.33,-2.43],[-44.59,-3.15],[-44.46,-2.27],[-45.04,-1.61],[-46.28,-3.55],[-53.13,-14.26],[-47.87,-24.97],[-47.61,-24.79],[-46.21,-23.88],[-45.46,-23.86],[-44.56,-22.99],[-41.96,-22.92],[-40.98,-22.09],[-40.93,-21.28],[-39.69,-19.41],[-39.67,-18.23],[-39.14,-17.77],[-38.95,-16],[-39.13,-14.32],[-38.8,-12.63],[-38.27,-12.89],[-37.19,-10.84],[-35.6,-9.63],[-34.89,-7.61],[-35.46,-5.27],[-37.18,-4.95],[-37.73,-4.53],[-38.07,-4.23]]]},"properties":{"NAME":"Tupis","SUBJECTO":"Tupis","PARTOF":"Tupis"}},
{"type":"Feature","geometry":{"type":"Polygon","coordinates":[[[44.67,-16.24],[43.97,-17.55],[44.59,-19.53],[44.47,-20.17],[43.5,-21.49],[43.29,-22.41],[43.83,-23.41],[43.67,-24.23],[44.04,-24.99],[45.21,-25.66],[46.86,-25.22],[47.26,-24.77],[48.09,-22.04],[49.34,-18.23],[49.42,-17.2],[50.5,-15.31],[49.82,-12.83],[49.18,-12.27],[48.86,-13.25],[46.46,-15.86],[44.67,-16.24]]]},"properties":{"NAME":"Malagasy","SUBJECTO":"Malagasy","PARTOF":"Malagasy"}},
{"type":"Feature","geometry":{"type":"Polygon","coordinates":[[[8.58,3.07],[8.83,3.61],[8.36,3.32],[8.58,3.07]]]},"properties":{"NAME":null,"SUBJECTO":null,"PARTOF":null}},
{"type":"Feature","geometry":{"type":"Polygon","coordinates":[[[-16.87,14.36],[-16.49,13.47],[-16.77,12.6],[-15.81,11.84],[-15.1,11.81],[-15.34,11.22],[-13.68,9.92],[-12.93,8.63],[-13.21,8.35],[-12.26,7.35],[-9.94,5.86],[-9.25,5.17],[-7.53,4.34],[-5,5.24],[-3.03,5.27],[-2.03,4.7],[1.56,6.24],[3.95,6.58],[5.45,5.48],[5.35,5.36],[5.36,5.37],[12.6,7.73],[22.22,6.2],[33.93,2.84],[34.41,2.49],[46.19,2.52],[48.47,5.2],[49.05,6.42],[50.78,9.37],[51.25,11.66],[50.7,11.95],[49.3,11.25],[47.39,11.16],[46.68,10.7],[45.91,10.83],[44.28,10.4],[43.1,11.53],[43.47,12.1],[42.41,13.18],[40.74,14.92],[40.17,9.84],[39.75,7.95],[37.86,7.74],[36.6,9.21],[36.39,11.73],[37.02,13.63],[39.21,16.33],[38.69,18],[37.9,18.56],[37.08,17.09],[35.33,15.42],[35.65,12.8],[35.41,11.28],[34.45,10.25],[33.58,10.01],[31.75,10.25],[30.79,11.2],[30.47,13.51],[30.79,15.5],[29.45,17.83],[28.61,20.56],[29.34,24.03],[27.35,24.13],[25.05,28.02],[21.68,28.08],[19.32,28.42],[17,28.75],[12.53,30.8],[7.89,32.59],[5.68,32.82],[0.46,32.55],[-1.8,32.43],[-4.77,31.66],[-6.73,29.52],[-8.57,27.16],[-9.68,26.11],[-11.19,25.72],[-14.63,25.68],[-14.82,24.73],[-15.71,23.87],[-16.98,21.6],[-16.35,20.52],[-15.98,18.18],[-16.45,16.12],[-17.43,14.81],[-16.87,14.36]],[[-11.91,16.38],[-11.7,17.11],[-7.83,17.64],[-5.01,16.7],[-4.8,15.55],[-7,14.4],[-8.88,14.29],[-11.8,15.76],[-11.91,16.38]],[[15.66,11.31],[14.41,12.9],[15.13,14.9],[17,15.59],[20.72,14.78],[21.5,12.68],[18.63,10.17],[15.66,11.31]]]},"properties":{"NAME":null,"SUBJECTO":null,"PARTOF":null}},
{"type":"Feature","geometry":{"type":"Polygon","coordinates":[[[130.78,-3.88],[130.37,-3.13],[128.04,-3.06],[129.91,-3.39],[130.78,-3.88]]]},"properties":{"NAME":null,"SUBJECTO":null,"PARTOF":null}},
{"type":"Feature","geometry":{"type":"Polygon","coordinates":[[[126.66,-3.88],[126.73,-3.23],[126.11,-3.3],[126.66,-3.88]]]},"properties":{"NAME":null,"SUBJECTO":null,"PARTOF":null}},
{"type":"Feature","geometry":{"type":"Polygon","coordinates":[[[120.28,-10.38],[120.58,-10.1],[119.79,-9.46],[118.9,-9.68],[120.28,-10.38]]]},"properties":{"NAME":null,"SUBJECTO":null,"PARTOF":null}},
{"type":"Feature","geometry":{"type":"MultiPolygon","coordinates":[[[[149.38,-6.21],[150.28,-6.34],[151.8,-5.71],[152.27,-4.78],[151.59,-4.9],[150.29,-5.71],[148.38,-5.66],[149.38,-6.21]]],[[[142.41,-3.31],[139.59,-2.38],[137.85,-1.61],[137.08,-2.25],[136.27,-2.42],[135.25,-3.54],[134.28,-2.85],[133.91,-1.01],[132.25,-0.53],[131.21,-1.02],[131.06,-1.54],[131.82,-1.67],[132.22,-2.34],[133.86,-2.25],[133.78,-2.72],[132.02,-2.82],[132.75,-3.4],[132.93,-4.27],[133.75,-3.19],[133.86,-3.77],[134.78,-4.31],[137.39,-5.12],[137.82,-5.43],[139.16,-7.73],[138.92,-8.32],[139.98,-8.24],[140.95,-9.27],[142.61,-9.38],[143.33,-9],[142.25,-8.31],[143.44,-8.36],[144.38,-7.76],[145.82,-8.1],[146.65,-9.28],[147.87,-10.18],[150.42,-10.29],[148.59,-9.16],[147.38,-7.8],[146.91,-6.89],[147.74,-6.74],[147.38,-6.12],[145.59,-5.42],[145.73,-5],[143.45,-3.61],[142.41,-3.31]]],[[[137.68,-8.46],[138.3,-8.54],[138.89,-7.78],[138.19,-7.68],[137.68,-8.46]]]]},"properties":{"NAME":"Papuans","SUBJECTO":"Papuans","PARTOF":"Papou"}},
{"type":"Feature","geometry":{"type":"MultiPolygon","coordinates":[[[[117.71,-8.44],[116.66,-9.06],[118.97,-8.88],[118.86,-8.48],[117.71,-8.44]]],[[[111.33,-1.37],[112.8,-1.87],[113.57,-1.87],[113.97,-3.36],[114.58,-4.3],[115.57,-3.8],[116.35,-2.42],[116.05,-1.93],[117.05,-0.93],[117.86,0.87],[118.77,0.82],[117.7,1.9],[117.83,2.31],[117.07,3.51],[118.39,4.37],[118.11,4.94],[119.04,5.17],[117.37,5.79],[117.51,6.39],[116.6,6.9],[115.36,4.88],[114.75,4.98],[113.81,4.26],[112.76,3.01],[111.37,2.6],[110.97,1.23],[111.26,0.79],[110.64,0.16],[110.71,-0.6],[111.33,-1.37]]],[[[120.64,0.92],[119.91,0.54],[118.68,-2.9],[118.79,-3.66],[119.46,-3.81],[119.48,-5.8],[120.25,-5.59],[120.14,-3.08],[121,-3.05],[120.88,-3.72],[121.87,-4.96],[122.65,-4.51],[122.26,-3.21],[121.26,-2.1],[122.22,-1.65],[122.98,-0.72],[121.46,-0.99],[120.51,-1.45],[119.87,-0.46],[120.34,0.36],[124.23,0.3],[124.86,1.05],[122.73,0.67],[120.77,1.14],[120.64,0.92]]],[[[120.31,14.58],[121.29,14.34],[120.51,14.11],[121.01,13.66],[121.62,13.9],[122.39,13.3],[122.49,13.88],[123.24,13.03],[123.82,12.98],[122.67,14.27],[121.73,14.11],[121.24,15.31],[122.4,17.11],[122.05,18.45],[120.56,18.43],[120.2,16.04],[119.77,15.47],[120.31,14.58]]],[[[120.89,12.37],[121.04,13.41],[120.34,13.39],[120.89,12.37]]],[[[125.07,11.24],[125.45,11.21],[125.25,12.29],[124.26,12.42],[125.07,11.24]]],[[[121.88,10.63],[122.9,11.15],[121.99,11.76],[121.88,10.63]]],[[[118.7,10.04],[119.56,10.5],[119.21,11.13],[118.7,10.04]]],[[[122.77,9.21],[123.31,10.74],[122.92,10.85],[122.35,9.82],[122.77,9.21]]],[[[117.13,8.47],[118.5,9.48],[118.51,9.92],[117.13,8.47]]],[[[125.95,6.65],[126.32,7.15],[126.27,8.43],[125.43,9.78],[125.46,9.05],[123.66,8.01],[123.49,8.5],[122.09,7.78],[123.46,7.79],[124.07,7.26],[123.97,6.34],[124.8,5.79],[125.53,5.94],[125.28,6.59],[125.61,7.24],[125.95,6.65]]]]},"properties":{"NAME":"Malay","SUBJECTO":"Malay","PARTOF":"Malay"}},
{"type":"Feature","geometry":{"type":"Polygon","coordinates":[[[55.18,73.27],[53.5,73.14],[51.48,71.84],[54.31,71.21],[55,70.52],[57.24,70.69],[55.72,71.64],[56.51,73.17],[55.18,73.27]]]},"properties":{"NAME":null,"SUBJECTO":null,"PARTOF":null}},
{"type":"Feature","geometry":{"type":"Polygon","coordinates":[[[13.83,53.83],[14.07,53.92],[13.78,54.04],[13.83,53.83]]]},"properties":{"NAME":null,"SUBJECTO":null,"PARTOF":null}},
{"type":"Feature","geometry":{"type":"Polygon","coordinates":[[[14.47,53.88],[14.23,53.91],[14.25,53.82],[14.47,53.88]]]},"properties":{"NAME":null,"SUBJECTO":null,"PARTOF":null}},
{"type":"Feature","geometry":{"type":"Polygon","coordinates":[[[24.04,42.19],[27.49,42.4],[28.45,43.48],[28.69,44.49],[28.92,44.77],[28.09,46.23],[23.19,44.14],[24.04,42.19]]]},"properties":{"NAME":"Bulgars","SUBJECTO":"Bulgars","PARTOF":"Bulgars"}},
{"type":"Feature","geometry":{"type":"Polygon","coordinates":[[[-1.9,54.34],[-0.32,53.58],[-1.94,55.56],[-2.06,55.3],[-1.9,54.34]]]},"properties":{"NAME":"Northumbria","SUBJECTO":"Northumbria","PARTOF":"Nothumbria"}},
{"type":"Feature","geometry":{"type":"Polygon","coordinates":[[[0.19,50.73],[1.33,51.12],[0.2,51.09],[0.19,50.73]]]},"properties":{"NAME":"Kent","SUBJECTO":"Kent","PARTOF":"Kent"}},
{"type":"Feature","geometry":{"type":"Polygon","coordinates":[[[-0.86,51.45],[0.27,51.46],[1.27,51.92],[-0.83,51.93],[-0.86,51.45]]]},"properties":{"NAME":"Essex","SUBJECTO":"Essex","PARTOF":"Essex"}},
{"type":"Feature","geometry":{"type":"Polygon","coordinates":[[[1.27,51.92],[1.38,52.81],[0.01,52.79],[-0.32,53.58],[-1.9,54.34],[-2.89,54.17],[-2.91,53.27],[-2.75,51.64],[-4.28,51.19],[-5.78,50.13],[-5.28,49.96],[-3.52,50.62],[-1.77,50.73],[-2.04,51.45],[-0.86,51.45],[-0.83,51.93],[1.27,51.92]]]},"properties":{"NAME":"Mercia","SUBJECTO":"Mercia","PARTOF":"Mercia"}},
{"type":"Feature","geometry":{"type":"Polygon","coordinates":[[[110.7,50.98],[105.3,51.21],[93.94,51.1],[82.21,51.33],[80.72,46.44],[91.33,45.92],[90.96,43.55],[92.07,43.3],[94.6,41.12],[96.32,40.66],[98.97,41],[100.81,40.31],[102.19,38.47],[104.04,38.01],[104.15,40.31],[104.84,41.23],[110.71,40.89],[116.24,41.58],[123.37,42.96],[125.1,42.96],[126.02,42.15],[130.39,44.8],[131.77,45.14],[132.92,44.34],[132.83,42.86],[134.14,42.99],[136.03,44.4],[137.26,45.61],[130.26,50.15],[110.7,50.98]]]},"properties":{"NAME":"Uyghurs","SUBJECTO":"Uyghurs","PARTOF":"Uyghurs"}},
{"type":"Feature","geometry":{"type":"Polygon","coordinates":[[[142.36,59.14],[142.72,59.24],[137.18,61.33],[127.81,61.8],[116.96,59.88],[115.21,57.39],[110.7,50.98],[130.26,50.15],[137.26,45.61],[140.08,48.5],[140.32,50.52],[141.26,52.1],[141.12,53.05],[139.38,54.08],[137.98,53.46],[136.35,53.7],[136.49,54.46],[134.99,54.85],[137.23,55.98],[140.03,57.64],[142.36,59.14]]]},"properties":{"NAME":"Tungus","SUBJECTO":"Tungus","PARTOF":"Tungus"}},
{"type":"Feature","geometry":{"type":"Polygon","coordinates":[[[35.3,47.49],[36.5,47.82],[35.6,49.84],[32.93,49.35],[33.02,49.28],[32.62,49.2],[32.47,49.27],[26.94,48.27],[27.01,45],[28.92,44.77],[28.69,44.49],[29.71,45.26],[30.83,46.58],[32.15,46.64],[33.66,47.05],[33.7,47.06],[33.93,47.28],[33.94,47.54],[35.3,47.49]]]},"properties":{"NAME":"Magyars","SUBJECTO":"Khazars","PARTOF":"Magyars"}},
{"type":"Feature","geometry":{"type":"Polygon","coordinates":[[[18.63,10.17],[21.5,12.68],[20.72,14.78],[17,15.59],[15.13,14.9],[14.41,12.9],[15.66,11.31],[18.63,10.17]]]},"properties":{"NAME":"Kanem","SUBJECTO":"Kanem","PARTOF":"Kanem"}},
{"type":"Feature","geometry":{"type":"MultiPolygon","coordinates":[[[[-14.51,28.05],[-13.88,28.2],[-13.78,28.88],[-14.51,28.05]]],[[[-17.29,28.28],[-16.64,28.05],[-16.08,28.54],[-17.29,28.28]]]]},"properties":{"NAME":"Guanches","SUBJECTO":"Guanches","PARTOF":"Guanches"}},
{"type":"Feature","geometry":{"type":"Polygon","coordinates":[[[72.27,24.22],[73.92,23.11],[72.69,22.1],[72.88,20.34],[75.03,20.51],[78.83,20.4],[84.9,22.85],[84.82,23.85],[83.98,24.78],[84.04,24.83],[82.74,24.77],[81.59,25.23],[79.87,27.31],[79.28,27.63],[79.05,27.76],[78.55,27.63],[76.31,27.05],[76.11,27],[72.27,24.22]]]},"properties":{"NAME":"Gurjara Pratihara","SUBJECTO":"Gurjara Pratihara","PARTOF":"Gurjara Pratihara"}},
{"type":"Feature","geometry":{"type":"MultiPolygon","coordinates":[[[[-14.51,28.05],[-13.88,28.2],[-13.78,28.88],[-14.51,28.05]]],[[[-17.29,28.28],[-16.64,28.05],[-16.08,28.54],[-17.29,28.28]]]]},"properties":{"NAME":"Guanches","SUBJECTO":"Guanches","PARTOF":"Guanches"}},
{"type":"Feature","geometry":{"type":"Polygon","coordinates":[[[19.33,57.96],[19.1,57.98],[19.14,57.91],[19.33,57.96]]]},"properties":{"NAME":null,"SUBJECTO":null,"PARTOF":null}},
{"type":"Feature","geometry":{"type":"Polygon","coordinates":[[[18.21,56.91],[19,57.91],[18.11,57.52],[18.21,56.91]]]},"properties":{"NAME":null,"SUBJECTO":null,"PARTOF":null}},
{"type":"Feature","geometry":{"type":"Polygon","coordinates":[[[-68.2,12.22],[-68.36,12.31],[-68.24,12.02],[-68.2,12.22]]]},"properties":{"NAME":null,"SUBJECTO":null,"PARTOF":null}},
{"type":"Feature","geometry":{"type":"Polygon","coordinates":[[[-61.29,16.33],[-61.46,16.51],[-61.79,16.24],[-61.29,16.33]]]},"properties":{"NAME":"Arawaks","SUBJECTO":"Arawaks","PARTOF":"Arawaks"}},
{"type":"Feature","geometry":{"type":"Polygon","coordinates":[[[-68.97,12.2],[-68.83,12.05],[-68.82,12.16],[-68.97,12.2]]]},"properties":{"NAME":null,"SUBJECTO":null,"PARTOF":null}},
{"type":"Feature","geometry":{"type":"Polygon","coordinates":[[[-59.72,53.43],[-60.12,53.52],[-60.22,53.32],[-62.59,54.57],[-65.01,50.34],[-64.33,50.3],[-60.14,50.41],[-58.52,51.38],[-56.96,51.49],[-55.66,52.19],[-56.13,53.47],[-58.79,52.57],[-59.72,53.43]]]},"properties":{"NAME":"Innu","SUBJECTO":"Innu","PARTOF":"Innu"}},
{"type":"Feature","geometry":null,"properties":{"NAME":"Danes","SUBJECTO":"Danes","PARTOF":"Danes"}},
{"type":"Feature","geometry":{"type":"Polygon","coordinates":[[[12.25,59.03],[11.86,58.35],[13.93,57.7],[14.22,56.6],[15.22,56.83],[15.77,56.04],[16.66,57.44],[16.44,58.63],[18.37,59.16],[19.04,59.71],[17.2,60.68],[12.29,59.24],[12.25,59.03]]]},"properties":{"NAME":"Swedes and Goths","SUBJECTO":"Swedes and Goths","PARTOF":"Swedes and Goths"}},
{"type":"Feature","geometry":{"type":"MultiPolygon","coordinates":[[[[9.71,59],[10.41,59.5],[12.87,56.51],[11.04,55.68],[12.15,54.99],[14.12,55.35],[14.65,56.12],[15.77,56.04],[15.22,56.83],[14.22,56.6],[13.93,57.7],[11.86,58.35],[12.25,59.03],[11.88,59.9],[9.61,59.89],[9.71,59]]],[[[9.52,55.14],[10.95,56.42],[10.21,56.53],[10.34,56.68],[9.98,56.66],[10.31,56.81],[10.06,57.05],[9.28,56.98],[8.74,56.5],[8.18,56.67],[8.13,55.53],[8.88,54.23],[10.14,54.34],[9.86,54.41],[9.99,54.59],[9.67,54.84],[9.73,54.95],[9.53,55.09],[9.52,55.14]]],[[[10.12,57.62],[8.78,56.97],[9.15,57.04],[9.82,57.07],[10.39,57.05],[10.12,57.62]]]]},"properties":{"NAME":"Danes","SUBJECTO":"Danes","PARTOF":"Danes"}},
{"type":"Feature","geometry":{"type":"Polygon","coordinates":[[[-4.63,55.92],[-5.11,54.79],[-3.15,54.84],[-2.89,54.17],[-1.9,54.34],[-2.06,55.3],[-1.94,55.56],[-3.83,55.95],[-4.63,55.92]]]},"properties":{"NAME":"Celtic kingdoms","SUBJECTO":"Celtic kingdoms","PARTOF":"Celtic kingdoms"}},
{"type":"Feature","geometry":{"type":"Polygon","coordinates":[[[-3.89,55.98],[-2.72,56.18],[-1.94,57.4],[-4.15,57.55],[-3.17,58.52],[-5.35,58.09],[-5.23,57.71],[-3.89,55.98]]]},"properties":{"NAME":"Picts","SUBJECTO":"Picts","PARTOF":"Picts"}},
{"type":"Feature","geometry":{"type":"Polygon","coordinates":[[[-3.83,55.95],[-3.89,55.98],[-5.23,57.71],[-6.04,56.47],[-5.27,56.54],[-5.57,55.75],[-4.63,55.92],[-3.83,55.95]]]},"properties":{"NAME":"Scots","SUBJECTO":"Scots","PARTOF":"Scots"}},
{"type":"Feature","geometry":{"type":"Polygon","coordinates":[[[-6.65,55.21],[-8.35,55.1],[-8.59,54.2],[-9.89,54.33],[-10.16,53.37],[-9.31,53.12],[-10.22,51.76],[-9.82,51.43],[-6.41,52.21],[-6.04,52.89],[-6.44,53.9],[-5.66,54.32],[-6.65,55.21]]]},"properties":{"NAME":"Irlanda","SUBJECTO":"Irlanda","PARTOF":"Irlanda"}},
{"type":"Feature","geometry":{"type":"Polygon","coordinates":[[[27.61,58.33],[25.75,58.55],[25.33,56.55],[22.8,55.99],[23.11,57.18],[23.07,57.26],[22.59,57.51],[22.56,57.62],[21.68,57.46],[20.96,56.61],[20.99,54.81],[19.33,54.16],[18.14,54.72],[17.86,53.66],[22.54,53.53],[24.7,55.31],[28.8,56.43],[28.42,57.9],[27.61,58.33]]]},"properties":{"NAME":"Baltic tribes","SUBJECTO":"Baltic tribes","PARTOF":"Baltic tribes"}},
{"type":"Feature","geometry":{"type":"Polygon","coordinates":[[[24.04,42.19],[26.51,42.59],[26.12,44.84],[34.8,48.32],[26.79,48.53],[20.64,47.71],[16.95,47.95],[14.35,45.32],[15.29,44.33],[15.55,44.23],[17.15,44.21],[18.59,43.95],[20.43,42.64],[20.69,40.61],[21.08,40.61],[21.61,41.79],[23.73,42.18],[24.04,42.19]]]},"properties":{"NAME":"Avars","SUBJECTO":"Avars","PARTOF":"Avars"}},
{"type":"Feature","geometry":{"type":"Polygon","coordinates":[[[45.64,54.28],[40.05,53.92],[34.97,52.86],[35.22,50.7],[32.35,49.47],[32.86,49.41],[33.02,49.28],[32.62,49.2],[32.41,49.3],[32.17,49.4],[32.1,49.43],[28.52,47.98],[30.84,47.08],[32.26,47.36],[32.15,46.64],[32.2,46.17],[33.64,45.93],[32.5,45.45],[33.4,45.25],[34.01,44.49],[36.52,45.39],[35.06,45.34],[33.73,46.23],[39.16,47.27],[37.76,46.6],[38.46,46.08],[36.96,45.23],[37.47,44.69],[38.92,44.21],[41.41,42.79],[41.68,41.79],[45.76,40.65],[48.24,39.95],[48.96,40.15],[48.63,41.2],[49.09,41.45],[47.57,43.01],[47.57,43.84],[46.85,44.45],[47.67,45.75],[51.37,47.09],[52.96,46.93],[55.11,48.6],[53.43,50.91],[45.64,54.28]],[[33.7,47.06],[33.93,47.28],[33.94,47.54],[35.3,47.49],[35.05,47.43],[33.9,47.16],[33.69,46.86],[33.66,47.05],[33.7,47.06]]]},"properties":{"NAME":"Khazars","SUBJECTO":"Khazars","PARTOF":"Khazars"}},
{"type":"Feature","geometry":{"type":"Polygon","coordinates":[[[-24.16,65.61],[-21.95,65.38],[-23.61,64.75],[-21.49,64.38],[-22.37,63.77],[-18.64,63.32],[-16.53,63.78],[-13.69,64.78],[-13.65,65.5],[-16.39,66.45],[-18.68,66.09],[-21.08,65.21],[-22.68,66.39],[-24.16,65.61]]]},"properties":{"NAME":"Northmen","SUBJECTO":"Northmen","PARTOF":"Northmen"}},
{"type":"Feature","geometry":{"type":"Polygon","coordinates":[[[12.4,50.17],[12.66,49.51],[13.95,48.72],[15.71,49.01],[16.69,50.19],[15,50.91],[12.4,50.17]]]},"properties":{"NAME":"Czechs","SUBJECTO":"Slavic tribes","PARTOF":"Czechs"}},
{"type":"Feature","geometry":{"type":"Polygon","coordinates":[[[-71.03,46.75],[-69.51,48.46],[-67.32,49.43],[-66.37,50.31],[-64.33,50.3],[-65.01,50.34],[-62.59,54.57],[-62.89,54.73],[-65.64,55.26],[-71.03,55.2],[-74.2,52.93],[-78.74,52.74],[-78.82,51.16],[-79.34,50.84],[-81.75,52.17],[-82.34,52.98],[-82.2,54.97],[-84.47,55.17],[-87.47,55.91],[-89.73,56.93],[-90.44,57.14],[-92.4,56.98],[-93.82,56.86],[-102.14,57.21],[-111.5,57.99],[-122.49,54.24],[-115.03,52.03],[-114.47,52],[-105.19,51.45],[-98.92,50.23],[-95.57,50],[-87.79,49.93],[-85.04,49.09],[-81.93,48.9],[-72.32,46.3],[-71.03,46.75]]]},"properties":{"NAME":"Subarctic forest hunter-gatherers","SUBJECTO":"Subarctic forest hunter-gatherers","PARTOF":"Subarctic forest hunter-gatherers"}},
{"type":"Feature","geometry":{"type":"Polygon","coordinates":[[[142.34,-10.92],[141.68,-12.47],[141.71,-15.23],[140.8,-17.56],[140.25,-17.8],[139.25,-17.43],[137.07,-16.03],[136.69,-16.03],[135.39,-14.9],[135.83,-13.48],[136.47,-13.22],[136.86,-12.44],[134.94,-12.34],[133.56,-11.95],[132.38,-11.3],[132.75,-12.17],[131.18,-12.24],[130.46,-12.76],[129.43,-14.31],[129.63,-15.28],[127.96,-14.7],[126.85,-13.78],[125.86,-14.69],[125.16,-14.8],[125.02,-15.64],[123.58,-16.39],[123.89,-16.91],[123.42,-17.58],[122.74,-16.58],[122.09,-17.4],[122.2,-18.24],[120.87,-19.68],[118.87,-20.07],[117.6,-20.76],[116.42,-20.84],[113.63,-22.57],[113.76,-23.48],[113.43,-24.87],[114.18,-26.02],[114.1,-26.54],[113.16,-26.43],[114.63,-28.9],[115.06,-30.8],[115.75,-32.21],[115.65,-33.37],[114.99,-33.75],[115.05,-34.42],[116.56,-35.19],[118.21,-35.09],[119.77,-34.12],[123.62,-33.92],[124.25,-33.14],[126.06,-32.43],[127.27,-32.38],[129.19,-31.8],[131.28,-31.63],[131.99,-32.07],[133.84,-32.34],[134.63,-33.27],[135.71,-35.21],[137.07,-33.95],[137.87,-32.75],[138.17,-33.19],[136.95,-35.47],[137.68,-35.33],[138.1,-34.36],[138.57,-34.93],[138.35,-35.87],[139.37,-35.61],[140.01,-37.64],[140.65,-38.16],[143.36,-38.97],[144.75,-38.46],[146.53,-39.18],[148.04,-38.1],[149.5,-37.93],[149.98,-37.35],[150.22,-35.69],[150.76,-35.25],[151.36,-33.52],[152.18,-32.88],[152.97,-31.42],[152.94,-30.7],[153.49,-28.84],[152.95,-27.34],[152.9,-25.63],[151.73,-24.16],[150.8,-23.6],[150.75,-22.81],[149.56,-22.43],[149.1,-21.06],[148.19,-20.17],[146.32,-19.08],[145.87,-17.19],[145.33,-16.49],[145.18,-15.05],[144.39,-14.37],[143.74,-14.47],[143.17,-12.12],[142.34,-10.92]]]},"properties":{"NAME":"Australian aboriginal hunter-gatherers","SUBJECTO":"Australian aboriginal hunter-gatherers","PARTOF":"Australian aboriginal hunter-gatherers"}},
{"type":"Feature","geometry":{"type":"Polygon","coordinates":[[[146.71,-43.72],[147.82,-42.97],[148.27,-41.09],[146.38,-41.31],[144.78,-40.84],[145.18,-42.48],[146.71,-43.72]]]},"properties":{"NAME":"Tasmanian hunter-gatherers","SUBJECTO":"Tasmanian hunter-gatherers","PARTOF":"Tasmanian hunter-gatherers"}},
{"type":"Feature","geometry":{"type":"Polygon","coordinates":[[[-89.86,63.65],[-89.99,64.03],[-90.01,63.9],[-89.86,63.65]]]},"properties":{"NAME":null,"SUBJECTO":null,"PARTOF":null}},
{"type":"Feature","geometry":{"type":"Polygon","coordinates":[[[-89.87,63.58],[-90,63.57],[-90,63.56],[-89.87,63.58]]]},"properties":{"NAME":null,"SUBJECTO":null,"PARTOF":null}},
{"type":"Feature","geometry":{"type":"Polygon","coordinates":[[[-91.42,62.85],[-90,62.95],[-91.03,63.39],[-91.42,62.85]]]},"properties":{"NAME":null,"SUBJECTO":null,"PARTOF":null}},
{"type":"Feature","geometry":{"type":"Polygon","coordinates":[[[-89.73,56.93],[-90,57.18],[-90.44,57.14],[-89.73,56.93]]]},"properties":{"NAME":null,"SUBJECTO":null,"PARTOF":null}},
{"type":"Feature","geometry":null,"properties":{"NAME":null,"SUBJECTO":null,"PARTOF":null}},
{"type":"Feature","geometry":{"type":"MultiPolygon","coordinates":[[[[-140.05,62.5],[-132.43,62.5],[-124.94,64.83],[-118.2,62.71],[-111.5,57.99],[-102.14,57.21],[-93.82,56.86],[-92.4,56.98],[-93.07,58.55],[-94.68,58.88],[-94.75,59.95],[-93.42,61.86],[-91.42,62.85],[-91.03,63.39],[-93.32,63.97],[-89.87,63.58],[-89.86,63.65],[-90.01,63.9],[-89.99,64.03],[-88.38,64.06],[-87.99,64.25],[-87.44,64.57],[-87.82,64.35],[-97.36,65.12],[-110.86,65.94],[-120.4,67.95],[-119.98,69.38],[-122.33,69.88],[-125.19,69.41],[-127.94,70.08],[-132.71,68.87],[-133.72,68.92],[-130.05,69.97],[-131.06,70.16],[-133.65,69.51],[-136.04,69.34],[-135.5,68.72],[-141.16,69.6],[-143.31,70.2],[-145.27,70.12],[-152.14,70.53],[-152.97,70.93],[-160.24,70.86],[-162.88,70],[-164.07,69.06],[-166.84,68.41],[-163.74,67.22],[-160.03,66.57],[-162.28,66.07],[-164.46,66.6],[-168.18,65.69],[-165.66,65.25],[-166.59,64.73],[-163.03,64.44],[-161.29,64.96],[-160.94,63.98],[-150.13,63.32],[-144.68,63.19],[-140.05,62.5]]],[[[-76.46,56.58],[-77.23,55.61],[-79.55,54.69],[-78.93,54.08],[-78.74,52.74],[-74.2,52.93],[-71.03,55.2],[-65.64,55.26],[-62.89,54.73],[-60.22,53.32],[-60.12,53.52],[-57.52,54.47],[-59.69,55.15],[-62.33,56.77],[-61.48,57.1],[-62.49,57.96],[-62.51,57.97],[-76.46,56.58]]],[[[-123.49,74.45],[-125.9,72.15],[-123.47,71.2],[-120.84,71.53],[-120.45,72.3],[-117.69,73.22],[-123.49,74.45]]],[[[-43.58,59.94],[-42.78,60.53],[-42.27,62.19],[-40.52,63.78],[-41.48,64.27],[-41.06,65.04],[-39.69,65.19],[-42.79,65.4],[-43.85,64.21],[-44.26,61.87],[-43.58,59.94]]],[[[-50.94,67.53],[-52.81,67.77],[-53.1,65.87],[-52.08,65.37],[-51.8,64.23],[-50.14,64.74],[-51.37,63.73],[-49.86,62.97],[-50.05,62.31],[-47.63,60.6],[-46.16,60.94],[-46.13,61.76],[-47.66,62.79],[-49.06,64.79],[-49.47,67.03],[-50.54,67.49],[-50.94,67.53]]],[[[-62.81,81.16],[-67.41,80.21],[-64.62,79.95],[-65.48,79.16],[-72.38,78.53],[-67.74,77.19],[-69.04,76.29],[-66.56,75.93],[-62.45,76.34],[-63.36,78.24],[-62.81,81.16]]],[[[-54.72,70.09],[-53.55,69.28],[-51.88,69.53],[-54.72,70.09]]],[[[-56.13,53.47],[-58.08,54.08],[-59.72,53.43],[-58.79,52.57],[-56.13,53.47]]],[[[123.5,73.5],[124.54,71.59],[130.87,69.9],[155.89,68.17],[168.14,67.46],[171.77,65.86],[172.44,63.08],[169.48,61.19],[170.34,60.28],[170.52,60.34],[172.49,61.26],[177.29,62.49],[178.74,62.3],[179.29,62.82],[178.15,64.16],[175.9,64.55],[177.13,64.93],[178.73,64.61],[180,64.95],[180,65.05],[180,65.31],[180,65.38],[180,65.96],[180,66.96],[180,67.96],[180,68.92],[175.61,69.78],[173.01,69.69],[170.45,70.02],[170.83,68.92],[169.39,68.72],[167.32,69.66],[164.05,69.66],[160.86,69.08],[158.41,70.81],[156.04,70.99],[152.13,70.66],[149.72,71.9],[146.92,72.2],[145.1,71.58],[145.6,72.43],[141.29,72.79],[139.74,71.4],[137.63,71.08],[132.28,71.66],[131.05,70.69],[126.22,72.38],[128.52,72.95],[124.22,73.7],[123.5,73.5]]],[[[-169.87,66.08],[-171.96,66.96],[-174.34,67.08],[-180,68.92],[-180,67.96],[-180,66.96],[-180,65.96],[-180,65.38],[-180,65.31],[-180,65.26],[-176.14,65.46],[-175.95,65.01],[-173.08,64.38],[-172.56,65.51],[-169.87,66.08]]]]},"properties":{"NAME":"Arctic marine mammal hunters","SUBJECTO":"Arctic marine mammal hunters","PARTOF":"Arctic marine mammal hunters"}},
{"type":"Feature","geometry":{"type":"MultiPolygon","coordinates":[[[[-90,68.37],[-90,69.49],[-92.67,69.74],[-91.66,70.29],[-94.42,71.88],[-96.7,70.84],[-96.13,69.94],[-94.04,69.55],[-93.41,68.54],[-95.32,68.06],[-97.83,68.4],[-97.26,67.6],[-101.91,67.71],[-105.64,68.35],[-107.66,67.96],[-107.13,66.96],[-110.53,67.92],[-112.5,67.69],[-115.56,67.9],[-114.11,68.35],[-115.29,68.89],[-119.98,69.38],[-120.4,67.95],[-110.86,65.94],[-97.36,65.12],[-87.82,64.35],[-87.44,64.57],[-90,65.97],[-87.79,65.35],[-85.99,66.16],[-86.74,66.57],[-83.74,66.31],[-81.5,67.07],[-82.69,68.7],[-81.48,69.19],[-84.31,69.83],[-86.49,67.38],[-88.32,67.81],[-88.91,69.23],[-89.74,68.53],[-90,68.37]]],[[[-62.51,57.97],[-64.67,60.18],[-65.56,59.58],[-65.93,58.42],[-68,58.17],[-69.34,59.21],[-70.03,60.88],[-73.39,62.35],[-75.69,62.22],[-77.36,62.52],[-78.18,60.74],[-77.21,59.75],[-78.47,58.71],[-76.77,57.66],[-76.46,56.58],[-62.51,57.97]]],[[[-85.06,65.61],[-85.56,65.86],[-86.06,64.14],[-85.46,63.21],[-82.73,64.08],[-82.11,64.64],[-85.06,65.61]]],[[[-76.27,67.25],[-75.12,68.11],[-76.79,68.15],[-76.27,67.25]]],[[[-97.41,69.75],[-99.37,68.97],[-96.21,68.54],[-95.51,68.81],[-97.41,69.75]]],[[[-110.08,72.56],[-111.73,72.33],[-114.65,73.35],[-118.99,72.03],[-115.74,71.3],[-117.76,70.72],[-113.76,70.74],[-111.54,70.33],[-117.57,69.99],[-115.91,69.35],[-113.92,69.25],[-113.15,68.6],[-110.45,68.65],[-106.85,69.45],[-104.19,68.9],[-101.81,69.14],[-103.36,69.64],[-101.06,70.03],[-103.86,70.7],[-105.31,72.65],[-108.18,73.38],[-107.53,72.02],[-110.08,72.56]]],[[[-101.04,72.77],[-102.67,72.85],[-98.94,71.39],[-97.28,71.65],[-96.35,72.5],[-98.39,73.13],[-96.94,73.79],[-100.93,73.86],[-101.04,72.77]]],[[[-95.07,74.06],[-95.64,73.14],[-92,72.84],[-90,74],[-95.07,74.06]]],[[[-72.73,64.01],[-71.32,63.06],[-69.16,62.42],[-65.94,61.79],[-68.48,63.34],[-67.77,63.8],[-64.77,62.48],[-65.04,64.41],[-66.6,64.77],[-68.38,66.28],[-66.91,66.59],[-63.35,65.02],[-63.38,65.93],[-61.21,66.64],[-64.83,67.95],[-66.74,67.93],[-68.67,68.72],[-66.67,69.19],[-68.47,70.56],[-70.29,70.62],[-72.53,71.63],[-73.28,71.16],[-75.32,72.55],[-78.36,72.58],[-78.57,71.93],[-81.04,72.38],[-80.49,73.04],[-82.7,73.78],[-84.86,73.35],[-86.33,71.99],[-86.66,73.1],[-85.25,73.78],[-89.1,73.2],[-90,71.54],[-87.17,71.02],[-89.15,70.97],[-87.95,70.38],[-80.83,69.71],[-78.71,70.01],[-79.1,70.66],[-73.18,68.3],[-72.3,67.26],[-74.28,66.06],[-73.42,65.53],[-75.79,65.2],[-77.36,65.38],[-78.1,64.51],[-76.53,64.23],[-74.56,64.78],[-72.73,64.01]]],[[[-89.7,74.61],[-80.35,74.62],[-79.5,75.28],[-83.56,75.9],[-86.18,75.41],[-89.04,75.46],[-90,76.59],[-93.08,76.53],[-91.87,74.79],[-91.05,74.98],[-89.7,74.61]]],[[[-87.45,82.14],[-91.22,81.84],[-89.24,80.86],[-85.19,81.32],[-85.5,80.62],[-78.96,81.03],[-82.26,80.05],[-86.17,80.28],[-81.6,78.75],[-85.81,78.91],[-84.93,77.35],[-86.44,77.82],[-89.42,76.61],[-85.04,76.41],[-78.21,76.55],[-78.37,78.03],[-76.14,78.07],[-74.96,79.12],[-77.24,79.58],[-71.45,79.85],[-66.48,81.3],[-67.59,81.96],[-62.43,82.63],[-70.58,83.18],[-81.52,82.69],[-80.09,81.97],[-87.45,82.14]]],[[[-89.04,80.17],[-92.02,81.26],[-96.59,80.09],[-93.18,79.53],[-92.7,78.43],[-89.12,78.34],[-85.76,79.38],[-89.04,80.17]]]]},"properties":{"NAME":"Dorset","SUBJECTO":"Dorset","PARTOF":"Dorset"}},
{"type":"Feature","geometry":{"type":"Polygon","coordinates":[[[-67.48,-31.66],[-69.32,-29.3],[-68.62,-26.67],[-67.12,-25.03],[-66.1,-20.14],[-65.91,-18.31],[-66.6,-19.15],[-67.36,-19.19],[-67.82,-22.47],[-68.19,-25.49],[-70.4,-25.25],[-70.93,-27.73],[-71.43,-29.1],[-71.23,-29.52],[-71.7,-30.85],[-71.42,-32.75],[-71.62,-33.71],[-72.63,-35.65],[-73.14,-37.16],[-73.67,-37.5],[-73.19,-39.57],[-73.91,-40.84],[-73.59,-41.7],[-72.73,-41.55],[-72.07,-40.55],[-69.44,-37.16],[-67.65,-33.58],[-67.48,-31.66]]]},"properties":{"NAME":"Andean hunter-gatherers","SUBJECTO":"Andean hunter-gatherers","PARTOF":"Andean hunter-gatherers"}},
{"type":"Feature","geometry":{"type":"Polygon","coordinates":[[[-49.07,-4.74],[-54.16,-4.63],[-56.33,-4.33],[-58.44,-2.29],[-57.97,-0.59],[-55.8,0.88],[-55.86,1.7],[-58.56,3.98],[-62.66,4.15],[-66.41,3.04],[-70.16,-5.74],[-69.05,-8.24],[-64.19,-14.69],[-60.27,-13.81],[-53.12,-14.28],[-53.13,-14.26],[-46.28,-3.55],[-49.07,-4.74]]]},"properties":{"NAME":"Amazon hunter-gatherers","SUBJECTO":"Amazon hunter-gatherers","PARTOF":"Amazon hunter-gatherers"}},
{"type":"Feature","geometry":{"type":"MultiPolygon","coordinates":[[[[-69.21,-54.93],[-66.62,-55.07],[-66.42,-54.61],[-69.41,-52.57],[-70.33,-53.47],[-69.57,-54.46],[-70.72,-54.94],[-69.21,-54.93]]],[[[-73.95,-43.46],[-73.46,-42.26],[-74,-42.02],[-73.95,-43.46]]],[[[-69.11,-51.35],[-71.17,-51.56],[-72.04,-48.77],[-72.19,-45.99],[-71.63,-43.2],[-70.58,-40.58],[-72.07,-40.55],[-72.73,-41.55],[-72.53,-43.06],[-73.97,-46.71],[-74.56,-45.87],[-75.44,-46.52],[-73.98,-47.03],[-74.21,-48.01],[-74.27,-50.99],[-73.41,-52.02],[-71.15,-52.96],[-71.87,-53.7],[-71,-53.82],[-70.73,-52.8],[-69.24,-52.29],[-68.41,-52.41],[-69.08,-51.5],[-69.11,-51.35]]]]},"properties":{"NAME":"Patagonian shellfish and marine mammal hunters","SUBJECTO":"Patagonian shellfish and marine mammal hunters","PARTOF":"Patagonian shellfish and marine mammal hunters"}},
{"type":"Feature","geometry":{"type":"MultiPolygon","coordinates":[[[[-48.89,-1.42],[-48.4,-0.39],[-50.5,-0.26],[-50.48,-1.68],[-48.89,-1.42]]],[[[-71.1,9.33],[-70.68,8.56],[-65.97,8.18],[-63.07,8.33],[-61.7,8.61],[-60.79,9.39],[-62.38,10.01],[-62.7,10.76],[-64.07,10.63],[-64.88,10.14],[-66.48,10.68],[-67.98,10.54],[-68.69,11.38],[-69.75,11.53],[-71.55,10.95],[-71.1,9.33]]],[[[-66.91,17.94],[-65.97,18.03],[-65.95,18.47],[-67.06,18.55],[-66.91,17.94]]]]},"properties":{"NAME":"Caribbean hunter-gatherers","SUBJECTO":"Caribbean hunter-gatherers","PARTOF":"Caribbean hunter-gatherers"}},
{"type":"Feature","geometry":{"type":"Polygon","coordinates":[[[-65.91,-18.31],[-66.1,-20.14],[-67.12,-25.03],[-68.62,-26.67],[-69.32,-29.3],[-67.48,-31.66],[-63.56,-30.04],[-57.35,-29.68],[-54.36,-30.59],[-53.54,-31.45],[-52.14,-31.74],[-52.04,-31.56],[-51.23,-30.27],[-50.58,-30.42],[-51.48,-31.82],[-50.47,-30.74],[-49.94,-29.63],[-48.85,-28.56],[-48.8,-28.48],[-49.84,-26.8],[-49.49,-24.55],[-48.47,-23.75],[-53.12,-14.28],[-60.27,-13.81],[-64.19,-14.69],[-64.66,-16.8],[-65.91,-18.31]]]},"properties":{"NAME":"Savanna hunter-gatherers","SUBJECTO":"Savanna hunter-gatherers","PARTOF":"Savanna hunter-gatherers"}},
{"type":"Feature","geometry":{"type":"Polygon","coordinates":[[[-48.47,-23.75],[-49.49,-24.55],[-49.84,-26.8],[-48.8,-28.48],[-48.73,-28.37],[-48.56,-27.68],[-48.72,-25.43],[-48.13,-25.29],[-47.61,-24.79],[-47.87,-24.97],[-48.47,-23.75]]]},"properties":{"NAME":"Shellfish gatherers","SUBJECTO":"Shellfish gatherers","PARTOF":"Shellfish gatherers"}},
{"type":"Feature","geometry":{"type":"Polygon","coordinates":[[[-69.11,-51.35],[-69.17,-51.15],[-69.04,-50.56],[-67.83,-49.97],[-67.58,-49.06],[-66.08,-48.14],[-65.78,-47.23],[-67.33,-46.53],[-67.47,-45.92],[-66.41,-45.02],[-65.44,-44.89],[-65.31,-43.6],[-63.6,-42.7],[-63.73,-42.1],[-64.99,-42.19],[-64.94,-40.83],[-63.84,-41.16],[-62.26,-40.8],[-62.31,-38.88],[-59.52,-38.87],[-57.81,-38.39],[-56.7,-36.94],[-57.42,-36],[-57.23,-35.44],[-58.52,-34.59],[-58.34,-34.22],[-56.34,-35],[-54.07,-34.65],[-52.35,-32.68],[-52.14,-31.75],[-52.14,-31.74],[-53.54,-31.45],[-54.36,-30.59],[-57.35,-29.68],[-63.56,-30.04],[-67.48,-31.66],[-67.65,-33.58],[-69.44,-37.16],[-72.07,-40.55],[-70.58,-40.58],[-71.63,-43.2],[-72.19,-45.99],[-72.04,-48.77],[-71.17,-51.56],[-69.11,-51.35]]]},"properties":{"NAME":"Pampas cultures","SUBJECTO":"Pampas cultures","PARTOF":"Pampas cultures"}},
{"type":"Feature","geometry":{"type":"Polygon","coordinates":[[[-94.12,29.69],[-94.12,31.93],[-95.82,32.71],[-97.14,34.47],[-96.41,35.65],[-94.62,36.1],[-94.12,35.88],[-94.12,39.73],[-94.23,46.72],[-95.57,50],[-98.92,50.23],[-105.19,51.45],[-114.47,52],[-114.13,47.95],[-111.67,41.94],[-109.05,38.88],[-102.57,38.88],[-102.57,32.43],[-98.19,29.18],[-97.76,28.7],[-96.6,28.38],[-96.68,28.25],[-96.58,28.43],[-96.72,28.71],[-95.6,28.8],[-94.12,29.69]]]},"properties":{"NAME":"Plain bison hunters","SUBJECTO":"Plain bison hunters","PARTOF":"Plain bison hunters"}},
{"type":"Feature","geometry":{"type":"MultiPolygon","coordinates":[[[[-120.47,43.57],[-121.36,39.69],[-121.17,38.88],[-109.05,38.88],[-111.67,41.94],[-115.09,42.51],[-119.02,43.11],[-120.47,43.57]]],[[[-97.76,28.7],[-98.19,29.18],[-102.57,32.43],[-102.57,29.99],[-97.76,28.7]]],[[[-112.74,30.11],[-112.89,30.39],[-112.91,30.41],[-112.74,30.11]]]]},"properties":{"NAME":"Desert hunter-gatherers","SUBJECTO":"Desert hunter-gatherers","PARTOF":"Desert hunter-gatherers"}},
{"type":"Feature","geometry":{"type":"Polygon","coordinates":[[[-125.76,53.13],[-120.48,48.96],[-120.31,44.3],[-120.47,43.57],[-119.02,43.11],[-115.09,42.51],[-111.67,41.94],[-114.13,47.95],[-114.47,52],[-115.03,52.03],[-122.49,54.24],[-125.76,53.13]]]},"properties":{"NAME":"Plateau fichers and hunter gatherers","SUBJECTO":"Plateau fichers and hunter gatherers","PARTOF":"Plateau fichers and hunter gatherers"}},
{"type":"Feature","geometry":{"type":"MultiPolygon","coordinates":[[[[-133.28,56.23],[-133.27,55.62],[-132.17,54.85],[-133.28,56.23]]],[[[-127.87,52.41],[-127.04,52.46],[-127.46,51.02],[-124.94,50.6],[-122.61,48.83],[-122.35,48.08],[-124.68,48.39],[-123.99,45.76],[-124.63,43.01],[-124.15,41.58],[-124.36,40.33],[-123.65,38.88],[-121.17,38.88],[-121.36,39.69],[-120.47,43.57],[-120.31,44.3],[-120.48,48.96],[-125.76,53.13],[-127.87,52.41]]],[[[-132.73,54.07],[-133,53.65],[-132.09,53.4],[-132.73,54.07]]],[[[-125.46,49.17],[-123.9,48.47],[-123.86,49.16],[-125.72,50.41],[-127.85,50.86],[-128.34,50.67],[-125.46,49.17]]]]},"properties":{"NAME":"North American Pacific foraging, hunting and fishing peoples","SUBJECTO":"North American Pacific foraging, hunting and fishing peoples","PARTOF":"North American Pacifi foraging, hunting and fishing peoples"}},
{"type":"Feature","geometry":{"type":"Polygon","coordinates":[[[30.79,11.2],[30.6,11.12],[24.07,11.18],[23.2,11.78],[20.67,11.96],[18.63,10.17],[15.66,11.31],[14.58,12.67],[8.27,12.37],[2.35,13.29],[-6.26,13.35],[-13.4,14.92],[-17.03,14.56],[-16.87,14.36],[-16.49,13.47],[-16.77,12.6],[-15.81,11.84],[-15.1,11.81],[-15.34,11.22],[-13.68,9.92],[-12.93,8.63],[-13.21,8.35],[-12.26,7.35],[-9.94,5.86],[-9.25,5.17],[-7.53,4.34],[-5,5.24],[-3.03,5.27],[-2.03,4.7],[1.56,6.24],[3.95,6.58],[5.45,5.48],[5.36,5.37],[12.6,7.73],[22.22,6.2],[33.93,2.84],[34.41,2.49],[46.19,2.52],[48.47,5.2],[49.05,6.42],[50.78,9.37],[51.25,11.66],[50.7,11.95],[49.3,11.25],[47.39,11.16],[46.68,10.7],[45.91,10.83],[44.28,10.4],[43.1,11.53],[41.53,10.28],[40.17,9.84],[39.75,7.95],[38.88,7.85],[38.61,6.6],[35.58,5.53],[33.02,6.86],[32.35,9.53],[32.85,10.1],[31.75,10.25],[30.79,11.2]]]},"properties":{"NAME":"West African cereal farmers","SUBJECTO":"West African cereal farmers","PARTOF":"West African cereal farmers"}},
{"type":"Feature","geometry":{"type":"Polygon","coordinates":[[[12.52,-19.06],[14.42,-22.27],[14.4,-23.07],[14.91,-25.02],[14.84,-25.62],[15.45,-27.62],[16.79,-29.14],[18.18,-31.81],[18.46,-33.83],[18.29,-34.25],[19.88,-34.99],[20.26,-34.62],[22.68,-34.1],[24.43,-34.33],[26.66,-33.85],[28.92,-32.3],[30.39,-30.81],[31.56,-29.21],[32.23,-28.74],[32.77,-27.52],[32.9,-26.37],[32.5,-26.07],[33.35,-25.3],[34.88,-24.72],[35.43,-24.23],[35.51,-22.18],[35.26,-22.27],[34.72,-20.04],[12.91,-19.7],[12.52,-19.06]]]},"properties":{"NAME":"Khoisan","SUBJECTO":"Khoisan","PARTOF":"Khoiasan"}},
{"type":"Feature","geometry":{"type":"Polygon","coordinates":[[[85.1,25.8],[85.93,25.24],[87.19,25.11],[87.87,27.02],[91.58,27.17],[93.41,24.25],[94.48,24.66],[97.94,24.89],[98.4,24.43],[98.28,22.59],[99.43,21.9],[101.43,21.98],[101.96,22.59],[102.42,24.89],[103,26.38],[104.15,28],[103.58,30.3],[104.27,31.91],[102.77,33.4],[104.27,36.51],[104.04,38.01],[102.19,38.47],[100.81,40.31],[98.97,41],[96.32,40.66],[94.6,41.12],[92.07,43.3],[90.96,43.55],[87.58,43.76],[85.62,43.42],[82.05,41.46],[79.98,40.77],[77.91,40.43],[75.38,40.2],[75.15,37.78],[76.53,36.97],[76.76,33.18],[76.76,31.91],[77.1,31.33],[78.49,30.53],[79.15,28.34],[79.85,27.97],[79.25,27.81],[79.28,27.63],[79.87,27.31],[81.59,25.23],[82.74,24.77],[84.04,24.83],[85.1,25.8]]]},"properties":{"NAME":"Tibetan Empire","SUBJECTO":"Tibetan Empire","PARTOF":"Tibetan Empire"}},
{"type":"Feature","geometry":{"type":"Polygon","coordinates":[[[34.72,-20.04],[37.28,-17.71],[39.47,-16.72],[40.39,-15.74],[40.62,-14.48],[40.31,-11.34],[40.62,-10.77],[39.66,-9.8],[39.27,-7.8],[39.57,-7.04],[38.92,-6.34],[39.27,-4.78],[40.92,-2.08],[41.61,-1.59],[43.72,0.8],[46.19,2.52],[34.41,2.49],[33.93,2.84],[22.22,6.2],[12.6,7.73],[5.36,5.37],[5.35,5.36],[6.09,4.33],[8.14,4.47],[8.33,4.84],[9.65,4.02],[9.85,1.88],[9.37,1.17],[9.47,0.12],[8.82,-0.9],[9.47,-1.59],[9.66,-2.42],[11.77,-4.54],[12.37,-6.26],[13.39,-8.16],[13.2,-9.64],[13.64,-10.3],[13.81,-11.66],[12.59,-13.46],[12.06,-15.59],[11.78,-15.87],[11.77,-17.6],[12.52,-19.06],[12.91,-19.7],[34.72,-20.04]]]},"properties":{"NAME":"Bantu peoples","SUBJECTO":"Bantu peoples","PARTOF":"Bantou"}},
{"type":"Feature","geometry":{"type":"Polygon","coordinates":[[[-95.57,50],[-94.23,46.72],[-94.12,39.73],[-94.12,35.88],[-94.62,36.1],[-96.41,35.65],[-97.14,34.47],[-95.82,32.71],[-94.12,31.93],[-94.12,29.69],[-92.12,29.54],[-91.95,29.83],[-90.78,29.11],[-90.2,29.53],[-89.5,29.1],[-89.23,30.41],[-87.77,30.26],[-86.39,30.47],[-85.3,29.66],[-83.89,30.05],[-82.65,28.91],[-82.84,27.84],[-82.43,27.83],[-80.59,28.49],[-81.51,30.73],[-80.58,32.5],[-77.96,33.93],[-75.73,35.88],[-76.28,37.06],[-76.54,38.79],[-75.67,37.9],[-75.04,38.5],[-75.62,39.67],[-74.86,38.99],[-74.15,39.77],[-74.29,40.63],[-72.85,41.29],[-70.3,41.76],[-71.05,42.36],[-69.92,43.91],[-68.78,44.63],[-67.17,44.71],[-67.19,45.25],[-65.76,45.29],[-64.28,45.92],[-64.46,45.39],[-66.19,44.49],[-65.47,43.52],[-63.9,44.57],[-60.96,45.3],[-64.53,46.27],[-64.98,47.33],[-66.47,48.1],[-65.21,48.12],[-64.32,48.95],[-66.03,49.17],[-69.25,48.12],[-71.03,46.75],[-72.32,46.3],[-81.93,48.9],[-85.04,49.09],[-87.79,49.93],[-95.57,50]],[[-86.67,41.87],[-87.78,42.2],[-87.91,43.19],[-87.34,44.82],[-87.94,44.56],[-87,45.86],[-85.38,46.07],[-85.03,45.37],[-86.07,44.87],[-86.49,44],[-86.24,42.99],[-86.67,41.87]],[[-84.63,46.03],[-83.79,46.26],[-80.76,45.97],[-79.71,44.74],[-80.22,44.5],[-81.3,45.22],[-81.81,43.32],[-82.35,43.02],[-82.84,44.03],[-83.59,43.67],[-83.43,45.27],[-84.63,46.03]],[[-79.36,42.87],[-80.07,42.15],[-82.37,41.41],[-83.45,41.75],[-81.44,42.59],[-79.36,42.87]],[[-91.15,47.37],[-88.89,48.31],[-88.09,49],[-86.38,48.73],[-85.8,47.97],[-85.03,47.94],[-84.37,46.87],[-86.73,46.44],[-88.46,46.92],[-90.88,46.6],[-92.11,46.73],[-91.15,47.37]],[[-76.17,43.96],[-76.86,43.27],[-79.79,43.3],[-79.15,43.77],[-76.17,43.96]]]},"properties":{"NAME":"Eastern North American hunter-gatherers","SUBJECTO":"Eastern North American hunter-gatherers","PARTOF":"Eastern North Amercian hunter-gatherers"}},
{"type":"Feature","geometry":{"type":"MultiPolygon","coordinates":[[[[9.17,41.35],[9.43,42.79],[8.61,42.49],[9.17,41.35]]],[[[11.79,42.14],[11.67,44.91],[12.32,45.12],[13.67,45.71],[13.9,44.76],[14.35,45.32],[14.37,46.7],[15.03,47.83],[13.95,48.72],[12.66,49.51],[12.4,50.17],[13.84,50.65],[12.96,51.52],[13.78,53.78],[13.74,54.03],[13.43,54.03],[13.06,54.19],[12.65,54.32],[12.04,54.1],[11.15,53.94],[10.86,53.88],[10.72,53.96],[11.02,54.1],[11.07,54.22],[10.14,54.34],[8.88,54.23],[8.5,53.45],[5.39,53.14],[5.76,52.33],[4.26,52.07],[1.59,50.82],[1.55,50.23],[-0.24,49.29],[-1.94,49.71],[-1.46,48.68],[-3.09,48.87],[-4.76,48.55],[-3.09,48.87],[-2,48.68],[-2.01,47.75],[-2.58,47.32],[-1.08,46.01],[-1.56,43.52],[-1.91,43.31],[-1.94,42.64],[-0.5,42.9],[0.49,42.57],[2.07,41.3],[3.13,41.86],[3,42.77],[4.08,43.49],[5.83,43.02],[6.52,43.15],[8.9,44.44],[9.91,44.11],[10.74,42.85],[11.79,42.14]]]]},"properties":{"NAME":"Carolingian Empire","SUBJECTO":"Carolingian Empire","PARTOF":"Carolingian Empire"}},
{"type":"Feature","geometry":{"type":"MultiPolygon","coordinates":[[[[8.16,40.78],[8.37,39.31],[9.48,39.14],[9.79,40.56],[9.31,41.18],[8.16,40.78]]],[[[15.85,39.63],[16.05,37.93],[17.09,38.92],[16.53,39.7],[15.85,39.63]]],[[[41.28,41.28],[40.36,40.96],[38.65,40.92],[36.38,41.24],[35.96,41.69],[33.56,41.98],[30.74,41.04],[29.16,41.22],[29.05,40.33],[26.77,40.38],[26.14,39.44],[27.03,38.82],[26.39,38.1],[27.14,37.89],[27.31,36.92],[28.01,36.53],[29,36.69],[29.3,36.17],[30.47,36.19],[31.37,36.71],[33.17,35.97],[34.66,36.65],[37.35,38.83],[40.63,39.88],[41.28,41.28]]],[[[12.52,37.92],[15.03,36.75],[15.39,38.21],[12.52,37.92]]],[[[23.51,35.28],[24.69,34.94],[26.16,35.02],[23.53,35.57],[23.51,35.28]]],[[[17.08,40.53],[18.36,39.75],[18.52,40.09],[17.26,40.96],[17.08,40.53]]],[[[15.29,44.33],[16.06,43.43],[16.99,43.32],[19.61,41.76],[19.37,40.26],[21.17,38.35],[22.33,38.43],[21.23,37.9],[21.78,36.82],[22.98,36.61],[22.98,37.96],[23.99,37.76],[23.8,38.35],[22.49,38.88],[23.24,39.2],[22.49,40.5],[23.6,39.93],[23.89,40.73],[25.02,41.02],[26.61,40.4],[27.47,40.96],[28.83,40.91],[27.49,42.4],[23.73,42.18],[21.61,41.79],[21.08,40.61],[20.69,40.61],[20.43,42.64],[18.59,43.95],[17.15,44.21],[15.55,44.23],[15.29,44.33]]]]},"properties":{"NAME":"Byzantine Empire","SUBJECTO":"Byzantine Empire","PARTOF":"Byzantine Empire"}},
{"type":"Feature","geometry":{"type":"Polygon","coordinates":[[[-2.01,47.75],[-2,48.68],[-3.09,48.87],[-4.76,48.55],[-4.47,48.38],[-4.39,48.3],[-4.35,48.2],[-4.7,48.06],[-4.51,48],[-4.39,47.94],[-4.36,47.83],[-2.47,47.49],[-2.01,47.75]]]},"properties":{"NAME":"Britany","SUBJECTO":"Britany","PARTOF":"Britany"}},
{"type":"Feature","geometry":{"type":"Polygon","coordinates":[[[91.63,75.65],[90,75.6],[89.8,75.52],[91.63,75.65]]]},"properties":{"NAME":null,"SUBJECTO":null,"PARTOF":null}},
{"type":"Feature","geometry":{"type":"MultiPolygon","coordinates":[]},"properties":{"NAME":null,"SUBJECTO":null,"PARTOF":null}},
{"type":"Feature","geometry":null,"properties":{"NAME":null,"SUBJECTO":null,"PARTOF":null}},
{"type":"Feature","geometry":{"type":"Polygon","coordinates":[[[124.22,73.7],[123.41,73.48],[123.5,73.5],[124.22,73.7]]]},"properties":{"NAME":null,"SUBJECTO":null,"PARTOF":null}},
{"type":"Feature","geometry":{"type":"Polygon","coordinates":[[[34.73,65.61],[34.73,65.8],[34.54,66],[33.47,66.31],[32.22,66.99],[35.77,66.26],[39.19,66.04],[41.26,66.94],[40.83,67.66],[37.25,68.79],[32.6,69.42],[32.07,69.88],[29.73,69.7],[28.73,70.14],[30.46,70.54],[28.21,71.02],[22.31,70.22],[19.58,69.18],[18.32,69.36],[14.98,67.52],[12.98,63.16],[12.29,59.24],[17.2,60.68],[17.72,62.36],[21.39,64.38],[21.28,65.21],[22.65,65.93],[25.19,65.24],[29.22,65.48],[34.73,65.78],[34.73,65.61]]]},"properties":{"NAME":"Sámi","SUBJECTO":"Sámi","PARTOF":"Sámi"}},
{"type":"Feature","geometry":{"type":"Polygon","coordinates":[[[-80.59,28.49],[-82.43,27.83],[-82.75,27.53],[-81.1,25.13],[-80.31,25.24],[-80.05,26.55],[-80.59,28.49]]]},"properties":{"NAME":"Caloosahatchee culture","SUBJECTO":"Caloosahatchee culture","PARTOF":"Caloosahatchee culture"}},
{"type":"Feature","geometry":{"type":"Polygon","coordinates":[[[-4.15,53.23],[-4.42,53.42],[-4.57,53.27],[-4.15,53.23]]]},"properties":{"NAME":null,"SUBJECTO":null,"PARTOF":null}},
{"type":"Feature","geometry":{"type":"Polygon","coordinates":[[[-5.1,55.44],[-5.3,55.72],[-5.34,55.47],[-5.1,55.44]]]},"properties":{"NAME":null,"SUBJECTO":null,"PARTOF":null}},
{"type":"Feature","geometry":{"type":"Polygon","coordinates":[[[-6.12,55.88],[-6.45,55.85],[-6.33,55.59],[-6.12,55.88]]]},"properties":{"NAME":null,"SUBJECTO":null,"PARTOF":null}},
{"type":"Feature","geometry":{"type":"Polygon","coordinates":[[[-5.95,55.83],[-5.71,56.15],[-5.97,56.02],[-5.95,55.83]]]},"properties":{"NAME":null,"SUBJECTO":null,"PARTOF":null}},
{"type":"Feature","geometry":{"type":"Polygon","coordinates":[[[-7.47,56.94],[-7.45,57.06],[-7.56,56.95],[-7.47,56.94]]]},"properties":{"NAME":null,"SUBJECTO":null,"PARTOF":null}},
{"type":"Feature","geometry":{"type":"Polygon","coordinates":[[[-7.22,57.34],[-7.42,57.38],[-7.38,57.11],[-7.22,57.34]]]},"properties":{"NAME":null,"SUBJECTO":null,"PARTOF":null}},
{"type":"Feature","geometry":{"type":"Polygon","coordinates":[[[-7.27,57.4],[-7.2,57.46],[-7.35,57.49],[-7.27,57.4]]]},"properties":{"NAME":null,"SUBJECTO":null,"PARTOF":null}},
{"type":"Feature","geometry":{"type":"Polygon","coordinates":[[[-7.19,57.69],[-7.54,57.6],[-7.15,57.51],[-7.19,57.69]]]},"properties":{"NAME":null,"SUBJECTO":null,"PARTOF":null}},
{"type":"Feature","geometry":{"type":"Polygon","coordinates":[[[-7.01,57.88],[-6.99,57.92],[-7.07,57.9],[-7.01,57.88]]]},"properties":{"NAME":null,"SUBJECTO":null,"PARTOF":null}},
{"type":"Feature","geometry":{"type":"Polygon","coordinates":[[[-6.8,58.2],[-6.85,58.25],[-6.87,58.21],[-6.8,58.2]]]},"properties":{"NAME":null,"SUBJECTO":null,"PARTOF":null}},
{"type":"Feature","geometry":{"type":"Polygon","coordinates":[[[-6.2,58.36],[-7.03,58.24],[-6.47,57.94],[-6.2,58.36]]]},"properties":{"NAME":null,"SUBJECTO":null,"PARTOF":null}},
{"type":"Feature","geometry":{"type":"Polygon","coordinates":[[[-2.92,58.73],[-2.9,58.84],[-3.04,58.82],[-2.92,58.73]]]},"properties":{"NAME":null,"SUBJECTO":null,"PARTOF":null}},
{"type":"Feature","geometry":{"type":"Polygon","coordinates":[[[-3.23,58.78],[-3.34,58.93],[-3.43,58.87],[-3.23,58.78]]]},"properties":{"NAME":null,"SUBJECTO":null,"PARTOF":null}},
{"type":"Feature","geometry":{"type":"Polygon","coordinates":[[[-2.79,58.95],[-3.35,59.11],[-3.19,58.91],[-2.79,58.95]]]},"properties":{"NAME":null,"SUBJECTO":null,"PARTOF":null}},
{"type":"Feature","geometry":{"type":"Polygon","coordinates":[[[-2.68,59.2],[-2.39,59.28],[-2.59,59.29],[-2.68,59.2]]]},"properties":{"NAME":null,"SUBJECTO":null,"PARTOF":null}},
{"type":"Feature","geometry":{"type":"Polygon","coordinates":[[[-2.89,59.3],[-3.07,59.32],[-3,59.26],[-2.89,59.3]]]},"properties":{"NAME":null,"SUBJECTO":null,"PARTOF":null}},
{"type":"Feature","geometry":{"type":"Polygon","coordinates":[[[-1.3,60.49],[-1.26,59.86],[-1.04,60.45],[-1.3,60.49]]]},"properties":{"NAME":null,"SUBJECTO":null,"PARTOF":null}},
{"type":"Feature","geometry":{"type":"Polygon","coordinates":[[[-1.03,60.5],[-1,60.72],[-1.18,60.64],[-1.03,60.5]]]},"properties":{"NAME":null,"SUBJECTO":null,"PARTOF":null}},
{"type":"Feature","geometry":{"type":"Polygon","coordinates":[[[-0.82,60.69],[-0.88,60.84],[-0.97,60.69],[-0.82,60.69]]]},"properties":{"NAME":null,"SUBJECTO":null,"PARTOF":null}},
{"type":"Feature","geometry":{"type":"Polygon","coordinates":[[[-6.71,61.94],[-7.19,62.31],[-7.23,62.17],[-6.71,61.94]]]},"properties":{"NAME":null,"SUBJECTO":null,"PARTOF":null}},
{"type":"Feature","geometry":{"type":"Polygon","coordinates":[[[-4.78,54.06],[-4.39,54.19],[-4.37,54.42],[-4.78,54.06]]]},"properties":{"NAME":null,"SUBJECTO":null,"PARTOF":null}},
{"type":"Feature","geometry":{"type":"Polygon","coordinates":[[[129.72,28.45],[129.14,28.25],[129.37,28.12],[129.72,28.45]]]},"properties":{"NAME":null,"SUBJECTO":null,"PARTOF":null}},
{"type":"Feature","geometry":{"type":"Polygon","coordinates":[[[129.96,29.96],[129.94,30],[129.94,29.97],[129.96,29.96]]]},"properties":{"NAME":null,"SUBJECTO":null,"PARTOF":null}},
{"type":"Feature","geometry":{"type":"Polygon","coordinates":[[[129.9,29.87],[129.85,29.85],[129.92,29.82],[129.9,29.87]]]},"properties":{"NAME":null,"SUBJECTO":null,"PARTOF":null}},
{"type":"Feature","geometry":{"type":"Polygon","coordinates":[[[130.91,30.35],[131.05,30.84],[130.87,30.47],[130.91,30.35]]]},"properties":{"NAME":null,"SUBJECTO":null,"PARTOF":null}},
{"type":"Feature","geometry":{"type":"Polygon","coordinates":[[[130.56,30.24],[130.67,30.37],[130.39,30.4],[130.56,30.24]]]},"properties":{"NAME":null,"SUBJECTO":null,"PARTOF":null}},
{"type":"Feature","geometry":{"type":"Polygon","coordinates":[[[121.73,25.14],[121.48,25.27],[121,25],[120.7,24.6],[120.69,24.6],[120.67,24.53],[120.64,24.48],[120.56,24.39],[120.43,24.15],[120.12,23.63],[120.06,23.15],[120.24,22.66],[120.57,22.37],[120.67,22.18],[120.69,22.1],[120.69,22.05],[120.7,21.95],[120.88,22.04],[120.88,22.34],[121.45,23.33],[121.84,24.48],[121.82,24.85],[122,25.01],[121.73,25.14]]]},"properties":{"NAME":null,"SUBJECTO":null,"PARTOF":null}},
{"type":"Feature","geometry":{"type":"Polygon","coordinates":[[[128.9,32.64],[128.65,32.78],[128.61,32.61],[128.9,32.64]]]},"properties":{"NAME":null,"SUBJECTO":null,"PARTOF":null}},
{"type":"Feature","geometry":{"type":"Polygon","coordinates":[[[128.53,38.33],[128.36,38.63],[128.28,38.43],[128.26,38.41],[128.24,38.4],[128.15,38.34],[128.01,38.31],[127.13,38.3],[126.86,37.26],[126.66,37.25],[126.66,37.16],[126.72,37.13],[126.74,37.15],[126.76,37.17],[126.77,37.17],[126.87,37.18],[126.77,37.12],[126.75,37.05],[126.5,37.05],[126.51,36.94],[126.45,36.99],[126.33,36.99],[126.34,36.96],[126.35,36.95],[126.38,36.93],[126.41,36.93],[126.4,36.85],[126.29,36.79],[126.79,35.89],[126.48,35.64],[126.34,35.15],[126.25,35.11],[126.37,34.79],[126.62,34.62],[126.45,34.65],[126.42,34.6],[126.35,34.7],[126.34,34.71],[126.33,34.73],[126.29,34.59],[126.32,34.56],[126.39,34.54],[126.46,34.48],[126.48,34.35],[126.52,34.32],[126.56,34.3],[126.6,34.3],[126.68,34.43],[126.77,34.58],[126.8,34.46],[126.82,34.44],[126.89,34.41],[126.99,34.53],[126.99,34.54],[127.01,34.6],[127.22,34.71],[127.27,34.73],[127.33,34.74],[127.64,34.62],[129.14,35.11],[129.34,37.26],[128.53,38.33]]]},"properties":{"NAME":null,"SUBJECTO":null,"PARTOF":null}},
{"type":"Feature","geometry":{"type":"Polygon","coordinates":[[[123.87,24.25],[123.77,24.41],[123.68,24.32],[123.87,24.25]]]},"properties":{"NAME":null,"SUBJECTO":null,"PARTOF":null}},
{"type":"Feature","geometry":{"type":"Polygon","coordinates":[[[125.36,24.78],[125.26,24.88],[125.25,24.74],[125.36,24.78]]]},"properties":{"NAME":null,"SUBJECTO":null,"PARTOF":null}},
{"type":"Feature","geometry":{"type":"Polygon","coordinates":[[[124.26,24.46],[124.09,24.44],[124.23,24.34],[124.26,24.46]]]},"properties":{"NAME":null,"SUBJECTO":null,"PARTOF":null}},
{"type":"Feature","geometry":{"type":"Polygon","coordinates":[[[128.25,26.64],[128.25,26.84],[127.72,26.44],[128.25,26.64]]]},"properties":{"NAME":null,"SUBJECTO":null,"PARTOF":null}},
{"type":"Feature","geometry":{"type":"Polygon","coordinates":[[[126.76,26.39],[126.69,26.37],[126.78,26.3],[126.76,26.39]]]},"properties":{"NAME":null,"SUBJECTO":null,"PARTOF":null}},
{"type":"Feature","geometry":{"type":"Polygon","coordinates":[[[128.95,27.68],[129.03,27.77],[128.9,27.9],[128.95,27.68]]]},"properties":{"NAME":null,"SUBJECTO":null,"PARTOF":null}},
{"type":"Feature","geometry":{"type":"Polygon","coordinates":[[[128.61,27.36],[128.7,27.45],[128.52,27.41],[128.61,27.36]]]},"properties":{"NAME":null,"SUBJECTO":null,"PARTOF":null}},
{"type":"Feature","geometry":{"type":"Polygon","coordinates":[[[129.99,28.28],[130.03,28.37],[129.92,28.29],[129.99,28.28]]]},"properties":{"NAME":null,"SUBJECTO":null,"PARTOF":null}},
{"type":"Feature","geometry":{"type":"Polygon","coordinates":[[[129.34,28.08],[129.22,28.18],[129.22,28.1],[129.34,28.08]]]},"properties":{"NAME":null,"SUBJECTO":null,"PARTOF":null}},
{"type":"Feature","geometry":{"type":"Polygon","coordinates":[[[129.73,29.61],[129.75,29.65],[129.71,29.65],[129.73,29.61]]]},"properties":{"NAME":null,"SUBJECTO":null,"PARTOF":null}},
{"type":"Feature","geometry":{"type":"Polygon","coordinates":[[[55.6,51.11],[53.22,51.23],[53.21,51.23],[55.11,48.6],[52.96,46.93],[53.15,45.96],[52.61,45.4],[51.51,45.37],[51.58,44.55],[50.33,44.56],[52.52,42.07],[53.99,42.11],[54.75,41.14],[54.42,40.66],[53.26,40.76],[53.05,40],[54.07,38.9],[54.07,36.94],[54.87,36.81],[61.11,38.7],[61.45,39.27],[60.88,40.66],[58.69,42.73],[58.69,44.11],[61.45,45.26],[63.52,45.03],[67.21,41.69],[68.59,40.66],[69.97,40.54],[71.7,40.89],[73.19,39.97],[73.19,37.32],[73.65,35.25],[72.85,33.35],[76.76,33.18],[76.53,36.97],[75.15,37.78],[75.38,40.2],[77.91,40.43],[79.98,40.77],[82.05,41.46],[85.62,43.42],[87.58,43.76],[90.96,43.55],[91.33,45.92],[80.72,46.44],[82.21,51.33],[93.94,51.1],[105.3,51.21],[110.7,50.98],[116.96,59.88],[115.21,57.39],[114.02,59.55],[107.96,59.82],[99.49,55.66],[99.54,55.28],[93.7,56.48],[78.36,56.41],[70.38,55.58],[63.53,51.26],[62.74,50.76],[55.6,51.11]]]},"properties":{"NAME":null,"SUBJECTO":null,"PARTOF":null}},
{"type":"Feature","geometry":{"type":"Polygon","coordinates":[[[28.48,60.3],[29.69,60.13],[30.13,59.81],[29.08,59.91],[28.44,59.73],[28.27,59.56],[28.09,59.66],[28.02,59.45],[27.89,59.35],[27.7,59.3],[27.61,59.31],[27.64,59.28],[27.58,59],[27.68,58.98],[27.75,58.91],[27.82,58.48],[27.61,58.33],[28.42,57.9],[30.09,57.39],[31.56,56.25],[35.21,60.29],[35.67,60.91],[35.04,61.52],[32.58,61.04],[32.5,60.18],[31.45,59.91],[30.5,60.72],[28.48,60.3]]]},"properties":{"NAME":"Rus' Khaganate","SUBJECTO":"Rus' Khaganate","PARTOF":"Rus' Khaganate"}},
{"type":"Feature","geometry":{"type":"Polygon","coordinates":[[[16.57,56.38],[17.12,57.32],[16.39,56.53],[16.57,56.38]]]},"properties":{"NAME":null,"SUBJECTO":null,"PARTOF":null}},
{"type":"Feature","geometry":{"type":"Polygon","coordinates":[[[23.98,58.16],[23.94,58.11],[24.03,58.13],[23.98,58.16]]]},"properties":{"NAME":null,"SUBJECTO":null,"PARTOF":null}},
{"type":"Feature","geometry":{"type":"Polygon","coordinates":[[[23.17,58.68],[23.07,58.59],[23.4,58.56],[23.17,58.68]]]},"properties":{"NAME":null,"SUBJECTO":null,"PARTOF":null}},
{"type":"Feature","geometry":{"type":"Polygon","coordinates":[[[23.21,58.44],[21.83,58.5],[22.2,58.15],[23.21,58.44]]]},"properties":{"NAME":null,"SUBJECTO":null,"PARTOF":null}},
{"type":"Feature","geometry":{"type":"Polygon","coordinates":[[[19.32,58.35],[19.18,58.39],[19.22,58.34],[19.32,58.35]]]},"properties":{"NAME":null,"SUBJECTO":null,"PARTOF":null}},
{"type":"Feature","geometry":{"type":"Polygon","coordinates":[[[22.95,58.84],[22.58,59.07],[22.47,58.7],[22.95,58.84]]]},"properties":{"NAME":null,"SUBJECTO":null,"PARTOF":null}},
{"type":"Feature","geometry":{"type":"Polygon","coordinates":[[[23.18,59.04],[23.18,58.96],[23.38,58.98],[23.18,59.04]]]},"properties":{"NAME":null,"SUBJECTO":null,"PARTOF":null}},
{"type":"Feature","geometry":{"type":"Polygon","coordinates":[[[64.63,57.58],[69.66,55.5],[70.38,55.58],[78.36,56.41],[93.7,56.48],[99.54,55.28],[99.49,55.66],[107.96,59.82],[114.02,59.55],[115.21,57.39],[116.96,59.88],[127.81,61.8],[137.18,61.33],[142.72,59.24],[142.36,59.14],[147.92,59.26],[149.05,59.59],[151.14,59.44],[152.19,58.93],[154.91,59.1],[153.94,59.57],[157.1,61.63],[160.15,61.66],[160.64,60.72],[162.75,61.61],[164.14,62.53],[163.33,60.69],[158.33,58.03],[156.78,57.58],[155.63,56.27],[155.47,54.92],[156.7,50.96],[157.9,51.67],[158.46,52.83],[159.9,53.24],[159.93,54.09],[162.01,54.74],[161.5,55.29],[163.1,56.56],[163.13,57.55],[161.8,58.1],[163.39,59.81],[164.58,59.66],[165.78,60.35],[166.03,59.71],[167.1,60.27],[170.34,60.28],[169.48,61.19],[172.44,63.08],[171.77,65.86],[168.14,67.46],[155.89,68.17],[130.87,69.9],[124.54,71.59],[123.5,73.5],[123.41,73.48],[122.88,72.75],[118.5,73.04],[118.46,73.52],[111.76,73.66],[105.6,72.74],[105.4,72.75],[98.46,69.79],[75.86,61.43],[64.63,57.58]]]},"properties":{"NAME":"Paleo-Siberian hunter-gatherers","SUBJECTO":"Paleo-Siberian hunter-gatherers","PARTOF":"Paleo-Siberian hunter-gatherers"}},
{"type":"Feature","geometry":{"type":"Polygon","coordinates":[[[45.96,54.3],[46.07,56.21],[44.4,56.23],[43.19,57.47],[44.18,58.17],[43.17,58.4],[35.21,60.29],[31.56,56.25],[30.09,57.39],[28.42,57.9],[28.8,56.43],[24.7,55.31],[22.54,53.53],[17.86,53.66],[18.14,54.72],[14.47,53.88],[14.43,53.59],[13.78,53.78],[13.74,54.03],[13.43,54.03],[13.06,54.19],[12.65,54.32],[12.04,54.1],[11.15,53.94],[10.86,53.88],[10.72,53.96],[11.02,54.1],[11.07,54.22],[10.14,54.34],[10.98,52.02],[12.4,50.17],[15,50.91],[16.69,50.19],[15.71,49.01],[13.95,48.72],[14.35,45.32],[15.66,45.24],[19.97,42.26],[20.35,41.17],[21.34,39.69],[21.92,39.9],[22.76,42.51],[25.84,43.45],[26.79,48.53],[26.94,48.27],[32.47,49.27],[32.41,49.3],[32.17,49.4],[32.35,49.47],[32.86,49.41],[32.93,49.35],[35.6,49.84],[35.22,50.7],[34.97,52.86],[40.05,53.92],[45.64,54.28],[45.96,54.3]]]},"properties":{"NAME":"Slavonic tribes","SUBJECTO":"Slavonic tribes","PARTOF":"Slavonic tribes"}},
{"type":"Feature","geometry":{"type":"Polygon","coordinates":[[[56.6,52.66],[59.04,56.44],[53.92,57.6],[49.1,57.71],[47.57,56.81],[46.82,56.2],[46.07,56.21],[45.96,54.3],[48.39,54.18],[49.36,55.34],[49.99,55.31],[56.6,52.66]]]},"properties":{"NAME":"Volga Bulgars","SUBJECTO":"Volga Bulgars","PARTOF":"Volga Bulgars"}},
{"type":"Feature","geometry":{"type":"Polygon","coordinates":[[[64.63,57.58],[62.81,56.96],[60.31,56.6],[59.04,56.44],[56.6,52.66],[55.6,51.11],[62.74,50.76],[63.53,51.26],[70.38,55.58],[69.66,55.5],[64.63,57.58]]]},"properties":{"NAME":"Bashkirs","SUBJECTO":"Bashkirs","PARTOF":"Bashkirs"}},
{"type":"Feature","geometry":{"type":"Polygon","coordinates":[[[55.6,51.11],[56.6,52.66],[49.99,55.31],[48.39,54.18],[45.96,54.3],[45.64,54.28],[53.43,50.91],[53.21,51.23],[55.6,51.11]]]},"properties":{"NAME":"Mordvinians","SUBJECTO":"Mordvinians","PARTOF":"Mordvinians"}},
{"type":"Feature","geometry":{"type":"Polygon","coordinates":[[[24.46,57.28],[23.07,57.26],[22.8,55.99],[25.33,56.55],[25.75,58.55],[27.37,58.36],[26.97,58.88],[27.3,58.99],[27.62,58.99],[27.7,59.3],[25.79,59.56],[23.57,59.32],[24.57,58.27],[24.46,57.28]]]},"properties":{"NAME":"Ests","SUBJECTO":"Ests","PARTOF":"Finno-Ugric taiga hunter-gatherers"}},
{"type":"Feature","geometry":{"type":"Polygon","coordinates":[[[29.22,65.48],[25.19,65.24],[21.03,62.48],[21.56,60.51],[23.2,59.82],[28.52,60.62],[28.48,60.3],[30.5,60.72],[29.83,61.22],[30.8,61.75],[29.22,65.48]]]},"properties":{"NAME":"Finns","SUBJECTO":"Finns","PARTOF":"Finno-Ugric taiga hunter-gatherers"}},
{"type":"Feature","geometry":{"type":"Polygon","coordinates":[[[44.51,58.4],[43.19,57.47],[44.4,56.23],[46.82,56.2],[47.57,56.81],[49.11,57.72],[44.51,58.4]]]},"properties":{"NAME":"Mari","SUBJECTO":"Mari","PARTOF":"Mari"}},
{"type":"Feature","geometry":{"type":"Polygon","coordinates":[[[57.97,68.71],[53.63,68.05],[53.89,68.79],[48.08,67.56],[46.4,66.72],[44.87,67.31],[46.63,67.7],[45.86,68.38],[44.01,68.49],[44.03,66.01],[42.21,66.41],[39.95,65.58],[40.32,64.46],[36.88,65.07],[37.79,63.83],[42.86,61.48],[43.17,58.4],[44.18,58.17],[44.51,58.4],[49.11,57.72],[49.1,57.71],[53.92,57.6],[59.04,56.44],[60.31,56.6],[57.97,68.71]]]},"properties":{"NAME":"Permians","SUBJECTO":"Permians","PARTOF":"Finno-Ugric taiga hunter-gatherers"}},
{"type":"Feature","geometry":{"type":"Polygon","coordinates":[[[60.31,56.6],[62.81,56.96],[64.63,57.58],[75.86,61.43],[98.46,69.79],[105.4,72.75],[105.28,72.75],[113.63,75.27],[113.53,76.09],[111.43,76.57],[106.4,76.43],[105.06,77.57],[101.17,77.01],[98.72,76.07],[94.69,76.18],[91.63,75.65],[89.8,75.52],[86.96,74.78],[87.69,73.9],[80.84,73.55],[80.98,72.45],[83.56,71.62],[83.04,70.24],[81.67,71.57],[79.22,72.27],[77.79,71.78],[78.61,70.85],[75.67,71.2],[75.62,72.63],[73.22,71.46],[74.25,70.57],[73.91,69.15],[77.41,68.94],[77.98,68.15],[76.95,67.65],[76.33,68.78],[74.5,68.59],[74.74,67.69],[72.21,66.17],[70.84,66.55],[73.39,68.38],[72.53,69.07],[72.68,70.82],[71.8,71.43],[72.71,72.77],[69.34,72.83],[68.32,71.63],[66.82,71.11],[66.88,69.62],[69.11,68.83],[68.22,68.2],[66.58,68.89],[62.28,69.71],[59.76,68.3],[57.97,68.71],[60.31,56.6]]]},"properties":{"NAME":"Finno-Ugric taiga hunter-gatherers","SUBJECTO":"Finno-Ugric taiga hunter-gatherers","PARTOF":"Finno-Ugric taiga hunter-gatherers"}},
{"type":"Feature","geometry":{"type":"Polygon","coordinates":[[[36.68,63.86],[35.08,64.29],[34.73,65.61],[34.73,65.78],[29.22,65.48],[30.8,61.75],[32.58,61.04],[35.04,61.52],[34.64,62.49],[35.73,62.52],[36.68,63.86]]]},"properties":{"NAME":"Karelians","SUBJECTO":"Karelians","PARTOF":"Finno-Ugric taiga hunter-gatherers"}},
{"type":"Feature","geometry":{"type":"Polygon","coordinates":[[[35.73,62.52],[36.39,61.21],[35.67,60.91],[35.21,60.29],[43.17,58.4],[42.86,61.48],[37.79,63.83],[36.68,63.86],[35.73,62.52]]]},"properties":{"NAME":"Veps","SUBJECTO":"Veps","PARTOF":"Finno-Ugric taiga hunter-gatherers"}},
{"type":"Feature","geometry":{"type":"Polygon","coordinates":[[[12.25,59.03],[12.29,59.24],[12.98,63.16],[14.98,67.52],[13.17,66.46],[11.41,64.62],[9.22,63.28],[7.09,62.91],[5.15,61.74],[5.09,59.51],[6.24,59.28],[5.4,58.72],[6.96,57.97],[8.15,58.09],[9.71,59],[9.61,59.89],[11.88,59.9],[12.25,59.03]]]},"properties":{"NAME":"Northmen","SUBJECTO":"Northmen","PARTOF":"Northmen"}},
{"type":"Feature","geometry":{"type":"Polygon","coordinates":[[[12.64,41.53],[13.76,41.21],[14.08,42.63],[13.07,43.77],[12.64,41.53]]]},"properties":{"NAME":"Carolingian Empire","SUBJECTO":"Carolingian Empire","PARTOF":"Carolingian Empire"}},
{"type":"Feature","geometry":{"type":"Polygon","coordinates":[[[11.79,42.14],[12.64,41.53],[13.07,43.77],[12.35,44.3],[12.32,45.12],[11.67,44.91],[11.79,42.14]]]},"properties":{"NAME":"Papal States","SUBJECTO":"Papal States","PARTOF":"Papal States"}},
{"type":"Feature","geometry":{"type":"Polygon","coordinates":[[[85.38,19.61],[86.12,19.81],[86.93,20.69],[86.8,21.14],[88.05,21.94],[88.38,21.58],[90,21.93],[90,22.56],[91.65,22.36],[92.99,24.08],[93.41,24.25],[91.58,27.17],[87.87,27.02],[87.19,25.11],[85.93,25.24],[85.1,25.8],[83.98,24.78],[84.82,23.85],[84.91,22.74],[84.73,20.89],[85.38,19.61]]]},"properties":{"NAME":"Palas","SUBJECTO":"Palas","PARTOF":"Palas"}},
{"type":"Feature","geometry":{"type":"Polygon","coordinates":[[[76.31,27.05],[78.55,27.63],[79.85,27.97],[77.06,29.42],[72.63,28.37],[74.12,26.54],[76.31,27.05]]]},"properties":{"NAME":"Chauhans","SUBJECTO":"Chauhans","PARTOF":"Chauhans"}}
]}