{"type":"FeatureCollection", "features": [
{"type":"Feature","geometry":{"type":"Polygon","coordinates":[[[5.82,49.51],[6.43,49.45],[6.11,50.12],[5.82,49.51]]]},"properties":{"NAME":"Luxembourg","SUBJECTO":"Luxembourg","PARTOF":"Luxembourg"}},
{"type":"Feature","geometry":{"type":"MultiPolygon","coordinates":[[[[33.92,34.95],[33.78,35.21],[34.46,35.64],[33.37,35.31],[32.8,35.36],[32.14,35.04],[32.6,34.61],[33.92,34.95]]],[[[23.24,39.04],[23.12,38.87],[24.03,38.39],[24.13,38.65],[23.24,39.04]]],[[[18.51,42.36],[19.61,41.76],[19.37,40.26],[20.03,39.81],[21.17,38.35],[22.33,38.43],[23.12,38.16],[22.75,37.95],[21.91,38.27],[21.23,37.9],[21.78,36.82],[22.39,36.52],[22.98,36.61],[22.64,37.49],[23.42,37.47],[22.98,37.96],[23.5,38.07],[23.99,37.76],[23.8,38.35],[22.49,38.88],[23.24,39.2],[22.47,40.12],[22.49,40.5],[23.6,39.93],[23.89,40.73],[25.02,41.02],[25.99,40.85],[26.61,40.4],[27.47,40.96],[28.83,40.91],[29.08,41.2],[28.1,41.59],[27.5,42.52],[28.03,43.39],[28.45,43.48],[28.69,44.49],[29.71,45.26],[29.63,45.75],[30.43,46.18],[29.43,46.82],[28.91,47.82],[27.71,48.44],[26.16,48.94],[26.36,48.12],[25.25,47.69],[26.29,47.21],[26.19,46.81],[25.45,46.3],[25.52,45.8],[23.25,46.07],[22.48,45.73],[22.41,44.75],[22.13,44.51],[21.34,44.88],[20.79,44.74],[20.19,45.26],[19.01,45.46],[19.12,44.93],[16.89,45.24],[16.34,45],[15.83,45.2],[15.76,44.79],[17.55,42.92],[17.65,42.86],[18.51,42.36]]],[[[24.72,35.03],[26.16,35.02],[24.77,35.43],[23.53,35.57],[23.57,35.25],[24.72,35.03]]],[[[50.97,24.44],[50.61,24.68],[50.38,25.46],[49.94,25.96],[50.12,26.74],[48.86,27.52],[47.91,29.89],[48.55,29.99],[47.69,30.88],[47.79,31.8],[46.51,32.81],[45.51,33.8],[45.67,34.62],[46.18,35.06],[46.21,35.78],[45.39,35.93],[44.79,37.13],[44.21,37.87],[44.46,38.29],[44.08,39.29],[44.67,39.76],[43.81,40.01],[43.85,40.75],[42.88,41.55],[41.48,41.44],[40.36,40.96],[39.37,41.06],[38.65,40.92],[37.25,41.03],[36.38,41.24],[35.96,41.69],[35.41,41.63],[35,42.04],[34.66,41.88],[33.56,41.98],[32.42,41.75],[30.74,41.04],[29.16,41.22],[29.05,40.33],[26.77,40.38],[26.19,40],[26.14,39.44],[26.96,39.55],[26.6,39.26],[27.03,38.82],[26.39,38.1],[27.14,37.89],[27.31,36.92],[28,36.91],[28.01,36.53],[29,36.69],[29.3,36.17],[30.47,36.19],[30.59,36.76],[31.37,36.71],[32.33,36.13],[33.17,35.97],[34.49,36.63],[35.22,36.39],[35.89,36.77],[36.1,36.48],[35.66,36.13],[35.86,35.83],[35.87,34.42],[35.53,34.12],[34.5,31.62],[34.15,31.21],[34.94,29.42],[35.1,29.34],[34.76,28.1],[35.44,27.73],[37.22,25.17],[37.2,24.66],[38.33,23.83],[39.1,22.4],[39.17,21.22],[39.76,20.41],[40.82,19.68],[41.92,20.77],[41.81,21.71],[41.07,22.26],[40.65,24.15],[38.81,24.84],[37.36,27.96],[36.59,29.79],[36.52,31.16],[37.21,33.57],[38.04,34.6],[39.34,34.6],[40.03,34.39],[44.08,30.34],[44.84,29.99],[45.87,29.86],[46.91,29.44],[46.51,28.97],[47.44,28.83],[48.47,26.7],[49.4,26.08],[49.7,24.41],[50.57,23.85],[50.97,24.44]]]]},"properties":{"NAME":"Ottoman Empire","SUBJECTO":"Ottoman Empire","PARTOF":"Ottoman Empire"}},
{"type":"Feature","geometry":{"type":"Polygon","coordinates":[[[91.61,27.64],[91.15,28.03],[90,28.05],[89.86,28.27],[88.8,27.18],[88.87,26.91],[89.83,26.69],[91.16,26.75],[91.91,26.81],[92,27.19],[91.61,27.64]]]},"properties":{"NAME":"Bhutan","SUBJECTO":"Bhutan","PARTOF":"Bhutan"}},
{"type":"Feature","geometry":{"type":"MultiPolygon","coordinates":[[[[-66.91,17.94],[-65.97,18.03],[-65.95,18.47],[-67.06,18.55],[-66.91,17.94]]],[[[-71.68,18],[-71.4,17.7],[-71.06,18.35],[-70.7,18.52],[-70.3,18.26],[-69.96,18.5],[-68.99,18.51],[-68.66,18.2],[-68.37,18.58],[-68.66,18.87],[-69.75,19.35],[-69.99,19.68],[-70.88,19.93],[-71.78,19.77],[-71.72,18.89],[-71.9,18.61],[-71.68,18]]],[[[-82.18,22.37],[-80.78,22.1],[-79.73,21.67],[-78.73,21.62],[-78.45,20.97],[-77.29,20.7],[-77.18,20.36],[-77.66,19.9],[-76.4,20.02],[-75.52,19.91],[-74.17,20.19],[-75.06,20.7],[-75.65,20.68],[-75.6,21.01],[-77.34,21.51],[-78.17,22.12],[-79.33,22.4],[-79.76,22.76],[-81.43,23.14],[-82.96,23.03],[-84.26,22.54],[-84.21,21.83],[-83.85,22.21],[-83.39,22.22],[-82.85,22.64],[-82.05,22.7],[-82.18,22.37]]]]},"properties":{"NAME":"Spain","SUBJECTO":"Spain","PARTOF":"Spain"}},
{"type":"Feature","geometry":{"type":"Polygon","coordinates":[[[-71.78,19.77],[-72.94,19.94],[-73.47,19.84],[-72.77,19.53],[-72.7,18.94],[-72.3,18.66],[-72.75,18.51],[-74.3,18.7],[-74.36,18.38],[-73.86,18.11],[-73.47,18.32],[-71.98,18.26],[-71.68,18],[-71.9,18.61],[-71.72,18.89],[-71.78,19.77]]]},"properties":{"NAME":"Haiti","SUBJECTO":"Haiti","PARTOF":"Haiti"}},
{"type":"Feature","geometry":{"type":"MultiPolygon","coordinates":[[[[-88.32,18.49],[-89.15,17.83],[-89.25,15.9],[-88.94,15.9],[-88.44,16.44],[-88.24,17.01],[-88.12,18.39],[-88.32,18.49]]],[[[-83.3,14.61],[-83.86,14.18],[-84.09,12.53],[-83.9,11.89],[-83.66,13.71],[-83.3,14.61]]],[[[-78.19,25.2],[-78.01,24.28],[-77.72,24.51],[-78.19,25.2]]],[[[-77.29,17.81],[-76.43,18.12],[-77.77,18.51],[-78.32,18.35],[-77.29,17.81]]]]},"properties":{"NAME":"United Kingdom","SUBJECTO":"United Kingdom","PARTOF":"United Kingdom"}},
{"type":"Feature","geometry":{"type":"MultiPolygon","coordinates":[[[[120.36,14.53],[120.47,14.8],[121.29,14.34],[120.51,14.11],[121.01,13.66],[121.62,13.9],[122.39,13.3],[122.49,13.88],[123.24,13.03],[123.82,12.98],[122.67,14.27],[122.11,13.92],[121.73,14.11],[121.24,15.31],[121.44,15.92],[122.06,16.33],[122.4,17.11],[122.07,17.44],[122.05,18.45],[121.58,18.29],[121.04,18.53],[120.56,18.43],[120.39,18.04],[120.2,16.04],[119.76,16.36],[119.77,15.47],[120.36,14.53]]],[[[121.09,12.2],[121.3,13.13],[121.04,13.41],[120.34,13.39],[120.73,12.55],[121.09,12.2]]],[[[125.32,11.12],[125.45,11.21],[125.25,12.29],[124.95,12.53],[124.26,12.42],[124.88,11.83],[124.85,11.49],[125.32,11.12]]],[[[121.87,10.47],[122.9,11.15],[122.92,11.53],[122.47,11.45],[121.99,11.76],[121.87,10.47]]],[[[118.86,10.02],[119.56,10.5],[119.21,11.13],[118.86,10.02]]],[[[122.94,9.05],[122.96,9.59],[123.31,10.74],[122.92,10.85],[122.4,9.48],[122.94,9.05]]],[[[117.27,8.45],[118.5,9.48],[118.51,9.92],[117.54,9.05],[117.27,8.45]]],[[[126.05,6.61],[126.32,7.15],[126.27,8.43],[125.43,9.78],[125.46,9.05],[124.67,8.43],[124.37,8.56],[123.66,8.01],[123.49,8.5],[122.8,8.27],[122.09,7.78],[121.85,7.2],[121.99,6.87],[122.46,7.69],[123.02,7.48],[123.46,7.79],[124.07,7.26],[123.86,6.85],[123.97,6.34],[124.8,5.79],[125.13,6.05],[125.29,5.49],[125.53,5.94],[125.28,6.59],[125.61,7.24],[126.05,6.61]]]]},"properties":{"NAME":"Philippines","SUBJECTO":"Philippines","PARTOF":"Philippines"}},
{"type":"Feature","geometry":{"type":"Polygon","coordinates":[[[80.56,5.93],[81.2,6.08],[81.6,6.45],[81.87,7.08],[81.33,8.26],[80.66,9.3],[80.18,9.45],[79.71,8.93],[79.85,7.06],[80.22,6.06],[80.56,5.93]]]},"properties":{"NAME":"Ceylon","SUBJECTO":"Ceylon","PARTOF":"Ceylon"}},
{"type":"Feature","geometry":{"type":"Polygon","coordinates":[[[44.67,-16.24],[43.97,-17.55],[44.39,-18.79],[44.25,-19.1],[44.59,-19.53],[44.47,-20.17],[43.82,-21.32],[43.5,-21.49],[43.29,-22.41],[43.83,-23.41],[43.67,-24.23],[44.04,-24.99],[45.21,-25.66],[46.24,-25.26],[46.86,-25.22],[47.26,-24.77],[48.09,-22.04],[49.34,-18.23],[49.42,-17.2],[49.9,-16.46],[49.6,-15.65],[49.75,-15.4],[50.19,-15.96],[50.5,-15.31],[50.15,-14.42],[49.82,-12.83],[49.18,-12.27],[48.93,-12.48],[48.86,-13.25],[48.35,-13.84],[47.92,-13.74],[48.05,-14.13],[46.46,-15.86],[45.73,-15.89],[44.67,-16.24]],[[48.02,-18],[48.91,-18],[48.5,-18.89],[48.32,-20.07],[47.37,-21.02],[46.66,-23.27],[44.94,-22.38],[46.13,-20.66],[46.65,-17.73],[47.48,-16.9],[48.02,-18]]]},"properties":{"NAME":null,"SUBJECTO":null,"PARTOF":null}},
{"type":"Feature","geometry":{"type":"MultiPolygon","coordinates":[[[[175.31,-37.32],[174.61,-35.79],[174.22,-35.34],[172.63,-34.56],[173.05,-35.25],[174.76,-37.3],[174.95,-37.93],[174.65,-38.98],[173.8,-39.42],[175.35,-40.3],[174.9,-41.3],[175.37,-41.66],[176.01,-41.26],[177.16,-39.85],[177.02,-39.45],[177.87,-39.21],[178.41,-38.77],[178.57,-37.92],[177.53,-38.2],[176.13,-37.8],[175.84,-37.03],[175.31,-37.32]]],[[[172.06,-43.92],[173.01,-43.84],[172.44,-43.51],[173.84,-42.49],[174.23,-42.01],[174.06,-41.29],[173.26,-41.54],[173.02,-41.08],[172.44,-40.75],[172.09,-41.71],[171.46,-41.99],[171.02,-42.89],[169.99,-43.36],[169.65,-43.74],[168.42,-44.22],[167.14,-45.2],[167.28,-45.56],[166.55,-45.97],[166.85,-46.35],[167.34,-46.17],[168.42,-46.65],[169.4,-46.71],[170.61,-45.95],[171.38,-44.34],[172.06,-43.92]]]]},"properties":{"NAME":"Maori","SUBJECTO":"Maori","PARTOF":"Maori"}},
{"type":"Feature","geometry":{"type":"MultiPolygon","coordinates":[[[[-6.34,53.94],[-5.66,54.32],[-6.02,55.09],[-7.43,55.29],[-8.35,55.1],[-8.59,54.2],[-9.89,54.33],[-9.7,53.87],[-10.16,53.37],[-9.31,53.12],[-10.22,51.76],[-9.82,51.43],[-8.57,51.62],[-7.75,52.03],[-6.41,52.21],[-6.04,52.89],[-6.34,53.94]]],[[[0.08,53.39],[-0.3,54.03],[-1.39,54.68],[-1.72,55.45],[-2.25,55.81],[-3.29,55.97],[-2.72,56.18],[-1.94,57.4],[-2.15,57.57],[-4.15,57.55],[-3.17,58.52],[-4.51,58.4],[-5.35,58.09],[-5.06,57.75],[-6.04,56.47],[-5.27,56.54],[-5.57,55.75],[-4.71,56.13],[-4.64,55.43],[-5.11,54.79],[-3.15,54.84],[-3.57,54.42],[-2.89,54.17],[-2.91,53.27],[-3.96,53.21],[-4.29,52.2],[-5.06,52.01],[-5,51.7],[-3.5,51.46],[-2.75,51.64],[-3.07,51.18],[-4.28,51.19],[-4.6,50.78],[-5.78,50.13],[-5.28,49.96],[-3.52,50.62],[-2.55,50.57],[-1.1,50.82],[0.19,50.73],[1.33,51.12],[1.36,51.35],[0.25,51.45],[1.51,52.03],[1.38,52.81],[0.01,52.79],[0.08,53.39]]]]},"properties":{"NAME":"United Kingdom of Great Britain and Ireland","SUBJECTO":"United Kingdom of Great Britain and Ireland","PARTOF":"United Kingdom of Great Britain and Ireland"}},
{"type":"Feature","geometry":{"type":"Polygon","coordinates":[[[-8.81,41.89],[-6.71,41.96],[-6.14,41.53],[-6.8,41.09],[-6.88,39.7],[-7.43,39.52],[-6.93,38.96],[-7.39,38.29],[-6.84,38.1],[-7.49,37.21],[-6.63,37.02],[-6.2,36.28],[-5.66,36.01],[-4.45,36.72],[-2.24,36.73],[-1.82,37.29],[-0.87,37.76],[-0.44,38.43],[0.17,38.74],[-0.39,39.43],[-0.16,39.89],[0.88,41.02],[2.08,41.3],[3.13,41.86],[3.09,42.37],[1.36,42.41],[1.31,42.64],[-0.17,42.65],[-1.56,43.05],[-1.91,43.31],[-3.01,43.55],[-3.42,43.38],[-4.8,43.47],[-5.98,43.71],[-7.15,43.55],[-7.64,43.72],[-9.27,43.05],[-8.64,42.42],[-8.81,41.89]]]},"properties":{"NAME":"Spain","SUBJECTO":"Spain","PARTOF":"Spain"}},
{"type":"Feature","geometry":{"type":"Polygon","coordinates":[[[-7.49,37.21],[-6.84,38.1],[-7.39,38.29],[-6.93,38.96],[-7.43,39.52],[-6.88,39.7],[-6.8,41.09],[-6.14,41.53],[-6.71,41.96],[-8.81,41.89],[-8.69,40.99],[-9.52,38.69],[-8.85,38.5],[-8.99,36.99],[-7.84,37.03],[-7.49,37.21]]]},"properties":{"NAME":"Portugal","SUBJECTO":"Portugal","PARTOF":"Portugal"}},
{"type":"Feature","geometry":{"type":"Polygon","coordinates":[[[61.22,35.58],[60.79,34.38],[60.42,34.08],[60.85,33.48],[60.54,32.99],[60.79,31.58],[61.69,31.27],[61.78,30.91],[60.82,29.83],[62.37,29.38],[64.09,29.39],[66.09,29.74],[66.47,30.84],[66.92,31.21],[67.68,31.22],[68.24,31.77],[69.05,31.63],[69.51,32.95],[70.29,33.28],[69.87,33.94],[70.79,33.93],[71.15,34.14],[71.1,34.62],[71.66,35.13],[71.32,36.05],[72.37,36.72],[73.79,36.73],[74.52,37],[74.73,37.21],[74.14,37.37],[73.05,37.33],[71.85,36.72],[71.3,37.17],[71.44,37.83],[70.72,38.36],[70.02,37.46],[69.57,37.51],[69.31,37.08],[68.71,37.18],[67.86,36.85],[67.52,37.21],[66.68,37.24],[65.72,37.49],[64.83,37.15],[64.54,36.34],[63.12,35.79],[62.68,35.27],[61.22,35.58]]]},"properties":{"NAME":"Afghanistan","SUBJECTO":"Afghanistan","PARTOF":"Afghanistan"}},
{"type":"Feature","geometry":{"type":"MultiPolygon","coordinates":[[[[100.16,6.34],[100.66,3.9],[101.26,3.23],[101.34,2.78],[101.89,2.34],[103.43,1.38],[104.18,1.39],[103.31,3.03],[103.34,4.81],[102.33,6.1],[102.07,6.15],[101.76,5.59],[101.31,5.83],[101.08,5.53],[100.98,6.05],[100.62,6.42],[100.16,6.34]]],[[[114.07,4.46],[113.19,3.61],[112.76,3.01],[111.37,2.6],[110.82,1.24],[109.52,1.82],[109.65,1.46],[110.55,0.73],[110.97,0.91],[111.56,0.76],[112.62,1.46],[113.68,1.15],[114.66,1.6],[115.08,2.4],[115.04,2.74],[115.53,3.17],[115.71,4.16],[117.14,4.15],[117.56,3.98],[118.39,4.37],[118.11,4.94],[118.68,4.91],[119.04,5.17],[118.38,5.64],[117.76,5.58],[117.87,5.9],[117.37,5.79],[117.51,6.39],[117.03,6.84],[116.6,6.9],[115.72,5.47],[115.29,5.45],[115.36,4.88],[114.96,4.88],[115.16,4.31],[114.43,4],[114.07,4.46]]]]},"properties":{"NAME":"Malaya","SUBJECTO":"Malaya","PARTOF":"Malaya"}},
{"type":"Feature","geometry":{"type":"Polygon","coordinates":[[[146.71,-43.72],[147.82,-42.97],[148.32,-41.81],[148.27,-41.09],[146.38,-41.31],[144.78,-40.84],[144.94,-41.71],[145.53,-42.35],[145.18,-42.48],[145.72,-43.24],[146.71,-43.72]]]},"properties":{"NAME":null,"SUBJECTO":null,"PARTOF":null}},
{"type":"Feature","geometry":{"type":"Polygon","coordinates":[[[81.02,30.25],[80.41,29.79],[80.1,28.95],[80.91,28.49],[83.32,27.37],[83.87,27.38],[84.65,27.37],[84.67,27.07],[85.37,26.76],[85.63,26.88],[86.78,26.47],[88.09,26.44],[88.23,26.76],[88.04,27.13],[88.2,27.88],[86.45,27.95],[85.73,28.34],[85.14,28.34],[83.7,29.18],[83.4,29.54],[82.2,30.09],[82.14,30.37],[81.02,30.25]]]},"properties":{"NAME":"Nepal","SUBJECTO":"Nepal","PARTOF":"Nepal"}},
{"type":"Feature","geometry":{"type":"Polygon","coordinates":[[[-61.11,10.82],[-61.81,10.72],[-61.65,10.28],[-62.04,10.06],[-61.21,10.12],[-61.11,10.82]]]},"properties":{"NAME":"Trinidad","SUBJECTO":"Trinidad","PARTOF":"Trinidad"}},
{"type":"Feature","geometry":{"type":"Polygon","coordinates":[[[114.07,4.46],[114.43,4],[115.16,4.31],[114.96,4.88],[114.07,4.46]]]},"properties":{"NAME":"Brunei","SUBJECTO":"Brunei","PARTOF":"Brunei"}},
{"type":"Feature","geometry":{"type":"MultiPolygon","coordinates":[[[[-76.13,44.33],[-74.78,45.01],[-71.53,44.96],[-71.29,45.32],[-70.59,45.29],[-69.56,46.95],[-69.05,47.46],[-67.7,47.04],[-67.56,45.77],[-67.19,45.25],[-65.76,45.29],[-64.28,45.92],[-64.91,45.46],[-63.45,45.43],[-64.34,45.16],[-64.46,45.39],[-66.19,44.49],[-66,43.75],[-65.47,43.52],[-63.9,44.57],[-63.56,44.51],[-62.01,45.07],[-60.96,45.3],[-61.94,45.92],[-62.39,45.72],[-64.08,46.05],[-64.53,46.27],[-64.98,47.33],[-64.66,47.78],[-65.61,47.66],[-66.47,48.1],[-65.21,48.12],[-64.4,48.46],[-64.32,48.95],[-64.95,49.21],[-66.03,49.17],[-68.34,48.55],[-69.25,48.12],[-71.04,46.74],[-70.6,47.43],[-69.51,48.46],[-68.31,49.23],[-67.32,49.43],[-66.37,50.31],[-61.64,50.28],[-60.14,50.41],[-59.13,50.84],[-58.52,51.38],[-56.96,51.49],[-55.66,52.19],[-56.11,52.61],[-55.77,53.16],[-57.11,53.87],[-58.08,54.08],[-59.18,53.52],[-60.25,53.28],[-60.14,53.68],[-57.43,54.58],[-59.69,55.15],[-60.57,55.07],[-60.47,55.66],[-61.93,56.27],[-62.33,56.77],[-61.54,56.73],[-61.48,57.1],[-62.58,58.04],[-62.89,58.66],[-64.67,60.18],[-65.56,59.58],[-65.93,58.42],[-66.47,58.81],[-66.82,58.39],[-68,58.17],[-68.57,58.78],[-69.73,58.56],[-69.34,59.21],[-69.7,60.32],[-69.54,60.99],[-70.03,60.88],[-71.86,61.37],[-71.72,61.55],[-73.39,62.35],[-75.69,62.22],[-77.36,62.52],[-78,62.1],[-77.46,61.53],[-78.18,60.74],[-77.39,60.69],[-77.21,59.75],[-78.47,58.71],[-76.77,57.66],[-76.44,56.81],[-76.57,56.27],[-77.23,55.61],[-78.59,54.92],[-79.55,54.69],[-78.93,54.08],[-79.03,53.74],[-78.49,52.26],[-78.82,51.16],[-79.28,51.6],[-79.34,50.84],[-80.36,51.3],[-80.88,51.91],[-81.75,52.17],[-82.34,52.98],[-82.2,54.97],[-83.58,55.22],[-84.47,55.17],[-87.47,55.91],[-88.77,56.74],[-90,57.18],[-92.48,56.98],[-92.52,57.69],[-93.07,58.55],[-94.68,58.88],[-94.75,59.95],[-94.38,60.8],[-93.42,61.86],[-91.89,62.6],[-92.29,62.92],[-90,62.95],[-90,63.3],[-92.35,63.58],[-93.32,63.97],[-90,63.61],[-89.97,64.19],[-88.38,64.06],[-87.16,65.06],[-88.17,65.13],[-90,65.77],[-90,65.97],[-87.79,65.35],[-85.99,66.16],[-86.74,66.57],[-85.39,66.61],[-84.95,66.27],[-83.74,66.31],[-85.02,66.94],[-84.23,66.93],[-83.14,66.37],[-81.5,67.07],[-81.29,67.5],[-82.69,68.7],[-81.37,68.72],[-81.48,69.19],[-84.31,69.83],[-85.38,69.7],[-84.56,68.99],[-85.4,68.76],[-86.49,67.38],[-87.33,67.17],[-88.32,67.81],[-87.86,68.28],[-88.91,69.23],[-90,68.37],[-90,69.49],[-92.67,69.74],[-91.66,70.29],[-93.1,70.97],[-93.27,71.56],[-94.42,71.88],[-96.7,70.84],[-95.95,70.57],[-96.13,69.94],[-94.04,69.55],[-93.41,68.54],[-95.32,68.06],[-95.26,67.03],[-96.26,67.32],[-96.21,68.07],[-97.83,68.4],[-98.41,68.16],[-97.16,67.97],[-97.26,67.6],[-98.89,67.82],[-101.91,67.71],[-105.64,68.35],[-107.66,67.96],[-107.13,66.96],[-107.53,66.56],[-108.49,67.07],[-108.1,67.36],[-110.53,67.92],[-112.5,67.69],[-115.56,67.9],[-114.11,68.35],[-115.29,68.89],[-117.83,69.01],[-122.33,69.88],[-123.8,69.43],[-125.19,69.41],[-126.8,69.79],[-127.35,70.38],[-128.42,70.69],[-127.94,70.08],[-132.71,68.87],[-133.72,68.92],[-132.3,69.49],[-130.05,69.97],[-131.06,70.16],[-133.65,69.51],[-136.04,69.34],[-135.5,68.72],[-137.73,69.02],[-140.33,69.62],[-141.06,69.6],[-140.97,66.03],[-140.93,63.79],[-140.89,60.39],[-139.01,60.26],[-138.62,59.78],[-137.22,58.88],[-135.85,59.65],[-135.26,59.67],[-133.5,58.42],[-131.72,56.61],[-130.11,55.99],[-130,55.29],[-130.3,54.55],[-130,53.94],[-128.89,53.42],[-128.06,52.5],[-127.04,52.46],[-128.01,51.81],[-127.46,51.77],[-127.46,51.02],[-126.43,51.09],[-126.16,50.75],[-124.94,50.6],[-124.47,49.81],[-123.98,49.97],[-123.21,49.62],[-122.9,49.07],[-121.05,49.05],[-117.22,49.06],[-115.16,49.06],[-110.67,49.05],[-108.46,49.06],[-104.26,49.06],[-100.46,49.04],[-96.34,49.04],[-94.82,49.05],[-94.83,49.49],[-93.71,48.57],[-92.84,48.52],[-91.68,48.04],[-90,48.25],[-89.62,47.97],[-88.12,48.73],[-88.09,49],[-86.38,48.73],[-85.8,47.97],[-85.03,47.94],[-84.37,46.87],[-84.74,46.47],[-83.82,46.15],[-83.61,46.27],[-80.76,45.97],[-79.71,44.74],[-80.22,44.5],[-81.3,45.22],[-81.35,44.55],[-81.72,44.14],[-81.81,43.32],[-82.3,43.03],[-83.06,42.03],[-82.48,41.96],[-81.44,42.59],[-79.05,42.85],[-79.14,43.22],[-79.79,43.3],[-79.15,43.77],[-77.62,44.01],[-77.18,43.84],[-76.13,44.33]]],[[[-98.88,68.89],[-96.79,68.53],[-95.51,68.81],[-97.74,69.83],[-99.37,68.97],[-98.88,68.89]]],[[[-101.41,72.29],[-100.32,72.14],[-98.94,71.39],[-97.28,71.65],[-96.35,72.5],[-98.39,73.13],[-96.94,73.79],[-100.93,73.86],[-99.96,73.26],[-100.83,72.75],[-102.28,73.15],[-102.67,72.85],[-101.41,72.29]]],[[[-95.49,73.61],[-95.06,72.28],[-93.64,72.53],[-94.27,72.85],[-92,72.84],[-90,73.59],[-90,74],[-95.07,74.06],[-95.49,73.61]]],[[[-125.65,49.06],[-123.9,48.47],[-123.86,49.16],[-124.72,49.49],[-125.72,50.41],[-127.85,50.86],[-128.34,50.67],[-127.39,50.05],[-126.52,49.82],[-125.65,49.06]]],[[[-132.38,53.99],[-133.05,54.07],[-132.57,53.28],[-132.09,53.4],[-132.38,53.99]]],[[[-111.73,72.33],[-112.84,72.95],[-114.47,72.63],[-114.65,73.35],[-117.22,72.86],[-118.99,72.03],[-117.31,71.47],[-115.74,71.3],[-118.5,71.05],[-117.76,70.72],[-113.76,70.74],[-111.54,70.33],[-115.15,70.27],[-117.57,69.99],[-115.91,69.35],[-113.92,69.25],[-113.15,68.6],[-110.45,68.65],[-107.54,69.06],[-106.85,69.45],[-104.19,68.9],[-101.81,69.14],[-103.36,69.64],[-102.24,69.88],[-100.89,69.67],[-101.06,70.03],[-103.86,70.7],[-104.59,71.05],[-104.47,71.65],[-105.31,72.65],[-106.52,73.19],[-108.18,73.38],[-107.53,72.02],[-108.06,71.76],[-108.99,72.73],[-110.52,73],[-110.08,72.56],[-111.73,72.33]]],[[[-125.19,71.93],[-124.07,71.73],[-123.47,71.2],[-120.84,71.53],[-120.45,72.3],[-118.59,72.97],[-115.65,73.63],[-117.34,74.17],[-119.56,74.16],[-121.24,74.58],[-124.91,74.44],[-124.06,73.87],[-125.34,72.97],[-125.19,71.93]]],[[[-114.37,76.47],[-116.3,76.24],[-115.15,75.76],[-117.4,75.41],[-115.19,75.15],[-112.81,75.42],[-111.37,75.1],[-114.22,74.84],[-112.2,74.5],[-109.07,75.13],[-105.77,75.23],[-105.5,75.85],[-108.16,76.01],[-108.97,76.87],[-110.38,76.43],[-109.14,75.71],[-111.39,75.66],[-114.37,76.47]]],[[[-122.64,76.28],[-120.45,75.95],[-118.74,76.94],[-117.86,76.44],[-116.24,76.78],[-116.36,77.58],[-119.7,77.31],[-122.64,76.28]]],[[[-113.16,77.79],[-110.62,77.54],[-109.66,77.95],[-113.16,77.79]]],[[[-103.51,78.27],[-99.05,77.94],[-99.89,78.66],[-105.45,79.4],[-103.38,78.61],[-103.51,78.27]]],[[[-60.63,47.13],[-61.38,46.33],[-61.03,45.67],[-60.51,45.66],[-59.81,46.08],[-60.17,46.31],[-61.07,45.99],[-60.26,46.94],[-60.63,47.13]]],[[[-57.81,49.2],[-58.68,48.7],[-58.14,48.6],[-59.32,47.96],[-59.16,47.67],[-58.09,47.76],[-56.33,47.64],[-55.74,47.87],[-54.78,47.71],[-55.83,47.13],[-55.41,46.95],[-54.21,47.8],[-54.13,47.11],[-53.07,46.73],[-52.73,47.45],[-53.12,47.88],[-53.58,47.74],[-53.76,48.52],[-54.13,48.84],[-53.51,49.28],[-54.62,49.48],[-55.11,49.28],[-55.97,49.66],[-56.07,50.1],[-56.66,50.06],[-55.42,51.43],[-56.15,51.47],[-57.36,50.6],[-58.13,49.5],[-57.81,49.2]]],[[[-87.05,63.75],[-85.6,63.75],[-85.46,63.21],[-82.73,64.08],[-82.2,63.69],[-80.7,63.5],[-80.18,63.72],[-81.87,63.99],[-82.11,64.64],[-84.42,65.39],[-85.2,65.38],[-85.56,65.86],[-86.24,64.54],[-86.06,64.14],[-87.05,63.75]]],[[[-76.79,68.15],[-77.06,67.33],[-75.77,67.3],[-75.12,68.11],[-76.79,68.15]]],[[[-71.26,63.57],[-71.32,63.06],[-69.56,62.71],[-69.16,62.42],[-65.94,61.79],[-66.33,62.32],[-68.48,63.34],[-68.88,63.75],[-67.68,63.45],[-67.77,63.8],[-66.5,63.08],[-65.7,63.01],[-64.77,62.48],[-65.04,64.41],[-66.6,64.77],[-68.38,66.28],[-66.91,66.59],[-65.03,65.95],[-64.84,65.38],[-63.35,65.02],[-63.38,65.93],[-62.84,65.61],[-62.07,65.94],[-62.66,66.34],[-61.21,66.64],[-62.99,67.18],[-64.61,67.12],[-63.93,67.41],[-64.83,67.95],[-66.74,67.93],[-67.03,68.31],[-68.67,68.72],[-68.53,69.25],[-66.67,69.19],[-68.04,69.77],[-67.04,69.8],[-68.02,70.3],[-69.46,69.96],[-68.47,70.56],[-70.29,70.62],[-71.25,71.35],[-72.53,71.63],[-73.28,71.16],[-75.32,72.55],[-78.36,72.58],[-78.57,71.93],[-81.04,72.38],[-80.49,73.04],[-81.53,73.69],[-82.7,73.78],[-84.86,73.35],[-85.5,72.61],[-84.29,72.26],[-85.6,72.01],[-84.69,71.66],[-84.78,71.06],[-86.33,71.99],[-86.66,73.1],[-85.25,73.78],[-86.89,73.83],[-89.1,73.2],[-90,71.54],[-87.95,71.35],[-87.17,71.02],[-89.15,70.97],[-87.95,70.38],[-86.37,70.2],[-80.83,69.71],[-81.01,70.18],[-78.71,70.01],[-80.49,70.81],[-79.1,70.66],[-75.55,69.22],[-76.55,68.73],[-74.75,69.04],[-73.18,68.3],[-72.3,67.26],[-73.04,66.64],[-74.28,66.06],[-73.42,65.53],[-75.79,65.2],[-77.36,65.38],[-78.1,64.51],[-76.53,64.23],[-75.59,64.53],[-74.43,64.44],[-74.56,64.78],[-73.16,64.57],[-72.39,63.86],[-71.26,63.57]]],[[[-89.8,75.92],[-90,76.59],[-93.08,76.53],[-92.22,75.95],[-91.87,74.79],[-89.7,74.61],[-88.39,74.99],[-88.14,74.57],[-80.35,74.62],[-79.5,75.28],[-81.53,75.86],[-83.56,75.9],[-86.18,75.41],[-87.64,75.7],[-89.04,75.46],[-89.8,75.92]]],[[[-88.64,82.07],[-91.22,81.84],[-89.24,80.86],[-85.19,81.32],[-85.5,80.62],[-78.96,81.03],[-77.52,80.75],[-81.06,80.53],[-82.26,80.05],[-86.17,80.28],[-83.91,79.26],[-81.6,78.75],[-85.81,78.91],[-86.51,78.3],[-84.84,78.16],[-84.93,77.35],[-86.44,77.82],[-88.05,77.75],[-87.1,77.28],[-89.25,76.98],[-89.42,76.61],[-85.04,76.41],[-81.38,76.65],[-80.81,76.24],[-78.21,76.55],[-78.12,77.04],[-82.1,77.32],[-81.55,77.54],[-78.86,77.37],[-78.37,78.03],[-76.14,78.07],[-74.96,79.12],[-77.24,79.58],[-73.38,79.58],[-74.25,80.04],[-71.45,79.85],[-66.48,81.3],[-67.59,81.96],[-63.92,82.01],[-62.43,82.63],[-70.58,83.18],[-76.38,83.15],[-75.92,82.52],[-78.7,83],[-81.52,82.69],[-80.09,81.97],[-84.95,82.38],[-88.64,82.07]]],[[[-100.62,75.79],[-99.94,75.08],[-98,75.16],[-97.82,76.48],[-100.69,76.61],[-100.07,76.02],[-101.75,76.54],[-102.15,75.64],[-100.62,75.79]]],[[[-96.72,77.02],[-95.87,76.51],[-93.94,76.4],[-94.2,76.9],[-96.72,77.02]]],[[[-97.31,78.82],[-98.44,78.66],[-97.46,78.1],[-95.1,78.44],[-97.31,78.82]]],[[[-88.37,80.23],[-91.02,80.75],[-92.02,81.26],[-95.06,81.03],[-94.25,80.67],[-96.59,80.09],[-95.04,79.4],[-93.18,79.53],[-90,79.13],[-93.3,79.26],[-94.1,79.02],[-92.7,78.43],[-89.12,78.34],[-85.76,79.38],[-87,79.45],[-88.37,80.23]]]]},"properties":{"NAME":"Canada","SUBJECTO":"Canada","PARTOF":"Canada"}},
{"type":"Feature","geometry":{"type":"MultiPolygon","coordinates":[[[[-73.11,-72.75],[-70.02,-72.67],[-68.63,-72.05],[-68.4,-71.13],[-70.33,-68.96],[-71.41,-68.89],[-72.39,-69.26],[-71.8,-69.74],[-72.11,-71.05],[-75.28,-71.67],[-74.35,-72.21],[-72.03,-71.82],[-73.11,-72.75]]],[[[-102.55,-72.13],[-97.14,-72.67],[-95.91,-72.36],[-97.22,-71.82],[-101.16,-71.82],[-102.55,-72.13]]],[[[-55.18,-80.94],[-50.16,-80.79],[-44.83,-80.32],[-43.9,-79.78],[-44.21,-78.39],[-45.76,-78.08],[-48.85,-78.08],[-50.86,-78.7],[-51.71,-79.78],[-53.87,-79.94],[-55.18,-80.94]]],[[[-164.06,-79.36],[-160.43,-79.97],[-158.8,-79.67],[-162.59,-78.82],[-164.06,-79.36]]],[[[169.77,-83.42],[162.02,-81.66],[160.58,-81.53],[159.58,-80.44],[158.14,-80.32],[160.35,-79.4],[159.84,-79.16],[163.64,-78.66],[166.75,-78.6],[163.53,-77.74],[162.33,-76.96],[162.82,-75.62],[162.35,-75.11],[163.43,-74.74],[165.19,-74.67],[164.62,-74.17],[167.58,-73.48],[168.9,-73.54],[170.73,-71.9],[167.63,-70.87],[162.49,-70.31],[160.6,-70.22],[159.85,-69.83],[157.31,-69.16],[156.15,-69.31],[154.43,-68.95],[151.09,-68.89],[150.89,-68.54],[146.88,-68],[145.32,-67.58],[145.59,-67.22],[141.16,-66.72],[136.32,-66.4],[134.69,-66.08],[134.98,-65.6],[134.59,-65.02],[134.04,-65.18],[134.21,-66.18],[130.27,-66.25],[129.01,-67.03],[126.8,-66.88],[126.41,-66.37],[125.13,-66.79],[122.46,-66.65],[118.29,-67.07],[115.68,-66.41],[114.44,-66.49],[113.96,-65.99],[113.01,-65.76],[110.61,-66.06],[110.57,-66.39],[109.4,-66.71],[107.62,-66.45],[102.63,-65.93],[100.88,-66.08],[99.12,-66.89],[98.66,-66.63],[95.72,-66.53],[90,-66.61],[88.65,-66.76],[88.3,-66.07],[87.22,-66.99],[85.52,-66.92],[81.81,-67.3],[78.26,-68.38],[76.87,-69.31],[75.4,-69.47],[72.54,-70.24],[71.92,-70.55],[69.53,-72.4],[68.21,-72.4],[67.36,-71.71],[69.07,-70.59],[67.51,-70.46],[68.21,-69.85],[68.95,-69.89],[69.77,-68.64],[69.37,-67.84],[66.98,-67.84],[63.58,-67.53],[62.81,-67.61],[56.63,-66.94],[57.1,-66.52],[55.14,-65.96],[52.45,-65.99],[50.01,-66.59],[50.27,-67.14],[48.31,-67.02],[48.85,-67.43],[47.31,-67.77],[46.37,-67.33],[46.04,-67.69],[42.56,-68.11],[39.65,-68.93],[39.46,-69.7],[38.33,-70.03],[36.53,-69.65],[33.54,-68.54],[32.75,-69.35],[30.66,-69.74],[23.71,-70.59],[22.55,-70.59],[19.53,-70.16],[17.6,-70.08],[12.66,-70.32],[11.11,-70.86],[9.41,-70.08],[8.49,-70.08],[0.68,-71.32],[-0.79,-71.71],[-1.25,-71.32],[-4.88,-71.28],[-6.32,-71.42],[-5.73,-70.89],[-7.2,-70.89],[-7.74,-71.67],[-8.82,-71.82],[-9.75,-71.05],[-11.14,-71.59],[-12.33,-71.68],[-11.83,-72.32],[-14.27,-72.84],[-14.58,-73.18],[-16.4,-73.44],[-17.09,-73.91],[-15,-73.83],[-14.45,-74.06],[-17.17,-74.76],[-18.4,-75.69],[-20.65,-75.92],[-23.58,-75.92],[-30.23,-76.84],[-33.16,-77.39],[-36.41,-78.62],[-36.41,-79.16],[-29.57,-79.22],[-28.37,-80.09],[-28.91,-80.48],[-32.93,-80.86],[-38.03,-80.94],[-43.83,-81.79],[-52.25,-82.02],[-55.18,-82.33],[-58.97,-83.18],[-60.21,-82.33],[-67.93,-81.48],[-78.83,-80.01],[-76.43,-79.86],[-77.98,-79.09],[-80.22,-79.32],[-82.92,-79.16],[-84.16,-78.24],[-82.07,-78.78],[-79.14,-78.93],[-78.29,-78.31],[-80.76,-78.24],[-80.69,-77.57],[-74.5,-78.08],[-73.57,-77.48],[-75.82,-77.46],[-78.6,-76.61],[-77.82,-75.99],[-75.93,-76.48],[-70.56,-76.69],[-69.25,-76.38],[-64.46,-75.69],[-63.22,-74.84],[-61.37,-73.91],[-60.83,-72.75],[-61.68,-70.82],[-63.84,-68.65],[-65.15,-68.5],[-65.69,-67.88],[-65.38,-67.34],[-63.84,-66.49],[-62.76,-66.65],[-62.37,-65.8],[-61.13,-64.87],[-59.82,-64.33],[-58.89,-64.33],[-57.27,-63.71],[-57.43,-63.25],[-59.13,-63.86],[-60.21,-63.94],[-61.29,-64.48],[-62.91,-64.71],[-64.23,-65.25],[-65.08,-65.95],[-66.85,-66.8],[-67.7,-66.88],[-67.86,-67.57],[-67.32,-67.8],[-67.08,-68.65],[-67.47,-69.2],[-68.78,-69.81],[-67.08,-71.82],[-67.63,-72.75],[-71.49,-73.37],[-75.58,-73.75],[-78.52,-73.72],[-79.76,-73.17],[-80.99,-73.25],[-81.77,-74.02],[-84.39,-73.79],[-86.32,-73.25],[-88.57,-73.25],[-89.26,-72.79],[-90,-73.33],[-93.97,-73.17],[-96.52,-73.33],[-99.79,-73],[-102.17,-73.09],[-103.59,-72.74],[-102.94,-73.36],[-100.23,-73.44],[-101.42,-73.77],[-103.25,-73.56],[-101.49,-74.54],[-100.56,-74.47],[-100.05,-75.31],[-105.64,-75.07],[-106.8,-75.38],[-109.2,-75.14],[-110.56,-75.3],[-110.43,-74.29],[-111.75,-74.29],[-111.74,-74.72],[-113.43,-74.69],[-114.15,-73.93],[-114.99,-74.45],[-120.17,-74.53],[-123.57,-74.84],[-127.12,-74.68],[-128.98,-74.91],[-134.77,-74.64],[-140.57,-75.26],[-144.51,-75.72],[-146.67,-76.11],[-148.53,-76.03],[-149.61,-76.34],[-147.13,-76.53],[-146.15,-77.46],[-147.99,-77.35],[-149.99,-77.73],[-154.17,-77.12],[-158.03,-77.27],[-158.19,-77.81],[-156.02,-78.35],[-154.13,-78.35],[-155.87,-78.74],[-154.55,-79.12],[-151.77,-79.2],[-148.6,-79.67],[-145.67,-80.52],[-148.84,-81.37],[-154.48,-81.06],[-157,-81.2],[-154.27,-81.68],[-154.55,-82.14],[-152.08,-82.6],[-153.31,-83.94],[-152,-84.38],[-138.82,-85.01],[-139.33,-85.22],[-148.76,-85.07],[-156.56,-85.46],[-167.23,-84.76],[-173.87,-84.46],[-180,-84.32],[-180,-85.32],[-180,-86.32],[-180,-87.32],[-180,-88.32],[-180,-89.32],[-180,-90],[-179.2,-90],[-178.2,-90],[-177.2,-90],[-176.2,-90],[-175.2,-90],[-174.2,-90],[-173.2,-90],[-172.2,-90],[-171.2,-90],[-170.2,-90],[-169.2,-90],[-168.2,-90],[-167.2,-90],[-166.2,-90],[-165.2,-90],[-164.2,-90],[-163.2,-90],[-162.2,-90],[-161.2,-90],[-160.2,-90],[-159.2,-90],[-158.2,-90],[-157.2,-90],[-156.2,-90],[-155.2,-90],[-154.2,-90],[-153.2,-90],[-152.2,-90],[-151.2,-90],[-150.2,-90],[-149.2,-90],[-148.2,-90],[-147.2,-90],[-146.2,-90],[-145.2,-90],[-144.2,-90],[-143.2,-90],[-142.2,-90],[-141.2,-90],[-140.2,-90],[-139.2,-90],[-138.2,-90],[-137.2,-90],[-136.2,-90],[-135.2,-90],[-134.2,-90],[-133.2,-90],[-132.2,-90],[-131.2,-90],[-130.2,-90],[-129.2,-90],[-128.2,-90],[-127.2,-90],[-126.2,-90],[-125.2,-90],[-124.2,-90],[-123.2,-90],[-122.2,-90],[-121.2,-90],[-120.2,-90],[-119.2,-90],[-118.2,-90],[-117.2,-90],[-116.2,-90],[-115.2,-90],[-114.2,-90],[-113.2,-90],[-112.2,-90],[-111.2,-90],[-110.2,-90],[-109.2,-90],[-108.2,-90],[-107.2,-90],[-106.2,-90],[-105.2,-90],[-104.2,-90],[-103.2,-90],[-102.2,-90],[-101.2,-90],[-100.2,-90],[-99.2,-90],[-98.2,-90],[-97.2,-90],[-96.2,-90],[-95.2,-90],[-94.2,-90],[-93.2,-90],[-92.2,-90],[-91.2,-90],[-90,-90],[-89.2,-90],[-88.2,-90],[-87.2,-90],[-86.2,-90],[-85.2,-90],[-84.2,-90],[-83.2,-90],[-82.2,-90],[-81.2,-90],[-80.2,-90],[-79.2,-90],[-78.2,-90],[-77.2,-90],[-76.2,-90],[-75.2,-90],[-74.2,-90],[-73.2,-90],[-72.2,-90],[-71.2,-90],[-70.2,-90],[-69.2,-90],[-68.2,-90],[-67.2,-90],[-66.2,-90],[-65.2,-90],[-64.2,-90],[-63.2,-90],[-62.2,-90],[-61.2,-90],[-60.2,-90],[-59.2,-90],[-58.2,-90],[-57.2,-90],[-56.2,-90],[-55.2,-90],[-54.2,-90],[-53.2,-90],[-52.2,-90],[-51.2,-90],[-50.2,-90],[-49.2,-90],[-48.2,-90],[-47.2,-90],[-46.2,-90],[-45.2,-90],[-44.2,-90],[-43.2,-90],[-42.2,-90],[-41.2,-90],[-40.2,-90],[-39.2,-90],[-38.2,-90],[-37.2,-90],[-36.2,-90],[-35.2,-90],[-34.2,-90],[-33.2,-90],[-32.2,-90],[-31.2,-90],[-30.2,-90],[-29.2,-90],[-28.2,-90],[-27.2,-90],[-26.2,-90],[-25.2,-90],[-24.2,-90],[-23.2,-90],[-22.2,-90],[-21.2,-90],[-20.2,-90],[-19.2,-90],[-18.2,-90],[-17.2,-90],[-16.2,-90],[-15.2,-90],[-14.2,-90],[-13.2,-90],[-12.2,-90],[-11.2,-90],[-10.2,-90],[-9.2,-90],[-8.2,-90],[-7.2,-90],[-6.2,-90],[-5.2,-90],[-4.2,-90],[-3.2,-90],[-2.2,-90],[-1.2,-90],[-0.2,-90],[0.78,-90],[1.78,-90],[2.78,-90],[3.78,-90],[4.78,-90],[5.78,-90],[6.78,-90],[7.78,-90],[8.78,-90],[9.78,-90],[10.78,-90],[11.78,-90],[12.78,-90],[13.78,-90],[14.78,-90],[15.78,-90],[16.78,-90],[17.78,-90],[18.78,-90],[19.78,-90],[20.78,-90],[21.78,-90],[22.78,-90],[23.78,-90],[24.78,-90],[25.78,-90],[26.78,-90],[27.78,-90],[28.78,-90],[29.78,-90],[30.78,-90],[31.78,-90],[32.78,-90],[33.78,-90],[34.78,-90],[35.78,-90],[36.78,-90],[37.78,-90],[38.78,-90],[39.78,-90],[40.78,-90],[41.78,-90],[42.78,-90],[43.78,-90],[44.78,-90],[45.78,-90],[46.78,-90],[47.78,-90],[48.78,-90],[49.78,-90],[50.78,-90],[51.78,-90],[52.78,-90],[53.78,-90],[54.78,-90],[55.78,-90],[56.78,-90],[57.78,-90],[58.78,-90],[59.78,-90],[60.78,-90],[61.78,-90],[62.78,-90],[63.78,-90],[64.78,-90],[65.78,-90],[66.78,-90],[67.78,-90],[68.78,-90],[69.78,-90],[70.78,-90],[71.78,-90],[72.78,-90],[73.78,-90],[74.78,-90],[75.78,-90],[76.78,-90],[77.78,-90],[78.78,-90],[79.78,-90],[80.78,-90],[81.78,-90],[82.78,-90],[83.78,-90],[84.78,-90],[85.78,-90],[86.78,-90],[87.78,-90],[88.78,-90],[89.78,-90],[89.8,-90],[90,-90],[91.78,-90],[92.78,-90],[93.78,-90],[94.78,-90],[95.78,-90],[96.78,-90],[97.78,-90],[98.78,-90],[99.78,-90],[100.78,-90],[101.78,-90],[102.78,-90],[103.78,-90],[104.78,-90],[105.78,-90],[106.78,-90],[107.78,-90],[108.78,-90],[109.78,-90],[110.78,-90],[111.78,-90],[112.78,-90],[113.78,-90],[114.78,-90],[115.78,-90],[116.78,-90],[117.78,-90],[118.78,-90],[119.78,-90],[120.78,-90],[121.78,-90],[122.78,-90],[123.78,-90],[124.78,-90],[125.78,-90],[126.78,-90],[127.78,-90],[128.78,-90],[129.78,-90],[130.78,-90],[131.78,-90],[132.78,-90],[133.78,-90],[134.78,-90],[135.78,-90],[136.78,-90],[137.78,-90],[138.78,-90],[139.78,-90],[140.78,-90],[141.78,-90],[142.78,-90],[143.78,-90],[144.78,-90],[145.78,-90],[146.78,-90],[147.78,-90],[148.78,-90],[149.78,-90],[150.78,-90],[151.78,-90],[152.78,-90],[153.78,-90],[154.78,-90],[155.78,-90],[156.78,-90],[157.78,-90],[158.78,-90],[159.78,-90],[160.78,-90],[161.78,-90],[162.78,-90],[163.78,-90],[164.78,-90],[165.78,-90],[166.78,-90],[167.78,-90],[168.78,-90],[169.78,-90],[170.78,-90],[171.78,-90],[172.78,-90],[173.78,-90],[174.78,-90],[175.78,-90],[176.78,-90],[177.78,-90],[178.78,-90],[180,-90],[180,-89.32],[180,-88.32],[180,-87.32],[180,-86.32],[180,-85.32],[180,-84.34],[172.58,-83.84],[169.77,-83.42]]]]},"properties":{"NAME":null,"SUBJECTO":null,"PARTOF":null}},
{"type":"Feature","geometry":{"type":"MultiPolygon","coordinates":[[[[2.52,51.09],[1.59,50.82],[1.55,50.23],[0.53,49.83],[-0.24,49.29],[-1.94,49.71],[-1.46,48.68],[-2.79,48.59],[-3.09,48.87],[-4.76,48.55],[-3.95,47.9],[-2,47.04],[-2.13,46.85],[-1.08,46.01],[-1.56,43.52],[-1.91,43.31],[-1.56,43.05],[-0.17,42.65],[1.31,42.64],[1.36,42.41],[3.09,42.37],[3.07,42.94],[4.08,43.49],[5.83,43.02],[6.52,43.15],[7.4,43.76],[6.92,43.82],[6.94,44.87],[5.82,45.4],[5.94,46.18],[6.06,46.62],[6.92,47.51],[7.51,47.6],[7.73,48.62],[8.16,48.98],[6.95,49.2],[6.43,49.45],[5.82,49.51],[5.48,49.48],[4.22,50.24],[2.88,50.68],[2.52,51.09]]],[[[9.43,42.79],[8.61,42.49],[8.73,41.56],[9.17,41.35],[9.45,42.05],[9.43,42.79]]]]},"properties":{"NAME":"France","SUBJECTO":"France","PARTOF":"France"}},
{"type":"Feature","geometry":{"type":"MultiPolygon","coordinates":[[[[14.08,42.63],[13.41,42.36],[13.93,41.75],[13.76,41.21],[14.33,40.59],[14.74,40.7],[14.9,40.24],[15.67,40.09],[16.21,38.78],[15.63,38.23],[16.05,37.93],[17.09,38.92],[17.15,39.42],[16.53,39.7],[16.95,40.48],[17.85,40.24],[18.36,39.75],[18.52,40.09],[18.03,40.6],[15.87,41.5],[16.01,41.9],[14.92,41.97],[14.08,42.63]]],[[[14.94,36.74],[15.39,38.21],[13.81,37.97],[13.32,38.22],[12.45,37.77],[14.94,36.74]]]]},"properties":{"NAME":"Kingdom of the Two Sicilies","SUBJECTO":"Kingdom of the Two Sicilies","PARTOF":"Kingdom of the Two Sicilies"}},
{"type":"Feature","geometry":{"type":"Polygon","coordinates":[[[8.16,48.98],[8.31,49.55],[7.64,49.98],[7,49.66],[6.95,49.2],[8.16,48.98]]]},"properties":{"NAME":"Palatinate","SUBJECTO":"Palatinate","PARTOF":"Palatinate"}},
{"type":"Feature","geometry":{"type":"Polygon","coordinates":[[[8.59,47.89],[8.61,48.23],[8.29,48.35],[8.51,48.11],[8.59,47.89]]]},"properties":{"NAME":"Hohenzollern","SUBJECTO":"Hohenzollern","PARTOF":"Hohenzollern"}},
{"type":"Feature","geometry":{"type":"Polygon","coordinates":[[[8.64,47.78],[8.59,47.89],[8.51,48.11],[8.4,47.91],[8.02,48.46],[8.37,48.49],[9.64,49.29],[9.08,49.38],[8.31,49.55],[8.16,48.98],[7.73,48.62],[7.51,47.6],[8.64,47.78]]]},"properties":{"NAME":"Baden","SUBJECTO":"Baden","PARTOF":"Baden"}},
{"type":"Feature","geometry":{"type":"Polygon","coordinates":[[[15.01,51.06],[14.72,51.41],[12.49,51.6],[12.06,51.02],[11.84,50.33],[12.25,50.22],[13.23,50.66],[15.01,51.06]]]},"properties":{"NAME":"Saxony","SUBJECTO":"Saxony","PARTOF":"Saxony"}},
{"type":"Feature","geometry":{"type":"Polygon","coordinates":[[[9.91,50.5],[10.19,50.25],[10.23,50.49],[9.91,50.5]]]},"properties":{"NAME":"Prussia","SUBJECTO":"Prussia","PARTOF":"Prussia"}},
{"type":"Feature","geometry":{"type":"Polygon","coordinates":[[[11.26,50.7],[11.34,50.51],[11.43,50.65],[11.26,50.7]]]},"properties":{"NAME":"Prussia","SUBJECTO":"Prussia","PARTOF":"Prussia"}},
{"type":"Feature","geometry":{"type":"MultiPolygon","coordinates":[[[[10.89,53.88],[10.72,53.61],[10.91,53.43],[10.96,53.9],[10.89,53.88]]],[[[12.84,52.94],[13.53,53.09],[13.81,53.6],[13.26,53.57],[12.84,52.94]]]]},"properties":{"NAME":"Mecklenburg-Strelitz","SUBJECTO":"Mecklenburg-Strelitz","PARTOF":"Mecklenburg-Strelitz"}},
{"type":"Feature","geometry":{"type":"Polygon","coordinates":[[[8.31,49.55],[9.08,49.38],[8.82,50.23],[8.42,50.08],[7.74,50.14],[7.64,49.98],[8.31,49.55]]]},"properties":{"NAME":"Grand Duchy of Hesse","SUBJECTO":"Grand Duchy of Hesse","PARTOF":"Grand Duchy of Hesse"}},
{"type":"Feature","geometry":{"type":"Polygon","coordinates":[[[8.42,50.08],[8.36,50.15],[8.4,50.27],[8.37,50.64],[8.17,50.8],[7.74,50.14],[8.42,50.08]]]},"properties":{"NAME":"Nassau","SUBJECTO":"Nassau","PARTOF":"Nassau"}},
{"type":"Feature","geometry":{"type":"Polygon","coordinates":[[[8.37,50.64],[8.4,50.27],[8.41,50.61],[8.37,50.64]]]},"properties":{"NAME":"Wetzlar","SUBJECTO":"Wetzlar","PARTOF":"Wetzlar"}},
{"type":"Feature","geometry":{"type":"Polygon","coordinates":[[[8.53,51.08],[8.76,50.82],[8.86,51.26],[8.53,51.08]]]},"properties":{"NAME":"Waldeck","SUBJECTO":"Waldeck","PARTOF":"Waldeck"}},
{"type":"Feature","geometry":{"type":"Polygon","coordinates":[[[8.83,52.16],[8.59,51.76],[9.17,51.63],[9.19,51.8],[8.83,52.16]]]},"properties":{"NAME":"Lippe-Detmold","SUBJECTO":"Lippe-Detmold","PARTOF":"Lippe-Detmold"}},
{"type":"Feature","geometry":{"type":"Polygon","coordinates":[[[9.35,51.6],[10.15,51.64],[10.21,51.66],[9.19,51.8],[9.17,51.63],[9.16,51.54],[9.35,51.6]]]},"properties":{"NAME":"Brunswick","SUBJECTO":"Brunswick","PARTOF":"Brunswick"}},
{"type":"Feature","geometry":{"type":"Polygon","coordinates":[[[10.16,51.47],[10.47,51.49],[10.55,51.57],[10.18,51.6],[10.16,51.47]]]},"properties":{"NAME":"Brunswick","SUBJECTO":"Brunswick","PARTOF":"Brunswick"}},
{"type":"Feature","geometry":{"type":"Polygon","coordinates":[[[10.47,51.49],[10.77,51.44],[10.87,51.65],[10.55,51.57],[10.47,51.49]]]},"properties":{"NAME":"Anhalt","SUBJECTO":"Anhalt","PARTOF":"Anhalt"}},
{"type":"Feature","geometry":{"type":"Polygon","coordinates":[[[10.96,53.9],[10.91,53.43],[11.08,52.97],[12.09,53.2],[12.84,52.94],[13.26,53.57],[12.46,54.25],[10.96,53.9]]]},"properties":{"NAME":"Mecklenburg-Schwerin","SUBJECTO":"Mecklenburg-Schwerin","PARTOF":"Mecklenburg-Schwerin"}},
{"type":"Feature","geometry":{"type":"Polygon","coordinates":[[[11.84,50.33],[12.06,51.02],[11.52,51.17],[9.93,51.1],[9.69,50.5],[10.18,49.96],[10.87,49.96],[10.89,50.44],[11.84,50.33]],[[11.26,50.7],[11.43,50.65],[11.34,50.51],[11.26,50.7]],[[9.91,50.5],[10.23,50.49],[10.19,50.25],[9.91,50.5]]]},"properties":{"NAME":"Thuringia","SUBJECTO":"Thuringia","PARTOF":"Thuringia"}},
{"type":"Feature","geometry":{"type":"Polygon","coordinates":[[[10.88,53.88],[10.66,53.69],[10.72,53.61],[10.89,53.88],[10.88,53.88]]]},"properties":{"NAME":"Lübeck","SUBJECTO":"Lübeck","PARTOF":"Lübeck"}},
{"type":"Feature","geometry":{"type":"Polygon","coordinates":[[[10.77,53.93],[10.58,53.89],[10.66,53.69],[10.88,53.88],[10.77,53.93]]]},"properties":{"NAME":"Oldenburg","SUBJECTO":"Oldenburg","PARTOF":"Oldenburg"}},
{"type":"Feature","geometry":{"type":"Polygon","coordinates":[[[9.35,51.6],[9.65,51.31],[10.16,51.47],[10.18,51.6],[10.15,51.64],[9.35,51.6]]]},"properties":{"NAME":"Hanover","SUBJECTO":"Hanover","PARTOF":"Hanover"}},
{"type":"Feature","geometry":{"type":"Polygon","coordinates":[[[8.36,50.15],[9.08,50.58],[8.41,50.61],[8.4,50.27],[8.36,50.15]]]},"properties":{"NAME":"Grand Duchy of Hesse","SUBJECTO":"Grand Duchy of Hesse","PARTOF":"Grand Duchy of Hesse"}},
{"type":"Feature","geometry":{"type":"Polygon","coordinates":[[[8.82,50.23],[9.69,50.5],[9.93,51.1],[9.65,51.31],[9.35,51.6],[9.16,51.54],[8.86,51.26],[8.76,50.82],[8.53,51.08],[8.17,50.8],[8.37,50.64],[8.41,50.61],[9.08,50.58],[8.36,50.15],[8.42,50.08],[8.82,50.23]]]},"properties":{"NAME":"Electoral Hesse","SUBJECTO":"Electoral Hesse","PARTOF":"Electoral Hesse"}},
{"type":"Feature","geometry":{"type":"Polygon","coordinates":[[[7.88,53.63],[7.69,53],[8.32,52.39],[8.66,53.03],[8.56,53.16],[8.5,53.45],[7.88,53.63]]]},"properties":{"NAME":"Oldenburg","SUBJECTO":"Oldenburg","PARTOF":"Oldenburg"}},
{"type":"Feature","geometry":{"type":"Polygon","coordinates":[[[8.56,53.16],[8.66,53.03],[8.74,53.09],[8.56,53.16]]]},"properties":{"NAME":"Bremen","SUBJECTO":"Bremen","PARTOF":"Bremen"}},
{"type":"Feature","geometry":{"type":"Polygon","coordinates":[[[8.52,53.76],[8.56,53.75],[8.59,53.79],[8.52,53.76]]]},"properties":{"NAME":"Cuxhaven","SUBJECTO":"Cuxhaven","PARTOF":"Cuxhaven"}},
{"type":"Feature","geometry":{"type":"Polygon","coordinates":[[[8.88,54.23],[10.14,54.34],[9.5,54.94],[8.62,54.89],[8.88,54.23]]]},"properties":{"NAME":"Schleswig","SUBJECTO":"Schleswig","PARTOF":"Schleswig"}},
{"type":"Feature","geometry":{"type":"Polygon","coordinates":[[[9.19,51.8],[10.21,51.66],[10.49,51.82],[10.55,52.8],[11.08,52.97],[10.91,53.43],[10.72,53.61],[10.66,53.69],[10.58,53.89],[9.94,53.6],[10.02,53.45],[9.75,53.5],[9.13,53.79],[8.59,53.79],[8.56,53.75],[8.52,53.76],[8.5,53.45],[8.56,53.16],[8.74,53.09],[8.66,53.03],[8.32,52.39],[7.69,53],[7.88,53.63],[7.17,53.59],[7.16,53.16],[7.07,52.27],[7.79,52.45],[8.08,52.03],[8.79,52.37],[8.9,52.35],[8.85,52.19],[8.83,52.16],[9.19,51.8]]]},"properties":{"NAME":"Hanover","SUBJECTO":"Hanover","PARTOF":"Hanover"}},
{"type":"Feature","geometry":{"type":"Polygon","coordinates":[[[9.13,53.79],[9.75,53.5],[9.94,53.6],[10.58,53.89],[10.77,53.93],[11.04,54.31],[10.14,54.34],[8.88,54.23],[9.13,53.79]]]},"properties":{"NAME":"Holstein","SUBJECTO":"Holstein","PARTOF":"Holstein"}},
{"type":"Feature","geometry":{"type":"Polygon","coordinates":[[[9.94,53.6],[9.75,53.5],[10.02,53.45],[9.94,53.6]]]},"properties":{"NAME":"Hamburg","SUBJECTO":"Hamburg","PARTOF":"Hamburg"}},
{"type":"Feature","geometry":{"type":"Polygon","coordinates":[[[11.06,51.56],[12,51.59],[11.99,52.09],[11.06,51.56]]]},"properties":{"NAME":"Anhalt","SUBJECTO":"Anhalt","PARTOF":"Anhalt"}},
{"type":"Feature","geometry":{"type":"Polygon","coordinates":[[[8.79,52.37],[8.85,52.19],[8.9,52.35],[8.79,52.37]]]},"properties":{"NAME":"Schaumburg-Lippe","SUBJECTO":"Schaumburg-Lippe","PARTOF":"Schaumburg-Lippe"}},
{"type":"Feature","geometry":{"type":"Polygon","coordinates":[[[8.17,50.8],[8.53,51.08],[8.86,51.26],[9.16,51.54],[9.17,51.63],[8.59,51.76],[8.83,52.16],[8.85,52.19],[8.79,52.37],[8.08,52.03],[7.79,52.45],[7.07,52.27],[5.98,51.8],[6.22,51.39],[6.01,50.76],[6.11,50.12],[6.43,49.45],[6.95,49.2],[7,49.66],[7.64,49.98],[7.74,50.14],[8.17,50.8]]]},"properties":{"NAME":"Prussia","SUBJECTO":"Prussia","PARTOF":"Prussia"}},
{"type":"Feature","geometry":{"type":"Polygon","coordinates":[[[-1.08,32.45],[0.87,31.99],[6.27,31.87],[8.02,33.02],[7.82,33.06],[7.58,34.04],[8.22,34.58],[8.27,36.32],[8.64,36.89],[7.91,36.78],[7.31,37.06],[6.92,36.82],[6.32,37.09],[5.14,36.67],[3.74,36.84],[3.32,36.65],[1.06,36.46],[-0.09,35.74],[-1.15,35.63],[-1.5,35.23],[-2.19,35.05],[-1.74,34.61],[-1.68,33.26],[-1.08,32.45]]]},"properties":{"NAME":"Algiers","SUBJECTO":"Algiers","PARTOF":"Algiers"}},
{"type":"Feature","geometry":{"type":"Polygon","coordinates":[[[8.02,33.02],[10.41,33.63],[10.02,34.08],[11.13,35.24],[10.51,36.21],[11.02,37.07],[10.27,36.75],[10.13,37.1],[9.42,37.28],[8.64,36.89],[8.27,36.32],[8.22,34.58],[7.58,34.04],[7.82,33.06],[8.02,33.02]]]},"properties":{"NAME":"Tunis","SUBJECTO":"Tunis","PARTOF":"Tunis"}},
{"type":"Feature","geometry":{"type":"Polygon","coordinates":[[[34.46,9.75],[36.53,9.73],[38.94,9.72],[39.46,10.37],[39.07,12.7],[39,14.43],[38.25,14.39],[37.72,14.8],[36.81,14.25],[36.48,14.27],[36.23,13.25],[35.88,13.1],[35.1,11.79],[34.9,10.98],[34.43,10.73],[34.46,9.75]]]},"properties":{"NAME":"Ethiopia","SUBJECTO":"Ethiopia","PARTOF":"Ethiopia"}},
{"type":"Feature","geometry":{"type":"Polygon","coordinates":[[[23.16,-9.95],[24.31,-10],[24.91,-9.72],[25.42,-8.52],[25.05,-7.69],[23.9,-7.74],[23.53,-7.92],[23.16,-8.57],[23.16,-9.95]]]},"properties":{"NAME":"Lunda","SUBJECTO":"Lunda","PARTOF":"Lunda"}},
{"type":"Feature","geometry":{"type":"Polygon","coordinates":[[[18.9,-9.94],[19.36,-10.9],[20.06,-10.42],[20.14,-10.05],[19.36,-9.6],[18.9,-9.94]]]},"properties":{"NAME":"Imbangala","SUBJECTO":"Imbangala","PARTOF":"Imbangala"}},
{"type":"Feature","geometry":{"type":"Polygon","coordinates":[[[16.84,14.37],[16.71,14.68],[15.15,14.4],[14.53,13.78],[12.73,14.49],[11.6,14.06],[12.5,12.22],[15.81,11.98],[16.84,14.33],[16.84,14.37]]]},"properties":{"NAME":"Kanem-Bornu","SUBJECTO":"Kanem-Bornu","PARTOF":"Kanem-Bornu"}},
{"type":"Feature","geometry":{"type":"Polygon","coordinates":[[[11.6,14.06],[7.16,16.04],[2.5,15.45],[1.46,13.67],[2.72,9.6],[4.72,7.68],[8.86,8.2],[12.19,7.31],[13.3,7.75],[13.67,8.27],[13,9.83],[12.5,12.22],[11.6,14.06]]]},"properties":{"NAME":"Fulani Empire","SUBJECTO":"Fulani Empire","PARTOF":"Fulani Empire"}},
{"type":"Feature","geometry":{"type":"Polygon","coordinates":[[[-13.16,8.85],[-13.21,8.35],[-12.27,7.63],[-12.26,7.35],[-11.47,6.84],[-11.05,7.31],[-11.46,8.63],[-13.03,9],[-13.16,8.85]]]},"properties":{"NAME":"Sierra Leone","SUBJECTO":"Sierra Leone","PARTOF":"Sierra Leone"}},
{"type":"Feature","geometry":{"type":"Polygon","coordinates":[[[34.15,31.21],[33.56,30.97],[32.08,31.01],[31.72,31.39],[31,31.47],[30.1,31.23],[29.25,30.75],[27.92,31],[27.76,31.18],[26.14,31.49],[25.26,31.44],[26,30.71],[29.43,22.66],[31.64,21.28],[32.66,21],[35.25,21.37],[36.8,21.91],[36.29,22.57],[35.75,22.91],[35.47,23.72],[35.72,23.91],[35.19,24.4],[33.93,26.56],[33.35,27.91],[32.65,28.77],[32.32,29.54],[32.65,29.85],[33.33,28.55],[34.06,27.79],[34.32,27.83],[34.55,28.73],[34.94,29.42],[34.15,31.21]]]},"properties":{"NAME":"Egypt","SUBJECTO":"Egypt","PARTOF":"Egypt"}},
{"type":"Feature","geometry":{"type":"Polygon","coordinates":[[[12.12,32.88],[12.41,32.46],[14.72,30.25],[15.65,30.52],[18.89,30.22],[17.42,31],[15.84,31.29],[15.01,32.36],[14.16,32.68],[12.12,32.88]]]},"properties":{"NAME":"Tripolitania","SUBJECTO":"Tripolitania","PARTOF":"Tripolitania"}},
{"type":"Feature","geometry":{"type":"Polygon","coordinates":[[[19.32,30.26],[20.36,30.34],[21.2,31.08],[22.12,31.08],[23.74,32.06],[23.15,32.14],[22.54,32.72],[21.67,32.82],[20.37,32.3],[19.94,31.61],[20.12,30.96],[19.32,30.26]]]},"properties":{"NAME":"Cyrenaica","SUBJECTO":"Cyrenaica","PARTOF":"Cyrenaica"}},
{"type":"Feature","geometry":{"type":"Polygon","coordinates":[[[41.81,21.71],[41.8,23.11],[42.42,25.09],[43.9,25.95],[46.99,25.58],[49.7,24.41],[49.4,26.08],[48.47,26.7],[47.44,28.83],[46.51,28.97],[46.91,29.44],[45.87,29.86],[44.84,29.99],[44.08,30.34],[40.03,34.39],[39.34,34.6],[38.04,34.6],[37.21,33.57],[36.52,31.16],[36.59,29.79],[37.36,27.96],[38.81,24.84],[40.65,24.15],[41.07,22.26],[41.81,21.71]]]},"properties":{"NAME":null,"SUBJECTO":null,"PARTOF":null}},
{"type":"Feature","geometry":{"type":"Polygon","coordinates":[[[56.28,25.46],[56.11,24.3],[56.38,23.82],[57.62,22.16],[57.62,21.51],[57.24,20.81],[57.35,20.11],[57.84,19.03],[57.81,20.17],[58.51,20.42],[58.86,21.11],[59.84,22.28],[58.63,23.46],[58.08,23.5],[57.15,23.98],[56.41,24.82],[56.28,25.46]]]},"properties":{"NAME":"Oman","SUBJECTO":"Oman","PARTOF":"Oman"}},
{"type":"Feature","geometry":{"type":"Polygon","coordinates":[[[41.92,20.77],[43.6,20.06],[45.37,18.61],[51.76,19.95],[53.05,20.38],[53.37,20.76],[53.27,21.83],[53.05,22.16],[51.65,22.59],[50.57,23.85],[49.7,24.41],[46.99,25.58],[43.9,25.95],[42.42,25.09],[41.8,23.11],[41.81,21.71],[41.92,20.77]]]},"properties":{"NAME":"Nejd","SUBJECTO":"Nejd","PARTOF":"Nejd"}},
{"type":"Feature","geometry":{"type":"Polygon","coordinates":[[[46.88,13.47],[46.34,14.1],[45.26,13.83],[44.51,14.1],[43.49,16.62],[42.76,16.65],[42.8,15.47],[43.38,13.57],[43.3,13.24],[43.84,12.66],[44.96,12.83],[45.83,13.41],[46.88,13.47]]]},"properties":{"NAME":"Yemen","SUBJECTO":"Yemen","PARTOF":"Yemen"}},
{"type":"Feature","geometry":{"type":"Polygon","coordinates":[[[50.97,24.44],[50.57,23.85],[51.65,22.59],[53.05,22.16],[53.27,21.83],[53.37,20.76],[53.05,20.38],[51.76,19.95],[45.37,18.61],[43.6,20.06],[41.92,20.77],[40.82,19.68],[41.63,18.05],[42.01,17.74],[42.76,16.65],[43.49,16.62],[44.51,14.1],[45.26,13.83],[46.34,14.1],[46.88,13.47],[48.04,14.05],[48.96,14.22],[49.33,14.63],[51.31,15.25],[52.14,15.69],[52.24,16.1],[52.89,16.61],[54.08,17.02],[54.91,16.97],[55.19,17.15],[55.56,17.94],[56.26,17.98],[56.74,18.69],[57.84,19.03],[57.35,20.11],[57.24,20.81],[57.62,21.51],[57.62,22.16],[56.38,23.82],[56.11,24.3],[56.28,25.46],[56.37,26.24],[55.46,25.42],[54.35,24.15],[53.69,23.99],[52.38,24.11],[51.95,23.95],[51.29,24.28],[51.56,24.82],[51.59,25.61],[51.07,25.95],[50.85,25.27],[50.97,24.44]]]},"properties":{"NAME":null,"SUBJECTO":null,"PARTOF":null}},
{"type":"Feature","geometry":{"type":"Polygon","coordinates":[[[69.05,31.63],[68.24,31.77],[67.68,31.22],[66.92,31.21],[66.47,30.84],[66.09,29.74],[64.09,29.39],[62.37,29.38],[60.82,29.83],[61.78,30.91],[61.69,31.27],[60.79,31.58],[60.54,32.99],[60.85,33.48],[60.42,34.08],[60.79,34.38],[61.22,35.58],[61.01,36.64],[60.35,36.61],[59.24,37.45],[58.09,37.73],[57.23,38.19],[56.52,38.26],[55.36,38.04],[54.47,37.4],[54.02,37.35],[53.8,36.68],[51.8,36.43],[50.56,36.69],[50.04,37.22],[48.84,37.51],[48.82,38.31],[49.12,39.19],[49.28,39.02],[49.81,40.58],[48.5,41.93],[47.57,43.01],[47.49,43.58],[47.25,42.78],[48.22,41.47],[47.35,41.3],[46.85,41.84],[46.04,42.05],[45.81,42.54],[44.98,42.77],[43.96,42.59],[42.88,41.55],[43.85,40.75],[43.81,40.01],[44.67,39.76],[44.08,39.29],[44.46,38.29],[44.21,37.87],[44.79,37.13],[45.39,35.93],[46.21,35.78],[46.18,35.06],[45.67,34.62],[45.51,33.8],[46.51,32.81],[47.79,31.8],[47.69,30.88],[48.55,29.99],[49.22,30.48],[49.32,30.1],[50.13,30.07],[51.35,28.04],[52.41,27.58],[52.89,27.05],[54.65,26.39],[55.9,27.1],[56.79,26.97],[57.25,25.79],[57.9,25.54],[58.74,25.54],[59.03,25.31],[60.48,25.3],[61.34,25.03],[63.4,25.16],[64.06,25.4],[64.42,25.17],[66.62,25.32],[66.7,24.75],[67.77,25.81],[67.61,26.67],[67.66,27.85],[68.36,28.28],[69.27,28.39],[69.32,28.94],[69.04,29.43],[69.05,31.63]]]},"properties":{"NAME":"Persia","SUBJECTO":"Persia","PARTOF":"Persia"}},
{"type":"Feature","geometry":{"type":"Polygon","coordinates":[[[103.62,14.41],[102.94,14.15],[102.36,13.51],[102.75,12.4],[102.61,12.1],[102.53,12.15],[103.04,10.9],[103.52,11.06],[103.52,10.52],[104.39,10.31],[105.49,10.89],[106.09,11.01],[105.84,11.58],[107.38,12.35],[107.51,13.42],[107.31,13.88],[107.39,14.56],[106.84,14.32],[106.51,14.54],[106.05,14.39],[106.14,14.09],[106.13,13.96],[105.86,13.97],[105.13,14.22],[104.36,14.33],[103.62,14.41]]]},"properties":{"NAME":"Cambodia","SUBJECTO":"Cambodia","PARTOF":"Cambodia"}},
{"type":"Feature","geometry":{"type":"Polygon","coordinates":[[[106.7,10.45],[106.09,11.01],[105.49,10.89],[104.39,10.31],[104.98,9.98],[104.74,8.49],[106.48,9.55],[106.7,10.45]]]},"properties":{"NAME":"Cochin China","SUBJECTO":"Cochin China","PARTOF":"Cochin China"}},
{"type":"Feature","geometry":{"type":"Polygon","coordinates":[[[107.88,21.46],[107.1,21.65],[106.51,22.33],[106.59,22.93],[105.94,22.93],[105.31,23.3],[104.48,22.78],[103.4,22.71],[102.99,22.47],[102.57,22.69],[101.97,22.53],[102.69,21.67],[102.99,20.94],[103.61,20.68],[104.13,20.94],[104.72,20.2],[103.9,19.31],[104.81,18.72],[105.41,18.08],[106.64,16.48],[107.11,16.17],[107.1,15.67],[107.46,15],[107.39,14.56],[107.31,13.88],[107.51,13.42],[107.38,12.35],[105.84,11.58],[106.09,11.01],[106.7,10.45],[107.41,10.37],[108.16,10.97],[108.7,11.15],[109.07,11.64],[109.07,12.49],[109.31,12.91],[108.79,15.09],[108.24,16.08],[107.81,16.28],[106.43,17.55],[106.36,18.01],[105.53,18.84],[105.84,19.7],[106.38,20.11],[106.81,20.91],[107.37,20.88],[107.88,21.46]]]},"properties":{"NAME":"Annam","SUBJECTO":"Annam","PARTOF":"Annam"}},
{"type":"Feature","geometry":{"type":"Polygon","coordinates":[[[47.39,11.16],[46.72,8.43],[45.36,6.85],[45.25,5.8],[45.94,3.5],[46.23,2.55],[47.56,3.99],[48.47,5.2],[49.05,6.42],[50.78,9.37],[50.89,10.28],[51.13,10.71],[51.25,11.66],[50.7,11.95],[50.08,11.48],[49.3,11.25],[48.53,11.33],[48,11.12],[47.39,11.16]]]},"properties":{"NAME":"Somalia","SUBJECTO":"Somalia","PARTOF":"Somalia"}},
{"type":"Feature","geometry":{"type":"Polygon","coordinates":[[[45.94,3.5],[43.89,2.03],[41.05,-0.6],[38.75,-3.95],[38.22,-6.16],[38.9,-10.77],[40.52,-10.55],[39.66,-9.8],[39.39,-8.74],[39.48,-8],[39.27,-7.8],[39.57,-7.04],[38.92,-6.34],[38.93,-5.63],[39.27,-4.78],[40.23,-3.19],[40.27,-2.82],[40.75,-2.59],[40.92,-2.08],[41.61,-1.88],[41.61,-1.59],[42.44,-0.51],[43.72,0.8],[44.57,1.46],[45.54,1.97],[46.23,2.55],[45.94,3.5]]]},"properties":{"NAME":"Zanzibar","SUBJECTO":"Zanzibar","PARTOF":"Zanzibar"}},
{"type":"Feature","geometry":{"type":"Polygon","coordinates":[[[38.9,-10.77],[39.53,-12.24],[39.74,-13.71],[39.64,-15.29],[39.22,-15.71],[37.64,-16.02],[36.39,-16.97],[35.55,-16.97],[34.29,-15.92],[33.34,-15.71],[33.97,-16.65],[34.81,-17.6],[34.92,-18.33],[34.18,-18.54],[33.97,-18.96],[34.08,-20.01],[34.5,-23.26],[35.3,-23.83],[35.51,-22.18],[35.26,-22.27],[34.99,-21.27],[35.11,-20.98],[34.7,-20.57],[34.73,-19.86],[35.91,-19.03],[37.28,-17.71],[39.47,-16.72],[40.39,-15.74],[40.85,-14.58],[40.62,-14.48],[40.6,-13.53],[40.37,-12.99],[40.53,-12.58],[40.31,-11.34],[40.52,-10.55],[38.9,-10.77]]]},"properties":{"NAME":"Portuguese East Africa","SUBJECTO":"Portuguese East Africa","PARTOF":"Portuguese East Africa"}},
{"type":"Feature","geometry":{"type":"Polygon","coordinates":[[[77.49,41.06],[78.11,41.07],[78.87,41.68],[80.11,42],[80.21,42.81],[80.77,43.38],[80.43,44.07],[80.24,45.12],[81.69,45.36],[82.43,45.17],[82.44,45.74],[83.25,47.29],[84.34,47.05],[85.48,47.09],[85.75,47.44],[85.61,48.1],[85.95,48.49],[86.76,48.65],[86.78,48.99],[89.8,49.82],[90,50.31],[92.16,50.76],[93.32,50.62],[94.21,51.32],[93.57,52.35],[91.12,52.48],[84.44,50.55],[81.48,50.29],[78.65,50.81],[77.06,52.23],[75.46,51.66],[71.88,51.74],[66.53,50.64],[72.95,45.03],[76.74,43.36],[73.78,42.97],[74.89,42.69],[76.98,41.72],[77.49,41.06]],[[78.82,46.79],[78.89,46.37],[75.4,46.61],[74.28,46],[74.12,45],[73.44,45.66],[74.63,46.75],[75.83,46.82],[76.5,46.64],[78.14,46.59],[78.82,46.79]]]},"properties":{"NAME":"central Asian khanates","SUBJECTO":"central Asian khanates","PARTOF":"central Asian khanates"}},
{"type":"Feature","geometry":{"type":"Polygon","coordinates":[[[124.13,39.84],[124.49,40.28],[125.88,40.95],[126.47,41.65],[127.42,41.36],[128.1,41.45],[127.98,42.11],[128.76,42.06],[129.46,42.42],[129.97,42.96],[130.23,42.65],[131.14,43.23],[130.99,44.82],[131.74,45.26],[132.78,44.99],[133.38,45.65],[134.17,47.33],[134.72,47.69],[134.63,48.21],[134.11,48.25],[132.27,47.78],[130.92,47.73],[130.48,48.9],[127.71,49.7],[126.68,51.45],[126.19,52.52],[125.51,53.16],[124.64,53.11],[123.35,53.51],[121.19,53.32],[119.94,52.59],[120.56,52.61],[120.75,52.01],[120.13,51.73],[119.18,50.7],[119.29,50.12],[117.49,49.59],[116.57,50.01],[115.73,49.86],[114.1,50.27],[112.52,49.46],[110.2,49.24],[109.42,49.3],[107.55,49.83],[106.32,50.42],[105.16,50.44],[103.68,50.17],[102.64,50.46],[102.12,51.36],[101.01,51.67],[97.61,52.15],[97.32,52.83],[95.87,53.8],[95.19,53.8],[93.57,52.35],[94.21,51.32],[93.32,50.62],[92.16,50.76],[90,50.31],[89.8,49.82],[86.78,48.99],[86.76,48.65],[85.95,48.49],[85.61,48.1],[85.75,47.44],[85.48,47.09],[84.34,47.05],[83.25,47.29],[82.44,45.74],[82.43,45.17],[81.69,45.36],[80.24,45.12],[80.43,44.07],[80.77,43.38],[80.21,42.81],[80.11,42],[78.87,41.68],[78.11,41.07],[77.49,41.06],[77.02,41.11],[76.48,40.44],[75.7,40.34],[75.43,40.61],[73.83,39.78],[73.86,38.54],[74.58,38.59],[75.01,37.47],[74.73,37.21],[74.52,37],[75.63,36.77],[75.75,36.05],[76.82,35.56],[77.85,35.47],[78.14,34.55],[78.81,34.2],[78.62,33.5],[79.45,33.2],[79.57,32.7],[78.97,32.39],[78.45,32.58],[78.89,31.32],[79.11,31.46],[79.63,30.97],[80.28,30.76],[81.02,30.25],[82.14,30.37],[82.2,30.09],[83.4,29.54],[83.7,29.18],[85.14,28.34],[85.73,28.34],[86.45,27.95],[88.2,27.88],[88.73,27.87],[88.8,27.18],[89.86,28.27],[90,28.05],[91.15,28.03],[91.61,27.64],[92.55,27.92],[93.05,28.42],[94.57,29.2],[95.31,29],[95.93,29.38],[96.46,28.88],[96.25,28.39],[97.34,28.18],[98.01,28.09],[98.22,27.55],[98.64,27.48],[98.73,26.34],[98.38,25.63],[97.52,24.8],[97.7,23.88],[98.77,24.09],[98.98,23.15],[99.47,23.14],[99.16,22.31],[99.76,22.13],[100.32,21.46],[100.89,21.72],[101.24,21.26],[101.75,21.47],[101.54,22.14],[101.97,22.53],[102.57,22.69],[102.99,22.47],[103.4,22.71],[104.48,22.78],[105.31,23.3],[105.94,22.93],[106.59,22.93],[106.51,22.33],[107.1,21.65],[107.88,21.46],[108.55,21.82],[109.12,21.4],[109.78,21.48],[109.61,21.06],[109.93,20.24],[110.43,20.44],[110.08,20.87],[110.57,21.23],[112.75,21.76],[113.38,22.16],[113.46,22.77],[113.72,22.48],[114.54,22.67],[114.56,22.46],[115.31,22.77],[115.71,22.64],[116.34,22.91],[116.4,23.2],[117.85,24.05],[117.92,24.56],[118.35,24.47],[118.81,24.85],[119.47,25.77],[119.43,26.59],[120.35,27.18],[121.01,28.28],[121.36,28.39],[121.77,29.83],[121.16,30.19],[120.44,30],[119.94,30.12],[121.57,30.71],[121.27,31.45],[121.61,31.83],[120.66,32.54],[120.64,33.04],[119.97,34.14],[119.02,34.69],[119.06,35.04],[119.69,35.54],[120.14,36.19],[120.5,36.06],[120.86,36.58],[121.85,36.86],[122.26,36.73],[122.39,37.3],[121.43,37.34],[120.66,37.74],[119.6,37.12],[118.95,37.08],[118.88,37.95],[117.59,38.28],[117.44,38.6],[117.75,39.2],[118.27,39],[118.98,39.22],[119.39,39.84],[120.27,40.15],[121.01,40.85],[121.75,40.74],[122.11,40.35],[121.24,39.55],[121.66,39.33],[121.07,38.75],[123.04,39.67],[124.13,39.84]]]},"properties":{"NAME":"Manchu Empire","SUBJECTO":"Manchu Empire","PARTOF":"Manchu Empire"}},
{"type":"Feature","geometry":{"type":"Polygon","coordinates":[[[-2.19,35.05],[-3.01,35.39],[-3.44,35.17],[-4.59,35.15],[-5.57,35.86],[-5.93,35.73],[-6.51,34.45],[-7,33.87],[-8.31,33.34],[-9.22,32.58],[-9.32,31.96],[-9.81,31.29],[-9.66,29.95],[-10.34,29.15],[-8.59,28.64],[-8.28,28.78],[-4.95,28.86],[-1.71,28.39],[-1.34,29.04],[-1.71,30.06],[-1.08,32.45],[-1.68,33.26],[-1.74,34.61],[-2.19,35.05]]]},"properties":{"NAME":"Morocco","SUBJECTO":"Morocco","PARTOF":"Morocco"}},
{"type":"Feature","geometry":{"type":"MultiPolygon","coordinates":[[[[-50.48,-1.68],[-49.35,-1.64],[-48.89,-1.42],[-48.4,-0.39],[-49.14,-0.2],[-50.5,-0.26],[-50.65,-1.27],[-50.48,-1.68]]],[[[-58.58,6.98],[-58.62,7.5],[-59.83,8.44],[-60.21,8.56],[-61.76,8.58],[-61.29,8.77],[-60.79,9.39],[-61.53,9.85],[-62.38,10.01],[-62.91,10.55],[-62.7,10.76],[-64.07,10.63],[-64.88,10.14],[-65.38,10.15],[-66.48,10.68],[-67.98,10.54],[-68.69,11.38],[-69.63,11.54],[-69.97,12.23],[-70.34,12],[-69.75,11.53],[-71.55,10.95],[-71.09,9.92],[-71.04,9.39],[-71.6,9.09],[-72.11,9.9],[-71.69,10.77],[-71.99,11.61],[-71.19,11.91],[-71.44,12.42],[-72.06,12.24],[-72.38,11.81],[-73.36,11.32],[-74.22,11.37],[-74.45,10.77],[-74.77,11.06],[-75.45,10.63],[-75.7,9.43],[-76.16,9.31],[-76.76,8.69],[-76.86,7.93],[-77.68,8.96],[-78.27,9.39],[-79.5,9.64],[-80.96,8.86],[-82.23,9.05],[-82.56,9.58],[-82.91,9.52],[-82.68,8.98],[-82.96,8.05],[-82.38,8.32],[-81.66,8.16],[-81.2,7.64],[-81.12,7.94],[-80.66,7.25],[-79.98,7.49],[-80.4,8.06],[-79.71,8.62],[-79.72,8.88],[-79.07,9.03],[-78.59,8.81],[-78.38,8.39],[-78.04,8.55],[-77.79,8.18],[-78.33,8.09],[-77.9,7.17],[-77.4,6.67],[-77.47,6.09],[-77.22,5.88],[-77.5,5.51],[-77.27,4.74],[-77.44,4.18],[-77.11,3.79],[-77.8,2.58],[-78.47,2.47],[-78.49,1.92],[-79.06,1.68],[-78.93,1.41],[-79.38,1.02],[-80.09,0.82],[-80.11,0.05],[-80.34,-0.66],[-80.97,-1.03],[-80.74,-2.12],[-80.96,-2.35],[-80.36,-2.73],[-79.81,-2.17],[-79.76,-2.8],[-80.23,-3.47],[-80.26,-4.41],[-79.69,-4.46],[-79.29,-5.01],[-77.41,-4.33],[-77.34,-4.79],[-75.69,-5.06],[-75.49,-4.66],[-74.98,-4.78],[-74.6,-4.36],[-74.31,-4.61],[-73.59,-4.44],[-73.25,-3.6],[-72.88,-3.39],[-72.24,-3.52],[-71.86,-3.26],[-71.74,-3.64],[-71.06,-3.94],[-70.21,-3.81],[-69.9,-4.38],[-69.36,-4.14],[-69.23,-3.48],[-67.98,-3.41],[-67.25,-2.55],[-66.66,-2.82],[-67.06,0.94],[-66.66,0.99],[-66.13,0.64],[-65.6,0.99],[-65.36,0.56],[-64.73,1.19],[-64.19,1.4],[-63.88,1.88],[-63.33,2.06],[-60.52,2.19],[-59.62,1.73],[-58.85,1.15],[-57.9,1.59],[-57.88,2.85],[-58.58,5],[-58.58,6.98]],[[-77.25,-2.76],[-77.9,-3.11],[-78.39,-2.91],[-78.56,-2.13],[-77.85,-1.67],[-77.25,-2.1],[-77.25,-2.76]]]]},"properties":{"NAME":"Viceroyalty of New Granada","SUBJECTO":"Spain","PARTOF":"Vice-Royalty of New Granada"}},
{"type":"Feature","geometry":{"type":"Polygon","coordinates":[[[-53.84,5.69],[-54.57,5.96],[-55.81,6],[-55.91,5.78],[-56.75,6],[-57.07,5.84],[-57.41,6.35],[-58.58,6.98],[-58.58,5],[-57.88,2.85],[-57.9,1.59],[-57.13,1.9],[-55.79,1.73],[-56.07,2.18],[-54.86,2.48],[-54.39,2.26],[-53.98,3.36],[-54.37,4.69],[-53.84,5.69]]]},"properties":{"NAME":"Guiana","SUBJECTO":"Netherlands","PARTOF":"Guiana"}},
{"type":"Feature","geometry":{"type":"Polygon","coordinates":[[[-53.84,5.69],[-54.37,4.69],[-53.98,3.36],[-54.39,2.26],[-54.86,2.48],[-56.07,2.18],[-55.79,1.73],[-57.13,1.9],[-57.9,1.59],[-58.85,1.15],[-59.62,1.73],[-60.52,2.19],[-63.33,2.06],[-63.88,1.88],[-64.19,1.4],[-64.73,1.19],[-65.36,0.56],[-65.6,0.99],[-66.13,0.64],[-66.66,0.99],[-67.06,0.94],[-66.66,-2.82],[-67.25,-2.55],[-67.98,-3.41],[-69.23,-3.48],[-69.36,-4.14],[-69.9,-4.38],[-70.55,-4.27],[-71.43,-4.52],[-72.77,-5.14],[-73.19,-6.08],[-73.06,-6.52],[-73.78,-7.04],[-73.84,-7.58],[-72.92,-9.04],[-66.47,-9.91],[-65.31,-9.82],[-65.27,-11.37],[-64.26,-12.47],[-63.61,-12.51],[-62.65,-13.03],[-62.08,-13.1],[-61.63,-13.63],[-61.11,-13.59],[-60.36,-13.9],[-60.21,-15.85],[-60.03,-16.33],[-58.33,-16.37],[-58.4,-17.13],[-57.88,-17.48],[-57.6,-18.04],[-57.78,-19.17],[-58.14,-19.81],[-55.13,-24.06],[-54.55,-23.86],[-54.22,-24.12],[-54.6,-25.2],[-54.58,-25.74],[-53.94,-25.66],[-53.62,-26.27],[-53.73,-27.22],[-54.75,-27.69],[-55.65,-28.46],[-57.58,-30.4],[-56.75,-30.25],[-55.87,-31.17],[-55.44,-30.97],[-55.08,-31.41],[-53.89,-32.05],[-53.24,-32.94],[-53.57,-33.4],[-53.41,-33.88],[-52.35,-32.68],[-52.04,-31.56],[-51.45,-31.02],[-51.23,-30.27],[-50.58,-30.42],[-51.48,-31.82],[-50.47,-30.74],[-49.94,-29.63],[-48.94,-28.7],[-48.56,-27.68],[-48.78,-26.39],[-48.52,-25.88],[-48.72,-25.43],[-47.89,-24.99],[-46.21,-23.88],[-45.46,-23.86],[-44.66,-23.26],[-44.56,-22.99],[-42.97,-23.03],[-41.96,-22.92],[-41.93,-22.55],[-40.98,-22.09],[-40.93,-21.28],[-39.69,-19.41],[-39.67,-18.23],[-39.14,-17.77],[-39.21,-17.15],[-38.95,-16],[-39.13,-14.32],[-38.8,-12.63],[-38.27,-12.89],[-37.64,-11.95],[-37.19,-10.84],[-36.83,-10.74],[-35.6,-9.63],[-35.11,-8.66],[-34.89,-7.61],[-35.04,-6.65],[-35.46,-5.27],[-37.18,-4.95],[-38.79,-3.6],[-39.72,-3.01],[-40.23,-2.85],[-41.1,-2.97],[-42.32,-2.82],[-43.33,-2.43],[-44.22,-2.78],[-44.59,-3.15],[-44.71,-2.76],[-44.46,-2.27],[-44.8,-1.74],[-45.37,-1.76],[-45.64,-1.36],[-46.93,-0.93],[-47.24,-0.68],[-48.04,-0.82],[-48.39,-1.41],[-49.42,-2.36],[-49.29,-1.79],[-49.62,-1.92],[-50.64,-1.88],[-50.98,-1.11],[-52.02,-1.57],[-51.53,-0.43],[-50.65,0.27],[-49.88,1.21],[-49.97,1.73],[-50.69,2.22],[-51.21,4.07],[-51.71,4.23],[-53.03,5.43],[-53.84,5.69]]]},"properties":{"NAME":"Viceroyalty of Brazil","SUBJECTO":"Portugal","PARTOF":"Vice-Royalty of Brazil"}},
{"type":"Feature","geometry":{"type":"Polygon","coordinates":[[[-54.58,-25.74],[-54.6,-25.2],[-54.22,-24.12],[-54.55,-23.86],[-55.13,-24.06],[-58.14,-19.81],[-62.61,-22.16],[-61.24,-23.62],[-60.64,-23.99],[-59.81,-24.22],[-59.08,-24.71],[-57.71,-25.34],[-58.28,-26.38],[-58.2,-26.76],[-58.66,-27.22],[-56.78,-27.39],[-56.16,-27.25],[-55.73,-27.45],[-54.82,-26.56],[-54.58,-25.74]]]},"properties":{"NAME":"Paraguay","SUBJECTO":"Paraguay","PARTOF":"Paraguay"}},
{"type":"Feature","geometry":{"type":"Polygon","coordinates":[[[-80.23,-3.47],[-81.3,-4.33],[-81.42,-4.68],[-80.88,-5.59],[-81.3,-6.04],[-80.07,-6.76],[-79.06,-8.22],[-77.69,-10.84],[-77.71,-11.26],[-77.34,-11.51],[-76.24,-13.5],[-76.24,-14.11],[-75.23,-15.22],[-74.05,-16.04],[-71.61,-17.22],[-71.37,-17.7],[-70.58,-18.08],[-70.21,-19.07],[-70.11,-21.75],[-70.29,-22.99],[-70.57,-23.17],[-70.36,-23.66],[-70.5,-24.83],[-70.4,-25.25],[-70.93,-27.73],[-71.43,-29.1],[-71.23,-29.52],[-71.7,-30.85],[-71.42,-32.75],[-71.75,-33.19],[-71.62,-33.71],[-72.17,-34.96],[-72.63,-35.65],[-73.14,-37.16],[-73.67,-37.5],[-73.19,-39.57],[-73.76,-40.24],[-73.91,-40.84],[-73.59,-41.7],[-72.59,-41.62],[-71.8,-41.57],[-71.86,-40.75],[-71.42,-39.11],[-70.84,-38.73],[-71.15,-37.81],[-71.1,-36.81],[-70.39,-36.17],[-70.48,-35.36],[-69.85,-34.26],[-69.84,-33.76],[-70.5,-31.69],[-70.26,-30.72],[-69.85,-30.36],[-69.95,-29.36],[-69.58,-28.53],[-68.82,-27.27],[-68.32,-27.22],[-68.54,-26.54],[-68.35,-26.2],[-68.56,-25.44],[-68.39,-24.6],[-67.26,-24.08],[-66.97,-23.14],[-67.19,-22.98],[-66.15,-21.92],[-65.64,-22.17],[-64.76,-22.16],[-64.25,-22.88],[-63.78,-22.07],[-62.61,-22.16],[-58.14,-19.81],[-57.78,-19.17],[-57.6,-18.04],[-57.88,-17.48],[-58.4,-17.13],[-58.33,-16.37],[-60.03,-16.33],[-60.21,-15.85],[-60.36,-13.9],[-61.11,-13.59],[-61.63,-13.63],[-62.08,-13.1],[-62.65,-13.03],[-63.61,-12.51],[-64.26,-12.47],[-65.27,-11.37],[-65.31,-9.82],[-66.47,-9.91],[-72.92,-9.04],[-73.84,-7.58],[-73.78,-7.04],[-73.06,-6.52],[-73.19,-6.08],[-72.77,-5.14],[-71.43,-4.52],[-70.55,-4.27],[-69.9,-4.38],[-70.21,-3.81],[-71.06,-3.94],[-71.74,-3.64],[-71.86,-3.26],[-72.24,-3.52],[-72.88,-3.39],[-73.25,-3.6],[-73.59,-4.44],[-74.31,-4.61],[-74.6,-4.36],[-74.98,-4.78],[-75.49,-4.66],[-75.69,-5.06],[-77.34,-4.79],[-77.41,-4.33],[-79.29,-5.01],[-79.69,-4.46],[-80.26,-4.41],[-80.23,-3.47]]]},"properties":{"NAME":"Viceroyalty of Peru","SUBJECTO":"Spain","PARTOF":"Vice-Royalty of Peru"}},
{"type":"Feature","geometry":{"type":"Polygon","coordinates":[[[-62.61,-22.16],[-63.78,-22.07],[-64.25,-22.88],[-64.76,-22.16],[-65.64,-22.17],[-66.15,-21.92],[-67.19,-22.98],[-66.97,-23.14],[-67.26,-24.08],[-68.39,-24.6],[-68.56,-25.44],[-68.35,-26.2],[-68.54,-26.54],[-68.32,-27.22],[-68.82,-27.27],[-69.58,-28.53],[-69.95,-29.36],[-69.85,-30.36],[-70.26,-30.72],[-70.5,-31.69],[-69.84,-33.76],[-69.85,-34.26],[-70.48,-35.36],[-70.39,-36.17],[-71.1,-36.81],[-71.15,-37.81],[-70.84,-38.73],[-71.42,-39.11],[-71.86,-40.75],[-71.8,-41.57],[-70.75,-41],[-69.95,-40.97],[-69.77,-40.44],[-69.3,-40.38],[-68.83,-39.73],[-66.28,-40.26],[-64.98,-40.08],[-64.92,-40.56],[-64.21,-40.56],[-62.73,-41.05],[-62.29,-40.67],[-62.47,-40.37],[-62.07,-39.56],[-62.35,-39.33],[-62.31,-38.88],[-61.36,-39.03],[-59.52,-38.87],[-57.81,-38.39],[-56.7,-36.94],[-56.8,-36.54],[-57.29,-36.27],[-57.37,-36.15],[-57.23,-35.44],[-58.52,-34.59],[-58.34,-34.22],[-57.79,-34.6],[-57.35,-34.51],[-56.34,-35],[-55.38,-34.82],[-54.62,-34.92],[-54.07,-34.65],[-53.41,-33.88],[-53.57,-33.4],[-53.24,-32.94],[-53.89,-32.05],[-55.08,-31.41],[-55.44,-30.97],[-55.87,-31.17],[-56.75,-30.25],[-57.58,-30.4],[-55.65,-28.46],[-54.75,-27.69],[-53.73,-27.22],[-53.62,-26.27],[-53.94,-25.66],[-54.58,-25.74],[-54.82,-26.56],[-55.73,-27.45],[-56.16,-27.25],[-56.78,-27.39],[-58.66,-27.22],[-58.2,-26.76],[-58.28,-26.38],[-57.71,-25.34],[-59.08,-24.71],[-59.81,-24.22],[-60.64,-23.99],[-61.24,-23.62],[-62.61,-22.16]]]},"properties":{"NAME":"United Provinces of the Río de la Plata","SUBJECTO":"Spain","PARTOF":"United Provinces of La Plata"}},
{"type":"Feature","geometry":{"type":"MultiPolygon","coordinates":[[[[-65.78,-47.71],[-66.08,-48.14],[-67.58,-49.06],[-67.83,-49.97],[-69.04,-50.56],[-69.11,-51.35],[-69.08,-51.5],[-69.04,-50.56],[-67.83,-49.97],[-67.58,-49.06],[-66.08,-48.14],[-65.78,-47.71]]],[[[-65.13,-41.24],[-64.94,-40.83],[-63.84,-41.16],[-62.73,-41.05],[-64.21,-40.56],[-62.73,-41.05],[-63.84,-41.16],[-64.94,-40.83],[-65.13,-41.24]]]]},"properties":{"NAME":null,"SUBJECTO":null,"PARTOF":null}},
{"type":"Feature","geometry":{"type":"Polygon","coordinates":[[[-71.44,-53.88],[-71,-53.82],[-70.73,-52.8],[-69.9,-52.63],[-70.42,-52.67],[-70.73,-52.8],[-71,-53.82],[-71.44,-53.88]]]},"properties":{"NAME":null,"SUBJECTO":null,"PARTOF":null}},
{"type":"Feature","geometry":{"type":"Polygon","coordinates":[[[92.51,22.11],[92.6,21.39],[92.12,21],[92.89,20.11],[93.33,20.03],[93.97,19.19],[94.42,18.14],[94.47,17.64],[95.16,17.64],[95.36,18.04],[94.7,20.02],[93.32,21.73],[93.13,22.2],[92.51,22.11]]]},"properties":{"NAME":"Arakan","SUBJECTO":"Arakan","PARTOF":"Arakan"}},
{"type":"Feature","geometry":{"type":"Polygon","coordinates":[[[10.86,45.05],[10.66,45.81],[10.4,46.89],[8.91,45.84],[8.64,46.12],[8.45,45.52],[9.13,45.12],[10.39,45.03],[10.86,45.05]]]},"properties":{"NAME":"Lombardy","SUBJECTO":"Austrian Empire","PARTOF":"Lombardy"}},
{"type":"Feature","geometry":{"type":"Polygon","coordinates":[[[13.8,45.57],[13.57,46.51],[11.74,46.75],[11.91,46.41],[11.17,45.74],[10.66,45.81],[10.86,45.05],[11.17,45.07],[12.14,45.1],[12.38,44.73],[12.28,45.4],[13.67,45.71],[13.8,45.57]]]},"properties":{"NAME":"Venetia","SUBJECTO":"Austrian Empire","PARTOF":"Venetia"}},
{"type":"Feature","geometry":{"type":"Polygon","coordinates":[[[9.57,44.44],[9.98,44.41],[10.06,44.38],[10.13,44.36],[10.39,45.03],[9.13,45.12],[9.57,44.44]]]},"properties":{"NAME":"Parma","SUBJECTO":"Austrian Empire","PARTOF":"Parma"}},
{"type":"Feature","geometry":{"type":"Polygon","coordinates":[[[7.4,43.76],[8.67,44.42],[9.83,44.15],[9.88,44.29],[9.57,44.44],[9.13,45.12],[8.45,45.52],[8.64,46.12],[8.44,46.47],[7.79,45.93],[6.96,45.94],[6.81,46.39],[6.38,46.34],[5.94,46.18],[5.82,45.4],[6.94,44.87],[6.92,43.82],[7.4,43.76]]]},"properties":{"NAME":"Kingdom of Sardinia","SUBJECTO":"Kingdom of Sardinia","PARTOF":"Kingdom of Sardinia"}},
{"type":"Feature","geometry":{"type":"Polygon","coordinates":[[[12.38,44.73],[12.14,45.1],[11.17,45.07],[11.2,44.14],[12.02,44.17],[12.3,43.28],[11.96,42.01],[12.98,41.37],[13.76,41.21],[13.93,41.75],[13.41,42.36],[14.08,42.63],[13.6,43.53],[12.7,43.93],[12.38,44.73]],[[12.4,43.96],[12.5,43.99],[12.49,43.9],[12.4,43.96]]]},"properties":{"NAME":"Papal States","SUBJECTO":"Papal States","PARTOF":"Papal States"}},
{"type":"Feature","geometry":{"type":"Polygon","coordinates":[[[9.88,44.29],[9.98,44.41],[9.57,44.44],[9.88,44.29]]]},"properties":{"NAME":"Pontremoli","SUBJECTO":"Pontremoli","PARTOF":"Pontremoli"}},
{"type":"Feature","geometry":{"type":"Polygon","coordinates":[[[10.06,44.38],[10.04,44.29],[10.14,44.22],[10.13,44.36],[10.06,44.38]]]},"properties":{"NAME":"Fivizzano","SUBJECTO":"Fivizzano","PARTOF":"Fivizzano"}},
{"type":"Feature","geometry":{"type":"Polygon","coordinates":[[[10.34,43.6],[10.69,44.09],[10.41,43.94],[10.26,43.75],[10.34,43.6]]]},"properties":{"NAME":"Lucca","SUBJECTO":"Lucca","PARTOF":"Lucca"}},
{"type":"Feature","geometry":{"type":"Polygon","coordinates":[[[11.96,42.01],[12.3,43.28],[12.02,44.17],[11.2,44.14],[10.69,44.09],[10.34,43.6],[10.74,42.85],[11.96,42.01]]]},"properties":{"NAME":"Tuscany","SUBJECTO":"Tuscany","PARTOF":"Tuscany"}},
{"type":"Feature","geometry":{"type":"Polygon","coordinates":[[[11.2,44.14],[11.17,45.07],[10.86,45.05],[10.39,45.03],[10.13,44.36],[10.14,44.22],[10.04,44.29],[10.06,44.38],[9.98,44.41],[9.88,44.29],[9.83,44.15],[10.16,43.88],[10.41,43.94],[10.69,44.09],[11.2,44.14]]]},"properties":{"NAME":"Modena","SUBJECTO":"Austrian Empire","PARTOF":"Modena"}},
{"type":"Feature","geometry":{"type":"Polygon","coordinates":[[[10.41,43.94],[10.16,43.88],[10.26,43.75],[10.41,43.94]]]},"properties":{"NAME":"Massa","SUBJECTO":"Massa","PARTOF":"Massa"}},
{"type":"Feature","geometry":{"type":"Polygon","coordinates":[[[8.82,50.23],[9.08,49.38],[9.64,49.29],[9.72,48.36],[9.46,47.65],[9.67,47.56],[11.17,47.42],[11.56,47.61],[13,47.73],[12.69,48.13],[13.95,48.66],[12.54,49.56],[12.25,50.22],[11.84,50.33],[10.89,50.44],[10.87,49.96],[10.18,49.96],[9.69,50.5],[8.82,50.23]]]},"properties":{"NAME":"Bavaria","SUBJECTO":"Bavaria","PARTOF":"Bavaria"}},
{"type":"Feature","geometry":{"type":"Polygon","coordinates":[[[8.64,47.78],[8.98,47.68],[9.12,47.68],[9.22,47.67],[9.46,47.65],[9.72,48.36],[9.64,49.29],[8.37,48.49],[8.02,48.46],[8.4,47.91],[8.51,48.11],[8.29,48.35],[8.61,48.23],[8.59,47.89],[8.64,47.78]]]},"properties":{"NAME":"Württemberg","SUBJECTO":"Württemberg","PARTOF":"Württemberg"}},
{"type":"Feature","geometry":{"type":"Polygon","coordinates":[[[91.61,27.64],[92,27.19],[91.91,26.81],[91.16,26.75],[90,26.36],[90,25.97],[91.43,26.1],[91.57,24.35],[91.3,24.35],[92.05,23.69],[93.43,24.08],[94.18,23.94],[94.7,24.95],[94.64,25.37],[95.06,25.88],[95.18,26.56],[96.3,27.24],[97.06,27.13],[97.01,27.58],[97.34,28.18],[96.25,28.39],[96.46,28.88],[95.93,29.38],[95.31,29],[94.57,29.2],[93.05,28.42],[92.55,27.92],[91.61,27.64]]]},"properties":{"NAME":"Assam","SUBJECTO":"Assam","PARTOF":"Assam"}},
{"type":"Feature","geometry":{"type":"Polygon","coordinates":[[[97.34,28.18],[97.01,27.58],[97.06,27.13],[96.3,27.24],[95.18,26.56],[95.06,25.88],[94.64,25.37],[94.7,24.95],[94.18,23.94],[93.43,24.08],[92.05,23.69],[92.53,22.6],[92.51,22.11],[93.13,22.2],[93.32,21.73],[94.7,20.02],[95.36,18.04],[95.16,17.64],[94.47,17.64],[94.14,16.01],[94.82,16.21],[95.33,15.68],[95.71,16.16],[96.47,16.51],[96.88,17.35],[97.57,16.45],[97.82,14.62],[98.49,13.11],[98.87,11.65],[98.4,10.56],[98.59,10.12],[99.58,11.89],[99.1,12.97],[99,13.89],[98.49,14.37],[98.14,15.19],[98.58,15.47],[98.48,16],[98.82,16.32],[98.39,17.08],[97.79,17.58],[97.71,18.05],[97.27,18.5],[97.37,20.78],[98.2,21.61],[97.7,23.88],[97.52,24.8],[98.38,25.63],[98.73,26.34],[98.64,27.48],[98.22,27.55],[98.01,28.09],[97.34,28.18]]]},"properties":{"NAME":"Burma","SUBJECTO":"Burma","PARTOF":"Burma"}},
{"type":"Feature","geometry":{"type":"Polygon","coordinates":[[[88.23,26.76],[88.87,26.91],[88.8,27.18],[88.73,27.87],[88.2,27.88],[88.04,27.13],[88.23,26.76]]]},"properties":{"NAME":"Sikkim (Indian princely state)","SUBJECTO":"Sikkim (Indian princely state)","PARTOF":"Sikkim (Indian princely state)"}},
{"type":"Feature","geometry":{"type":"Polygon","coordinates":[[[80.91,28.49],[80.8,27.89],[80.18,27.2],[80.18,26.73],[80.52,26.11],[81.96,25.29],[82.71,25.22],[83.33,25.9],[83.12,26.45],[83.6,26.45],[83.87,27.38],[83.32,27.37],[80.91,28.49]]]},"properties":{"NAME":"Oudh","SUBJECTO":"Oudh","PARTOF":"Oudh"}},
{"type":"Feature","geometry":{"type":"Polygon","coordinates":[[[75.24,14.15],[75,14.05],[75.56,12.51],[76.06,12.08],[76.46,12.18],[76.48,11.74],[76.92,11.04],[77.17,11.45],[78.61,12.25],[78.79,12.77],[78.39,13.04],[76.79,13.19],[76.53,14.29],[75.82,13.92],[75.24,14.15]]]},"properties":{"NAME":"Mysore (Indian princely state)","SUBJECTO":"Mysore (Indian princely state)","PARTOF":"Mysore (Indian princely state)"}},
{"type":"Feature","geometry":{"type":"Polygon","coordinates":[[[76.29,9.98],[76.7,8.71],[77.34,8.05],[77.85,8.23],[77.45,8.44],[77.32,10.07],[76.74,10.21],[76.29,9.98]]]},"properties":{"NAME":"Travancore","SUBJECTO":"Travancore","PARTOF":"Travancore"}},
{"type":"Feature","geometry":{"type":"Polygon","coordinates":[[[77.68,30.37],[77.59,29.96],[76.94,29.7],[77.38,29.1],[76.64,28.71],[77.07,28.45],[76.81,27.8],[77.55,27.93],[78.5,26.47],[78.97,26.47],[78.89,25.86],[79.28,25.43],[80.27,25.52],[80.87,25.08],[81.22,24.44],[81.74,24.78],[82.21,24.74],[82.34,24.18],[83.46,23.79],[83.55,23.18],[84.15,23.06],[84.59,22.67],[84.28,22.11],[85.32,22.15],[85.32,21.76],[85.88,21.54],[85.97,22.36],[86.36,21.8],[86.87,21.59],[86.31,21.24],[85.23,21.03],[85.36,20.21],[84.46,20.16],[84.72,19.77],[83.98,19.51],[84.07,20.08],[83.55,19.95],[83.38,20.34],[82.04,20.46],[81.7,19.47],[81.91,18.09],[81.43,18.5],[81.05,18.4],[80.84,17.5],[80.59,17.27],[80.04,18.15],[79.93,17.85],[80.4,17.07],[81.03,17.07],[80.37,16.58],[79.94,16.74],[79.32,16.33],[79.42,16.02],[78.77,15.95],[76.94,15.43],[76.42,14.81],[75.97,14.81],[75.24,14.15],[75.82,13.92],[76.53,14.29],[76.79,13.19],[78.39,13.04],[78.79,12.77],[78.61,12.25],[77.17,11.45],[76.92,11.04],[76.48,11.74],[76.46,12.18],[76.06,12.08],[75.56,12.51],[75,14.05],[74.6,14.68],[74.42,14.38],[74.73,13.68],[75.21,12.1],[75.65,11.42],[76.29,9.98],[76.74,10.21],[77.32,10.07],[77.45,8.44],[77.85,8.23],[78.31,9],[79.16,9.28],[78.93,9.49],[79.22,10.19],[79.79,10.25],[79.71,11.44],[80.32,13.33],[80.09,15.18],[80.3,15.65],[80.96,15.72],[81.37,16.35],[82.23,16.65],[82.35,17.09],[83.38,17.71],[84.26,18.46],[85.11,19.44],[86.12,19.81],[86.93,20.69],[86.8,21.14],[88.05,21.94],[88.38,21.58],[89.58,21.7],[90,21.93],[90,22.56],[91.08,22.56],[91.41,22.72],[91.85,21.91],[92.12,21],[92.6,21.39],[92.51,22.11],[92.53,22.6],[92.05,23.69],[91.3,24.35],[91.57,24.35],[91.43,26.1],[90,25.97],[90,26.36],[91.16,26.75],[89.83,26.69],[88.87,26.91],[88.23,26.76],[88.09,26.44],[86.78,26.47],[85.63,26.88],[85.37,26.76],[84.67,27.07],[84.65,27.37],[83.87,27.38],[83.6,26.45],[83.12,26.45],[83.33,25.9],[82.71,25.22],[81.96,25.29],[80.52,26.11],[80.18,26.73],[80.18,27.2],[80.8,27.89],[80.91,28.49],[80.1,28.95],[79.71,29.36],[79.28,28.32],[78.89,28.54],[79.06,29.75],[78.33,29.83],[77.68,30.37]]]},"properties":{"NAME":"British East India Company","SUBJECTO":"British East India Company","PARTOF":"British East India Company"}},
{"type":"Feature","geometry":{"type":"Polygon","coordinates":[[[74.6,14.68],[74.15,14.85],[74.42,14.38],[74.6,14.68]]]},"properties":{"NAME":"Goa","SUBJECTO":"Goa","PARTOF":"Goa"}},
{"type":"Feature","geometry":{"type":"Polygon","coordinates":[[[32,-1.28],[33.51,0.1],[33.19,1.75],[32.75,2.19],[31.38,2.14],[30.64,1.21],[30.64,0.57],[30.3,-0.76],[32,-1.28]]]},"properties":{"NAME":"Buganda","SUBJECTO":"Buganda","PARTOF":"Buganda"}},
{"type":"Feature","geometry":{"type":"Polygon","coordinates":[[[30.3,-0.76],[30.64,0.57],[30.64,1.21],[31.38,2.14],[31.47,3.16],[29.73,3.74],[28.45,3.5],[27.74,2.13],[27.69,0.76],[27.93,-0.81],[29.68,-0.9],[30.3,-0.76]]]},"properties":{"NAME":"Bunyoro","SUBJECTO":"Bunyoro","PARTOF":"Bunyoro"}},
{"type":"Feature","geometry":{"type":"Polygon","coordinates":[[[27.93,-0.81],[26.98,-1.8],[27.03,-2.23],[27.88,-2.75],[29.77,-2.46],[31.91,-2.46],[32,-1.28],[30.3,-0.76],[29.68,-0.9],[27.93,-0.81]]]},"properties":{"NAME":"Nkore","SUBJECTO":"Nkore","PARTOF":"Nkore"}},
{"type":"Feature","geometry":{"type":"Polygon","coordinates":[[[26.89,-5.92],[27.98,-5.83],[30.58,-6.01],[31.57,-5.83],[32.24,-5.35],[32.52,-4.12],[32.24,-3.08],[31.91,-2.46],[29.77,-2.46],[27.88,-2.75],[27.45,-2.94],[26.93,-3.55],[26.65,-4.55],[26.89,-5.92]]]},"properties":{"NAME":"Rwanda","SUBJECTO":"Rwanda","PARTOF":"Rwanda"}},
{"type":"Feature","geometry":{"type":"Polygon","coordinates":[[[26.89,-5.92],[26.98,-6.63],[26.74,-8.38],[27.31,-8.76],[31.01,-8.76],[32.24,-8.62],[32.66,-7.91],[32.66,-6.96],[32.24,-5.35],[31.57,-5.83],[30.58,-6.01],[27.98,-5.83],[26.89,-5.92]]]},"properties":{"NAME":"Burundi","SUBJECTO":"Burundi","PARTOF":"Burundi"}},
{"type":"Feature","geometry":{"type":"Polygon","coordinates":[[[33.34,-15.71],[34.29,-15.92],[35.17,-15.58],[35.08,-14.21],[34.56,-13.21],[34.46,-11.6],[33.51,-11.22],[33.14,-11.32],[32.95,-12.79],[32.27,-13.89],[31.15,-14.3],[30.85,-15.07],[31.03,-15.72],[32.51,-15.62],[33.34,-15.71]]]},"properties":{"NAME":"Kazembe","SUBJECTO":"Kazembe","PARTOF":"Kazembe"}},
{"type":"Feature","geometry":{"type":"Polygon","coordinates":[[[29.55,-15.37],[29.19,-14.6],[28.78,-14.18],[26.65,-14.12],[24.58,-13.24],[23.87,-13.24],[23.22,-14.06],[23.39,-16.43],[22.8,-17.79],[23.57,-18.44],[25.76,-18.38],[27.83,-18.68],[29.19,-17.2],[29.55,-16.14],[29.55,-15.37]]]},"properties":{"NAME":"Lozi","SUBJECTO":"Lozi","PARTOF":"Lozi"}},
{"type":"Feature","geometry":{"type":"Polygon","coordinates":[[[12.3,-14.56],[14.44,-12.64],[14.68,-11.76],[14.27,-8.94],[14.33,-8.23],[14.09,-7.71],[13.02,-7.61],[13.48,-8.42],[13.15,-9.06],[13.2,-9.64],[13.64,-10.3],[13.81,-11.66],[13.34,-12.65],[13.05,-12.75],[12.59,-13.46],[12.3,-14.56]]]},"properties":{"NAME":"Angola","SUBJECTO":"Angola","PARTOF":"Angola"}},
{"type":"Feature","geometry":{"type":"Polygon","coordinates":[[[13.02,-7.61],[14.09,-7.71],[14.4,-7.2],[14.99,-7.2],[15.05,-6.01],[14.58,-4.77],[14.1,-4.95],[13.27,-5.78],[13.21,-6.13],[12.8,-5.96],[12.37,-6.26],[12.8,-6.86],[13.02,-7.61]]]},"properties":{"NAME":"Congo","SUBJECTO":"Congo","PARTOF":"Congo"}},
{"type":"Feature","geometry":{"type":"Polygon","coordinates":[[[22.59,-34.13],[22.09,-33.36],[20.49,-33.12],[20.2,-32],[19.96,-31.88],[18.34,-32.34],[18.23,-32.9],[17.87,-32.99],[18.46,-33.83],[18.29,-34.25],[19.18,-34.42],[19.88,-34.99],[20.26,-34.62],[21.67,-34.51],[22.59,-34.13]]]},"properties":{"NAME":"Cape Colony","SUBJECTO":"Cape Colony","PARTOF":"Cape Colony"}},
{"type":"Feature","geometry":{"type":"Polygon","coordinates":[[[25.62,-33.92],[25.63,-32.38],[24.52,-32.53],[23.1,-32.06],[22.03,-31.17],[21.44,-30.99],[20.08,-31.23],[19.01,-31.11],[17.43,-30.57],[18.18,-31.81],[18.34,-32.34],[19.96,-31.88],[20.2,-32],[20.49,-33.12],[22.09,-33.36],[22.59,-34.13],[23.5,-34.07],[24.43,-34.33],[25.62,-33.92]]]},"properties":{"NAME":"Dutch East Indies","SUBJECTO":"Netherlands","PARTOF":"Dutch East Indies"}},
{"type":"Feature","geometry":{"type":"Polygon","coordinates":[[[29.09,-32.13],[28.43,-31.17],[27.89,-31.11],[27,-31.88],[25.63,-32.38],[25.62,-33.92],[26.66,-33.85],[27.66,-33.25],[29.09,-32.13]]]},"properties":{"NAME":"Xhosa","SUBJECTO":"Xhosa","PARTOF":"Xhosa"}},
{"type":"Feature","geometry":{"type":"Polygon","coordinates":[[[30.29,-30.92],[31.56,-29.21],[32.23,-28.74],[32.35,-28.03],[32.77,-27.52],[32.89,-26.72],[32.09,-26.26],[28.72,-28.45],[28.43,-28.92],[28.6,-29.27],[30.29,-30.92]]]},"properties":{"NAME":"Zulu","SUBJECTO":"Zulu","PARTOF":"Zulu"}},
{"type":"Feature","geometry":{"type":"Polygon","coordinates":[[[32.94,-25.54],[32.63,-25.37],[32.09,-25.6],[32.09,-26.26],[32.89,-26.72],[32.5,-26.07],[32.94,-25.54]]]},"properties":{"NAME":"Delagoa Bay","SUBJECTO":"Delagoa Bay","PARTOF":"Delagoa Bay"}},
{"type":"Feature","geometry":{"type":"Polygon","coordinates":[[[48.02,-18],[47.48,-16.9],[46.65,-17.73],[46.13,-20.66],[44.94,-22.38],[46.66,-23.27],[47.37,-21.02],[48.32,-20.07],[48.5,-18.89],[48.91,-18],[48.02,-18]]]},"properties":{"NAME":"Merina Kingdom","SUBJECTO":"Merina Kingdom","PARTOF":"Expansionist Kingdom of Merina"}},
{"type":"Feature","geometry":{"type":"Polygon","coordinates":[[[-0.52,6.15],[-0.59,7.52],[-0.38,8.08],[-0.15,8.71],[-0.74,9],[-2.22,8.78],[-3.44,9],[-4.29,9.15],[-4.88,8.78],[-4.95,8.04],[-4.51,6.19],[-4.58,5.25],[-2.75,5.1],[-2.78,5.43],[-0.53,6.15],[-0.52,6.15]]]},"properties":{"NAME":"Asante","SUBJECTO":"Asante","PARTOF":"Asante"}},
{"type":"Feature","geometry":{"type":"Polygon","coordinates":[[[2.62,6.34],[2.15,8.12],[0.37,8.34],[-0.38,8.08],[-0.59,7.52],[-0.52,6.15],[0.17,6.38],[1.58,6.83],[1.76,6.25],[2.62,6.34]]]},"properties":{"NAME":"Oyo","SUBJECTO":"Oyo","PARTOF":"Oyo"}},
{"type":"Feature","geometry":{"type":"Polygon","coordinates":[[[-2.75,5.1],[-2.03,4.7],[0.09,5.66],[0.94,5.76],[1.18,6.08],[1.76,6.25],[1.58,6.83],[0.17,6.38],[0.08,6.35],[-0.52,6.15],[-0.53,6.15],[-2.78,5.43],[-2.75,5.1]]]},"properties":{"NAME":"Fante","SUBJECTO":"Fante","PARTOF":"Fante"}},
{"type":"Feature","geometry":{"type":"Polygon","coordinates":[[[-0.74,9],[-0.29,11.67],[-0.15,12.85],[-0.66,15.22],[-1.18,15.74],[-2.73,15.88],[-3.33,15.51],[-3.99,13.66],[-3.99,11.44],[-3.44,9],[-2.22,8.78],[-0.74,9]]]},"properties":{"NAME":"Mossi States","SUBJECTO":"Mossi States","PARTOF":"Mossi States"}},
{"type":"Feature","geometry":{"type":"Polygon","coordinates":[[[7.18,4.53],[6.73,5.01],[6.73,5.53],[7.18,6.27],[6.36,6.93],[5.62,6.64],[5.38,5.61],[5.61,4.63],[6.09,4.33],[6.84,4.29],[7.18,4.53]]]},"properties":{"NAME":"Sotho","SUBJECTO":"Sotho","PARTOF":"Sotho"}},
{"type":"Feature","geometry":{"type":"Polygon","coordinates":[[[-4.58,17.07],[-5.55,17.21],[-7.32,16.18],[-11.39,16.11],[-12.57,15.22],[-12.28,11.67],[-11.46,11.22],[-8.73,11.22],[-5.25,10.19],[-4.73,10.85],[-4.95,11.52],[-4.21,15.88],[-4.58,17.07]]]},"properties":{"NAME":"Kaarta","SUBJECTO":"Kaarta","PARTOF":"Kaarta"}},
{"type":"Feature","geometry":{"type":"Polygon","coordinates":[[[-16.87,14.36],[-16.05,15.07],[-15.76,16.25],[-16.45,16.12],[-16.86,15.3],[-17.43,14.81],[-16.87,14.36]]]},"properties":{"NAME":"Senegal","SUBJECTO":"Senegal","PARTOF":"Senegal"}},
{"type":"Feature","geometry":{"type":"MultiPolygon","coordinates":[[[[-16.87,14.36],[-16.49,13.47],[-16.77,13.36],[-16.77,12.6],[-16.57,12.31],[-15.46,12.48],[-15.16,11.88],[-15.34,11.22],[-14.57,10.78],[-14.59,10.47],[-13.68,9.92],[-13.16,8.85],[-13.03,9],[-11.46,8.63],[-11.05,7.31],[-11.47,6.84],[-9.94,5.86],[-9.25,5.17],[-7.53,4.34],[-5.58,5.13],[-4.58,5.25],[-4.51,6.19],[-4.95,8.04],[-4.88,8.78],[-4.29,9.15],[-3.44,9],[-3.99,11.44],[-3.99,13.66],[-3.33,15.51],[-2.73,15.88],[-1.18,15.74],[-0.66,15.22],[-0.15,12.85],[-0.29,11.67],[-0.74,9],[-0.15,8.71],[-0.38,8.08],[0.37,8.34],[2.15,8.12],[2.62,6.34],[3.46,6.38],[3.95,6.58],[5.38,5.61],[5.62,6.64],[6.36,6.93],[7.18,6.27],[6.73,5.53],[6.73,5.01],[7.18,4.53],[8.14,4.47],[8.33,4.84],[8.87,4.62],[9.03,4.14],[9.65,4.02],[9.59,3.67],[9.92,2.82],[9.85,1.88],[9.37,1.17],[9.62,1.09],[9.35,0.54],[9.88,0.08],[9.47,0.12],[9.2,-0.63],[8.82,-0.9],[9.47,-1.59],[9.24,-1.77],[9.66,-2.42],[11.77,-4.54],[12.26,-5.47],[12.37,-6.26],[12.8,-5.96],[13.21,-6.13],[13.27,-5.78],[14.1,-4.95],[14.58,-4.77],[15.05,-6.01],[14.99,-7.2],[14.4,-7.2],[14.09,-7.71],[14.33,-8.23],[14.27,-8.94],[14.68,-11.76],[14.44,-12.64],[12.3,-14.56],[12.06,-15.59],[11.78,-15.87],[11.77,-17.6],[12.08,-18.49],[12.93,-19.74],[13.8,-21.44],[14.42,-22.27],[14.4,-23.07],[14.91,-25.02],[14.84,-25.62],[15.45,-27.62],[16.79,-29.14],[17.43,-30.57],[19.01,-31.11],[20.08,-31.23],[21.44,-30.99],[22.03,-31.17],[23.1,-32.06],[24.52,-32.53],[25.63,-32.38],[27,-31.88],[27.89,-31.11],[28.43,-31.17],[29.09,-32.13],[30.29,-30.92],[28.6,-29.27],[28.43,-28.92],[28.72,-28.45],[32.09,-26.26],[32.09,-25.6],[32.63,-25.37],[32.94,-25.54],[34.88,-24.72],[35.43,-24.23],[35.3,-23.83],[34.5,-23.26],[34.08,-20.01],[33.97,-18.96],[34.18,-18.54],[34.92,-18.33],[34.81,-17.6],[33.97,-16.65],[33.34,-15.71],[32.51,-15.62],[31.03,-15.72],[30.85,-15.07],[31.15,-14.3],[32.27,-13.89],[32.95,-12.79],[33.14,-11.32],[33.51,-11.22],[34.46,-11.6],[34.56,-13.21],[35.08,-14.21],[35.17,-15.58],[34.29,-15.92],[35.55,-16.97],[36.39,-16.97],[37.64,-16.02],[39.22,-15.71],[39.64,-15.29],[39.74,-13.71],[39.53,-12.24],[38.9,-10.77],[38.22,-6.16],[38.75,-3.95],[41.05,-0.6],[43.89,2.03],[45.94,3.5],[45.25,5.8],[45.36,6.85],[46.72,8.43],[47.39,11.16],[46.68,10.7],[45.91,10.83],[45.01,10.45],[44.28,10.4],[43.37,11.46],[42.56,11.57],[43.47,12.1],[43.33,12.43],[42.41,13.18],[42.08,13.86],[41.76,13.89],[40.74,14.92],[40.39,14.91],[39.9,15.5],[39.8,15.09],[39.52,15.46],[38.69,18],[37.4,18.92],[37.13,21.23],[36.8,21.91],[35.25,21.37],[32.66,21],[31.64,21.28],[29.43,22.66],[26,30.71],[25.26,31.44],[24.82,31.91],[23.74,32.06],[22.12,31.08],[21.2,31.08],[20.36,30.34],[19.32,30.26],[18.89,30.22],[15.65,30.52],[14.72,30.25],[12.41,32.46],[12.12,32.88],[11.21,33.25],[11.1,33.54],[10.41,33.63],[8.02,33.02],[6.27,31.87],[0.87,31.99],[-1.08,32.45],[-1.71,30.06],[-1.34,29.04],[-1.71,28.39],[-4.95,28.86],[-8.28,28.78],[-8.59,28.64],[-10.34,29.15],[-11.58,28.23],[-12.87,27.86],[-13.63,26.59],[-14.37,26.12],[-14.66,25.64],[-14.82,24.73],[-15.71,23.87],[-16.35,22.49],[-16.98,21.6],[-16.84,20.94],[-16.35,20.52],[-16.27,19.68],[-16.47,19.37],[-16.19,19.03],[-15.98,18.18],[-16.45,16.12],[-15.76,16.25],[-16.05,15.07],[-16.87,14.36]],[[-4.58,17.07],[-4.21,15.88],[-4.95,11.52],[-4.73,10.85],[-5.25,10.19],[-8.73,11.22],[-11.46,11.22],[-12.28,11.67],[-12.57,15.22],[-11.39,16.11],[-7.32,16.18],[-5.55,17.21],[-4.58,17.07]],[[29.55,-15.37],[29.55,-16.14],[29.19,-17.2],[27.83,-18.68],[25.76,-18.38],[23.57,-18.44],[22.8,-17.79],[23.39,-16.43],[23.22,-14.06],[23.87,-13.24],[24.58,-13.24],[26.65,-14.12],[28.78,-14.18],[29.19,-14.6],[29.55,-15.37]],[[18.9,-9.94],[19.36,-9.6],[20.14,-10.05],[20.06,-10.42],[19.36,-10.9],[18.9,-9.94]],[[23.16,-9.95],[23.16,-8.57],[23.53,-7.92],[23.9,-7.74],[25.05,-7.69],[25.42,-8.52],[24.91,-9.72],[24.31,-10],[23.16,-9.95]],[[34.46,9.75],[34.43,10.73],[34.9,10.98],[35.1,11.79],[35.88,13.1],[36.23,13.25],[36.48,14.27],[36.81,14.25],[37.72,14.8],[38.25,14.39],[39,14.43],[39.07,12.7],[39.46,10.37],[38.94,9.72],[36.53,9.73],[34.46,9.75]],[[16.84,14.33],[15.81,11.98],[12.5,12.22],[13,9.83],[13.67,8.27],[13.3,7.75],[12.19,7.31],[8.86,8.2],[4.72,7.68],[2.72,9.6],[1.46,13.67],[2.5,15.45],[7.16,16.04],[11.6,14.06],[12.73,14.49],[14.53,13.78],[15.15,14.4],[16.71,14.68],[16.84,14.37],[16.84,14.33]],[[27.88,-2.75],[27.03,-2.23],[26.98,-1.8],[27.93,-0.81],[27.69,0.76],[27.74,2.13],[28.45,3.5],[29.73,3.74],[31.47,3.16],[31.38,2.14],[32.75,2.19],[33.19,1.75],[33.51,0.1],[32,-1.28],[31.91,-2.46],[32.24,-3.08],[32.52,-4.12],[32.24,-5.35],[32.66,-6.96],[32.66,-7.91],[32.24,-8.62],[31.01,-8.76],[27.31,-8.76],[26.74,-8.38],[26.98,-6.63],[26.89,-5.92],[26.65,-4.55],[26.93,-3.55],[27.45,-2.94],[27.88,-2.75]]],[[[8.58,3.07],[8.83,3.61],[8.36,3.32],[8.58,3.07]]]]},"properties":{"NAME":null,"SUBJECTO":null,"PARTOF":null}},
{"type":"Feature","geometry":{"type":"Polygon","coordinates":[[[-15.16,11.88],[-15.46,12.48],[-16.57,12.31],[-15.81,11.84],[-15.16,11.88]]]},"properties":{"NAME":"Portuguese Guinea","SUBJECTO":"Portuguese Guinea","PARTOF":"Portuguese Guinea"}},
{"type":"Feature","geometry":{"type":"Polygon","coordinates":[[[142.86,53.34],[141.77,53.27],[141.64,51.81],[142.15,50.89],[142.05,49.35],[141.74,48.81],[142.04,47.96],[141.62,46.56],[141.9,45.91],[142.33,46.56],[143,46.58],[143.3,46.01],[143.44,46.57],[142.61,47.46],[142.49,47.9],[142.85,49.13],[143.6,49.23],[144.54,48.75],[143.63,50.23],[142.94,51.62],[143.14,52.86],[142.86,53.34]]]},"properties":{"NAME":null,"SUBJECTO":null,"PARTOF":null}},
{"type":"Feature","geometry":{"type":"Polygon","coordinates":[[[-61.69,17.02],[-61.83,17.16],[-61.89,17.03],[-61.69,17.02]]]},"properties":{"NAME":"Antigua and Barbuda","SUBJECTO":"Antigua and Barbuda","PARTOF":"Antigua and Barbuda"}},
{"type":"Feature","geometry":{"type":"MultiPolygon","coordinates":[[[[-14.51,28.05],[-13.88,28.2],[-13.78,28.88],[-14.51,28.05]]],[[[-15.57,28.18],[-15.91,27.9],[-15.21,27.9],[-15.57,28.18]]],[[[-17.29,28.28],[-17.34,28.03],[-16.64,28.05],[-16.08,28.54],[-17.29,28.28]]]]},"properties":{"NAME":"Guanches","SUBJECTO":"Guanches","PARTOF":"Guanches"}},
{"type":"Feature","geometry":{"type":"Polygon","coordinates":[[[134.46,-33.29],[135.15,-34.05],[135.71,-35.21],[136.11,-34.53],[137.07,-33.95],[137.87,-32.75],[138.17,-33.19],[137.51,-34.46],[137.56,-34.91],[136.95,-35.47],[137.68,-35.33],[138.1,-34.36],[138.57,-34.93],[138.35,-35.87],[139.37,-35.61],[139.74,-36.37],[140.01,-37.64],[140.65,-38.16],[141.55,-38.53],[141.9,-38.43],[143.36,-38.97],[144.75,-38.46],[144.97,-38.07],[145.54,-38.72],[146.53,-39.18],[146.82,-38.84],[148.04,-38.1],[149.5,-37.93],[149.98,-37.35],[150.22,-35.69],[150.76,-35.25],[151.36,-33.52],[152.18,-32.88],[152.97,-31.42],[152.94,-30.7],[153.49,-28.84],[153.4,-28.13],[152.95,-27.34],[153.07,-26.23],[152.9,-25.63],[151.73,-24.16],[150.8,-23.6],[150.75,-22.81],[149.94,-22.32],[150.02,-22.73],[149.56,-22.43],[149.1,-21.06],[148.57,-20.65],[148.7,-20.2],[148.19,-20.17],[146.32,-19.08],[145.92,-18.26],[145.87,-17.19],[145.33,-16.49],[145.18,-15.05],[144.39,-14.37],[143.74,-14.47],[143.29,-12.69],[142.97,-12.53],[143.17,-12.12],[142.82,-11.92],[142.64,-11.09],[142.13,-11.16],[141.68,-12.47],[141.92,-12.7],[141.6,-13.05],[141.67,-14.11],[141.47,-14.76],[141.71,-15.23],[141.31,-16.45],[140.8,-17.56],[140.25,-17.8],[139.25,-17.43],[138.96,-16.99],[138.26,-16.84],[137.07,-16.03],[136.69,-16.03],[135.39,-14.9],[135.88,-14.2],[135.83,-13.48],[136.47,-13.22],[136.86,-12.44],[136.43,-12.12],[136.3,-12.51],[135.44,-12.18],[135.19,-12.37],[134.64,-12.06],[134.46,-33.29]]]},"properties":{"NAME":"New South Wales","SUBJECTO":"United Kingdom of Great Britain and Ireland","PARTOF":"New South Wales"}},
{"type":"Feature","geometry":{"type":"Polygon","coordinates":[[[-59.53,13.05],[-59.43,13.16],[-59.65,13.32],[-59.53,13.05]]]},"properties":{"NAME":"Barbados","SUBJECTO":"Barbados","PARTOF":"Barbados"}},
{"type":"Feature","geometry":{"type":"Polygon","coordinates":[[[-61.36,15.2],[-61.3,15.57],[-61.49,15.54],[-61.36,15.2]]]},"properties":{"NAME":"Dominica","SUBJECTO":"Dominica","PARTOF":"Dominica"}},
{"type":"Feature","geometry":{"type":"Polygon","coordinates":[[[-61.75,12],[-61.64,12.03],[-61.61,12.23],[-61.75,12]]]},"properties":{"NAME":"Grenada","SUBJECTO":"Grenada","PARTOF":"Grenada"}},
{"type":"Feature","geometry":{"type":"Polygon","coordinates":[[[-60.86,14.4],[-61.03,14.83],[-61.23,14.81],[-60.86,14.4]]]},"properties":{"NAME":"Martinique","SUBJECTO":"Martinique","PARTOF":"Martinique"}},
{"type":"Feature","geometry":{"type":"Polygon","coordinates":[[[-62.17,16.67],[-62.18,16.81],[-62.24,16.71],[-62.17,16.67]]]},"properties":{"NAME":"Montserrat","SUBJECTO":"Montserrat","PARTOF":"Montserrat"}},
{"type":"Feature","geometry":{"type":"Polygon","coordinates":[[[-63.17,18.16],[-62.99,18.23],[-63.06,18.26],[-63.17,18.16]]]},"properties":{"NAME":"Anguilla","SUBJECTO":"Anguilla","PARTOF":"Anguilla"}},
{"type":"Feature","geometry":{"type":"Polygon","coordinates":[[[-62.7,17.34],[-62.78,17.29],[-62.62,17.24],[-62.7,17.34]]]},"properties":{"NAME":"Saint Kitts and Nevis","SUBJECTO":"Saint Kitts and Nevis","PARTOF":"Saint Kitts and Nevis"}},
{"type":"Feature","geometry":{"type":"Polygon","coordinates":[[[-60.95,13.71],[-60.95,14.1],[-61.08,13.9],[-60.95,13.71]]]},"properties":{"NAME":"Saint Lucia","SUBJECTO":"Saint Lucia","PARTOF":"Saint Lucia"}},
{"type":"Feature","geometry":{"type":"Polygon","coordinates":[[[-61.17,13.13],[-61.14,13.38],[-61.28,13.25],[-61.17,13.13]]]},"properties":{"NAME":"Saint Vincent and the Grenadines","SUBJECTO":"Saint Vincent and the Grenadines","PARTOF":"Saint Vincent and the Grenadines"}},
{"type":"Feature","geometry":{"type":"Polygon","coordinates":[[[-61.35,16.33],[-61.79,16.24],[-61.7,15.95],[-61.35,16.33]]]},"properties":{"NAME":"Guadeloupe","SUBJECTO":"Guadeloupe","PARTOF":"Guadeloupe"}},
{"type":"Feature","geometry":{"type":"Polygon","coordinates":[[[-68.97,12.2],[-68.83,12.05],[-68.82,12.16],[-68.97,12.2]]]},"properties":{"NAME":"Netherlands Antilles","SUBJECTO":"Netherlands Antilles","PARTOF":"Netherlands Antilles"}},
{"type":"Feature","geometry":{"type":"Polygon","coordinates":[[[-63.01,18.07],[-63.05,18.12],[-63.14,18.06],[-63.01,18.07]]]},"properties":{"NAME":"Saint Martin","SUBJECTO":"Saint Martin","PARTOF":"Saint Martin"}},
{"type":"Feature","geometry":{"type":"Polygon","coordinates":[[[-63.14,18.06],[-63.03,18.02],[-63.01,18.07],[-63.14,18.06]]]},"properties":{"NAME":"Saint Barthelemy","SUBJECTO":"Saint Barthelemy","PARTOF":"Saint Barthelemy"}},
{"type":"Feature","geometry":{"type":"Polygon","coordinates":[[[-124.31,42.05],[-124.15,41.58],[-124.36,40.33],[-123.82,39.61],[-123.8,39.03],[-122.58,37.77],[-122.49,37.3],[-121.93,37.01],[-121.93,36.34],[-120.68,35.19],[-120.53,34.51],[-119.61,34.48],[-118.6,34.1],[-117.5,33.33],[-116.7,31.59],[-115.6,29.69],[-114.98,29.31],[-114.07,28.42],[-114.48,27.78],[-115.05,27.85],[-114.48,27.24],[-113.59,26.77],[-113.29,26.81],[-112.41,26.19],[-112.08,25.57],[-112.17,25.01],[-111.39,24.24],[-110.22,23.4],[-110,22.89],[-109.52,23.19],[-110.2,24.32],[-110.77,24.38],[-110.8,24.88],[-111.33,25.9],[-111.59,26.76],[-111.91,26.66],[-112.28,27.51],[-112.72,27.71],[-112.87,28.33],[-113.32,28.56],[-113.59,29.1],[-114.68,30.14],[-114.97,31.13],[-114.84,31.82],[-113.05,31.14],[-113.09,30.77],[-112.65,29.92],[-111.69,28.5],[-110.6,27.86],[-110.38,27.21],[-109.95,27.04],[-109.13,26.29],[-109.26,25.65],[-108.85,25.62],[-108.01,24.98],[-105.54,22.28],[-105.29,21.52],[-105.29,20.67],[-105.69,20.4],[-104.95,19.44],[-104.2,19.06],[-103.49,18.35],[-101.99,18.03],[-101.22,17.42],[-99.98,16.89],[-98.86,16.6],[-97.88,16.05],[-96.33,15.75],[-95.13,16.3],[-94.08,16.11],[-91.52,14.06],[-90,13.94],[-89.99,13.68],[-87.69,13.02],[-86.01,11.37],[-85.62,10.83],[-85.78,10.14],[-85.09,9.58],[-84.63,9.87],[-84.49,9.54],[-83.61,9.15],[-83.66,8.67],[-83.09,8.65],[-82.96,8.05],[-82.68,8.98],[-82.91,9.52],[-82.56,9.58],[-83.2,10.2],[-83.91,11.25],[-83.9,11.89],[-84.09,12.53],[-83.86,14.18],[-83.3,14.61],[-83.53,15.24],[-84.13,15.38],[-84.17,15.76],[-84.65,15.93],[-86.37,15.8],[-87.57,15.91],[-88.27,15.75],[-88.94,15.9],[-89.25,15.9],[-89.15,17.83],[-88.32,18.49],[-88.14,18.89],[-87.88,18.38],[-87.64,19.57],[-87.65,20.19],[-86.94,20.98],[-87.2,21.53],[-88.33,21.59],[-90,21.16],[-90,19.38],[-91.22,19.1],[-91.7,18.82],[-91.73,18.42],[-92.1,18.76],[-94.24,18.24],[-95.08,18.7],[-96.01,18.93],[-96.58,19.92],[-97.5,21.19],[-97.88,22.33],[-97.82,24.21],[-97.66,25.07],[-97.26,25.81],[-97.64,26.85],[-97.27,27.67],[-97.57,27.91],[-96.83,28.16],[-96.72,28.71],[-95.6,28.8],[-94.84,29.35],[-95.06,29.68],[-94.06,29.7],[-93.71,31.01],[-94.25,31.98],[-94.25,33.54],[-95.42,33.94],[-96.57,33.67],[-97.4,33.74],[-98.57,34.14],[-99.4,34.2],[-100.2,34.54],[-100.24,37.71],[-102.33,37.71],[-104.1,37.55],[-107.48,38.19],[-109.25,38.19],[-110.21,38.35],[-110.21,42.05],[-118.92,42.05],[-124.31,42.05]]]},"properties":{"NAME":"Viceroyalty of New Spain","SUBJECTO":"Spain","PARTOF":"Vice-Royalty of New Spain"}},
{"type":"Feature","geometry":{"type":"MultiPolygon","coordinates":[[[[-156.82,20.94],[-156.51,20.6],[-156.12,20.79],[-156.82,20.94]]],[[[-156.16,19.81],[-156.03,19.11],[-155.78,18.95],[-154.92,19.56],[-155.93,20.28],[-156.16,19.81]]]]},"properties":{"NAME":"Kingdom of Hawaii","SUBJECTO":"Kingdom of Hawaii","PARTOF":"Kingdom of Hawaii"}},
{"type":"Feature","geometry":{"type":"Polygon","coordinates":[[[-77.25,-2.76],[-77.25,-2.1],[-77.85,-1.67],[-78.56,-2.13],[-78.39,-2.91],[-77.9,-3.11],[-77.25,-2.76]]]},"properties":{"NAME":"Shuar","SUBJECTO":"Shuar","PARTOF":"Shuar"}},
{"type":"Feature","geometry":{"type":"Polygon","coordinates":[[[19.33,57.96],[19.1,57.98],[19.14,57.91],[19.33,57.96]]]},"properties":{"NAME":null,"SUBJECTO":null,"PARTOF":null}},
{"type":"Feature","geometry":{"type":"Polygon","coordinates":[[[18.21,56.91],[19,57.91],[18.11,57.52],[18.21,56.91]]]},"properties":{"NAME":null,"SUBJECTO":null,"PARTOF":null}},
{"type":"Feature","geometry":{"type":"Polygon","coordinates":[[[122.95,-8.38],[122.86,-8.14],[122.17,-8.63],[121.43,-8.72],[120.57,-8.39],[119.85,-8.57],[119.94,-8.94],[121.69,-9],[122.95,-8.38]]]},"properties":{"NAME":null,"SUBJECTO":"Dutch East Indies","PARTOF":null}},
{"type":"Feature","geometry":{"type":"Polygon","coordinates":[[[117.94,-8.54],[117.82,-8.81],[116.96,-8.53],[116.66,-9.06],[116.98,-9.18],[117.84,-8.95],[118.97,-8.88],[118.86,-8.48],[117.69,-8.27],[117.94,-8.54]]]},"properties":{"NAME":null,"SUBJECTO":"Dutch East Indies","PARTOF":null}},
{"type":"Feature","geometry":{"type":"Polygon","coordinates":[[[115.07,-8.78],[115.5,-8.47],[115.08,-8.23],[114.46,-8.33],[115.07,-8.78]]]},"properties":{"NAME":null,"SUBJECTO":"Dutch East Indies","PARTOF":null}},
{"type":"Feature","geometry":{"type":"Polygon","coordinates":[[[127.63,-0.02],[127.64,-0.31],[128.3,-1.02],[127.86,0.1],[128.04,0.37],[128.71,0.21],[128.19,0.63],[128.63,1.02],[128.55,1.45],[127.69,0.92],[127.99,1.57],[127.8,1.9],[127.42,0.98],[127.63,-0.02]]]},"properties":{"NAME":null,"SUBJECTO":"Dutch East Indies","PARTOF":null}},
{"type":"Feature","geometry":{"type":"Polygon","coordinates":[[[106.55,-3.18],[106.64,-2.71],[106.04,-2.2],[105.86,-1.63],[105.43,-1.71],[105.2,-2.11],[105.81,-2.38],[105.99,-2.89],[106.55,-3.18]]]},"properties":{"NAME":"Dutch East Indies","SUBJECTO":"Dutch East Indies","PARTOF":"Dutch East Indies"}},
{"type":"Feature","geometry":{"type":"Polygon","coordinates":[[[120.28,-10.38],[120.58,-10.1],[119.79,-9.46],[118.9,-9.68],[120.28,-10.38]]]},"properties":{"NAME":null,"SUBJECTO":"Dutch East Indies","PARTOF":null}},
{"type":"Feature","geometry":{"type":"Polygon","coordinates":[[[117.56,3.98],[117.14,4.15],[115.71,4.16],[115.53,3.17],[115.04,2.74],[115.08,2.4],[114.66,1.6],[113.68,1.15],[112.62,1.46],[111.56,0.76],[110.97,0.91],[110.55,0.73],[109.65,1.46],[109.52,1.82],[109.28,1.88],[108.81,0.81],[109.16,-0.07],[109.18,-0.87],[109.94,-1.64],[110.1,-3.08],[110.8,-3.17],[111.59,-2.8],[111.74,-3.65],[112.58,-3.42],[112.8,-2.97],[113.61,-3.61],[114.1,-3.35],[114.58,-4.3],[115.57,-3.8],[116.35,-2.42],[116.05,-1.93],[117.05,-0.93],[117.37,-1],[117.32,-0.14],[117.53,0.61],[117.86,0.87],[118.77,0.82],[117.7,1.9],[117.83,2.31],[117.07,3.51],[117.68,3.63],[117.56,3.98]]]},"properties":{"NAME":null,"SUBJECTO":null,"PARTOF":null}},
{"type":"Feature","geometry":{"type":"MultiPolygon","coordinates":[[[[149.38,-6.21],[149.55,-6.41],[150.28,-6.34],[151.06,-6.02],[151.28,-5.67],[151.8,-5.71],[152.27,-4.78],[152.09,-4.36],[151.54,-4.41],[151.59,-4.9],[150.89,-5.52],[150.29,-5.71],[149.87,-5.4],[149.41,-5.74],[148.38,-5.66],[149.02,-6.24],[149.38,-6.21]]],[[[142.41,-3.31],[139.59,-2.38],[137.85,-1.61],[137.11,-1.98],[137.08,-2.25],[136.27,-2.42],[135.73,-3.25],[135.25,-3.54],[134.77,-3.3],[134.56,-2.71],[134.28,-2.85],[133.98,-2.01],[134.14,-1.5],[133.91,-1.01],[132.25,-0.53],[131.21,-1.02],[131.06,-1.54],[131.82,-1.67],[132.22,-2.34],[133.32,-2.38],[133.86,-2.25],[133.78,-2.72],[133.12,-2.6],[132.72,-2.93],[132.02,-2.82],[132.75,-3.4],[132.93,-4.27],[133.4,-3.99],[133.75,-3.19],[133.86,-3.77],[134.78,-4.31],[137.39,-5.12],[137.82,-5.43],[138.55,-6.65],[139.03,-7.02],[138.65,-7.14],[139.16,-7.73],[138.92,-8.32],[139.98,-8.24],[140.95,-9.27],[142.61,-9.38],[143.33,-9],[142.25,-8.31],[143.44,-8.36],[143.36,-8.13],[144.38,-7.76],[145.82,-8.1],[146.65,-9.28],[147.87,-10.18],[148.56,-10.18],[149.78,-10.41],[150,-10.73],[150.49,-10.74],[150.42,-10.29],[149.57,-9.93],[149.83,-9.71],[149.18,-9.55],[149.2,-9.12],[148.59,-9.16],[148.03,-8.25],[147.38,-7.8],[146.91,-6.89],[147.74,-6.74],[147.38,-6.12],[146.89,-6.03],[145.59,-5.42],[145.73,-5],[144.78,-4.34],[144.54,-4],[144.1,-3.98],[143.45,-3.61],[142.41,-3.31]]],[[[137.68,-8.46],[138.3,-8.54],[138.89,-7.78],[138.19,-7.68],[137.68,-8.46]]]]},"properties":{"NAME":"Papuans","SUBJECTO":"Papu","PARTOF":"Papou"}},
{"type":"Feature","geometry":{"type":"MultiPolygon","coordinates":[[[[123.61,-9.89],[123.49,-10.35],[124.15,-10.2],[125.21,-9.4],[126.87,-8.81],[127.04,-8.48],[125.08,-8.77],[124.62,-9.25],[123.61,-9.89]]],[[[105.29,-6.77],[106.55,-7.16],[106.32,-7.43],[107.37,-7.56],[108.16,-7.86],[109.04,-7.72],[110.78,-8.32],[112.41,-8.49],[113.07,-8.35],[114.33,-8.78],[114.07,-8.43],[114.25,-8.02],[113.95,-7.82],[113.07,-7.88],[112.68,-7.72],[112.27,-7.03],[111.04,-6.85],[110.81,-6.53],[110.03,-7.04],[108.56,-6.92],[108.17,-6.36],[107.77,-6.45],[106.95,-6.03],[106.86,-6.27],[105.93,-6.03],[105.63,-6.76],[105.29,-6.77]]],[[[119.91,0.54],[119.2,-1.43],[119.17,-2.18],[118.68,-2.9],[118.79,-3.66],[119.46,-3.81],[119.48,-5.8],[120.25,-5.59],[120.31,-4.8],[120.14,-4.4],[120.28,-3.65],[120.14,-3.08],[120.59,-2.8],[121,-3.05],[120.88,-3.72],[121.51,-4.24],[121.39,-4.79],[121.87,-4.96],[122.16,-4.51],[122.65,-4.51],[122.19,-3.85],[122.26,-3.21],[121.26,-2.1],[122.22,-1.65],[122.76,-1.09],[123.21,-1.23],[122.98,-0.72],[122,-1.11],[121.46,-0.99],[121.06,-1.55],[120.51,-1.45],[119.87,-0.46],[120.34,0.36],[122.98,0.37],[123.47,0.15],[124.23,0.3],[124.86,1.05],[124.98,1.65],[124.43,0.96],[123.83,0.74],[122.73,0.67],[121.59,0.86],[120.77,1.14],[120.43,0.64],[119.91,0.54]]],[[[126.15,-3.63],[126.66,-3.88],[127.11,-3.72],[126.73,-3.23],[126.11,-3.3],[126.15,-3.63]]],[[[130.61,-3.85],[130.73,-3.49],[130.37,-3.13],[129.74,-2.98],[128.04,-3.06],[128.38,-3.55],[128.91,-3.25],[129.49,-3.6],[129.91,-3.39],[130.61,-3.85]]],[[[103.69,-0.12],[103.24,0.46],[102.47,0.62],[101.87,1.43],[101.47,1.55],[101.06,2.08],[100.46,2.12],[99.86,2.9],[98.63,3.66],[98.15,4.07],[98.17,4.38],[97.38,5.18],[96.19,5.15],[95.46,5.57],[95.19,5.41],[95.56,4.53],[96.39,3.65],[96.72,3.7],[97.51,2.74],[97.6,2.25],[98.6,1.71],[99.11,0.22],[99.7,-0.15],[100.65,-1.63],[100.81,-2.34],[101.35,-3.01],[102.11,-3.6],[102.46,-4.18],[103.52,-5],[104.57,-6.07],[104.56,-5.6],[105.03,-5.88],[105.19,-5.54],[105.64,-5.93],[105.8,-5.35],[105.71,-4.1],[105.94,-3.21],[105.44,-2.6],[104.61,-2.58],[104.81,-2.16],[104.35,-1.89],[104.3,-1.36],[103.24,-0.66],[103.69,-0.12]]]]},"properties":{"NAME":null,"SUBJECTO":"Dutch East Indies","PARTOF":null}},
{"type":"Feature","geometry":{"type":"Polygon","coordinates":[[[77.59,29.96],[77.68,30.37],[78.33,29.83],[79.06,29.75],[78.89,28.54],[79.28,28.32],[79.71,29.36],[80.1,28.95],[80.41,29.79],[81.02,30.25],[80.28,30.76],[79.63,30.97],[79.11,31.46],[78.89,31.32],[78.45,32.58],[78.97,32.39],[79.57,32.7],[79.45,33.2],[78.62,33.5],[78.81,34.2],[78.14,34.55],[77.85,35.47],[76.82,35.56],[75.75,36.05],[75.63,36.77],[74.52,37],[73.79,36.73],[72.37,36.72],[71.32,36.05],[71.66,35.13],[71.1,34.62],[71.15,34.14],[70.79,33.93],[69.87,33.94],[70.29,33.28],[69.51,32.95],[69.05,31.63],[69.04,29.43],[69.32,28.94],[69.27,28.39],[68.36,28.28],[67.66,27.85],[67.61,26.67],[67.77,25.81],[66.7,24.75],[67.2,24.59],[67.32,24.09],[68.05,23.76],[68.37,23.33],[69.11,22.9],[70.41,22.75],[69.97,22.35],[68.89,22.29],[70.21,20.95],[71.02,20.66],[72.12,21.16],[72.32,22.12],[72.7,22.13],[72.77,21.15],[73.11,20.83],[72.76,20.06],[73.06,18.03],[73.41,16.56],[74.15,14.85],[74.6,14.68],[75,14.05],[75.24,14.15],[75.97,14.81],[76.42,14.81],[76.94,15.43],[78.77,15.95],[79.42,16.02],[79.32,16.33],[79.94,16.74],[80.37,16.58],[81.03,17.07],[80.4,17.07],[79.93,17.85],[80.04,18.15],[80.59,17.27],[80.84,17.5],[81.05,18.4],[81.43,18.5],[81.91,18.09],[81.7,19.47],[82.04,20.46],[83.38,20.34],[83.55,19.95],[84.07,20.08],[83.98,19.51],[84.72,19.77],[84.46,20.16],[85.36,20.21],[85.23,21.03],[86.31,21.24],[86.87,21.59],[86.36,21.8],[85.97,22.36],[85.88,21.54],[85.32,21.76],[85.32,22.15],[84.28,22.11],[84.59,22.67],[84.15,23.06],[83.55,23.18],[83.46,23.79],[82.34,24.18],[82.21,24.74],[81.74,24.78],[81.22,24.44],[80.87,25.08],[80.27,25.52],[79.28,25.43],[78.89,25.86],[78.97,26.47],[78.5,26.47],[77.55,27.93],[76.81,27.8],[77.07,28.45],[76.64,28.71],[77.38,29.1],[76.94,29.7],[77.59,29.96]]]},"properties":{"NAME":"Maratha Confederacy","SUBJECTO":"Maratha Confederacy","PARTOF":"Maratha Confederacy"}},
{"type":"Feature","geometry":{"type":"MultiPolygon","coordinates":[[[[-70.5,-54.92],[-67.15,-54.91],[-66.62,-55.07],[-65.26,-54.82],[-66.98,-54.34],[-68.13,-53.38],[-68.71,-53.23],[-68.31,-52.94],[-69.41,-52.57],[-70.28,-53.09],[-70.33,-53.47],[-69.44,-53.41],[-70.04,-53.99],[-69.06,-54.6],[-70.62,-54.5],[-70.5,-54.92]]],[[[-73.46,-42.26],[-73.64,-41.97],[-74.17,-42.35],[-74.24,-43.37],[-73.7,-43.39],[-73.83,-42.56],[-73.46,-42.26]]],[[[-72.84,-52.65],[-73.24,-52.57],[-73.08,-53.03],[-72.84,-52.65]]],[[[-69.11,-51.35],[-71.17,-51.56],[-71.49,-51.1],[-72.04,-48.77],[-72.19,-45.99],[-71.63,-43.2],[-70.75,-41],[-71.8,-41.57],[-72.59,-41.62],[-72.61,-42],[-72.47,-42.03],[-72.75,-42.45],[-72.53,-43.06],[-73,-43.33],[-73.06,-44.19],[-72.76,-44.37],[-72.58,-44.44],[-73.31,-45.09],[-73.14,-45.34],[-73.05,-45.38],[-73.47,-45.67],[-73.97,-46.71],[-74,-46.49],[-74.43,-46.53],[-74.04,-46.09],[-74.56,-45.87],[-75.44,-46.63],[-75.02,-46.55],[-74.86,-46.82],[-73.98,-47.03],[-74.38,-47.42],[-74.3,-47.76],[-73.36,-47.97],[-74.21,-48.01],[-74.27,-49.43],[-73.96,-49.24],[-73.93,-49.99],[-73.93,-50.51],[-73.53,-50.43],[-74.21,-51.02],[-73.68,-51.23],[-73.78,-51.61],[-73.26,-51.71],[-73.11,-52.1],[-72.45,-52.16],[-72.21,-52.57],[-71.68,-52.64],[-72.78,-52.9],[-72.75,-53.14],[-71.44,-52.83],[-71.15,-52.96],[-71.87,-53.7],[-71.44,-53.88],[-71,-53.82],[-70.73,-52.8],[-70.42,-52.67],[-69.9,-52.63],[-69.24,-52.29],[-68.46,-52.42],[-69.08,-51.5],[-69.11,-51.35]]]]},"properties":{"NAME":"Patagonian shellfish and marine mammal hunters","SUBJECTO":"Patagonian shellfish and marine mammal hunters","PARTOF":"Patagonian shellfish and marine mammal hunters"}},
{"type":"Feature","geometry":{"type":"Polygon","coordinates":[[[-70.75,-41],[-71.63,-43.2],[-72.19,-45.99],[-72.04,-48.77],[-71.49,-51.1],[-71.17,-51.56],[-69.11,-51.35],[-69.04,-50.56],[-67.83,-49.97],[-67.58,-49.06],[-66.08,-48.14],[-65.78,-47.71],[-65.78,-47.23],[-66.67,-47.02],[-67.47,-46.27],[-66.97,-45.31],[-65.66,-44.94],[-65.63,-44.72],[-65.27,-44.26],[-65.31,-43.6],[-64.7,-43.2],[-64.31,-43.03],[-65.09,-42.78],[-64.17,-42.65],[-64,-42.85],[-63.62,-42.57],[-63.73,-42.1],[-64.12,-42.38],[-64.99,-42.19],[-64.92,-41.73],[-65.13,-41.24],[-64.94,-40.83],[-63.84,-41.16],[-62.73,-41.05],[-64.21,-40.56],[-64.92,-40.56],[-64.98,-40.08],[-66.28,-40.26],[-68.83,-39.73],[-69.3,-40.38],[-69.77,-40.44],[-69.95,-40.97],[-70.75,-41]]]},"properties":{"NAME":"Pampas cultures","SUBJECTO":"Pampas cultures","PARTOF":"Pampas cultures"}},
{"type":"Feature","geometry":{"type":"Polygon","coordinates":[[[27.78,35.89],[28.24,36.43],[27.72,36.17],[27.78,35.89]]]},"properties":{"NAME":null,"SUBJECTO":null,"PARTOF":null}},
{"type":"Feature","geometry":{"type":"Polygon","coordinates":[[[8.7,39],[9.48,39.14],[9.79,40.56],[9.31,41.18],[8.24,40.86],[8.51,39.95],[8.37,39.31],[8.7,39]]]},"properties":{"NAME":"Kingdom of Sardinia","SUBJECTO":"Kingdom of Sardinia","PARTOF":"Kingdom of Sardinia"}},
{"type":"Feature","geometry":{"type":"Polygon","coordinates":[[[10.4,46.89],[9.52,47.07],[9.54,47.49],[8.98,47.68],[8.64,47.78],[7.51,47.6],[6.92,47.51],[6.06,46.62],[5.94,46.18],[6.38,46.34],[6.81,46.39],[6.96,45.94],[7.79,45.93],[8.44,46.47],[8.64,46.12],[8.91,45.84],[10.4,46.89]]]},"properties":{"NAME":"Switzerland","SUBJECTO":"Switzerland","PARTOF":"Switzerland"}},
{"type":"Feature","geometry":{"type":"Polygon","coordinates":[[[119.92,-32.18],[119.99,-32.23],[120.07,-32.34],[120.23,-32.55],[120.31,-32.65],[120.41,-32.78],[120.46,-32.88],[120.54,-32.97],[120.58,-33.05],[120.71,-33.17],[121.4,-33.12],[122.75,-33.39],[122.8,-33.16],[122.83,-33.04],[122.91,-32.76],[122.93,-32.49],[122.92,-32.37],[123,-32.1],[123.11,-31.75],[123.19,-31.46],[123.38,-30.99],[123.25,-30.95],[123.12,-30.92],[122.97,-30.88],[122.67,-30.82],[122.26,-30.7],[121.83,-30.88],[121.38,-31.02],[121.22,-31.11],[120.96,-31.25],[120.7,-31.41],[120.42,-31.64],[120.17,-31.89],[120.06,-32.01],[119.92,-32.18]]]},"properties":{"NAME":"Kalaako/Malpa","SUBJECTO":"Kalaako/Malpa","PARTOF":"Kalaako/Malpa"}},
{"type":"Feature","geometry":{"type":"Polygon","coordinates":[[[128.18,-15.25],[128.08,-15.36],[128.07,-15.42],[128.02,-15.51],[128.09,-15.55],[128.16,-15.57],[128.45,-15.58],[128.77,-15.09],[129.25,-15.36],[129.59,-15.36],[129.81,-15.32],[129.87,-15.28],[129.69,-15.09],[129.63,-15.28],[129.2,-14.99],[128.46,-14.89],[128.18,-15.25]]]},"properties":{"NAME":"Kadjerong","SUBJECTO":"Kadjerong","PARTOF":"Kadjerong"}},
{"type":"Feature","geometry":{"type":"Polygon","coordinates":[[[125.65,-18.11],[125.49,-18.31],[125.5,-18.42],[125.59,-18.65],[125.92,-18.95],[126.23,-18.96],[126.42,-18.91],[126.77,-18.73],[126.77,-18.6],[126.78,-18.44],[126.73,-18.28],[126.57,-18.15],[126.31,-18.07],[125.93,-18.05],[125.74,-18.05],[125.65,-18.11]]]},"properties":{"NAME":"Gooniyandi","SUBJECTO":"Gooniyandi","PARTOF":"Gooniyandi"}},
{"type":"Feature","geometry":{"type":"Polygon","coordinates":[[[115.89,-22.57],[116,-22.78],[116.48,-23.03],[116.79,-22.97],[116.88,-22.8],[116.88,-22.68],[116.86,-22.61],[116.78,-22.48],[116.41,-22.32],[116.08,-22.37],[115.94,-22.51],[115.89,-22.57]]]},"properties":{"NAME":"Pinikura","SUBJECTO":"Pinikura","PARTOF":"Pinikura"}},
{"type":"Feature","geometry":{"type":"Polygon","coordinates":[[[128.02,-15.02],[127.97,-14.74],[127.7,-15.12],[127.63,-15.34],[127.63,-15.48],[127.71,-15.59],[127.88,-15.55],[128.07,-15.43],[128.09,-15.36],[128.07,-15.38],[127.98,-15.29],[128.02,-15.02]]]},"properties":{"NAME":"Yiiji","SUBJECTO":"Yiiji","PARTOF":"Yiiji"}},
{"type":"Feature","geometry":{"type":"Polygon","coordinates":[[[116.77,-20.79],[116.42,-20.84],[116.2,-20.95],[116.38,-21.25],[116.61,-21.41],[116.79,-21.43],[117.07,-21.3],[117.09,-21.13],[117.06,-20.97],[116.98,-20.88],[116.82,-20.78],[116.77,-20.79]]]},"properties":{"NAME":"Martuthunira","SUBJECTO":"Martuthunira","PARTOF":"Martuthunira"}},
{"type":"Feature","geometry":{"type":"Polygon","coordinates":[[[118.5,-23.63],[118.58,-23.5],[117.59,-22.9],[117.5,-22.81],[117.45,-22.73],[117.24,-22.72],[117.15,-22.75],[116.98,-22.8],[116.98,-22.88],[116.98,-22.93],[117.2,-23.21],[117.19,-23.35],[117.18,-23.51],[117.15,-23.62],[117.08,-23.9],[117.61,-23.96],[117.88,-24.03],[118.5,-23.63]]]},"properties":{"NAME":"Yinhawangka","SUBJECTO":"Yinhawangka","PARTOF":"Yinhawangka"}},
{"type":"Feature","geometry":{"type":"Polygon","coordinates":[[[122.54,-16.92],[122.13,-17.35],[122.16,-17.39],[122.66,-17.4],[122.82,-17.37],[122.83,-17.32],[122.84,-17.26],[122.86,-17.19],[122.92,-17.11],[122.9,-17.04],[122.86,-17.03],[122.64,-16.99],[122.56,-16.94],[122.54,-16.92]]]},"properties":{"NAME":"Jabirrjabirr","SUBJECTO":"Jabirrjabirr","PARTOF":"Jabirrjabirr"}},
{"type":"Feature","geometry":{"type":"Polygon","coordinates":[[[118.47,-28.4],[119.2,-28.64],[119.52,-28.81],[119.69,-29.01],[120.11,-28.92],[120.88,-28.88],[121.71,-28.92],[122.37,-28.81],[122.27,-28.58],[121.96,-28.16],[121.81,-27.98],[121.76,-27.91],[121.61,-27.79],[121.49,-27.65],[121.32,-27.53],[121.18,-27.53],[120.98,-27.53],[120.87,-27.54],[120.22,-27.35],[119.32,-27.28],[118.83,-28.04],[118.65,-28.14],[118.47,-28.4]]]},"properties":{"NAME":"Kuwarra","SUBJECTO":"Kuwarra","PARTOF":"Kuwarra"}},
{"type":"Feature","geometry":{"type":"Polygon","coordinates":[[[113.67,-23.78],[114.44,-24.02],[114.63,-23.77],[114.7,-23.49],[114.71,-23.2],[114.73,-23.05],[114.77,-22.93],[114.8,-22.83],[114.76,-22.77],[113.96,-22.7],[113.82,-22.76],[113.77,-22.86],[113.74,-23.25],[113.67,-23.78]]]},"properties":{"NAME":"Payungu","SUBJECTO":"Payungu","PARTOF":"Payungu"}},
{"type":"Feature","geometry":{"type":"Polygon","coordinates":[[[113.67,-23.78],[113.37,-24.26],[113.57,-24.79],[113.68,-24.83],[114.13,-24.75],[114.48,-24.79],[114.94,-24.97],[115.08,-25.05],[115.16,-25.05],[115.31,-24.81],[115.26,-24.49],[114.63,-24],[114.26,-23.93],[113.67,-23.78]]]},"properties":{"NAME":"Maya","SUBJECTO":"Maya","PARTOF":"Maya"}},
{"type":"Feature","geometry":{"type":"Polygon","coordinates":[[[133.64,-13.41],[133.55,-13.3],[133.26,-13.3],[133.13,-13.29],[132.98,-13.3],[132.81,-13.23],[132.65,-13.16],[132.46,-13.14],[132.37,-13.1],[132.26,-13.08],[132.18,-13.19],[132.21,-13.24],[132.26,-13.27],[132.68,-13.38],[132.85,-13.55],[132.2,-13.68],[132.1,-13.72],[132.04,-13.8],[132,-13.93],[131.96,-14.12],[131.95,-14.29],[131.89,-14.43],[131.88,-14.49],[131.91,-14.63],[132.11,-14.6],[132.93,-14.74],[133.17,-14.91],[133.38,-14.68],[133.46,-14.32],[133.58,-14.11],[133.64,-13.71],[133.63,-13.56],[133.64,-13.41]]]},"properties":{"NAME":"Jawoyn","SUBJECTO":"Jawoyn","PARTOF":"Jawoyn"}},
{"type":"Feature","geometry":{"type":"Polygon","coordinates":[[[134.33,-20.65],[134.57,-20.48],[134.59,-17.96],[134.23,-17.94],[133.79,-17.98],[133.99,-18.15],[133.49,-18.03],[133.37,-18.45],[133.75,-18.85],[133.48,-19.12],[132.98,-19.27],[132.47,-19.31],[132.17,-19.37],[132.73,-20.42],[132.86,-20.61],[132.99,-20.77],[133.1,-20.95],[133.82,-20.93],[134.33,-20.65]]]},"properties":{"NAME":"Warumungu","SUBJECTO":"Warumungu","PARTOF":"Warumungu"}},
{"type":"Feature","geometry":{"type":"Polygon","coordinates":[[[131.05,-23.7],[130.94,-24.24],[130.83,-24.44],[130.59,-24.65],[130.53,-24.78],[130.7,-24.84],[130.85,-24.88],[131.06,-25.21],[131.05,-25.4],[131.03,-25.51],[131.21,-25.6],[131.5,-25.7],[131.93,-25.88],[132.63,-26.19],[132.92,-26.47],[133.12,-26.44],[133.32,-26.31],[133.81,-26.12],[134.01,-25.99],[133.51,-25.49],[133.12,-24.58],[132.39,-23.98],[132.12,-23.41],[132.34,-23.09],[132.29,-22.98],[131.66,-22.98],[131.29,-22.95],[131.07,-23],[131.05,-23.7]]]},"properties":{"NAME":"Luritja","SUBJECTO":"Luritja","PARTOF":"Luritja"}},
{"type":"Feature","geometry":{"type":"Polygon","coordinates":[[[134.54,-22.57],[134.55,-22.55],[134.57,-20.25],[133.57,-20.78],[132.82,-20.78],[132.96,-21.04],[132.98,-21.51],[132.91,-21.9],[133.02,-22.13],[133.68,-22.21],[134.1,-22.39],[134.54,-22.57]]]},"properties":{"NAME":"Kaytej","SUBJECTO":"Kaytej","PARTOF":"Kaytej"}},
{"type":"Feature","geometry":{"type":"Polygon","coordinates":[[[117.74,-35.22],[118.67,-34.61],[119.01,-34.61],[119.03,-34.49],[118.65,-34.25],[116.52,-34.33],[116.57,-34.83],[116.41,-35.08],[117.74,-35.22]]]},"properties":{"NAME":"Minang","SUBJECTO":"Minang","PARTOF":"Minang"}},
{"type":"Feature","geometry":{"type":"Polygon","coordinates":[[[113.9,-25.59],[114.18,-26.02],[114.1,-26.54],[113.66,-26.07],[113.74,-26.67],[113.06,-26.12],[113.6,-26.76],[113.8,-26.82],[114.11,-26.62],[114.31,-26.56],[114.57,-26.49],[114.81,-26.43],[114.81,-25.78],[114.65,-25.72],[114.16,-25.74],[113.98,-25.65],[113.9,-25.59]]]},"properties":{"NAME":"Malkana","SUBJECTO":"Malkana","PARTOF":"Malkana"}},
{"type":"Feature","geometry":{"type":"Polygon","coordinates":[[[122.23,-18.14],[122.22,-18.18],[122.23,-18.21],[122.29,-18.25],[122.44,-18.29],[122.77,-18.44],[122.87,-18.46],[122.96,-18.46],[122.99,-18.4],[123.04,-18.34],[123.08,-18.25],[123.09,-18.18],[123.09,-18.08],[123.05,-17.99],[122.9,-17.78],[122.86,-17.66],[122.8,-17.67],[122.75,-17.68],[122.72,-17.72],[122.67,-17.86],[122.63,-17.92],[122.46,-18],[122.37,-18.04],[122.31,-18.07],[122.23,-18.14]]]},"properties":{"NAME":"Yawuru","SUBJECTO":"Yawuru","PARTOF":"Yawuru"}},
{"type":"Feature","geometry":{"type":"Polygon","coordinates":[[[117.56,-33.77],[117.41,-33.62],[117.26,-33.5],[116.99,-33.38],[116.76,-33.3],[116.58,-33.18],[116.41,-33.1],[116.14,-33.03],[115.98,-32.98],[115.83,-32.98],[115.72,-33.02],[115.65,-33.35],[115.84,-33.66],[116,-33.72],[116.21,-33.95],[116.43,-34.31],[117.56,-34.21],[117.56,-33.77]]]},"properties":{"NAME":"Kaniyang","SUBJECTO":"Kaniyang","PARTOF":"Kaniyang"}},
{"type":"Feature","geometry":{"type":"Polygon","coordinates":[[[129.51,-15.98],[129.35,-16.18],[129.26,-16.33],[129.24,-16.55],[129.19,-16.7],[129.24,-16.84],[130.22,-17.17],[130.33,-17.09],[130.68,-16.69],[130.96,-16.44],[130.97,-16.36],[130.9,-16.26],[130.87,-16.1],[130.71,-16.05],[130.48,-15.96],[130.45,-15.81],[130.45,-15.66],[130.42,-15.53],[130.36,-15.45],[130.29,-15.4],[130.03,-15.57],[129.79,-15.74],[129.51,-15.98]]]},"properties":{"NAME":"Ngarinman","SUBJECTO":"Ngarinman","PARTOF":"Ngarinman"}},
{"type":"Feature","geometry":{"type":"Polygon","coordinates":[[[122.18,-17.92],[122.21,-18.05],[122.25,-18.06],[122.37,-18.06],[122.69,-17.92],[122.7,-17.82],[122.75,-17.71],[122.67,-17.72],[122.49,-17.72],[122.4,-17.75],[122.3,-17.74],[122.19,-17.76],[122.16,-17.79],[122.18,-17.92]]]},"properties":{"NAME":"Jukun","SUBJECTO":"Jukun","PARTOF":"Jukun"}},
{"type":"Feature","geometry":{"type":"Polygon","coordinates":[[[130.09,-13.59],[129.86,-13.72],[130.09,-13.7],[130.11,-13.85],[130.17,-13.89],[130.25,-13.88],[130.28,-13.64],[130.21,-13.6],[130.19,-13.5],[130.09,-13.59]]]},"properties":{"NAME":"Maranunggu","SUBJECTO":"Maranunggu","PARTOF":"Maranunggu"}},
{"type":"Feature","geometry":{"type":"Polygon","coordinates":[[[116.43,-23.98],[116.35,-24.46],[116.38,-24.64],[116.89,-24.48],[117.11,-24.09],[117.5,-24.06],[117.73,-23.99],[117.73,-23.86],[117.64,-23.83],[117.5,-23.73],[117.28,-23.68],[117.03,-23.56],[116.69,-23.4],[116.28,-23.21],[115.98,-23.01],[115.74,-22.9],[115.7,-23.25],[115.82,-23.7],[115.77,-23.84],[115.89,-23.86],[116.27,-23.88],[116.43,-23.98]]]},"properties":{"NAME":"Thiin","SUBJECTO":"Thiin","PARTOF":"Thiin"}},
{"type":"Feature","geometry":{"type":"Polygon","coordinates":[[[128.05,-15.64],[127.82,-15.87],[127.86,-15.96],[128.43,-16.04],[128.63,-16.11],[128.82,-16.16],[129.17,-16.24],[129.33,-16.31],[129.8,-15.76],[130.01,-15.64],[130.17,-15.51],[130.13,-15.44],[129.91,-15.41],[129.89,-15.34],[129.81,-15.25],[129.72,-15.29],[129.28,-15.29],[128.78,-15.08],[128.47,-15.17],[128.44,-15.49],[128.14,-15.56],[128.05,-15.64]]]},"properties":{"NAME":"Doolboong/Miriwoong","SUBJECTO":"Doolboong/Miriwoong","PARTOF":"Doolboong/Miriwoong"}},
{"type":"Feature","geometry":{"type":"Polygon","coordinates":[[[129.03,-18.01],[129.14,-18.92],[128.86,-19.17],[128.72,-19.3],[129.28,-19.67],[129.87,-19.94],[130.5,-20.55],[130.4,-21],[130.13,-21.21],[129.98,-21.68],[130.73,-22.8],[130.95,-22.87],[131.26,-22.97],[131.46,-23.01],[131.78,-23.01],[132.12,-23.03],[132.23,-23.03],[132.03,-22.75],[131.88,-22.55],[132.07,-22],[132.9,-21.96],[133.08,-21.68],[133.1,-21.21],[133,-20.88],[132.82,-20.21],[132.53,-19.82],[132.45,-19.56],[132.2,-19.16],[132.06,-18.95],[131.59,-18.56],[131.23,-18.3],[130.95,-18.1],[129.27,-18.32],[129.03,-18.01]]]},"properties":{"NAME":"Warlpiri","SUBJECTO":"Warlpiri","PARTOF":"Warlpiri"}},
{"type":"Feature","geometry":{"type":"Polygon","coordinates":[[[124.88,-18.48],[124.75,-18.68],[124.76,-19.1],[124.97,-19.59],[124.99,-20.05],[124.87,-20.25],[125.04,-20.28],[125.6,-20.35],[125.93,-20.41],[126.13,-20.41],[126.4,-20.43],[126.54,-20.28],[126.75,-19.67],[126.77,-19.47],[126.82,-19.26],[126.83,-19.13],[126.85,-19.09],[126.78,-19.06],[126.44,-19.07],[126.34,-18.96],[126.22,-18.93],[126.06,-18.93],[125.88,-18.85],[125.55,-18.43],[125.45,-18.42],[125.31,-18.48],[124.88,-18.48]]]},"properties":{"NAME":"Walmatjarri","SUBJECTO":"Walmatjarri","PARTOF":"Walmatjarri"}},
{"type":"Feature","geometry":{"type":"Polygon","coordinates":[[[116.77,-20.79],[116.78,-20.8],[116.81,-20.78],[116.77,-20.79]]]},"properties":{"NAME":"Jaburrara","SUBJECTO":"Jaburrara","PARTOF":"Jaburrara"}},
{"type":"Feature","geometry":{"type":"Polygon","coordinates":[[[120.39,-32.77],[120.42,-32.57],[120.39,-32.36],[120.29,-32.22],[119.37,-31.67],[118.47,-31.1],[118.23,-30.84],[117.92,-31.26],[117.72,-31.53],[117.53,-31.96],[117.54,-32.21],[117.67,-32.55],[118.04,-32.98],[118.15,-33.11],[118.66,-33.15],[119.66,-33.17],[120.14,-33.14],[120.33,-32.95],[120.39,-32.77]]]},"properties":{"NAME":"Nyaki-nyaki","SUBJECTO":"Nyaki-nyaki","PARTOF":"Nyaki-nyaki"}},
{"type":"Feature","geometry":{"type":"Polygon","coordinates":[[[117.09,-20.78],[116.81,-20.78],[116.78,-20.83],[116.92,-20.9],[116.99,-20.98],[117.14,-21.06],[117.93,-21.33],[118.03,-21.3],[117.81,-20.62],[117.09,-20.78]]]},"properties":{"NAME":"Ngarluma","SUBJECTO":"Ngarluma","PARTOF":"Ngarluma"}},
{"type":"Feature","geometry":{"type":"Polygon","coordinates":[[[130.08,-14.07],[130.03,-14.07],[130.04,-14.1],[130.08,-14.12],[130.1,-14.13],[130.19,-14.13],[130.25,-14.1],[130.33,-13.95],[130.32,-13.92],[130.31,-13.89],[130.26,-13.87],[130.22,-13.9],[130.08,-14.07]]]},"properties":{"NAME":"Marramaninjsji","SUBJECTO":"Marramaninjsji","PARTOF":"Marramaninjsji"}},
{"type":"Feature","geometry":{"type":"Polygon","coordinates":[[[125.51,-17.57],[125.34,-17.6],[125.31,-17.77],[125.41,-17.94],[125.62,-18.14],[125.69,-18.16],[125.86,-18.08],[126.07,-17.99],[126.32,-17.79],[126.3,-17.64],[126.06,-17.48],[125.87,-17.41],[125.69,-17.41],[125.51,-17.57]]]},"properties":{"NAME":"Punuba","SUBJECTO":"Punuba","PARTOF":"Punuba"}},
{"type":"Feature","geometry":{"type":"Polygon","coordinates":[[[131.49,-17.98],[131.11,-18.06],[130.9,-18.16],[131.08,-18.35],[131.37,-18.49],[131.86,-18.9],[132.15,-19.22],[132.43,-19.34],[133.54,-19.27],[133.85,-18.81],[133.56,-18.53],[133.5,-18.34],[133.34,-18.17],[133.35,-17.75],[132.28,-17.69],[132.01,-17.8],[131.64,-17.91],[131.49,-17.98]]]},"properties":{"NAME":"Warlmanpa","SUBJECTO":"Warlmanpa","PARTOF":"Warlmanpa"}},
{"type":"Feature","geometry":{"type":"Polygon","coordinates":[[[125.87,-16.84],[125.66,-17.05],[125.68,-17.21],[125.73,-17.31],[125.8,-17.43],[126.04,-17.48],[126.19,-17.59],[126.29,-17.74],[126.53,-17.73],[127.53,-17.28],[127.36,-16.62],[127.42,-16.42],[127.45,-16.08],[127.47,-15.94],[126.97,-15.94],[126.6,-16.78],[125.87,-16.84]]]},"properties":{"NAME":"Worla","SUBJECTO":"Worla","PARTOF":"Worla"}},
{"type":"Feature","geometry":{"type":"Polygon","coordinates":[[[118.65,-28.03],[118.76,-28.13],[118.95,-27.95],[119.34,-27.32],[119.9,-27.34],[120.69,-27.54],[121.32,-27.58],[121.28,-27.4],[121.15,-27.28],[120.93,-26.91],[120.85,-26.59],[120.84,-26.47],[120.8,-26.36],[119.31,-25.78],[118.94,-25.73],[118.81,-25.87],[118.57,-26.31],[118.44,-26.48],[118.26,-26.84],[118.11,-27.07],[118.04,-27.16],[118.02,-27.21],[118.65,-28.03]]]},"properties":{"NAME":"Tjupany","SUBJECTO":"Tjupany","PARTOF":"Tjupany"}},
{"type":"Feature","geometry":{"type":"Polygon","coordinates":[[[131.04,-25.45],[130.95,-25.75],[130.78,-26.08],[130.87,-26.74],[130.7,-27.33],[130.7,-27.52],[131.43,-28.21],[131.8,-28.34],[132.23,-28.42],[132.66,-28.41],[133.11,-28.41],[133.46,-28.4],[133.51,-28.21],[133.34,-27.8],[133.24,-27.25],[133.11,-26.89],[133.07,-26.72],[132.99,-26.38],[132.91,-26.1],[132.64,-25.85],[131.77,-25.74],[131.34,-25.61],[131.04,-25.45]]]},"properties":{"NAME":"Yankuntjatjara","SUBJECTO":"Yankuntjatjara","PARTOF":"Yankuntjatjara"}},
{"type":"Feature","geometry":{"type":"Polygon","coordinates":[[[126.96,-26.64],[127.22,-27.92],[127.22,-28.31],[127.3,-28.63],[127.56,-28.56],[127.99,-28.44],[129.19,-28.36],[129.59,-28.36],[129.9,-28.37],[129.99,-28.29],[130.16,-28.03],[130.59,-27.67],[130.58,-27.52],[130.21,-27.5],[129.29,-27.13],[129.08,-26.82],[129.02,-26.4],[129.02,-26.1],[129.02,-25.96],[129.02,-25.84],[128.76,-25.91],[128.28,-25.92],[127.79,-26.28],[127.47,-26.39],[126.96,-26.64]]]},"properties":{"NAME":"Nakako","SUBJECTO":"Nakako","PARTOF":"Nakako"}},
{"type":"Feature","geometry":{"type":"Polygon","coordinates":[[[125.44,-25.87],[125.1,-25.86],[124.55,-26.39],[124.41,-26.84],[124.38,-27.12],[124.35,-27.45],[124.4,-27.67],[126.09,-28.78],[126.74,-28.94],[127.4,-28.63],[127.28,-28.15],[127.32,-27.79],[127.14,-26.86],[127.01,-26.61],[126.8,-26.52],[126.42,-26.38],[125.44,-25.87]]]},"properties":{"NAME":"Mandjindja","SUBJECTO":"Mandjindja","PARTOF":"Mandjindja"}},
{"type":"Feature","geometry":{"type":"Polygon","coordinates":[[[131.44,-30.23],[131.15,-30.13],[130.85,-30.03],[130.52,-29.87],[130.35,-29.66],[130.14,-29.51],[130.05,-29.35],[129.87,-28.74],[129.9,-28.55],[129.95,-28.31],[129.62,-28.26],[127.96,-28.31],[127.53,-28.48],[127.4,-28.57],[127.43,-28.67],[127.6,-28.81],[127.8,-29.08],[128.21,-29.51],[128.4,-29.79],[128.41,-30.06],[128.46,-30.13],[129.34,-30.09],[130.16,-30.12],[131.25,-30.21],[131.44,-30.23]]]},"properties":{"NAME":"Ngalea","SUBJECTO":"Ngalea","PARTOF":"Ngalea"}},
{"type":"Feature","geometry":{"type":"Polygon","coordinates":[[[117.97,-20.47],[117.79,-20.64],[117.92,-21.16],[118,-21.39],[118.49,-21.68],[118.59,-21.66],[118.67,-21.57],[118.88,-20.95],[118.88,-20.51],[118.69,-20.34],[117.97,-20.47]]]},"properties":{"NAME":"Kariyarra","SUBJECTO":"Kariyarra","PARTOF":"Kariyarra"}},
{"type":"Feature","geometry":{"type":"Polygon","coordinates":[[[122.65,-16.74],[122.54,-16.92],[122.55,-16.93],[122.56,-16.95],[122.62,-17],[122.71,-17.03],[122.87,-17.04],[122.98,-17.03],[123.08,-16.98],[123.02,-16.86],[122.93,-16.73],[122.86,-16.73],[122.79,-16.74],[122.73,-16.74],[122.65,-16.74]]]},"properties":{"NAME":"Nyul Nyul","SUBJECTO":"Nyul Nyul","PARTOF":"Nyul Nyul"}},
{"type":"Feature","geometry":{"type":"Polygon","coordinates":[[[134.43,-29.05],[134.5,-29],[134.52,-26.28],[134.17,-26.04],[133.93,-26.01],[133.59,-26.07],[133.18,-26.23],[132.97,-26.36],[132.98,-26.77],[133.18,-27.59],[133.23,-28.01],[133.25,-28.39],[133.58,-28.74],[133.91,-28.93],[134.43,-29.05]]]},"properties":{"NAME":"Antakarinja","SUBJECTO":"Antakarinja","PARTOF":"Antakarinja"}},
{"type":"Feature","geometry":{"type":"Polygon","coordinates":[[[132.14,-16],[132.13,-15.84],[131.96,-15.76],[131.73,-15.76],[131.51,-15.79],[131.37,-15.79],[131.33,-15.99],[131.1,-16],[130.91,-16.07],[130.84,-16.12],[130.91,-16.3],[130.94,-16.42],[131.08,-16.47],[131.26,-16.55],[131.36,-16.72],[131.56,-16.6],[131.75,-16.46],[131.94,-16.31],[132.14,-16]]]},"properties":{"NAME":"Karangpurru","SUBJECTO":"Karangpurru","PARTOF":"Karangpurru"}},
{"type":"Feature","geometry":{"type":"Polygon","coordinates":[[[116.27,-21.39],[115.64,-22.12],[115.39,-22.34],[115.19,-22.5],[115.81,-22.57],[115.95,-22.46],[116.17,-22.42],[116.42,-22.43],[116.75,-22.66],[116.96,-22.87],[116.99,-22.88],[117.51,-22.76],[117.82,-22.21],[117.82,-22.07],[117.67,-21.94],[117.48,-21.82],[117.26,-21.73],[116.94,-21.42],[116.69,-21.38],[116.37,-21.31],[116.27,-21.39]]]},"properties":{"NAME":"Kurrama","SUBJECTO":"Kurrama","PARTOF":"Kurrama"}},
{"type":"Feature","geometry":{"type":"Polygon","coordinates":[[[121.85,-26.04],[120.98,-26.24],[120.77,-26.42],[120.83,-26.78],[121.06,-27.31],[121.44,-27.67],[121.68,-27.96],[122.28,-27.68],[123.06,-26.68],[123.11,-26.47],[123.16,-26.39],[122.83,-26.04],[122.42,-25.98],[121.85,-26.04]]]},"properties":{"NAME":"Nana","SUBJECTO":"Nana","PARTOF":"Nana"}},
{"type":"Feature","geometry":{"type":"Polygon","coordinates":[[[134.14,-12.08],[134.02,-12.06],[134.02,-12.13],[134.02,-12.2],[134.02,-12.27],[134.06,-12.32],[134.11,-12.3],[134.13,-12.26],[134.15,-12.21],[134.19,-12.11],[134.23,-12.1],[134.14,-12.08]]]},"properties":{"NAME":"Gunibidji","SUBJECTO":"Gunibidji","PARTOF":"Gunibidji"}},
{"type":"Feature","geometry":{"type":"Polygon","coordinates":[[[133.15,-14.88],[133.3,-14.96],[133.58,-15.07],[133.71,-15.07],[133.8,-14.99],[133.84,-14.9],[134.01,-14.81],[134.08,-14.77],[134.15,-14.72],[133.91,-14.49],[133.53,-14.29],[133.43,-14.28],[133.15,-14.88]]]},"properties":{"NAME":"Mangarayi","SUBJECTO":"Mangarayi","PARTOF":"Mangarayi"}},
{"type":"Feature","geometry":{"type":"Polygon","coordinates":[[[114.97,-30.34],[115.43,-31.39],[115.92,-31.37],[116.39,-31.39],[116.83,-30.05],[116.72,-30],[115.08,-30.25],[114.96,-30.28],[114.97,-30.34]]]},"properties":{"NAME":"Yuat","SUBJECTO":"Yuat","PARTOF":"Yuat"}},
{"type":"Feature","geometry":{"type":"Polygon","coordinates":[[[115.49,-31.55],[115.76,-32.49],[116.67,-31.99],[116.39,-31.47],[115.98,-31.42],[115.49,-31.55]]]},"properties":{"NAME":"Wajuk","SUBJECTO":"Wajuk","PARTOF":"Wajuk"}},
{"type":"Feature","geometry":{"type":"Polygon","coordinates":[[[133.42,-16.2],[133.34,-16.53],[133.35,-17.43],[133.31,-17.57],[133.28,-17.77],[133.25,-17.91],[133.26,-18.29],[133.54,-18.22],[133.84,-18.19],[134.18,-18.09],[134.33,-17.97],[134.44,-17.81],[134.51,-17.24],[134.4,-17.03],[134.12,-16.69],[133.74,-16.33],[133.42,-16.2]]]},"properties":{"NAME":"Jingili","SUBJECTO":"Jingili","PARTOF":"Jingili"}},
{"type":"Feature","geometry":{"type":"Polygon","coordinates":[[[115.13,-22.4],[115.42,-22.4],[115.72,-22.28],[116.46,-21.42],[116.44,-21.21],[116.25,-20.92],[116.13,-20.98],[115.35,-21.6],[114.69,-21.95],[115.13,-22.4]]]},"properties":{"NAME":"Nhuwala","SUBJECTO":"Nhuwala","PARTOF":"Nhuwala"}},
{"type":"Feature","geometry":{"type":"Polygon","coordinates":[[[126.72,-18.67],[126.3,-18.89],[126.31,-19.02],[126.44,-19.1],[126.69,-19.08],[126.83,-19.16],[127.06,-19.27],[127.73,-19.43],[128.11,-19.38],[128.54,-19.26],[128.78,-19.25],[129.2,-18.94],[129.24,-18.63],[129.25,-18.43],[129.28,-18.22],[129.2,-17.93],[128.94,-17.76],[128.8,-17.63],[128.59,-17.55],[128.38,-17.54],[128.22,-17.58],[128.12,-17.81],[127.62,-18.07],[127.42,-18.3],[126.86,-18.39],[126.72,-18.67]]]},"properties":{"NAME":"Jaru","SUBJECTO":"Jaru","PARTOF":"Jaru"}},
{"type":"Feature","geometry":{"type":"Polygon","coordinates":[[[129.85,-14.12],[129.85,-14.27],[129.87,-14.36],[129.99,-14.41],[129.99,-14.43],[130.01,-14.46],[130.04,-14.46],[130.04,-14.41],[130,-14.34],[130.11,-14.17],[130.11,-14.12],[130.04,-14.09],[129.93,-14.08],[129.87,-14.09],[129.85,-14.12]]]},"properties":{"NAME":"Ngan’gikurunggurr","SUBJECTO":"Ngan’gikurunggurr","PARTOF":"Ngan’gikurunggurr"}},
{"type":"Feature","geometry":{"type":"Polygon","coordinates":[[[132.21,-12.8],[132.24,-12.58],[132.22,-12.34],[131.82,-12.37],[131.63,-12.39],[131.61,-12.91],[131.72,-12.95],[132.21,-12.8]]]},"properties":{"NAME":"Limilngan","SUBJECTO":"Limilngan","PARTOF":"Limilngan"}},
{"type":"Feature","geometry":{"type":"Polygon","coordinates":[[[118.69,-28.56],[118.22,-28.3],[117.89,-28.35],[117.53,-28.57],[117.11,-28.9],[116.31,-29.21],[116.52,-29.6],[116.95,-30.12],[117.92,-30.67],[118.09,-30.74],[118.27,-30.91],[118.35,-31.07],[118.87,-31.53],[119.92,-32.18],[120.17,-31.89],[120.42,-31.64],[120.7,-31.41],[120.96,-31.25],[121.22,-31.11],[120.74,-30.63],[120,-29.32],[119.42,-28.75],[118.69,-28.56]]]},"properties":{"NAME":"Kalaamaya","SUBJECTO":"Kalaamaya","PARTOF":"Kalaamaya"}},
{"type":"Feature","geometry":{"type":"Polygon","coordinates":[[[115.89,-22.62],[115.75,-22.81],[115.7,-22.91],[115.87,-23],[116.21,-23.2],[116.55,-23.38],[116.88,-23.53],[117.36,-23.75],[117.66,-23.87],[117.78,-23.76],[117.82,-23.58],[117.72,-23.47],[117.33,-23.37],[117.1,-23.31],[116.86,-23.21],[116.67,-23.09],[116.46,-22.97],[116.09,-22.8],[115.96,-22.64],[115.89,-22.62]]]},"properties":{"NAME":"Jiwarli","SUBJECTO":"Jiwarli","PARTOF":"Jiwarli"}},
{"type":"Feature","geometry":{"type":"Polygon","coordinates":[[[125.11,-15.21],[125.08,-15.31],[125.29,-15.25],[125.38,-15.46],[125.6,-15.67],[125.67,-15.75],[125.74,-15.83],[125.83,-15.67],[125.89,-15.52],[126,-14.81],[126,-14.65],[126,-14.54],[125.97,-14.48],[125.86,-14.69],[125.5,-14.68],[125.16,-14.8],[125.11,-15.21]]]},"properties":{"NAME":"Wunambul","SUBJECTO":"Wunambul","PARTOF":"Wunambul"}},
{"type":"Feature","geometry":{"type":"Polygon","coordinates":[[[130.98,-17.55],[130.98,-17.83],[130.99,-17.91],[131.41,-17.95],[131.55,-17.98],[131.76,-17.99],[132.47,-17.77],[132.75,-17.74],[132.88,-17.74],[133.03,-17.73],[133.26,-17.72],[133.38,-17.64],[133.5,-17.31],[133.41,-16.96],[133.42,-16.56],[133.39,-16.41],[133.19,-16.49],[132.63,-16.42],[132.43,-16.16],[132.23,-16.31],[131.93,-16.44],[131.74,-16.43],[130.98,-17.55]]]},"properties":{"NAME":"Mudburra","SUBJECTO":"Mudburra","PARTOF":"Mudburra"}},
{"type":"Feature","geometry":{"type":"Polygon","coordinates":[[[134.33,-13.42],[134.63,-13.93],[134.64,-13.15],[134.41,-13.27],[134.33,-13.42]]]},"properties":{"NAME":"Ngalkbun","SUBJECTO":"Ngalkbun","PARTOF":"Ngalkbun"}},
{"type":"Feature","geometry":{"type":"Polygon","coordinates":[[[118.57,-24.34],[118.58,-24.45],[119.4,-24.84],[119.65,-25.02],[119.78,-24.99],[119.98,-24.09],[119.87,-23.82],[119.7,-23.56],[119.6,-23.44],[119.19,-23.38],[118.98,-23.43],[118.79,-23.58],[118.57,-24.34]]]},"properties":{"NAME":"Ngalawangka","SUBJECTO":"Ngalawangka","PARTOF":"Ngalawangka"}},
{"type":"Feature","geometry":{"type":"Polygon","coordinates":[[[122.84,-18.54],[122.74,-19],[122.88,-19.18],[123.05,-19.29],[123.37,-19.67],[123.6,-20.14],[123.84,-20.68],[124.38,-20.66],[124.85,-20.3],[125,-20.15],[125.11,-19.88],[124.8,-18.96],[124.8,-18.78],[124.86,-18.7],[124.86,-18.59],[124.7,-18.56],[124.59,-18.35],[124.46,-18.25],[124.35,-18.21],[124.15,-18.34],[123.88,-18.8],[123.32,-18.44],[123.14,-18.44],[122.93,-18.45],[122.84,-18.54]]]},"properties":{"NAME":"Mangala","SUBJECTO":"Mangala","PARTOF":"Mangala"}},
{"type":"Feature","geometry":{"type":"Polygon","coordinates":[[[132.89,-12.77],[132.84,-12.66],[132.77,-12.65],[132.65,-12.67],[132.64,-12.73],[132.69,-12.8],[132.82,-12.85],[132.89,-12.77]]]},"properties":{"NAME":"Bukurnidja","SUBJECTO":"Bukurnidja","PARTOF":"Bukurnidja"}},
{"type":"Feature","geometry":{"type":"Polygon","coordinates":[[[120.22,-29.4],[120.65,-29.86],[120.99,-30.73],[121.07,-31.1],[121.62,-31.1],[122.28,-31.04],[122.81,-30.98],[123.35,-30.92],[123.55,-30.95],[123.59,-30.7],[123.55,-30.26],[122.76,-28.87],[122.74,-28.75],[122.54,-28.65],[122.3,-28.7],[122.1,-28.77],[121.85,-28.84],[119.87,-28.85],[119.73,-28.97],[120.22,-29.4]]]},"properties":{"NAME":"Wangkathaa","SUBJECTO":"Wangkathaa","PARTOF":"Wangkathaa"}},
{"type":"Feature","geometry":{"type":"Polygon","coordinates":[[[114.7,-24.06],[115.09,-24.46],[115.09,-24.7],[115.08,-24.8],[115,-25.03],[115.2,-25.08],[115.34,-25.09],[115.42,-24.89],[115.48,-24.7],[115.52,-24.62],[115.64,-24.22],[115.77,-24],[115.82,-23.81],[115.82,-23.76],[115.72,-23.72],[115.44,-23.67],[115.05,-23.42],[114.92,-23.4],[114.79,-23.35],[114.68,-23.32],[114.65,-23.54],[114.52,-23.88],[114.52,-24.03],[114.7,-24.06]]]},"properties":{"NAME":"Tharrgari","SUBJECTO":"Tharrgari","PARTOF":"Tharrgari"}},
{"type":"Feature","geometry":{"type":"Polygon","coordinates":[[[124.53,-16.33],[124.61,-16.38],[124.62,-16.37],[124.81,-16.37],[124.89,-16.15],[124.85,-16.02],[124.93,-15.89],[125.73,-15.98],[125.82,-15.96],[125.82,-15.88],[125.77,-15.76],[125.61,-15.59],[125.41,-15.46],[125.36,-15.22],[125.1,-15.26],[125.06,-15.42],[125.11,-15.62],[124.42,-15.66],[124.53,-16.33]]]},"properties":{"NAME":"Worora","SUBJECTO":"Worora","PARTOF":"Worora"}},
{"type":"Feature","geometry":{"type":"Polygon","coordinates":[[[123.56,-17.21],[123.52,-17.5],[123.43,-17.69],[123.17,-17.86],[123.06,-18.04],[123,-18.27],[122.89,-18.45],[123.06,-18.55],[123.23,-18.43],[123.35,-18.49],[123.6,-18.72],[123.94,-18.89],[124.17,-18.34],[124.37,-18.21],[124.56,-18.35],[124.64,-18.59],[124.71,-18.62],[124.84,-18.62],[125.02,-18.57],[125.37,-18.53],[125.56,-18.35],[125.66,-18.24],[125.74,-18.12],[125.65,-18.07],[125.48,-17.91],[125.4,-17.77],[125.35,-17.67],[125.28,-17.54],[125.21,-17.44],[125.05,-17.4],[124.7,-17.42],[124.55,-17.42],[124.4,-17.4],[123.86,-17.32],[123.67,-17.24],[123.57,-17.17],[123.56,-17.21]]]},"properties":{"NAME":"Nyikina","SUBJECTO":"Nyikina","PARTOF":"Nyikina"}},
{"type":"Feature","geometry":{"type":"Polygon","coordinates":[[[123.58,-16.39],[123.55,-16.7],[123.99,-16.82],[123.58,-16.39]]]},"properties":{"NAME":"Unggarangi","SUBJECTO":"Unggarangi","PARTOF":"Unggarangi"}},
{"type":"Feature","geometry":{"type":"Polygon","coordinates":[[[123.5,-17.32],[123.06,-16.94],[122.93,-16.99],[122.84,-17.1],[122.81,-17.26],[122.8,-17.41],[122.81,-17.62],[122.84,-17.84],[122.92,-18],[123.09,-18.08],[123.55,-17.64],[123.58,-17.57],[123.57,-17.49],[123.53,-17.38],[123.5,-17.32]]]},"properties":{"NAME":"Nimanburu","SUBJECTO":"Nimanburu","PARTOF":"Nimanburu"}},
{"type":"Feature","geometry":{"type":"Polygon","coordinates":[[[134.32,-30.88],[134.48,-30.94],[134.5,-28.92],[133.63,-28.55],[133.56,-28.43],[133.26,-28.31],[132.92,-28.34],[132.6,-28.4],[132.12,-28.4],[131.72,-28.25],[131.28,-28.04],[130.98,-27.77],[130.78,-27.54],[130.67,-27.46],[130.44,-27.64],[130.22,-27.85],[129.85,-28.26],[129.83,-28.63],[129.99,-29.47],[130.3,-29.75],[130.66,-29.95],[131.02,-30.12],[131.44,-30.25],[131.85,-30.37],[133.23,-30.5],[134.32,-30.88]]]},"properties":{"NAME":"Kokatha","SUBJECTO":"Kokatha","PARTOF":"Kokatha"}},
{"type":"Feature","geometry":{"type":"Polygon","coordinates":[[[134.04,-12.06],[133.73,-11.99],[133.85,-12.19],[133.9,-12.21],[134.04,-12.29],[134.04,-12.06]]]},"properties":{"NAME":"Gunbalang","SUBJECTO":"Gunbalang","PARTOF":"Gunbalang"}},
{"type":"Feature","geometry":{"type":"Polygon","coordinates":[[[118.42,-28.37],[118.55,-28.29],[118.63,-28.2],[118.73,-28.1],[118.7,-27.94],[118.69,-27.9],[118.06,-27.2],[117.93,-27.16],[117.67,-27.19],[117.51,-27.45],[116.54,-27.99],[116.1,-28.31],[115.97,-28.48],[115.82,-28.57],[115.82,-28.61],[116.27,-29.27],[116.43,-29.21],[116.5,-29.17],[116.77,-29.05],[116.92,-28.96],[117.19,-28.84],[117.81,-28.47],[118.33,-28.4],[118.42,-28.37]]]},"properties":{"NAME":"Badimaya","SUBJECTO":"Badimaya","PARTOF":"Badimaya"}},
{"type":"Feature","geometry":{"type":"Polygon","coordinates":[[[130.98,-12.98],[130.8,-12.93],[130.48,-12.89],[130.4,-12.86],[130.23,-13.15],[130.22,-13.46],[130.28,-13.44],[130.32,-13.41],[130.36,-13.39],[130.47,-13.37],[131.17,-13.45],[131.52,-13.23],[130.98,-12.98]]]},"properties":{"NAME":"Kungarakany","SUBJECTO":"Kungarakany","PARTOF":"Kungarakany"}},
{"type":"Feature","geometry":{"type":"Polygon","coordinates":[[[133.8,-13.93],[133.63,-13.68],[133.54,-13.76],[133.45,-14.15],[133.46,-14.3],[133.56,-14.39],[134.03,-14.72],[134.26,-14.87],[134.62,-15.14],[134.62,-14.51],[133.8,-13.93]]]},"properties":{"NAME":"Ngalakan","SUBJECTO":"Ngalakan","PARTOF":"Ngalakan"}},
{"type":"Feature","geometry":{"type":"Polygon","coordinates":[[[124.22,-31.03],[124.43,-32.94],[126.01,-32.27],[127.31,-32.27],[128.9,-31.71],[131.02,-31.55],[131.11,-31.46],[131.24,-30.81],[131.03,-30.77],[128.69,-30.34],[127.13,-30.37],[126.36,-30.38],[125.19,-30.65],[124.22,-31.03]]]},"properties":{"NAME":"Mirning","SUBJECTO":"Mirning","PARTOF":"Mirning"}},
{"type":"Feature","geometry":{"type":"Polygon","coordinates":[[[131.01,-15.33],[130.91,-15.4],[130.68,-15.43],[130.5,-15.46],[130.36,-15.48],[130.38,-15.56],[130.41,-15.64],[130.43,-15.71],[130.64,-15.74],[131.06,-15.7],[131.29,-15.69],[131.42,-15.68],[131.43,-15.6],[131.39,-15.5],[131.25,-15.36],[131.12,-15.32],[131.06,-15.31],[131.01,-15.33]]]},"properties":{"NAME":"Nungali","SUBJECTO":"Nungali","PARTOF":"Nungali"}},
{"type":"Feature","geometry":{"type":"Polygon","coordinates":[[[117.42,-21.1],[117.18,-21.03],[117.03,-21.04],[116.91,-21.28],[116.89,-21.34],[116.87,-21.44],[117.21,-21.79],[117.32,-21.83],[117.48,-21.91],[117.65,-21.98],[117.96,-22.13],[118.88,-22.38],[119.04,-22.23],[119.04,-22.1],[119.02,-21.94],[118.97,-21.8],[118.69,-21.65],[118.39,-21.55],[118.11,-21.43],[117.91,-21.27],[117.42,-21.1]]]},"properties":{"NAME":"Yindjibarndi","SUBJECTO":"Yindjibarndi","PARTOF":"Yindjibarndi"}},
{"type":"Feature","geometry":{"type":"Polygon","coordinates":[[[122.22,-18.19],[121.55,-18.77],[121.54,-18.81],[122.69,-19.06],[122.85,-18.95],[122.93,-18.56],[122.88,-18.45],[122.51,-18.26],[122.23,-18.19],[122.22,-18.19]]]},"properties":{"NAME":"Karajarri","SUBJECTO":"Karajarri","PARTOF":"Karajarri"}},
{"type":"Feature","geometry":{"type":"Polygon","coordinates":[[[123.46,-33.99],[123.62,-33.92],[123.95,-33.48],[123.65,-33.14],[122.45,-33.02],[121.52,-32.78],[121.09,-32.78],[120.38,-33.01],[120.2,-33.08],[120.01,-33.16],[119.61,-33.14],[119.17,-33.14],[118.48,-33.11],[118.58,-33.28],[118.78,-33.75],[119.51,-34.34],[119.77,-34.12],[121.74,-33.96],[122.17,-34.18],[123.19,-34.04],[123.46,-33.99]]]},"properties":{"NAME":"Wudjari","SUBJECTO":"Wudjari","PARTOF":"Wudjari"}},
{"type":"Feature","geometry":{"type":"Polygon","coordinates":[[[131.39,-16.77],[131.4,-16.63],[131.2,-16.47],[130.98,-16.39],[130.83,-16.45],[130.74,-16.49],[130.73,-16.55],[130.3,-17.08],[130.26,-17.29],[130.26,-17.35],[130.5,-17.35],[130.81,-17.4],[130.97,-17.39],[131.39,-16.77]]]},"properties":{"NAME":"Bilinara","SUBJECTO":"Bilinara","PARTOF":"Bilinara"}},
{"type":"Feature","geometry":{"type":"Polygon","coordinates":[[[130.37,-13.37],[130.31,-13.39],[130.3,-13.44],[130.32,-13.46],[130.35,-13.46],[130.41,-13.4],[130.39,-13.38],[130.37,-13.37]]]},"properties":{"NAME":"Tjerratj","SUBJECTO":"Tjerratj","PARTOF":"Tjerratj"}},
{"type":"Feature","geometry":{"type":"Polygon","coordinates":[[[121.33,-21.99],[121.15,-22.02],[121.08,-22.11],[121.12,-22.28],[121.12,-23.05],[121,-23.3],[120.95,-23.36],[120.97,-23.44],[121.95,-24.53],[122.26,-24.8],[122.84,-25.3],[122.91,-25.37],[122.98,-25.42],[124.27,-24.26],[125.26,-24.47],[125.61,-24.64],[126.16,-24.23],[128.01,-24.11],[127.83,-23.92],[127.43,-23.65],[127.05,-23.3],[126.56,-22.35],[126.31,-22.04],[125.99,-21.81],[125.39,-21.81],[125.21,-21.96],[124.09,-22.35],[124.08,-21.94],[123.61,-21.42],[123.41,-21.36],[123.17,-21.38],[122.54,-22.41],[121.33,-21.99]]]},"properties":{"NAME":"Mardu","SUBJECTO":"Mardu","PARTOF":"Mardu"}},
{"type":"Feature","geometry":{"type":"Polygon","coordinates":[[[119.35,-34.55],[119.46,-34.4],[119.16,-34.1],[118.89,-33.74],[118.67,-33.52],[118.44,-33.17],[117.86,-33.39],[117.45,-33.65],[117.65,-33.81],[117.67,-34.05],[117.58,-34.26],[118.57,-34.23],[118.92,-34.29],[119.35,-34.55]]]},"properties":{"NAME":"Goreng","SUBJECTO":"Goreng","PARTOF":"Goreng"}},
{"type":"Feature","geometry":{"type":"Polygon","coordinates":[[[133.41,-12.85],[133.45,-12.89],[133.52,-12.91],[133.58,-12.99],[133.7,-12.8],[133.91,-12.42],[133.96,-12.35],[134.01,-12.25],[133.76,-12],[133.45,-11.9],[133.17,-11.85],[133.1,-11.86],[133.05,-11.91],[133.01,-12.08],[133.32,-12.81],[133.41,-12.85]]]},"properties":{"NAME":"Gunwinggu","SUBJECTO":"Gunwinggu","PARTOF":"Gunwinggu"}},
{"type":"Feature","geometry":{"type":"Polygon","coordinates":[[[113.75,-25.32],[114.01,-25.71],[114.21,-25.77],[114.57,-25.77],[114.97,-25.73],[115.21,-25.72],[115.89,-25.69],[115.94,-25.35],[115.94,-25.26],[115.89,-25.29],[115.83,-25.21],[115.77,-25.17],[115.75,-25.18],[115.44,-25.01],[115.26,-24.97],[114.87,-24.92],[114.14,-24.67],[113.63,-24.78],[113.55,-24.88],[113.75,-25.32]]]},"properties":{"NAME":"Yinggarda","SUBJECTO":"Yinggarda","PARTOF":"Yinggarda"}},
{"type":"Feature","geometry":{"type":"Polygon","coordinates":[[[134.17,-26.25],[134.52,-26.55],[134.55,-23.02],[134.32,-23.02],[133.84,-22.96],[133.22,-22.92],[132.63,-22.78],[132.54,-22.8],[132.28,-23.04],[132.03,-23.18],[132.03,-23.66],[132.87,-24.55],[133.24,-25.44],[133.77,-26.02],[134.17,-26.25]]]},"properties":{"NAME":"Arrernte","SUBJECTO":"Arrernte","PARTOF":"Arrernte"}},
{"type":"Feature","geometry":{"type":"Polygon","coordinates":[[[132.43,-12.75],[132.45,-12.6],[132.43,-12.32],[132.18,-12.34],[132.2,-12.51],[132.19,-12.77],[132.3,-12.79],[132.43,-12.75]]]},"properties":{"NAME":"Konbudj","SUBJECTO":"Konbudj","PARTOF":"Konbudj"}},
{"type":"Feature","geometry":{"type":"Polygon","coordinates":[[[123.95,-24.35],[122.94,-25.17],[122.76,-25.62],[122.78,-26.16],[122.89,-26.49],[123.16,-26.78],[123.73,-27.16],[124.17,-27.35],[124.37,-27.47],[124.49,-27.16],[124.53,-26.85],[124.88,-26.14],[125.49,-25.91],[126.38,-26.44],[126.84,-26.58],[127.31,-26.59],[127.43,-26.58],[127.08,-26.39],[126.87,-26.23],[126.36,-25.96],[125.9,-25.65],[125.58,-24.97],[125.58,-24.75],[125.51,-24.6],[125.24,-24.42],[124.26,-24.2],[123.95,-24.35]]]},"properties":{"NAME":"Ngaanyatjarra","SUBJECTO":"Ngaanyatjarra","PARTOF":"Ngaanyatjarra"}},
{"type":"Feature","geometry":{"type":"Polygon","coordinates":[[[124.85,-16.53],[125.62,-17.12],[125.77,-17],[125.86,-16.93],[125.94,-16.84],[126.53,-16.9],[127.08,-16],[127.3,-16],[127.52,-16],[127.74,-15.98],[128.02,-15.82],[128.11,-15.65],[128.12,-15.52],[128.02,-15.42],[127.83,-15.56],[127.72,-15.46],[127.72,-15.29],[127.62,-15.2],[127.44,-15.18],[127.38,-14.7],[127.28,-14.45],[126.99,-14.38],[126.69,-14.38],[126.05,-14.64],[125.95,-14.87],[125.9,-15.31],[125.85,-15.51],[125.73,-15.77],[125.56,-15.85],[125,-15.79],[124.82,-15.94],[124.78,-16.24],[124.8,-16.5],[124.85,-16.53]]]},"properties":{"NAME":"Ngarinyin","SUBJECTO":"Ngarinyin","PARTOF":"Ngarinyin"}},
{"type":"Feature","geometry":{"type":"Polygon","coordinates":[[[127.41,-16.08],[127.32,-16.67],[127.5,-17.2],[127.34,-17.33],[126.45,-17.69],[126.22,-17.73],[126.06,-17.93],[125.94,-18.06],[126.49,-18.14],[126.74,-18.48],[126.89,-18.48],[127.03,-18.47],[127.55,-18.26],[128.06,-17.94],[128.23,-17.72],[128.3,-17.55],[128.43,-17.56],[128.78,-17.66],[128.88,-17.78],[128.98,-17.81],[129.06,-17.85],[129.02,-17.62],[128.89,-17.17],[128.8,-16.7],[128.9,-16.65],[129.11,-16.63],[129.27,-16.63],[129.34,-16.46],[129.29,-16.34],[129.22,-16.27],[129.01,-16.14],[128.08,-15.88],[127.8,-15.87],[127.55,-15.97],[127.41,-16.08]]]},"properties":{"NAME":"Kija","SUBJECTO":"Kija","PARTOF":"Kija"}},
{"type":"Feature","geometry":{"type":"Polygon","coordinates":[[[131.34,-13.63],[131.31,-13.72],[131.15,-13.77],[130.91,-13.78],[130.86,-13.81],[130.86,-13.9],[130.88,-14.02],[130.91,-14.18],[130.79,-14.4],[130.55,-14.48],[130.39,-14.49],[130.34,-14.51],[130.34,-14.57],[130.35,-14.67],[130.35,-14.75],[130.42,-14.76],[130.63,-14.75],[130.85,-14.76],[130.96,-14.8],[131.01,-14.84],[131.18,-14.81],[131.31,-14.79],[131.67,-14.65],[131.97,-14.65],[132,-14.54],[131.92,-14.45],[131.98,-14.37],[132,-14.22],[132,-14.07],[132,-13.98],[131.95,-13.89],[131.86,-13.83],[131.55,-13.5],[131.53,-13.4],[131.47,-13.42],[131.4,-13.48],[131.34,-13.63]]]},"properties":{"NAME":"Wagiman","SUBJECTO":"Wagiman","PARTOF":"Wagiman"}},
{"type":"Feature","geometry":{"type":"Polygon","coordinates":[[[132.34,-12.98],[132.37,-13.02],[132.41,-13.04],[132.67,-13.04],[132.73,-12.91],[132.73,-12.83],[132.71,-12.8],[132.62,-12.74],[132.5,-12.76],[132.41,-12.8],[132.34,-12.98]]]},"properties":{"NAME":"Ngombur","SUBJECTO":"Ngombur","PARTOF":"Ngombur"}},
{"type":"Feature","geometry":{"type":"Polygon","coordinates":[[[134.06,-23.24],[134.55,-23.24],[134.56,-21.94],[134.41,-22.13],[133.99,-22.37],[133.95,-22.84],[134.06,-23.24]]]},"properties":{"NAME":"Alyawarre","SUBJECTO":"Alyawarre","PARTOF":"Alyawarre"}},
{"type":"Feature","geometry":{"type":"Polygon","coordinates":[[[132.63,-11.75],[132.78,-11.58],[132.04,-11.38],[132.63,-11.75]]]},"properties":{"NAME":"Iwaidja","SUBJECTO":"Iwaidja","PARTOF":"Iwaidja"}},
{"type":"Feature","geometry":{"type":"Polygon","coordinates":[[[132.29,-13.07],[132.29,-13.12],[132.33,-13.12],[132.41,-13.13],[132.45,-13.13],[132.51,-13.15],[132.59,-13.2],[132.66,-13.2],[132.73,-13.14],[132.79,-13.1],[132.85,-13.03],[132.86,-12.96],[132.82,-12.92],[132.87,-12.87],[132.83,-12.82],[132.76,-12.8],[132.71,-12.81],[132.71,-12.91],[132.67,-13.02],[132.41,-12.99],[132.35,-12.96],[132.32,-13.05],[132.29,-13.07]]]},"properties":{"NAME":"Mbukarla","SUBJECTO":"Mbukarla","PARTOF":"Mbukarla"}},
{"type":"Feature","geometry":{"type":"Polygon","coordinates":[[[115.71,-23.98],[115.36,-24.93],[115.39,-25.05],[115.75,-25.21],[115.98,-25.18],[116.3,-24.7],[116.41,-24.49],[116.49,-24.29],[116.55,-24.08],[116.44,-23.9],[115.87,-23.83],[115.76,-23.9],[115.71,-23.98]]]},"properties":{"NAME":"Warriyangga","SUBJECTO":"Warriyangga","PARTOF":"Warriyangga"}},
{"type":"Feature","geometry":{"type":"Polygon","coordinates":[[[132.63,-12.27],[132.4,-12.33],[132.41,-12.72],[132.48,-12.79],[132.63,-12.79],[132.71,-12.74],[132.67,-12.58],[132.72,-12.2],[132.63,-12.27]]]},"properties":{"NAME":"Gagudju","SUBJECTO":"Gagudju","PARTOF":"Gagudju"}},
{"type":"Feature","geometry":{"type":"Polygon","coordinates":[[[122.73,-16.72],[122.77,-16.76],[122.95,-16.76],[122.87,-16.66],[122.76,-16.6],[122.73,-16.72]]]},"properties":{"NAME":"Bardi","SUBJECTO":"Bardi","PARTOF":"Bardi"}},
{"type":"Feature","geometry":{"type":"Polygon","coordinates":[[[133.4,-11.88],[133.14,-11.7],[133.08,-11.86],[133.14,-11.89],[133.54,-11.94],[133.4,-11.88]]]},"properties":{"NAME":"Maung","SUBJECTO":"Maung","PARTOF":"Maung"}},
{"type":"Feature","geometry":{"type":"Polygon","coordinates":[[[118.73,-20.32],[118.62,-20.37],[118.81,-20.62],[118.8,-20.99],[118.64,-21.54],[118.65,-21.71],[118.89,-21.84],[118.96,-21.98],[119.12,-22.04],[120.4,-22.09],[120.95,-22.16],[121.07,-22.23],[121.2,-22.1],[121.23,-21.95],[121.23,-21.6],[120.88,-20.82],[120.55,-20.67],[120.16,-20.35],[120.04,-20.14],[119.93,-20.11],[119.64,-20.39],[118.83,-20.14],[118.73,-20.32]]]},"properties":{"NAME":"Nyamal","SUBJECTO":"Nyamal","PARTOF":"Nyamal"}},
{"type":"Feature","geometry":{"type":"Polygon","coordinates":[[[129.76,-14.02],[129.58,-14.18],[129.68,-14.41],[129.79,-14.46],[129.98,-14.45],[130.02,-14.41],[129.98,-14.38],[129.93,-14.36],[129.9,-14.37],[129.87,-14.33],[129.86,-14.2],[129.87,-14.13],[129.93,-14.03],[129.93,-13.98],[129.76,-13.99],[129.76,-14.02]]]},"properties":{"NAME":"Marringarr","SUBJECTO":"Marringarr","PARTOF":"Marringarr"}},
{"type":"Feature","geometry":{"type":"Polygon","coordinates":[[[115.14,-34.4],[115.65,-34.6],[116,-34.94],[116.43,-35.05],[116.56,-34.84],[116.18,-34.17],[116.2,-33.93],[116.05,-33.8],[115.96,-33.67],[115.85,-33.67],[115.81,-33.74],[115.72,-33.89],[115.37,-34.08],[115.14,-34.4]]]},"properties":{"NAME":"Bibbulman","SUBJECTO":"Bibbulman","PARTOF":"Bibbulman"}},
{"type":"Feature","geometry":{"type":"Polygon","coordinates":[[[126.1,-14.2],[125.92,-14.57],[125.96,-14.7],[126.08,-14.67],[126.32,-14.65],[126.69,-14.48],[126.77,-14.35],[126.64,-14.15],[126.55,-14.35],[126.27,-14.07],[126.1,-14.2]]]},"properties":{"NAME":"Gamberre","SUBJECTO":"Gamberre","PARTOF":"Gamberre"}},
{"type":"Feature","geometry":{"type":"Polygon","coordinates":[[[126.41,-24.2],[126,-24.23],[125.68,-24.46],[125.51,-24.62],[125.52,-25.05],[125.84,-25.68],[126.68,-26.24],[127.05,-26.42],[127.36,-26.54],[127.68,-26.48],[128.21,-26],[128.57,-26],[128.92,-26.01],[129.07,-25.85],[129.03,-24.8],[128.88,-24.42],[128.67,-24.11],[128.12,-23.99],[127.44,-23.99],[126.41,-24.2]]]},"properties":{"NAME":"Ngatatjara","SUBJECTO":"Ngatatjara","PARTOF":"Ngatatjara"}},
{"type":"Feature","geometry":{"type":"Polygon","coordinates":[[[119.81,-23.37],[119.62,-23.4],[119.62,-23.51],[119.7,-23.66],[119.81,-23.94],[119.88,-24.43],[119.83,-24.71],[119.72,-24.93],[119.58,-25.13],[119.32,-25.33],[119.09,-25.44],[118.89,-25.68],[118.91,-25.81],[119.23,-25.81],[119.64,-26],[120.61,-26.31],[120.79,-26.42],[121.03,-26.49],[121.94,-26.1],[122.5,-26.01],[122.79,-26.01],[122.95,-26.03],[122.97,-25.53],[122.94,-25.31],[122.79,-25.12],[122.3,-24.6],[121.79,-24.28],[121.19,-23.5],[120.98,-23.28],[119.81,-23.37]]]},"properties":{"NAME":"Wawula","SUBJECTO":"Wawula","PARTOF":"Wawula"}},
{"type":"Feature","geometry":{"type":"Polygon","coordinates":[[[121.54,-18.79],[120.87,-19.68],[120.22,-19.98],[119.93,-20.08],[120.03,-20.28],[120.22,-20.52],[120.9,-20.98],[121.14,-21.95],[121.42,-22.26],[122.56,-22.51],[122.89,-21.84],[123.26,-21.39],[123.56,-21.05],[123.71,-20.9],[123.84,-20.75],[123.84,-20.42],[123.8,-20.04],[123.15,-19.13],[122.49,-18.96],[121.84,-18.84],[121.54,-18.79]]]},"properties":{"NAME":"Nyangumarda","SUBJECTO":"Nyangumarda","PARTOF":"Nyangumarda"}},
{"type":"Feature","geometry":{"type":"Polygon","coordinates":[[[134.45,-17.21],[134.6,-17.13],[134.62,-15.03],[134.3,-14.8],[134.14,-14.72],[133.93,-14.77],[133.9,-14.84],[133.76,-15.02],[133.63,-15.11],[133.48,-16.21],[133.66,-16.38],[133.87,-16.56],[134.31,-16.97],[134.45,-17.21]]]},"properties":{"NAME":"Alawa","SUBJECTO":"Alawa","PARTOF":"Alawa"}},
{"type":"Feature","geometry":{"type":"Polygon","coordinates":[[[132.33,-16.11],[132.53,-16.37],[132.69,-16.52],[133.2,-16.57],[133.43,-16.39],[133.6,-15.95],[133.69,-15.41],[133.69,-15.15],[133.7,-14.94],[133.4,-14.91],[133.2,-14.87],[133.1,-14.96],[132.46,-14.98],[132.29,-15.03],[132.23,-15.21],[132.32,-15.49],[132.32,-15.76],[132.32,-15.96],[132.33,-16.11]]]},"properties":{"NAME":"Yangman","SUBJECTO":"Yangman","PARTOF":"Yangman"}},
{"type":"Feature","geometry":{"type":"Polygon","coordinates":[[[131.36,-31.67],[131.99,-32.07],[133.13,-32.34],[133.84,-32.34],[134.47,-32.74],[134.48,-30.83],[132.48,-30.26],[131.45,-30.18],[131.29,-30.28],[131.04,-30.64],[131.24,-30.81],[131.11,-31.46],[131.36,-31.67]]]},"properties":{"NAME":"Wirangu","SUBJECTO":"Wirangu","PARTOF":"Wirangu"}},
{"type":"Feature","geometry":{"type":"Polygon","coordinates":[[[127.4,-14.1],[127.24,-14.28],[127.24,-14.45],[127.31,-14.69],[127.31,-15.19],[127.45,-15.27],[127.58,-15.23],[127.66,-15.23],[127.86,-15.02],[127.99,-14.86],[127.96,-14.7],[127.4,-14.1]]]},"properties":{"NAME":"Kwini","SUBJECTO":"Kwini","PARTOF":"Kwini"}},
{"type":"Feature","geometry":{"type":"Polygon","coordinates":[[[131.2,-12.92],[130.95,-12.63],[130.52,-12.73],[130.46,-12.76],[130.39,-12.89],[130.93,-12.99],[131.1,-12.96],[131.2,-12.92]]]},"properties":{"NAME":"Larrakia","SUBJECTO":"Larrakia","PARTOF":"Larrakia"}},
{"type":"Feature","geometry":{"type":"Polygon","coordinates":[[[114.54,-28.78],[114.84,-29.39],[114.9,-30.13],[114.95,-30.31],[115.02,-30.37],[115.21,-30.31],[116.15,-30.22],[116.5,-30.11],[116.63,-30.04],[116.67,-29.95],[116.38,-29.38],[116.3,-29.22],[115.98,-28.69],[115.85,-28.53],[115.73,-28.42],[115.49,-28.44],[115.23,-28.57],[114.7,-28.72],[114.59,-28.72],[114.54,-28.78]]]},"properties":{"NAME":"Amangu","SUBJECTO":"Amangu","PARTOF":"Amangu"}},
{"type":"Feature","geometry":{"type":"Polygon","coordinates":[[[134.39,-12.12],[134.23,-12.1],[134.17,-12.12],[134.14,-12.18],[134.12,-12.24],[134.12,-12.29],[134.18,-12.31],[134.27,-12.33],[134.4,-12.23],[134.4,-12.15],[134.39,-12.12]]]},"properties":{"NAME":"Gungurugoni","SUBJECTO":"Gungurugoni","PARTOF":"Gungurugoni"}},
{"type":"Feature","geometry":{"type":"Polygon","coordinates":[[[122.75,-33.39],[123.61,-33.38],[123.92,-33.52],[124,-33.42],[124.24,-33.01],[124.43,-32.94],[124.22,-31.03],[123.38,-30.99],[123.19,-31.46],[123.11,-31.75],[123,-32.1],[122.92,-32.37],[122.93,-32.49],[122.91,-32.76],[122.83,-33.04],[122.75,-33.39]]]},"properties":{"NAME":"Ngatjumay","SUBJECTO":"Ngatjumay","PARTOF":"Ngatjumay"}},
{"type":"Feature","geometry":{"type":"Polygon","coordinates":[[[130.41,-15.71],[130.43,-15.96],[130.56,-16.02],[130.78,-16.07],[130.9,-16.09],[131.3,-16],[131.43,-15.99],[131.43,-15.81],[131.43,-15.66],[131.15,-15.65],[130.92,-15.65],[130.62,-15.7],[130.45,-15.69],[130.41,-15.71]]]},"properties":{"NAME":"Ngaliwuru","SUBJECTO":"Ngaliwuru","PARTOF":"Ngaliwuru"}},
{"type":"Feature","geometry":{"type":"Polygon","coordinates":[[[114.64,-21.98],[114.07,-22.6],[113.9,-22.04],[113.62,-22.66],[113.72,-22.82],[113.82,-22.85],[113.86,-22.78],[114.22,-22.72],[114.48,-22.76],[114.63,-22.79],[114.86,-22.84],[115.6,-22.87],[115.81,-22.83],[115.87,-22.71],[115.91,-22.6],[115.95,-22.55],[116.02,-22.47],[115.89,-22.47],[115.78,-22.48],[115.39,-22.46],[115.3,-22.4],[115.26,-22.43],[114.92,-22.42],[114.64,-21.98]]]},"properties":{"NAME":"Thalanyji","SUBJECTO":"Thalanyji","PARTOF":"Thalanyji"}},
{"type":"Feature","geometry":{"type":"Polygon","coordinates":[[[131.66,-12.94],[131.64,-12.84],[131.68,-12.55],[131.68,-12.38],[131.06,-12.26],[131.21,-12.92],[131.66,-12.94]]]},"properties":{"NAME":"Woolna","SUBJECTO":"Woolna","PARTOF":"Woolna"}},
{"type":"Feature","geometry":{"type":"Polygon","coordinates":[[[134.32,-13.43],[134.47,-13.33],[134.63,-13.24],[134.64,-12.44],[134.27,-12.66],[133.96,-12.98],[133.95,-13.1],[134.32,-13.43]]]},"properties":{"NAME":"Rembarnga","SUBJECTO":"Rembarnga","PARTOF":"Rembarnga"}},
{"type":"Feature","geometry":{"type":"Polygon","coordinates":[[[129.73,-14.67],[129.82,-14.78],[130.32,-14.8],[130.39,-14.75],[130.4,-14.71],[130.37,-14.53],[130.22,-14.45],[130.08,-14.44],[129.92,-14.43],[129.81,-14.45],[129.65,-14.34],[129.6,-14.17],[129.43,-14.31],[129.46,-14.5],[129.73,-14.67]]]},"properties":{"NAME":"Murrinh-patha","SUBJECTO":"Murrinh-patha","PARTOF":"Murrinh-patha"}},
{"type":"Feature","geometry":{"type":"Polygon","coordinates":[[[128.8,-24.44],[128.88,-25],[128.89,-25.71],[128.85,-25.95],[128.89,-26.31],[128.89,-26.62],[129.33,-27.24],[129.72,-27.5],[130.51,-27.53],[130.75,-27.45],[131,-26.84],[130.84,-26.11],[131.04,-25.57],[131.12,-25.32],[130.89,-24.84],[130.5,-24.75],[129.94,-24.55],[129.45,-24.48],[128.85,-24.43],[128.8,-24.44]]]},"properties":{"NAME":"Pitjantjatjara","SUBJECTO":"Pitjantjatjara","PARTOF":"Pitjantjatjara"}},
{"type":"Feature","geometry":{"type":"Polygon","coordinates":[[[117.98,-35.1],[118.02,-35.1],[118,-35.09],[117.98,-35.1]]]},"properties":{"NAME":"Minang","SUBJECTO":"Minang","PARTOF":"Minang"}},
{"type":"Feature","geometry":{"type":"Polygon","coordinates":[[[115.05,-34.38],[115.37,-34.07],[115.54,-33.98],[115.75,-33.85],[115.76,-33.8],[115.83,-33.69],[114.99,-33.75],[115.02,-34.26],[115.05,-34.38]]]},"properties":{"NAME":"Wardandi","SUBJECTO":"Wardandi","PARTOF":"Wardandi"}},
{"type":"Feature","geometry":{"type":"Polygon","coordinates":[[[132.75,-12.17],[132.88,-12.17],[132.93,-12.09],[132.78,-11.58],[132.63,-11.75],[132.75,-12.17]]]},"properties":{"NAME":"Amarak","SUBJECTO":"Amarak","PARTOF":"Amarak"}},
{"type":"Feature","geometry":{"type":"Polygon","coordinates":[[[123.58,-16.39],[123.91,-16.57],[123.97,-16.64],[123.96,-16.74],[124.01,-16.87],[124.45,-16.89],[124.5,-16.77],[124.43,-16.52],[124.28,-16.52],[123.98,-16.41],[123.58,-16.39]]]},"properties":{"NAME":"Umida","SUBJECTO":"Umida","PARTOF":"Umida"}},
{"type":"Feature","geometry":{"type":"Polygon","coordinates":[[[132.75,-12.17],[132.92,-12.68],[132.87,-12.24],[132.75,-12.17]]]},"properties":{"NAME":"Kundjey’mi","SUBJECTO":"Kundjey’mi","PARTOF":"Kundjey’mi"}},
{"type":"Feature","geometry":{"type":"Polygon","coordinates":[[[118.98,-22.06],[118.91,-22.28],[118.95,-22.4],[119.36,-22.71],[119.61,-23.38],[119.72,-23.45],[120.58,-23.49],[120.88,-23.42],[121.02,-23.36],[121.08,-23.31],[121.12,-23.23],[121.26,-22.74],[121.22,-22.18],[121.07,-22],[120.66,-21.88],[119.99,-22.02],[119.08,-21.96],[118.98,-22.06]]]},"properties":{"NAME":"Palyku","SUBJECTO":"Palyku","PARTOF":"Palyku"}},
{"type":"Feature","geometry":{"type":"Polygon","coordinates":[[[117.67,-24.03],[117.58,-24.03],[117.42,-24.01],[117.36,-23.97],[116.99,-24.06],[116.83,-24.48],[116.5,-24.51],[116.29,-24.65],[116.14,-24.76],[116.06,-24.97],[115.89,-25.11],[115.81,-25.29],[115.82,-25.55],[114.73,-25.71],[114.72,-25.87],[114.77,-26.08],[114.74,-26.39],[114.64,-26.47],[114.7,-26.62],[114.87,-27.16],[114.91,-27.95],[115.2,-28.47],[115.39,-28.57],[115.73,-28.51],[115.86,-28.59],[116.24,-28.3],[116.76,-27.95],[117.57,-27.46],[117.75,-27.25],[117.98,-27.21],[118.23,-27.04],[118.88,-25.99],[118.92,-25.79],[118.95,-25.65],[119.01,-25.55],[119.17,-25.38],[119.34,-25.33],[119.65,-25.18],[119.7,-25.12],[119.77,-24.97],[119.48,-24.79],[119.3,-24.69],[119.08,-24.54],[118.88,-24.46],[118.61,-24.4],[118.44,-24.37],[117.67,-24.03]]]},"properties":{"NAME":"Watjarri","SUBJECTO":"Watjarri","PARTOF":"Watjarri"}},
{"type":"Feature","geometry":{"type":"Polygon","coordinates":[[[127.74,-19.46],[127.72,-19.81],[127.74,-20.6],[127.88,-20.74],[128.13,-20.91],[129.19,-21.15],[129.38,-21.04],[129.63,-20.93],[129.99,-21.15],[130.11,-21.27],[130.38,-21.08],[130.57,-20.52],[129.76,-19.83],[129.4,-19.7],[128.88,-19.39],[128.74,-19.24],[127.96,-19.31],[127.74,-19.46]]]},"properties":{"NAME":"Ngarti","SUBJECTO":"Ngarti","PARTOF":"Ngarti"}},
{"type":"Feature","geometry":{"type":"Polygon","coordinates":[[[123.6,-17.16],[123.68,-17.28],[123.78,-17.35],[124.28,-17.43],[124.43,-17.44],[124.49,-17.44],[124.51,-17.28],[124.5,-17.04],[124.47,-16.84],[124.34,-16.83],[124.19,-16.83],[124.05,-16.82],[123.96,-16.82],[123.6,-17.16]]]},"properties":{"NAME":"Warwa","SUBJECTO":"Warwa","PARTOF":"Warwa"}},
{"type":"Feature","geometry":{"type":"Polygon","coordinates":[[[133.75,-13.02],[133.96,-13.03],[134.31,-12.69],[134.64,-12.48],[134.64,-12.11],[134.56,-12.1],[134.37,-12.17],[134.36,-12.25],[134.19,-12.26],[134.07,-12.26],[133.98,-12.27],[133.6,-12.9],[133.75,-13.02]]]},"properties":{"NAME":"Dangbon","SUBJECTO":"Dangbon","PARTOF":"Dangbon"}},
{"type":"Feature","geometry":{"type":"Polygon","coordinates":[[[132.21,-14.77],[131.98,-14.56],[131.79,-14.58],[131.51,-14.6],[131.03,-14.77],[130.96,-14.85],[131.03,-15.27],[131.11,-15.38],[131.27,-15.44],[131.34,-15.55],[131.4,-15.68],[131.4,-15.81],[131.52,-15.83],[131.94,-15.78],[132.06,-15.85],[132.18,-15.98],[132.3,-15.98],[132.35,-15.74],[132.38,-15.35],[132.32,-15.07],[132.21,-14.77]]]},"properties":{"NAME":"Wardaman","SUBJECTO":"Wardaman","PARTOF":"Wardaman"}},
{"type":"Feature","geometry":{"type":"Polygon","coordinates":[[[116.63,-32.14],[116.27,-32.29],[116.1,-32.43],[116.08,-32.64],[115.99,-32.95],[115.99,-32.99],[116.17,-33.02],[116.63,-33.23],[117.16,-33.44],[117.42,-33.64],[117.53,-33.55],[117.96,-33.32],[117.96,-32.98],[117.8,-32.77],[117.51,-32.38],[116.63,-32.14]]]},"properties":{"NAME":"Wiilman","SUBJECTO":"Wiilman","PARTOF":"Wiilman"}},
{"type":"Feature","geometry":{"type":"Polygon","coordinates":[[[131.6,-13.21],[131.53,-13.32],[131.51,-13.44],[131.54,-13.58],[131.8,-13.85],[131.9,-13.94],[131.99,-14.01],[132.05,-13.9],[132.07,-13.75],[132.18,-13.7],[132.33,-13.72],[132.72,-13.63],[132.88,-13.62],[132.91,-13.52],[132.72,-13.39],[132.52,-13.32],[132.21,-13.23],[131.92,-13.1],[131.6,-13.21]]]},"properties":{"NAME":"Warray","SUBJECTO":"Warray","PARTOF":"Warray"}},
{"type":"Feature","geometry":{"type":"Polygon","coordinates":[[[126.8,-19.2],[126.36,-20.28],[126.24,-20.63],[126.16,-20.96],[125.52,-21.81],[125.75,-21.84],[126,-21.87],[126.16,-21.93],[126.42,-21.79],[126.88,-21.48],[127.46,-20.95],[127.71,-20.68],[127.78,-20.5],[127.78,-19.44],[127.77,-19.35],[126.93,-19.11],[126.8,-19.2]]]},"properties":{"NAME":"Kukatja","SUBJECTO":"Kukatja","PARTOF":"Kukatja"}},
{"type":"Feature","geometry":{"type":"Polygon","coordinates":[[[116.84,-22.78],[116.65,-22.92],[116.56,-23.08],[116.76,-23.22],[117.08,-23.34],[117.56,-23.49],[117.71,-23.53],[117.85,-23.47],[117.83,-23.37],[117.45,-22.91],[117.24,-22.77],[117.06,-22.7],[116.92,-22.75],[116.84,-22.78]]]},"properties":{"NAME":"Jurruru","SUBJECTO":"Jurruru","PARTOF":"Jurruru"}},
{"type":"Feature","geometry":{"type":"Polygon","coordinates":[[[114.75,-22.83],[114.69,-23.26],[114.76,-23.37],[115.18,-23.54],[115.39,-23.66],[115.7,-23.78],[115.88,-23.78],[115.78,-23.33],[115.78,-23.16],[115.78,-23.09],[115.78,-22.94],[115.77,-22.87],[115.63,-22.81],[114.87,-22.81],[114.77,-22.83],[114.75,-22.83]]]},"properties":{"NAME":"Purduna","SUBJECTO":"Purduna","PARTOF":"Purduna"}},
{"type":"Feature","geometry":{"type":"Polygon","coordinates":[[[127.62,-20.65],[127.02,-21.04],[126.63,-21.62],[126.21,-21.88],[126.17,-22.15],[127.07,-23.5],[127.44,-23.77],[127.68,-23.91],[127.88,-24.03],[128.14,-24.13],[128.5,-24.27],[128.96,-24.43],[129.33,-24.49],[130.5,-24.87],[130.67,-24.71],[130.91,-24.39],[131.19,-23.46],[131.26,-23.15],[131.31,-22.89],[131.32,-22.76],[130.86,-22.62],[130.67,-22.08],[130.87,-21.64],[130.44,-21.14],[130.09,-21.09],[129.79,-20.96],[129.45,-20.94],[129.14,-21.06],[128.72,-20.91],[128.42,-20.89],[127.62,-20.65]]]},"properties":{"NAME":"Pintupi","SUBJECTO":"Pintupi","PARTOF":"Pintupi"}},
{"type":"Feature","geometry":{"type":"Polygon","coordinates":[[[127.4,-14.1],[126.85,-13.78],[126.76,-14],[126.67,-14.1],[126.62,-14.2],[126.69,-14.35],[126.86,-14.44],[127.14,-14.47],[127.29,-14.48],[127.4,-14.1]]]},"properties":{"NAME":"Miwa","SUBJECTO":"Miwa","PARTOF":"Miwa"}},
{"type":"Feature","geometry":{"type":"Polygon","coordinates":[[[118.8,-23.54],[119.14,-23.55],[119.47,-23.54],[119.62,-23.53],[119.66,-23.53],[119.67,-23.35],[119.53,-22.9],[119.32,-22.57],[119.16,-22.45],[118.91,-22.33],[118.2,-22.08],[117.89,-22.04],[117.77,-22.12],[117.6,-22.45],[117.54,-22.61],[117.49,-22.68],[117.43,-22.82],[117.49,-22.91],[118.2,-23.34],[118.42,-23.46],[118.58,-23.53],[118.8,-23.54]]]},"properties":{"NAME":"Banjima","SUBJECTO":"Banjima","PARTOF":"Banjima"}},
{"type":"Feature","geometry":{"type":"Polygon","coordinates":[[[130.21,-13.48],[130.18,-13.51],[130.2,-13.6],[130.23,-13.64],[130.25,-13.64],[130.29,-13.63],[130.35,-13.47],[130.32,-13.44],[130.29,-13.43],[130.23,-13.43],[130.21,-13.48]]]},"properties":{"NAME":"Kuwema","SUBJECTO":"Kuwema","PARTOF":"Kuwema"}},
{"type":"Feature","geometry":{"type":"Polygon","coordinates":[[[130.96,-17.48],[130.94,-17.37],[130.73,-17.38],[130.29,-17.29],[130.29,-17.18],[130.14,-17.07],[129.25,-16.79],[129.25,-16.6],[129.11,-16.56],[128.76,-16.69],[128.87,-17.52],[128.98,-17.79],[129.1,-18.01],[129.18,-18.25],[129.27,-18.41],[130.29,-18.33],[130.83,-18.23],[131.04,-18.16],[131.37,-18.06],[131.62,-18.01],[131.29,-17.9],[131.09,-17.9],[130.98,-17.87],[130.96,-17.48]]]},"properties":{"NAME":"Gurindji","SUBJECTO":"Gurindji","PARTOF":"Gurindji"}},
{"type":"Feature","geometry":{"type":"Polygon","coordinates":[[[132.97,-21.89],[132.31,-21.87],[131.92,-21.98],[131.73,-22.31],[131.85,-22.68],[132.02,-22.9],[132.14,-23.06],[132.52,-23.01],[133.07,-22.92],[133.44,-22.9],[133.98,-22.89],[134.01,-22.65],[134.15,-22.35],[133.99,-22.23],[132.97,-21.89]]]},"properties":{"NAME":"Anmatyerre","SUBJECTO":"Anmatyerre","PARTOF":"Anmatyerre"}},
{"type":"Feature","geometry":{"type":"Polygon","coordinates":[[[129.77,-13.82],[129.76,-14.01],[129.9,-13.99],[129.87,-14.05],[129.88,-14.1],[129.92,-14.1],[129.99,-14.11],[130.08,-14.08],[130.16,-14.05],[130.21,-14.01],[130.23,-13.9],[130.14,-13.86],[130.1,-13.78],[130.13,-13.66],[130.06,-13.61],[129.85,-13.72],[129.77,-13.82]]]},"properties":{"NAME":"Marrithiyel","SUBJECTO":"Marrithiyel","PARTOF":"Marrithiyel"}},
{"type":"Feature","geometry":{"type":"Polygon","coordinates":[[[130.48,-13.42],[130.37,-13.38],[130.32,-13.47],[130.3,-13.55],[130.27,-13.63],[130.24,-13.71],[130.22,-13.88],[130.31,-13.92],[130.42,-13.92],[130.54,-13.9],[130.82,-13.81],[130.89,-13.81],[131.08,-13.8],[131.22,-13.8],[131.34,-13.74],[131.36,-13.7],[131.33,-13.62],[130.48,-13.42]]]},"properties":{"NAME":"Malak malak","SUBJECTO":"Malak malak","PARTOF":"Malak malak"}},
{"type":"Feature","geometry":{"type":"Polygon","coordinates":[[[124.85,-16.53],[124.72,-16.5],[124.4,-16.52],[124.45,-16.65],[124.45,-16.77],[124.45,-17.07],[124.46,-17.35],[124.46,-17.45],[125.15,-17.46],[125.3,-17.64],[125.48,-17.67],[125.78,-17.45],[125.83,-17.32],[125.81,-17.15],[125.62,-17.03],[125.46,-16.88],[125.16,-16.7],[124.89,-16.38],[124.85,-16.53]]]},"properties":{"NAME":"Unggumi","SUBJECTO":"Unggumi","PARTOF":"Unggumi"}},
{"type":"Feature","geometry":{"type":"Polygon","coordinates":[[[122.5,-27.29],[122.1,-27.56],[121.94,-27.69],[121.57,-27.94],[121.85,-28.21],[122.06,-28.54],[122.15,-28.76],[122.52,-28.8],[122.84,-28.6],[123.64,-28.29],[124.27,-27.73],[124.34,-27.59],[124.44,-27.51],[124.37,-27.33],[124.11,-27.21],[124.01,-27.15],[123.44,-26.78],[123.24,-26.61],[123.16,-26.5],[123.05,-26.42],[122.82,-26.78],[122.5,-27.29]]]},"properties":{"NAME":"Tjalkanti","SUBJECTO":"Tjalkanti","PARTOF":"Tjalkanti"}},
{"type":"Feature","geometry":{"type":"Polygon","coordinates":[[[122.15,-17.73],[122.19,-17.78],[122.68,-17.76],[122.81,-17.72],[122.87,-17.68],[122.85,-17.32],[122.76,-17.32],[122.6,-17.32],[122.16,-17.32],[122.1,-17.38],[122.15,-17.73]]]},"properties":{"NAME":"Ngumbarl","SUBJECTO":"Ngumbarl","PARTOF":"Ngumbarl"}},
{"type":"Feature","geometry":{"type":"Polygon","coordinates":[[[114.34,-28.49],[114.45,-28.65],[114.68,-28.76],[115.33,-28.58],[115.23,-28.46],[115.19,-28.32],[114.98,-28.01],[114.96,-27.23],[114.91,-27.03],[114.69,-26.45],[114.63,-26.4],[114.53,-26.4],[114.02,-26.59],[113.85,-26.75],[113.7,-26.81],[113.94,-27.28],[114.34,-28.49]]]},"properties":{"NAME":"Nhanta","SUBJECTO":"Nhanta","PARTOF":"Nhanta"}},
{"type":"Feature","geometry":{"type":"Polygon","coordinates":[[[118.87,-20.07],[118.81,-20.17],[119.68,-20.43],[119.86,-20.3],[119.98,-20.11],[119.97,-20.07],[119.53,-20.14],[118.87,-20.07]]]},"properties":{"NAME":"Ngarla","SUBJECTO":"Ngarla","PARTOF":"Ngarla"}},
{"type":"Feature","geometry":{"type":"Polygon","coordinates":[[[129.7,-15.06],[129.67,-15.15],[129.73,-15.23],[129.81,-15.36],[129.93,-15.49],[130.2,-15.53],[130.31,-15.5],[130.55,-15.49],[130.98,-15.42],[131.12,-15.28],[131.1,-14.89],[131,-14.76],[130.66,-14.72],[130.26,-14.72],[130.06,-14.72],[129.79,-14.75],[129.7,-15.06]]]},"properties":{"NAME":"Jaminjung","SUBJECTO":"Jaminjung","PARTOF":"Jaminjung"}},
{"type":"Feature","geometry":{"type":"Polygon","coordinates":[[[117.59,-30.6],[116.85,-30.07],[116.43,-31.47],[116.73,-31.6],[116.73,-32.12],[117.71,-32.43],[117.6,-31.97],[118.31,-31.08],[118.06,-30.71],[117.59,-30.6]]]},"properties":{"NAME":"Ballardong","SUBJECTO":"Ballardong","PARTOF":"Ballardong"}},
{"type":"Feature","geometry":{"type":"Polygon","coordinates":[[[124.26,-20.53],[123.82,-20.53],[123.51,-20.84],[123.29,-21.29],[123.29,-21.51],[123.84,-21.82],[123.93,-22.41],[124.54,-22.41],[125.53,-22.07],[125.82,-21.84],[126.04,-21.58],[126.45,-20.63],[126.45,-20.37],[126.08,-20.28],[125.11,-20.18],[124.72,-20.22],[124.26,-20.53]]]},"properties":{"NAME":"Yulparitja","SUBJECTO":"Yulparitja","PARTOF":"Yulparitja"}},
{"type":"Feature","geometry":{"type":"Polygon","coordinates":[[[132.85,-12.84],[132.84,-12.9],[132.83,-12.96],[132.72,-13.14],[132.64,-13.19],[132.69,-13.23],[132.73,-13.25],[132.91,-13.3],[133,-13.37],[133.06,-13.3],[133.11,-13.28],[133.25,-13.3],[133.32,-13.33],[133.53,-13.34],[133.61,-13.32],[133.65,-13.04],[133.59,-12.96],[133.54,-12.92],[133.51,-12.91],[133.44,-12.88],[133.32,-12.83],[132.91,-12.78],[132.85,-12.84]]]},"properties":{"NAME":"Wuningangk","SUBJECTO":"Wuningangk","PARTOF":"Wuningangk"}},
{"type":"Feature","geometry":{"type":"Polygon","coordinates":[[[130.01,-14.28],[129.99,-14.34],[130.01,-14.39],[130.03,-14.43],[130.07,-14.47],[130.16,-14.47],[130.28,-14.49],[130.32,-14.51],[130.45,-14.54],[130.89,-14.41],[130.94,-14.25],[130.91,-14.01],[130.89,-13.86],[130.87,-13.8],[130.73,-13.8],[130.59,-13.85],[130.42,-13.89],[130.3,-13.89],[130.29,-14],[130.21,-14.09],[130.09,-14.13],[130.01,-14.28]]]},"properties":{"NAME":"Ngan’giwumirri","SUBJECTO":"Ngan’giwumirri","PARTOF":"Ngan’giwumirri"}},
{"type":"Feature","geometry":{"type":"Polygon","coordinates":[[[115.77,-32.75],[115.71,-33.02],[115.97,-32.99],[115.99,-32.92],[116.02,-32.83],[116.02,-32.76],[116.11,-32.52],[116.14,-32.38],[115.77,-32.75]]]},"properties":{"NAME":"Pinjarup","SUBJECTO":"Pinjarup","PARTOF":"Pinjarup"}},
{"type":"Feature","geometry":{"type":"Polygon","coordinates":[[[123.56,-30.92],[124.42,-30.96],[125.19,-30.65],[126.36,-30.38],[127.13,-30.37],[128.17,-30.13],[128.45,-30.13],[128.47,-29.78],[128.34,-29.5],[127.86,-29.06],[127.64,-28.79],[127.38,-28.52],[127.13,-28.63],[126.94,-28.83],[126.65,-28.88],[125.93,-28.56],[125.07,-28.03],[124.61,-27.61],[124.39,-27.51],[124.17,-27.63],[123.88,-27.88],[123.28,-28.29],[122.63,-28.66],[122.64,-28.85],[122.73,-28.94],[123.41,-30.11],[123.51,-30.47],[123.52,-30.73],[123.56,-30.92]]]},"properties":{"NAME":"Nyanganyatjara","SUBJECTO":"Nyanganyatjara","PARTOF":"Nyanganyatjara"}},
{"type":"Feature","geometry":{"type":"Polygon","coordinates":[[[127.13,-30.37],[128.69,-30.34],[131.03,-30.77],[131.04,-30.64],[131.29,-30.28],[131.44,-30.23],[130.16,-30.12],[129.34,-30.09],[128.46,-30.13],[128.17,-30.13],[127.13,-30.37]]]},"properties":{"NAME":null,"SUBJECTO":null,"PARTOF":null}},
{"type":"Feature","geometry":{"type":"MultiPolygon","coordinates":[[[[131.02,-31.55],[128.9,-31.71],[127.31,-32.27],[126.01,-32.27],[124.43,-32.94],[124.24,-33.01],[124,-33.42],[124.25,-33.14],[124.85,-32.95],[126.06,-32.43],[127.27,-32.38],[129.19,-31.8],[131.36,-31.67],[131.02,-31.55]]],[[[119.46,-34.4],[119.51,-34.34],[119.16,-34.1],[119.46,-34.4]]],[[[119.35,-34.55],[118.92,-34.29],[119.03,-34.49],[119.01,-34.61],[119.35,-34.55]]],[[[115.02,-34.26],[115.05,-34.42],[115.62,-34.63],[115.97,-34.94],[116.56,-35.19],[117.74,-35.22],[116.41,-35.08],[116.43,-35.05],[116,-34.94],[115.65,-34.6],[115.14,-34.4],[115.05,-34.38],[115.02,-34.26]]],[[[115.92,-31.37],[115.43,-31.39],[114.97,-30.34],[114.95,-30.31],[114.9,-30.13],[115.06,-30.8],[115.49,-31.55],[115.98,-31.42],[115.92,-31.37]]],[[[114.54,-28.78],[114.59,-28.72],[114.45,-28.65],[114.54,-28.78]]],[[[113.06,-26.12],[114.02,-27.63],[113.96,-28.03],[114.34,-28.49],[113.94,-27.28],[113.7,-26.81],[113.6,-26.76],[113.06,-26.12]]],[[[113.37,-24.26],[113.43,-24.87],[113.9,-25.59],[113.75,-25.32],[113.55,-24.88],[113.57,-24.79],[113.37,-24.26]]],[[[113.74,-23.25],[113.77,-22.86],[113.72,-22.82],[113.62,-22.66],[113.74,-23.25]]],[[[115.26,-22.43],[115.13,-22.4],[114.69,-21.95],[114.64,-21.98],[114.92,-22.42],[115.26,-22.43]]],[[[122.31,-18.07],[122.25,-18.06],[122.21,-18.05],[122.23,-18.14],[122.31,-18.07]]],[[[122.15,-17.73],[122.1,-17.38],[122.09,-17.62],[122.18,-17.92],[122.16,-17.79],[122.15,-17.73]]],[[[122.73,-16.74],[122.73,-16.72],[122.76,-16.6],[122.65,-16.74],[122.73,-16.74]]],[[[123.56,-17.21],[123.57,-17.17],[123.6,-17.16],[123.51,-17.11],[123.5,-17.32],[123.53,-17.38],[123.56,-17.21]]],[[[116.73,-32.12],[116.73,-31.6],[116.43,-31.47],[116.85,-30.07],[117.59,-30.6],[117.92,-30.67],[116.95,-30.12],[116.83,-30.05],[116.39,-31.39],[116.39,-31.47],[116.67,-31.99],[116.63,-32.14],[117.51,-32.38],[116.73,-32.12]]],[[[116.38,-29.38],[116.67,-29.95],[116.72,-30],[116.52,-29.6],[116.38,-29.38]]],[[[118.42,-28.37],[118.69,-28.56],[119.2,-28.64],[118.47,-28.4],[118.42,-28.37]]],[[[120.22,-29.4],[119.69,-29.01],[119.52,-28.81],[119.44,-28.76],[120,-29.32],[120.74,-30.63],[120.99,-30.73],[120.65,-29.86],[120.22,-29.4]]],[[[130.98,-12.98],[131.52,-13.23],[131.6,-13.21],[131.92,-13.1],[132.18,-13.19],[132.26,-13.08],[132.29,-13.07],[132.32,-13.05],[132.34,-12.98],[132.41,-12.8],[132.43,-12.75],[132.3,-12.79],[132.21,-12.8],[131.72,-12.95],[131.66,-12.94],[131.21,-12.92],[131.2,-12.92],[131.1,-12.96],[130.98,-12.98]]],[[[116.18,-34.17],[116.56,-34.84],[116.57,-34.83],[116.52,-34.33],[118.65,-34.25],[118.57,-34.23],[117.58,-34.26],[117.67,-34.05],[117.56,-34.21],[116.43,-34.31],[116.21,-33.95],[116.18,-34.17]]],[[[117.65,-33.81],[117.45,-33.65],[117.56,-33.77],[117.65,-33.81]]],[[[134.32,-13.43],[133.95,-13.1],[133.75,-13.02],[133.65,-13.04],[133.61,-13.32],[133.64,-13.41],[133.63,-13.56],[133.8,-13.93],[134.62,-14.51],[134.63,-13.93],[134.33,-13.42],[134.32,-13.43]]],[[[117.96,-32.98],[118.04,-32.98],[117.8,-32.77],[117.96,-32.98]]],[[[118.67,-33.52],[118.58,-33.28],[118.44,-33.17],[118.67,-33.52]]],[[[120.38,-33.01],[120.46,-32.88],[120.41,-32.78],[120.39,-32.77],[120.33,-32.95],[120.2,-33.08],[120.38,-33.01]]],[[[131.39,-16.77],[130.97,-17.39],[130.96,-17.48],[130.98,-17.87],[130.98,-17.83],[130.98,-17.55],[131.56,-16.6],[131.39,-16.77]]],[[[131.93,-16.44],[132.23,-16.31],[132.33,-16.11],[132.32,-15.96],[132.3,-15.98],[132.18,-15.98],[132.14,-16],[131.94,-16.31],[131.93,-16.44]]],[[[123.55,-30.95],[123.35,-30.92],[123.25,-30.95],[123.38,-30.99],[124.22,-31.03],[124.42,-30.96],[123.56,-30.92],[123.55,-30.95]]],[[[117.67,-24.03],[118.44,-24.37],[118.57,-24.34],[118.79,-23.58],[118.8,-23.54],[118.58,-23.53],[118.5,-23.63],[117.88,-24.03],[117.67,-24.03]]],[[[133.1,-14.96],[132.93,-14.74],[132.11,-14.6],[132.21,-14.77],[132.46,-14.98],[133.1,-14.96]]],[[[128.69,-30.34],[131.03,-30.77],[131.04,-30.64],[131.29,-30.28],[131.37,-30.23],[131.35,-30.22],[131.25,-30.21],[130.16,-30.12],[129.34,-30.09],[128.46,-30.13],[128.45,-30.13],[128.17,-30.13],[127.13,-30.37],[128.69,-30.34]]],[[[131.34,-13.63],[131.17,-13.45],[130.47,-13.37],[130.48,-13.42],[131.33,-13.62],[131.34,-13.63]]],[[[133.01,-12.08],[132.93,-12.09],[132.88,-12.17],[132.87,-12.24],[132.92,-12.68],[132.89,-12.77],[132.91,-12.78],[133.32,-12.83],[133.32,-12.81],[133.01,-12.08]]]]},"properties":{"NAME":"Australian aboriginal hunter-gatherers","SUBJECTO":"Australian aboriginal hunter-gatherers","PARTOF":"Australian aboriginal hunter-gatherers"}},
{"type":"Feature","geometry":{"type":"Polygon","coordinates":[[[-4.15,53.23],[-4.42,53.42],[-4.57,53.27],[-4.15,53.23]]]},"properties":{"NAME":null,"SUBJECTO":null,"PARTOF":null}},
{"type":"Feature","geometry":{"type":"Polygon","coordinates":[[[-5.1,55.44],[-5.3,55.72],[-5.34,55.47],[-5.1,55.44]]]},"properties":{"NAME":null,"SUBJECTO":null,"PARTOF":null}},
{"type":"Feature","geometry":{"type":"Polygon","coordinates":[[[-6.12,55.88],[-6.45,55.85],[-6.33,55.59],[-6.12,55.88]]]},"properties":{"NAME":null,"SUBJECTO":null,"PARTOF":null}},
{"type":"Feature","geometry":{"type":"Polygon","coordinates":[[[-5.95,55.83],[-5.71,56.15],[-5.97,56.02],[-5.95,55.83]]]},"properties":{"NAME":null,"SUBJECTO":null,"PARTOF":null}},
{"type":"Feature","geometry":{"type":"Polygon","coordinates":[[[-7.47,56.94],[-7.45,57.06],[-7.56,56.95],[-7.47,56.94]]]},"properties":{"NAME":null,"SUBJECTO":null,"PARTOF":null}},
{"type":"Feature","geometry":{"type":"Polygon","coordinates":[[[-7.22,57.34],[-7.42,57.38],[-7.38,57.11],[-7.22,57.34]]]},"properties":{"NAME":null,"SUBJECTO":null,"PARTOF":null}},
{"type":"Feature","geometry":{"type":"Polygon","coordinates":[[[-7.27,57.4],[-7.2,57.46],[-7.35,57.49],[-7.27,57.4]]]},"properties":{"NAME":null,"SUBJECTO":null,"PARTOF":null}},
{"type":"Feature","geometry":{"type":"Polygon","coordinates":[[[-7.19,57.69],[-7.54,57.6],[-7.15,57.51],[-7.19,57.69]]]},"properties":{"NAME":null,"SUBJECTO":null,"PARTOF":null}},
{"type":"Feature","geometry":{"type":"Polygon","coordinates":[[[-7.01,57.88],[-6.99,57.92],[-7.07,57.9],[-7.01,57.88]]]},"properties":{"NAME":null,"SUBJECTO":null,"PARTOF":null}},
{"type":"Feature","geometry":{"type":"Polygon","coordinates":[[[-6.8,58.2],[-6.85,58.25],[-6.87,58.21],[-6.8,58.2]]]},"properties":{"NAME":null,"SUBJECTO":null,"PARTOF":null}},
{"type":"Feature","geometry":{"type":"Polygon","coordinates":[[[-6.2,58.36],[-7.03,58.24],[-6.47,57.94],[-6.2,58.36]]]},"properties":{"NAME":null,"SUBJECTO":null,"PARTOF":null}},
{"type":"Feature","geometry":{"type":"Polygon","coordinates":[[[-2.92,58.73],[-2.9,58.84],[-3.04,58.82],[-2.92,58.73]]]},"properties":{"NAME":null,"SUBJECTO":null,"PARTOF":null}},
{"type":"Feature","geometry":{"type":"Polygon","coordinates":[[[-3.23,58.78],[-3.34,58.93],[-3.43,58.87],[-3.23,58.78]]]},"properties":{"NAME":null,"SUBJECTO":null,"PARTOF":null}},
{"type":"Feature","geometry":{"type":"Polygon","coordinates":[[[-2.79,58.95],[-3.35,59.11],[-3.19,58.91],[-2.79,58.95]]]},"properties":{"NAME":null,"SUBJECTO":null,"PARTOF":null}},
{"type":"Feature","geometry":{"type":"Polygon","coordinates":[[[-2.68,59.2],[-2.39,59.28],[-2.59,59.29],[-2.68,59.2]]]},"properties":{"NAME":null,"SUBJECTO":null,"PARTOF":null}},
{"type":"Feature","geometry":{"type":"Polygon","coordinates":[[[-2.89,59.3],[-3.07,59.32],[-3,59.26],[-2.89,59.3]]]},"properties":{"NAME":null,"SUBJECTO":null,"PARTOF":null}},
{"type":"Feature","geometry":{"type":"Polygon","coordinates":[[[-1.3,60.49],[-1.26,59.86],[-1.04,60.45],[-1.3,60.49]]]},"properties":{"NAME":null,"SUBJECTO":null,"PARTOF":null}},
{"type":"Feature","geometry":{"type":"Polygon","coordinates":[[[-1.03,60.5],[-1,60.72],[-1.18,60.64],[-1.03,60.5]]]},"properties":{"NAME":null,"SUBJECTO":null,"PARTOF":null}},
{"type":"Feature","geometry":{"type":"Polygon","coordinates":[[[-0.82,60.69],[-0.88,60.84],[-0.97,60.69],[-0.82,60.69]]]},"properties":{"NAME":null,"SUBJECTO":null,"PARTOF":null}},
{"type":"Feature","geometry":{"type":"Polygon","coordinates":[[[-6.71,61.94],[-7.19,62.31],[-7.23,62.17],[-6.71,61.94]]]},"properties":{"NAME":null,"SUBJECTO":null,"PARTOF":null}},
{"type":"Feature","geometry":{"type":"Polygon","coordinates":[[[-4.78,54.06],[-4.39,54.19],[-4.37,54.42],[-4.78,54.06]]]},"properties":{"NAME":null,"SUBJECTO":null,"PARTOF":null}},
{"type":"Feature","geometry":{"type":"Polygon","coordinates":[[[129.72,28.45],[129.14,28.25],[129.37,28.12],[129.72,28.45]]]},"properties":{"NAME":null,"SUBJECTO":null,"PARTOF":null}},
{"type":"Feature","geometry":{"type":"Polygon","coordinates":[[[129.96,29.96],[129.94,30],[129.94,29.97],[129.96,29.96]]]},"properties":{"NAME":null,"SUBJECTO":null,"PARTOF":null}},
{"type":"Feature","geometry":{"type":"Polygon","coordinates":[[[129.9,29.87],[129.85,29.85],[129.92,29.82],[129.9,29.87]]]},"properties":{"NAME":null,"SUBJECTO":null,"PARTOF":null}},
{"type":"Feature","geometry":{"type":"Polygon","coordinates":[[[130.91,30.35],[131.05,30.84],[130.87,30.47],[130.91,30.35]]]},"properties":{"NAME":null,"SUBJECTO":null,"PARTOF":null}},
{"type":"Feature","geometry":{"type":"Polygon","coordinates":[[[130.56,30.24],[130.67,30.37],[130.39,30.4],[130.56,30.24]]]},"properties":{"NAME":null,"SUBJECTO":null,"PARTOF":null}},
{"type":"Feature","geometry":{"type":"Polygon","coordinates":[[[121.73,25.14],[121,25],[120.12,23.63],[120.06,23.15],[120.7,21.95],[121.45,23.33],[121.84,24.48],[121.73,25.14]]]},"properties":{"NAME":null,"SUBJECTO":null,"PARTOF":null}},
{"type":"Feature","geometry":{"type":"Polygon","coordinates":[[[128.9,32.64],[128.65,32.78],[128.61,32.61],[128.9,32.64]]]},"properties":{"NAME":null,"SUBJECTO":null,"PARTOF":null}},
{"type":"Feature","geometry":{"type":"Polygon","coordinates":[[[123.87,24.25],[123.77,24.41],[123.68,24.32],[123.87,24.25]]]},"properties":{"NAME":null,"SUBJECTO":null,"PARTOF":null}},
{"type":"Feature","geometry":{"type":"Polygon","coordinates":[[[125.36,24.78],[125.26,24.88],[125.25,24.74],[125.36,24.78]]]},"properties":{"NAME":null,"SUBJECTO":null,"PARTOF":null}},
{"type":"Feature","geometry":{"type":"Polygon","coordinates":[[[124.26,24.46],[124.09,24.44],[124.23,24.34],[124.26,24.46]]]},"properties":{"NAME":null,"SUBJECTO":null,"PARTOF":null}},
{"type":"Feature","geometry":{"type":"Polygon","coordinates":[[[128.25,26.64],[128.25,26.84],[127.72,26.44],[128.25,26.64]]]},"properties":{"NAME":null,"SUBJECTO":null,"PARTOF":null}},
{"type":"Feature","geometry":{"type":"Polygon","coordinates":[[[126.76,26.39],[126.69,26.37],[126.78,26.3],[126.76,26.39]]]},"properties":{"NAME":null,"SUBJECTO":null,"PARTOF":null}},
{"type":"Feature","geometry":{"type":"Polygon","coordinates":[[[128.95,27.68],[129.03,27.77],[128.9,27.9],[128.95,27.68]]]},"properties":{"NAME":null,"SUBJECTO":null,"PARTOF":null}},
{"type":"Feature","geometry":{"type":"Polygon","coordinates":[[[128.61,27.36],[128.7,27.45],[128.52,27.41],[128.61,27.36]]]},"properties":{"NAME":null,"SUBJECTO":null,"PARTOF":null}},
{"type":"Feature","geometry":{"type":"Polygon","coordinates":[[[129.99,28.28],[130.03,28.37],[129.92,28.29],[129.99,28.28]]]},"properties":{"NAME":null,"SUBJECTO":null,"PARTOF":null}},
{"type":"Feature","geometry":{"type":"Polygon","coordinates":[[[129.34,28.08],[129.22,28.18],[129.22,28.1],[129.34,28.08]]]},"properties":{"NAME":null,"SUBJECTO":null,"PARTOF":null}},
{"type":"Feature","geometry":{"type":"Polygon","coordinates":[[[129.73,29.61],[129.75,29.65],[129.71,29.65],[129.73,29.61]]]},"properties":{"NAME":null,"SUBJECTO":null,"PARTOF":null}},
{"type":"Feature","geometry":{"type":"Polygon","coordinates":[[[6.01,50.76],[6.22,51.39],[5.98,51.8],[7.07,52.27],[7.16,53.16],[6.75,53.39],[5.39,53.14],[5.76,52.33],[4.95,52.28],[5.23,52.62],[4.64,52.76],[4.26,52.07],[3.52,51.58],[3.77,51.38],[5.08,51.39],[6.01,50.76]]]},"properties":{"NAME":"       ","SUBJECTO":"United Kingdom of Netherlands","PARTOF":"United Kingdom of Netherlands"}},
{"type":"Feature","geometry":{"type":"MultiPolygon","coordinates":[[[[20.26,49.89],[18.79,49.89],[17.01,50.48],[16.73,50.15],[15.01,51.06],[13.23,50.66],[12.25,50.22],[12.54,49.56],[13.95,48.66],[12.69,48.13],[13,47.73],[11.56,47.61],[11.17,47.42],[9.67,47.56],[9.54,47.49],[9.52,47.07],[10.4,46.89],[10.66,45.81],[11.17,45.74],[11.91,46.41],[11.74,46.75],[13.57,46.51],[13.8,45.57],[13.5,45.5],[13.9,44.76],[14.33,45.35],[14.85,45.11],[15.15,44.24],[16.06,43.43],[16.99,43.32],[17.55,42.92],[15.76,44.79],[15.83,45.2],[16.34,45],[16.89,45.24],[19.12,44.93],[19.01,45.46],[20.19,45.26],[20.79,44.74],[21.34,44.88],[22.13,44.51],[22.41,44.75],[22.48,45.73],[23.25,46.07],[25.52,45.8],[25.45,46.3],[26.19,46.81],[26.29,47.21],[25.25,47.69],[26.36,48.12],[26.16,48.94],[26.04,49.63],[24.26,50.16],[20.26,49.89]]],[[[6.01,50.76],[5.08,51.39],[3.77,51.38],[2.52,51.09],[2.88,50.68],[4.22,50.24],[5.48,49.48],[5.82,49.51],[6.11,50.12],[6.01,50.76]]]]},"properties":{"NAME":"Austrian Empire","SUBJECTO":"Austrian Empire","PARTOF":"Austrian Empire"}},
{"type":"Feature","geometry":{"type":"Polygon","coordinates":[[[155.48,50.12],[156.15,50.52],[155.9,50.7],[155.48,50.12]]]},"properties":{"NAME":"Kuril Islands","SUBJECTO":"(Russian and Japanese claim)","PARTOF":""}},
{"type":"Feature","geometry":{"type":"MultiPolygon","coordinates":[[[[136.81,37.31],[136.67,36.67],[135.98,35.97],[135.93,35.6],[135.36,35.32],[135.16,35.65],[133.01,35.25],[132.66,35.38],[131.67,34.5],[130.89,34.25],[130.78,33.97],[131.99,33.8],[132.48,34.13],[134.43,34.63],[135.32,34.47],[134.97,34.13],[135.06,33.69],[135.76,33.34],[136.2,34],[136.9,34.26],[136.51,34.52],[136.73,34.87],[137.25,34.48],[138.15,34.53],[138.68,34.99],[140,35.5],[139.83,34.84],[140.32,35.03],[140.83,35.68],[140.56,35.97],[140.96,36.96],[140.87,37.92],[141.5,38.42],[142,39.67],[141.47,40.51],[141.44,41.27],[140.77,41.26],[141.15,40.87],[140.47,40.99],[139.92,40.57],[139.8,39.89],[140.03,39.48],[139.75,38.68],[139.2,37.92],[138.32,37.21],[137.05,36.67],[137.31,37.43],[136.81,37.31]]],[[[132.57,32.64],[132.97,32.77],[133.52,33.39],[134,33.15],[134.52,33.65],[134.54,34.01],[133.81,34.18],[133.46,33.88],[132.78,33.91],[132.12,33.35],[132.57,32.64]]],[[[130.58,30.91],[131.32,31.51],[131.41,32.08],[131.83,32.69],[131.41,33.11],[131.67,33.31],[130.86,33.68],[129.34,33.15],[129.85,32.59],[130.11,32.93],[130.5,32.56],[130.06,31.97],[130.23,31.03],[130.73,31.48],[130.58,30.91]]],[[[140.01,41.38],[141.16,41.75],[140.25,42.23],[140.69,42.55],[140.93,42.26],[141.93,42.5],[143.21,41.93],[143.85,42.77],[145.45,43.17],[145.06,43.79],[145.35,44.24],[144.61,43.84],[143.51,44.16],[141.88,45.44],[141.52,45.18],[141.71,43.91],[141.3,43.72],[141.3,43.19],[140.6,43.33],[140.5,42.9],[139.71,42.48],[140.1,41.95],[140.01,41.38]]],[[[148.49,45.27],[147.89,45.23],[147.11,44.79],[148.49,45.27]]]]},"properties":{"NAME":"Japan","SUBJECTO":"Japan","PARTOF":"Japan"}},
{"type":"Feature","geometry":{"type":"Polygon","coordinates":[[[-179.06,51.25],[-179.09,51.29],[-179.13,51.22],[-179.06,51.25]]]},"properties":{"NAME":null,"SUBJECTO":null,"PARTOF":null}},
{"type":"Feature","geometry":{"type":"Polygon","coordinates":[[[-178.9,51.36],[-178.95,51.4],[-178.98,51.3],[-178.9,51.36]]]},"properties":{"NAME":null,"SUBJECTO":null,"PARTOF":null}},
{"type":"Feature","geometry":{"type":"Polygon","coordinates":[[[-178.08,51.7],[-177.8,51.79],[-178.21,51.86],[-178.08,51.7]]]},"properties":{"NAME":null,"SUBJECTO":null,"PARTOF":null}},
{"type":"Feature","geometry":{"type":"Polygon","coordinates":[[[-176.43,51.84],[-176.74,51.96],[-176.97,51.6],[-176.43,51.84]]]},"properties":{"NAME":null,"SUBJECTO":null,"PARTOF":null}},
{"type":"Feature","geometry":{"type":"Polygon","coordinates":[[[-178.78,51.83],[-178.86,51.79],[-178.8,51.74],[-178.78,51.83]]]},"properties":{"NAME":null,"SUBJECTO":null,"PARTOF":null}},
{"type":"Feature","geometry":{"type":"Polygon","coordinates":[[[-177.63,51.69],[-177.15,51.7],[-177.05,51.89],[-177.63,51.69]]]},"properties":{"NAME":null,"SUBJECTO":null,"PARTOF":null}},
{"type":"Feature","geometry":{"type":"Polygon","coordinates":[[[-176.31,51.87],[-176.42,51.85],[-176.39,51.73],[-176.31,51.87]]]},"properties":{"NAME":null,"SUBJECTO":null,"PARTOF":null}},
{"type":"Feature","geometry":{"type":"Polygon","coordinates":[[[-176.21,51.82],[-176.02,51.85],[-176.21,51.88],[-176.21,51.82]]]},"properties":{"NAME":null,"SUBJECTO":null,"PARTOF":null}},
{"type":"Feature","geometry":{"type":"Polygon","coordinates":[[[-175.96,51.89],[-176.09,51.89],[-175.96,51.85],[-175.96,51.89]]]},"properties":{"NAME":null,"SUBJECTO":null,"PARTOF":null}},
{"type":"Feature","geometry":{"type":"Polygon","coordinates":[[[-175.72,51.93],[-175.66,51.95],[-175.7,51.97],[-175.72,51.93]]]},"properties":{"NAME":null,"SUBJECTO":null,"PARTOF":null}},
{"type":"Feature","geometry":{"type":"Polygon","coordinates":[[[-175.8,51.99],[-175.94,51.98],[-175.88,51.96],[-175.8,51.99]]]},"properties":{"NAME":null,"SUBJECTO":null,"PARTOF":null}},
{"type":"Feature","geometry":{"type":"Polygon","coordinates":[[[-176.15,52.1],[-176.05,51.96],[-176.04,52.1],[-176.15,52.1]]]},"properties":{"NAME":null,"SUBJECTO":null,"PARTOF":null}},
{"type":"Feature","geometry":{"type":"Polygon","coordinates":[[[-172.96,52.09],[-173.79,52.11],[-173.47,52.04],[-172.96,52.09]]]},"properties":{"NAME":null,"SUBJECTO":null,"PARTOF":null}},
{"type":"Feature","geometry":{"type":"Polygon","coordinates":[[[-174.79,52.02],[-174.14,52.12],[-173.99,52.29],[-174.79,52.02]]]},"properties":{"NAME":null,"SUBJECTO":null,"PARTOF":null}},
{"type":"Feature","geometry":{"type":"Polygon","coordinates":[[[-172.57,52.34],[-172.52,52.24],[-172.3,52.32],[-172.57,52.34]]]},"properties":{"NAME":null,"SUBJECTO":null,"PARTOF":null}},
{"type":"Feature","geometry":{"type":"Polygon","coordinates":[[[-171.25,52.52],[-171.31,52.45],[-171.2,52.49],[-171.25,52.52]]]},"properties":{"NAME":null,"SUBJECTO":null,"PARTOF":null}},
{"type":"Feature","geometry":{"type":"Polygon","coordinates":[[[-170.79,52.53],[-170.61,52.59],[-170.68,52.69],[-170.79,52.53]]]},"properties":{"NAME":null,"SUBJECTO":null,"PARTOF":null}},
{"type":"Feature","geometry":{"type":"Polygon","coordinates":[[[-170.05,52.76],[-170.18,52.78],[-170.19,52.72],[-170.05,52.76]]]},"properties":{"NAME":null,"SUBJECTO":null,"PARTOF":null}},
{"type":"Feature","geometry":{"type":"Polygon","coordinates":[[[-169.99,52.8],[-169.71,52.78],[-169.68,52.86],[-169.99,52.8]]]},"properties":{"NAME":null,"SUBJECTO":null,"PARTOF":null}},
{"type":"Feature","geometry":{"type":"Polygon","coordinates":[[[-169.99,52.9],[-170.13,52.89],[-170.05,52.85],[-169.99,52.9]]]},"properties":{"NAME":null,"SUBJECTO":null,"PARTOF":null}},
{"type":"Feature","geometry":{"type":"Polygon","coordinates":[[[-169.68,53.03],[-169.75,53.03],[-169.74,52.94],[-169.68,53.03]]]},"properties":{"NAME":null,"SUBJECTO":null,"PARTOF":null}},
{"type":"Feature","geometry":{"type":"Polygon","coordinates":[[[-169.04,52.83],[-167.85,53.38],[-168.01,53.56],[-169.04,52.83]]]},"properties":{"NAME":null,"SUBJECTO":null,"PARTOF":null}},
{"type":"Feature","geometry":{"type":"Polygon","coordinates":[[[-166.21,53.92],[-167.49,53.28],[-166.27,53.68],[-166.21,53.92]]]},"properties":{"NAME":null,"SUBJECTO":null,"PARTOF":null}},
{"type":"Feature","geometry":{"type":"Polygon","coordinates":[[[-166.2,53.83],[-166.21,53.71],[-166.09,53.84],[-166.2,53.83]]]},"properties":{"NAME":null,"SUBJECTO":null,"PARTOF":null}},
{"type":"Feature","geometry":{"type":"Polygon","coordinates":[[[-165.48,54.07],[-165.36,54.07],[-165.3,54.04],[-165.28,54.09],[-165.48,54.07]]]},"properties":{"NAME":null,"SUBJECTO":null,"PARTOF":null}},
{"type":"Feature","geometry":{"type":"Polygon","coordinates":[[[-165.09,54.07],[-164.94,54.13],[-165.13,54.13],[-165.09,54.07]]]},"properties":{"NAME":null,"SUBJECTO":null,"PARTOF":null}},
{"type":"Feature","geometry":{"type":"Polygon","coordinates":[[[-165.99,54.05],[-165.66,54.13],[-165.94,54.22],[-165.99,54.05]]]},"properties":{"NAME":null,"SUBJECTO":null,"PARTOF":null}},
{"type":"Feature","geometry":{"type":"Polygon","coordinates":[[[-165.49,54.29],[-165.68,54.24],[-165.57,54.11],[-165.49,54.29]]]},"properties":{"NAME":null,"SUBJECTO":null,"PARTOF":null}},
{"type":"Feature","geometry":{"type":"Polygon","coordinates":[[[-163.33,54.7],[-163.52,55.04],[-164.95,54.59],[-164.33,54.52],[-164.3,54.55],[-163.43,54.68],[-163.33,54.7]]]},"properties":{"NAME":null,"SUBJECTO":null,"PARTOF":null}},
{"type":"Feature","geometry":{"type":"Polygon","coordinates":[[[-169.64,56.55],[-169.47,56.59],[-169.78,56.62],[-169.64,56.55]]]},"properties":{"NAME":null,"SUBJECTO":null,"PARTOF":null}},
{"type":"Feature","geometry":{"type":"Polygon","coordinates":[[[-170.41,57.17],[-170.25,57.13],[-170.15,57.23],[-170.41,57.17]]]},"properties":{"NAME":null,"SUBJECTO":null,"PARTOF":null}},
{"type":"Feature","geometry":{"type":"Polygon","coordinates":[[[-165.86,60.35],[-167.42,60.19],[-166.6,59.85],[-165.61,59.9],[-165.86,60.35]]]},"properties":{"NAME":null,"SUBJECTO":null,"PARTOF":null}},
{"type":"Feature","geometry":{"type":"Polygon","coordinates":[[[-172.26,60.3],[-173.05,60.5],[-172.6,60.33],[-172.26,60.3]]]},"properties":{"NAME":null,"SUBJECTO":null,"PARTOF":null}},
{"type":"Feature","geometry":{"type":"Polygon","coordinates":[[[-170.71,63.65],[-171.64,63.72],[-171.72,63.75],[-171.85,63.51],[-170.87,63.46],[-170.22,63.21],[-170.15,63.18],[-169.89,63.15],[-169.16,63.3],[-170.03,63.54],[-170.71,63.65]]]},"properties":{"NAME":null,"SUBJECTO":null,"PARTOF":null}},
{"type":"Feature","geometry":{"type":"Polygon","coordinates":[[[-172.53,64.66],[-172.75,64.67],[-172.54,64.61],[-172.53,64.66]]]},"properties":{"NAME":null,"SUBJECTO":null,"PARTOF":null}},
{"type":"Feature","geometry":{"type":"Polygon","coordinates":[[[-172.57,64.82],[-172.59,64.7],[-172.17,64.77],[-172.57,64.82]]]},"properties":{"NAME":null,"SUBJECTO":null,"PARTOF":null}},
{"type":"Feature","geometry":{"type":"Polygon","coordinates":[[[-178.21,71.47],[-180,71.54],[-180,71],[-177.94,71.04],[-178.21,71.47]]]},"properties":{"NAME":null,"SUBJECTO":null,"PARTOF":null}},
{"type":"Feature","geometry":{"type":"Polygon","coordinates":[[[-175.68,71.41],[-175.91,71.43],[-175.8,71.39],[-175.68,71.41]]]},"properties":{"NAME":null,"SUBJECTO":null,"PARTOF":null}},
{"type":"Feature","geometry":{"type":"MultiPolygon","coordinates":[[[[-132.69,55.65],[-133.52,56.21],[-133.27,55.62],[-132.17,54.85],[-132.69,55.65]]],[[[-135.47,57.23],[-134.95,56.45],[-135,57.33],[-135.47,57.23]]],[[[-162.22,55.5],[-160.36,55.66],[-161.32,55.88],[-162.22,55.5]]],[[[-153.18,57.83],[-153.73,57.43],[-154.19,57.63],[-154.59,57.14],[-153.88,56.94],[-153.18,57.41],[-152.38,57.52],[-153.18,57.83]]],[[[-135.15,57.6],[-135.32,58.09],[-136.3,58.18],[-136.6,57.9],[-135.82,57.45],[-135.15,57.6]]],[[[-141.06,69.6],[-143.31,70.2],[-145.27,70.12],[-149.29,70.54],[-152.14,70.53],[-152.97,70.93],[-156.14,70.93],[-156.9,71.35],[-157.81,70.97],[-160.24,70.86],[-159.9,70.43],[-161.19,70.44],[-162.88,70],[-164.07,69.06],[-166.3,68.88],[-166.84,68.41],[-164.51,67.8],[-163.74,67.22],[-161.94,67.09],[-161.8,66.75],[-160.03,66.57],[-162.28,66.07],[-163.84,66.18],[-164.46,66.6],[-168.18,65.69],[-165.66,65.25],[-166.6,65.15],[-166.59,64.73],[-163.03,64.44],[-161.29,64.96],[-160.89,63.86],[-161.13,63.56],[-162.47,63.41],[-163.31,63.04],[-164.29,63.25],[-166.19,61.75],[-165.9,61.27],[-163.52,60.71],[-164.84,60.82],[-165.13,60.54],[-164.03,59.8],[-162.38,60.16],[-161.99,59.71],[-161.94,58.72],[-159.81,58.94],[-158.86,58.45],[-158.91,58.87],[-157.14,58.86],[-157.67,57.6],[-160.46,56.2],[-160.17,55.81],[-159.08,55.99],[-158.53,56.45],[-156.5,57.1],[-156.68,57.4],[-154.65,58.08],[-153.45,58.88],[-154.28,59.25],[-152.9,59.9],[-152.88,60.28],[-150.31,61.31],[-149.32,60.93],[-151.16,60.66],[-151.78,59.99],[-151.39,59.21],[-149.33,60.03],[-148.49,59.9],[-148.84,60.55],[-147.94,61.21],[-146,60.66],[-145,60.55],[-144.41,60.09],[-140.13,59.77],[-138.45,59.16],[-137.09,58.45],[-136.36,58.52],[-136.94,58.94],[-136.15,58.9],[-135.3,58.37],[-135.47,59.34],[-134.83,58.56],[-133.47,57.84],[-133.4,57.22],[-132.1,56.35],[-132.26,55.85],[-131.19,56.03],[-130.55,54.91],[-130,55.29],[-130.11,55.99],[-131.72,56.61],[-133.5,58.42],[-135.26,59.67],[-135.85,59.65],[-137.22,58.88],[-138.62,59.78],[-139.01,60.26],[-140.89,60.39],[-140.93,63.79],[-140.97,66.03],[-141.06,69.6]]],[[[-179.5,68.95],[-180,68.98],[-180,68.07],[-180,67.07],[-180,66.07],[-180,65.07],[-179.33,65.63],[-179.6,66.12],[-178.5,66.39],[-178.56,65.52],[-176.08,65.47],[-175.92,65.01],[-173.19,64.25],[-172.46,64.56],[-173.04,64.69],[-172.96,64.85],[-172.13,65.07],[-172.22,65.54],[-170.68,65.61],[-169.7,66.13],[-171.69,66.94],[-174.12,66.99],[-174.43,66.3],[-175.46,67.71],[-178.74,68.54],[-179.5,68.95]]]]},"properties":{"NAME":"Russian Empire","SUBJECTO":"Russian Empire","PARTOF":"Russian Empire"}},
{"type":"Feature","geometry":{"type":"MultiPolygon","coordinates":[[[[-94.06,29.7],[-93.45,29.77],[-92.12,29.54],[-91.95,29.83],[-91.24,29.32],[-90,29.11],[-89.03,29.12],[-89.56,29.43],[-89.38,29.87],[-90,30.04],[-89.23,30.41],[-87.77,30.26],[-86.39,30.47],[-85.49,30.04],[-85.3,29.66],[-84.32,30.09],[-83.89,30.05],[-82.65,28.91],[-82.84,27.84],[-82.31,26.82],[-82.14,26.87],[-81.74,25.92],[-81.4,25.86],[-81.1,25.13],[-80.31,25.24],[-80.05,26.55],[-80.61,28.56],[-81.41,30.07],[-81.51,30.73],[-81.18,31.64],[-80.58,32.5],[-79.35,33.11],[-78.62,33.81],[-77.96,33.93],[-77.3,34.67],[-76.31,34.98],[-76.95,35.03],[-76.14,35.38],[-75.73,35.88],[-76.28,37.06],[-76.22,37.94],[-76.54,38.79],[-75.94,39.65],[-76.33,38.54],[-75.67,37.9],[-75.87,37.28],[-75.04,38.5],[-75.62,39.67],[-74.86,38.99],[-74.15,39.77],[-73.95,40.45],[-74.29,40.63],[-72.85,41.29],[-71.45,41.43],[-70.3,41.76],[-71.05,42.36],[-70.87,42.87],[-69.92,43.91],[-69.25,43.99],[-68.78,44.63],[-67.17,44.71],[-67.19,45.25],[-67.56,45.77],[-67.7,47.04],[-69.05,47.46],[-69.56,46.95],[-70.59,45.29],[-71.29,45.32],[-71.53,44.96],[-74.78,45.01],[-76.13,44.33],[-76.17,43.63],[-76.86,43.27],[-78.02,43.37],[-79.14,43.22],[-79.05,42.85],[-80.07,42.15],[-82.37,41.41],[-83.45,41.75],[-83.06,42.03],[-82.3,43.03],[-82.84,44.03],[-83.59,43.67],[-83.87,43.92],[-83.39,44.31],[-83.43,45.27],[-84.63,45.75],[-84.63,46.03],[-83.82,46.15],[-84.74,46.47],[-85.1,46.75],[-86.73,46.44],[-87.88,46.9],[-88.46,46.92],[-87.88,47.46],[-89.31,46.88],[-90.88,46.6],[-90.83,46.94],[-92.11,46.73],[-91.15,47.37],[-89.62,47.97],[-90,48.25],[-91.68,48.04],[-92.84,48.52],[-93.71,48.57],[-94.83,49.49],[-94.82,49.05],[-96.34,49.04],[-100.46,49.04],[-104.26,49.06],[-108.46,49.06],[-110.67,49.05],[-115.16,49.06],[-117.22,49.06],[-121.05,49.05],[-122.9,49.07],[-122.35,48.08],[-122.75,47.26],[-123.18,47.49],[-122.83,48.02],[-124.68,48.39],[-124.31,47.46],[-123.99,45.76],[-124.33,44.07],[-124.14,43.67],[-124.63,43.01],[-124.31,42.05],[-118.92,42.05],[-110.21,42.05],[-110.21,38.35],[-109.25,38.19],[-107.48,38.19],[-104.1,37.55],[-102.33,37.71],[-100.24,37.71],[-100.2,34.54],[-99.4,34.2],[-98.57,34.14],[-97.4,33.74],[-96.57,33.67],[-95.42,33.94],[-94.25,33.54],[-94.25,31.98],[-93.71,31.01],[-94.06,29.7]],[[-87.68,42.02],[-87.91,43.19],[-87.34,44.82],[-87.94,44.56],[-87,45.86],[-85.38,46.07],[-84.76,45.82],[-85.03,45.37],[-86.07,44.87],[-86.49,44],[-86.23,42.62],[-86.52,42.04],[-87.38,41.63],[-87.68,42.02]]],[[[-72.28,41.12],[-73.59,40.92],[-74.01,40.58],[-72.54,40.83],[-72.28,41.12]]]]},"properties":{"NAME":"United States","SUBJECTO":"United States","PARTOF":"United States"}},
{"type":"Feature","geometry":{"type":"Polygon","coordinates":[[[124.13,39.84],[125.3,39.36],[125.03,38.82],[125.27,38.57],[124.69,38.14],[125.27,37.48],[125.56,37.84],[125.91,37.51],[126.53,37.67],[126.86,37.26],[126.29,36.79],[126.79,35.89],[126.48,35.64],[126.29,34.59],[127.64,34.62],[128.57,35.17],[129.14,35.11],[129.58,35.99],[129.39,36.04],[129.34,37.26],[128.64,38.12],[127.28,39.22],[127.67,39.87],[128.45,40.07],[129.48,40.68],[129.64,41.66],[130.44,42.28],[130.23,42.65],[129.97,42.96],[129.46,42.42],[128.76,42.06],[127.98,42.11],[128.1,41.45],[127.42,41.36],[126.47,41.65],[125.88,40.95],[124.49,40.28],[124.13,39.84]]]},"properties":{"NAME":"Korea","SUBJECTO":"Korea","PARTOF":"Korea"}},
{"type":"Feature","geometry":{"type":"Polygon","coordinates":[[[13.67,54.57],[13.12,54.33],[13.39,54.22],[13.67,54.57]]]},"properties":{"NAME":null,"SUBJECTO":null,"PARTOF":null}},
{"type":"Feature","geometry":{"type":"Polygon","coordinates":[[[14.76,55.31],[14.68,55.1],[15.15,55.13],[14.76,55.31]]]},"properties":{"NAME":null,"SUBJECTO":null,"PARTOF":null}},
{"type":"Feature","geometry":{"type":"Polygon","coordinates":[[[23.17,58.68],[23.07,58.59],[23.4,58.56],[23.17,58.68]]]},"properties":{"NAME":null,"SUBJECTO":null,"PARTOF":null}},
{"type":"Feature","geometry":{"type":"Polygon","coordinates":[[[23.21,58.45],[21.83,58.51],[22.19,58.16],[23.21,58.45]]]},"properties":{"NAME":null,"SUBJECTO":null,"PARTOF":null}},
{"type":"Feature","geometry":{"type":"Polygon","coordinates":[[[22.95,58.84],[22.58,59.07],[22.48,58.7],[22.95,58.84]]]},"properties":{"NAME":null,"SUBJECTO":null,"PARTOF":null}},
{"type":"Feature","geometry":{"type":"Polygon","coordinates":[[[23.18,59.04],[23.18,58.96],[23.38,58.98],[23.18,59.04]]]},"properties":{"NAME":null,"SUBJECTO":null,"PARTOF":null}},
{"type":"Feature","geometry":{"type":"Polygon","coordinates":[[[20.12,60.08],[20,60.05],[20.2,59.98],[20.12,60.08]]]},"properties":{"NAME":null,"SUBJECTO":null,"PARTOF":null}},
{"type":"Feature","geometry":{"type":"Polygon","coordinates":[[[20.3,60.12],[20.22,60.14],[20.26,60.05],[20.3,60.12]]]},"properties":{"NAME":null,"SUBJECTO":null,"PARTOF":null}},
{"type":"Feature","geometry":{"type":"Polygon","coordinates":[[[19.57,60.25],[19.54,60.13],[19.67,60.15],[19.57,60.25]]]},"properties":{"NAME":null,"SUBJECTO":null,"PARTOF":null}},
{"type":"Feature","geometry":{"type":"Polygon","coordinates":[[[20.07,60.3],[19.91,60.4],[19.77,60.08],[20.07,60.3]]]},"properties":{"NAME":null,"SUBJECTO":null,"PARTOF":null}},
{"type":"Feature","geometry":{"type":"Polygon","coordinates":[[[20.44,60.25],[20.37,60.27],[20.39,60.19],[20.44,60.25]]]},"properties":{"NAME":null,"SUBJECTO":null,"PARTOF":null}},
{"type":"Feature","geometry":{"type":"Polygon","coordinates":[[[11.04,54.52],[11.02,54.44],[11.31,54.41],[11.04,54.52]]]},"properties":{"NAME":null,"SUBJECTO":null,"PARTOF":null}},
{"type":"Feature","geometry":{"type":"MultiPolygon","coordinates":[[[[-22.47,66],[-23.34,66.13],[-23.68,65.32],[-21.95,65.38],[-21.98,64.95],[-23.61,64.75],[-21.49,64.38],[-22.37,63.77],[-20.4,63.7],[-18.64,63.32],[-16.53,63.78],[-13.69,64.78],[-13.65,65.5],[-16.39,66.45],[-16.92,65.98],[-18.68,66.09],[-21.08,65.21],[-21.24,65.88],[-22.68,66.39],[-22.47,66]]],[[[10.56,57.75],[8.85,56.99],[10.26,57.01],[10.56,57.75]]],[[[9.5,54.94],[9.7,55.48],[10.15,55.08],[10.84,55.29],[9.9,55.51],[10.18,56.08],[10.75,56.1],[10.22,56.85],[9.37,56.88],[8.67,56.36],[8.18,56.43],[8.62,54.89],[9.5,54.94]]],[[[12.05,55.7],[11.1,55.63],[11.29,55.19],[11.97,54.95],[12.43,55.24],[12.44,55.97],[12.05,55.7]]],[[[-27.91,70.28],[-27.61,71.07],[-26.33,71.13],[-25.29,71.57],[-23.75,70.59],[-21.71,70.39],[-21.9,71.5],[-25.07,72.63],[-27.36,72.86],[-27.44,73.29],[-25.76,73.35],[-24.08,73.76],[-22.82,73.33],[-20.33,73.42],[-21.76,74.31],[-19.72,74.21],[-19.07,74.61],[-20.62,74.95],[-19.19,75.44],[-19.57,76.11],[-22.38,76.64],[-19.98,76.95],[-18.06,76.81],[-18.25,77.3],[-20.1,77.38],[-19.18,77.82],[-21.77,77.77],[-20.88,78.82],[-19.76,78.87],[-19.18,79.61],[-20.19,79.85],[-19.05,80.43],[-16.44,80.45],[-12.71,81.62],[-16.47,81.9],[-19.32,81.6],[-23.34,80.62],[-24.11,80.77],[-22.06,81.96],[-24.88,81.6],[-25.97,81.83],[-32.6,81.97],[-28.39,82.31],[-22.59,82.42],[-22.43,82.74],[-26.42,83.34],[-32.51,83.58],[-38.59,83.38],[-38.59,82.83],[-41.88,83.26],[-45.21,82.97],[-43.96,82.49],[-44.68,81.73],[-49.65,82.48],[-49.94,81.68],[-53.77,82.24],[-58.13,82.01],[-57.44,81.42],[-60.04,81.88],[-61.11,81.18],[-67.14,80.56],[-67.41,80.21],[-64.62,79.95],[-65.48,79.16],[-72.38,78.53],[-72.53,78.17],[-69.69,77.56],[-66.8,77.78],[-67.74,77.19],[-71.18,77.26],[-70.5,76.83],[-68.38,76.78],[-69.04,76.29],[-66.56,75.93],[-63.65,76.38],[-58.64,75.79],[-56.94,74.92],[-55.78,73.7],[-54.56,72.87],[-55.37,72.73],[-55.63,71.73],[-55.01,71.33],[-53.32,71.89],[-51.72,71.59],[-50.82,70.25],[-52.37,70.67],[-54.37,70.72],[-53.67,70.36],[-50.57,69.87],[-50.95,68.54],[-52.84,68.51],[-50.49,67.97],[-50.48,67.48],[-52.81,67.77],[-53.27,66.92],[-52.3,66.91],[-53.22,66.53],[-53.1,65.87],[-52.08,65.37],[-51.8,64.23],[-50.14,64.74],[-50.04,64.44],[-51.37,63.73],[-49.86,62.97],[-50.05,62.31],[-49.12,62.1],[-48.92,61.42],[-47.63,60.6],[-47.16,60.86],[-45.46,60.89],[-45.62,60.6],[-44.68,60.29],[-44.47,59.76],[-44.05,60.16],[-43.01,59.83],[-43.5,60.48],[-42.78,60.53],[-43.04,61.29],[-42.48,61.31],[-42.27,62.19],[-43.23,62.68],[-41.83,62.69],[-41.38,63.52],[-40.52,63.78],[-41.48,64.27],[-40.35,64.53],[-41.06,65.04],[-39.9,64.95],[-39.99,65.53],[-38.47,65.65],[-38.04,66.4],[-37.15,66.32],[-37.58,65.55],[-35.97,65.85],[-35.71,66.35],[-34.43,66.38],[-32.96,67.64],[-32.04,67.98],[-32.31,68.54],[-31.35,68.05],[-30.31,67.98],[-26.96,68.5],[-22.73,69.77],[-22.16,70.06],[-24.58,70.3],[-27.91,70.28]]],[[[-21.91,72.05],[-23.13,72.68],[-23.59,72.44],[-21.91,72.05]]],[[[-53.04,70.04],[-54.59,70.24],[-54.69,69.71],[-53.55,69.28],[-51.88,69.53],[-53.04,70.04]]]]},"properties":{"NAME":"Denmark","SUBJECTO":"Denmark","PARTOF":"Denmark"}},
{"type":"Feature","geometry":{"type":"MultiPolygon","coordinates":[[[[31.05,69.64],[29.73,69.7],[28.73,70.14],[30.25,70.13],[30.46,70.54],[28.21,71.02],[26.62,70.39],[26.61,70.91],[25.26,70.11],[25.83,70.9],[23.83,70.48],[23.2,69.94],[22.31,70.22],[19.58,69.18],[18.32,69.36],[15.38,67.46],[13.75,66.92],[13.58,66.19],[12.71,65.91],[11.41,64.62],[10.07,64.06],[9.22,63.28],[7.09,62.91],[5.15,61.74],[5.1,60.26],[5.89,60.16],[5.09,59.51],[6.24,59.28],[5.4,58.72],[6.96,57.97],[8.15,58.09],[10.41,59.5],[11.11,59.17],[11.22,58.31],[12.29,56.88],[12.87,56.51],[12.41,56.24],[12.99,55.67],[12.8,55.35],[14.12,55.35],[14.65,56.12],[15.77,56.03],[16.66,57.44],[16.74,58.31],[16.44,58.63],[18.37,59.16],[18.03,59.36],[19.04,59.71],[17.93,60.59],[17.19,60.67],[17.29,62.44],[17.72,62.36],[19.32,63.44],[20.7,63.82],[21.39,64.38],[20.92,64.71],[21.28,65.21],[22.65,65.93],[23.95,65.8],[23.49,67.83],[21.71,68.41],[20.79,68.93],[21.63,69.24],[22.46,68.69],[24.08,68.72],[24.8,68.43],[25.63,68.81],[26.51,69.81],[27.91,69.89],[29.11,69.49],[28.7,68.7],[31.05,69.64]]],[[[20.34,79.8],[21.97,79.78],[21,79.19],[23.82,79.15],[27.2,79.94],[24.42,80.44],[22.2,80.12],[19.92,80.63],[18.33,79.88],[20.34,79.8]]],[[[13.4,79.43],[11.28,79.71],[11.76,78.88],[13.06,78.35],[15.08,78.78],[16.62,78.47],[13.91,78],[16.42,77.9],[14.78,77.53],[16.66,76.73],[18.39,77.54],[19.12,78.45],[20.91,78.81],[16.33,80.03],[16.39,79.23],[14.81,79.8],[13.4,79.43]]]]},"properties":{"NAME":"Sweden–Norway","SUBJECTO":"","PARTOF":""}},
{"type":"Feature","geometry":{"type":"Polygon","coordinates":[[[18.79,49.89],[18.77,50.18],[18.14,50.99],[17.9,52.18],[18.6,52.5],[19.28,53.17],[20.01,53.04],[21.12,53.27],[22.81,53.81],[22.58,55.01],[21.68,55.35],[20.95,56.07],[21.22,55.34],[20.99,54.81],[19.94,54.85],[20.33,54.56],[19.33,54.16],[18.51,54.32],[18.28,54.72],[16.47,54.42],[15.9,54.13],[14.47,53.88],[13.78,53.78],[12.94,54.35],[12.46,54.25],[13.26,53.57],[13.81,53.6],[13.53,53.09],[12.84,52.94],[12.09,53.2],[11.08,52.97],[10.55,52.8],[10.49,51.82],[10.21,51.66],[10.15,51.64],[10.18,51.6],[10.55,51.57],[10.87,51.65],[10.77,51.44],[10.47,51.49],[10.16,51.47],[9.65,51.31],[9.93,51.1],[11.52,51.17],[12.06,51.02],[12.49,51.6],[14.72,51.41],[15.01,51.06],[16.73,50.15],[17.01,50.48],[18.79,49.89]],[[11.06,51.56],[11.99,52.09],[12,51.59],[11.06,51.56]]]},"properties":{"NAME":"Prussia","SUBJECTO":"Prussia","PARTOF":"Prussia"}},
{"type":"Feature","geometry":{"type":"Polygon","coordinates":[[[14.07,53.92],[13.78,54.04],[13.83,53.83],[14.07,53.92]]]},"properties":{"NAME":"Prussia","SUBJECTO":"Prussia","PARTOF":"Prussia"}},
{"type":"Feature","geometry":{"type":"Polygon","coordinates":[[[20.26,49.89],[20.18,50.15],[18.77,50.18],[18.79,49.89],[20.26,49.89]]]},"properties":{"NAME":"Republic of Kraków","SUBJECTO":"Republic of Kraków","PARTOF":"Republic of Kraków"}},
{"type":"Feature","geometry":{"type":"Polygon","coordinates":[[[20.26,49.89],[24.26,50.16],[26.04,49.63],[26.16,48.94],[27.71,48.44],[28.91,47.82],[29.43,46.82],[30.43,46.18],[30.83,46.58],[31.78,46.7],[32.2,46.17],[33.53,46.13],[33.64,45.93],[32.5,45.45],[33.4,45.25],[33.4,44.6],[34.01,44.49],[35.39,45.08],[36.26,45.1],[36.52,45.39],[35.06,45.34],[35.01,45.61],[33.84,46.19],[34.91,46.27],[35.21,46.64],[37.19,46.89],[37.42,47.08],[39.16,47.27],[39.28,47.07],[37.76,46.6],[38.46,46.08],[37.99,46.01],[37.66,45.35],[36.96,45.23],[37.47,44.69],[38.92,44.21],[40.25,43.27],[41.41,42.79],[41.68,41.79],[41.48,41.44],[42.88,41.55],[43.96,42.59],[44.98,42.77],[45.81,42.54],[46.04,42.05],[46.85,41.84],[47.35,41.3],[48.22,41.47],[47.25,42.78],[47.49,43.58],[47.33,44.19],[46.85,44.45],[47.67,45.75],[48.3,45.77],[49.53,46.54],[51.37,47.09],[52.14,46.84],[53.19,46.87],[53.26,46.32],[52.84,45.51],[53.27,45.34],[53.53,45.28],[58.61,46.79],[65.33,50.39],[66.53,50.64],[71.88,51.74],[75.46,51.66],[77.06,52.23],[78.65,50.81],[81.48,50.29],[84.44,50.55],[91.12,52.48],[93.57,52.35],[95.19,53.8],[95.87,53.8],[97.32,52.83],[97.61,52.15],[101.01,51.67],[102.12,51.36],[102.64,50.46],[103.68,50.17],[105.16,50.44],[106.32,50.42],[107.55,49.83],[109.42,49.3],[110.2,49.24],[112.52,49.46],[114.1,50.27],[115.73,49.86],[116.57,50.01],[117.49,49.59],[119.29,50.12],[119.18,50.7],[120.13,51.73],[120.75,52.01],[120.56,52.61],[119.94,52.59],[121.19,53.32],[123.35,53.51],[124.64,53.11],[125.51,53.16],[126.19,52.52],[126.68,51.45],[127.71,49.7],[130.48,48.9],[130.92,47.73],[132.27,47.78],[134.11,48.25],[134.63,48.21],[134.72,47.69],[134.17,47.33],[133.38,45.65],[132.78,44.99],[131.74,45.26],[130.99,44.82],[131.14,43.23],[130.23,42.65],[130.44,42.28],[131.58,43.21],[132.18,43.19],[132.95,42.67],[134.14,42.99],[136.03,44.4],[137.72,46],[139.21,47.81],[140.08,48.5],[140.46,50.1],[140.32,50.52],[141.26,52.1],[140.83,52.83],[141.12,53.05],[139.38,54.08],[138.42,54.09],[137.98,53.46],[137.07,53.49],[137.38,53.81],[136.35,53.7],[136.49,54.46],[135.09,54.43],[134.99,54.85],[137.23,55.98],[138.87,57.12],[140.03,57.64],[140.59,58.24],[142.85,59.27],[147.92,59.26],[148.42,59.1],[149.05,59.59],[151.14,59.44],[152.19,58.93],[153.92,58.92],[154.91,59.1],[153.94,59.57],[154.32,59.98],[155.73,60.56],[155.67,60.78],[157.1,61.63],[158.84,61.78],[160.15,61.66],[159.74,61.1],[160.64,60.72],[162.75,61.61],[162.99,62.33],[164.14,62.53],[165.29,62.29],[164.01,62.13],[163.33,60.69],[161.82,60.27],[161.54,59.94],[159.65,58.95],[158.33,58.03],[156.78,57.58],[156.56,56.95],[155.63,56.27],[155.47,54.92],[156.04,52.78],[156.7,50.96],[157.9,51.67],[158.39,52.2],[158.46,52.83],[159.9,53.24],[159.93,54.09],[160.68,54.45],[161.57,54.42],[162.01,54.74],[161.5,55.29],[161.86,55.86],[163.1,56.56],[162.51,57.03],[163.13,57.55],[162.2,57.68],[161.8,58.1],[162.91,58.89],[163.39,59.81],[164.11,60.08],[164.58,59.66],[165.78,60.35],[166.03,59.71],[167.1,60.27],[169.15,60.43],[169.88,59.87],[170.34,60.28],[172,60.86],[172.49,61.26],[177.29,62.49],[178.74,62.3],[179.29,62.82],[178.34,63.46],[178.15,64.16],[177.08,64.52],[175.9,64.55],[177.13,64.93],[177.43,64.61],[178.73,64.61],[180,64.95],[180,65.05],[180,65.31],[180,65.38],[180,65.96],[180,66.96],[180,67.96],[180,68.92],[177.7,69.49],[175.61,69.78],[173.01,69.69],[170.45,70.02],[170.83,68.92],[169.39,68.72],[167.32,69.66],[166.31,69.38],[164.05,69.66],[161.96,69.53],[160.86,69.08],[160.68,69.58],[159.44,69.76],[159.63,70.22],[158.41,70.81],[156.04,70.99],[152.13,70.66],[150.69,71.35],[148.71,71.63],[149.72,71.9],[146.92,72.2],[145.1,71.58],[145.6,72.43],[141.29,72.79],[139.85,72.24],[139.74,71.4],[138.67,71.62],[137.63,71.08],[135.51,71.51],[134.24,71.26],[132.28,71.66],[131.05,70.69],[130.17,70.82],[128.43,71.75],[126.22,72.38],[128.52,72.95],[127.72,73.4],[125.72,73.4],[124.22,73.7],[122.88,72.75],[118.5,73.04],[118.46,73.52],[114.19,73.55],[111.76,73.66],[110.55,74.04],[109.99,73.44],[106.5,73.06],[106.21,73.26],[108.34,73.69],[113.63,75.27],[113.53,76.09],[111.43,76.57],[108.24,76.65],[106.4,76.43],[107.16,76.95],[104.49,77],[105.06,77.57],[103.39,77.56],[101.17,77.01],[101.39,76.62],[98.72,76.07],[95.98,75.9],[94.69,76.18],[93.59,75.88],[90,75.6],[86.96,74.78],[87.69,73.9],[80.84,73.55],[80.98,72.45],[82.32,72.22],[83.56,71.62],[83.17,71.18],[83.68,70.46],[83.04,70.24],[81.67,71.57],[79.22,72.27],[77.79,71.78],[76.46,71.87],[76.87,71.45],[78.14,71.37],[78.61,70.85],[75.67,71.2],[75.28,71.45],[75.62,72.63],[74.92,72.03],[73.22,71.46],[74.25,70.57],[73.65,69.76],[73.91,69.15],[75.6,69.21],[77.41,68.94],[77.98,68.15],[76.95,67.65],[77.04,68.46],[76.33,68.78],[74.5,68.59],[74.74,67.69],[73.69,66.87],[72.21,66.17],[69.77,66.33],[69.08,66.69],[70.84,66.55],[72.84,67.65],[73.39,68.38],[72.53,69.07],[72.68,70.82],[71.8,71.43],[72.71,72.77],[69.34,72.83],[68.32,71.63],[66.82,71.11],[67.42,70.22],[66.88,69.62],[68.11,69.43],[69.11,68.83],[68.22,68.2],[66.58,68.89],[62.28,69.71],[60.37,69.47],[60.99,69],[59.76,68.3],[58.77,68.86],[57.02,68.45],[55.34,68.48],[54.75,68.05],[53.63,68.05],[53.89,68.79],[52.24,68.54],[48.08,67.56],[47.57,66.82],[46.4,66.72],[44.87,67.31],[46.63,67.7],[45.86,68.38],[44.01,68.49],[44.22,67.72],[43.7,67.27],[44.38,66.61],[44.03,66.01],[42.21,66.41],[39.95,65.58],[40.32,64.46],[39.19,64.51],[36.88,65.07],[37,64.41],[37.88,64.31],[37.94,63.85],[36.24,63.92],[35.08,64.29],[34.29,65.4],[34.54,66],[33.47,66.31],[32.22,66.99],[35.77,66.26],[38.05,66.01],[39.19,66.04],[40.84,66.56],[41.26,66.94],[40.83,67.66],[38.67,68.15],[37.25,68.79],[35.44,69.15],[32.6,69.42],[32.07,69.88],[31.05,69.64],[28.7,68.7],[29.11,69.49],[27.91,69.89],[26.51,69.81],[25.63,68.81],[24.8,68.43],[24.08,68.72],[22.46,68.69],[21.63,69.24],[20.79,68.93],[21.71,68.41],[23.49,67.83],[23.95,65.8],[25.25,65.42],[25.33,64.8],[24.47,64.64],[22.29,63.2],[21.67,63.19],[21.03,62.48],[21.56,61.48],[21.56,60.51],[23.2,59.82],[26.92,60.32],[28.52,60.62],[29.08,59.91],[27.7,59.3],[25.45,59.49],[23.42,59.12],[23.67,58.24],[24.5,58.21],[24.35,57.16],[23.22,56.98],[22.56,57.62],[21.68,57.46],[20.96,56.61],[20.95,56.07],[21.68,55.35],[22.58,55.01],[22.81,53.81],[21.12,53.27],[20.01,53.04],[19.28,53.17],[18.6,52.5],[17.9,52.18],[18.14,50.99],[18.77,50.18],[20.18,50.15],[20.26,49.89]]]},"properties":{"NAME":"Russian Empire","SUBJECTO":"Russian Empire","PARTOF":"Russian Empire"}},
{"type":"Feature","geometry":{"type":"Polygon","coordinates":[[[12.4,43.96],[12.49,43.9],[12.5,43.99],[12.4,43.96]]]},"properties":{"NAME":"San Marino","SUBJECTO":"San Marino","PARTOF":"San Marino"}},
{"type":"Feature","geometry":{"type":"Polygon","coordinates":[[[107.39,14.56],[107.46,15],[107.1,15.67],[107.11,16.17],[106.64,16.48],[105.41,18.08],[104.81,18.72],[103.9,19.31],[104.72,20.2],[104.13,20.94],[103.61,20.68],[102.99,20.94],[102.69,21.67],[101.97,22.53],[101.54,22.14],[101.75,21.47],[101.24,21.26],[100.89,21.72],[100.32,21.46],[99.76,22.13],[99.16,22.31],[99.47,23.14],[98.98,23.15],[98.77,24.09],[97.7,23.88],[98.2,21.61],[97.37,20.78],[97.27,18.5],[97.71,18.05],[97.79,17.58],[98.39,17.08],[98.82,16.32],[98.48,16],[98.58,15.47],[98.14,15.19],[98.49,14.37],[99,13.89],[99.1,12.97],[99.58,11.89],[98.59,10.12],[98.18,8.6],[99.02,7.87],[99.66,6.71],[100.16,6.34],[100.62,6.42],[100.98,6.05],[101.08,5.53],[101.31,5.83],[101.76,5.59],[102.07,6.15],[101.56,6.74],[100.61,6.98],[100.34,7.44],[100.13,8.53],[99.72,9.26],[99.3,9.16],[99.07,9.9],[99.19,10.49],[99.9,12.08],[99.93,13.26],[100.24,13.49],[100.91,13.45],[100.87,12.68],[101.92,12.59],[102.53,12.15],[102.61,12.1],[102.75,12.4],[102.36,13.51],[102.94,14.15],[103.62,14.41],[104.36,14.33],[105.13,14.22],[105.86,13.97],[106.13,13.96],[106.14,14.09],[106.05,14.39],[106.51,14.54],[106.84,14.32],[107.39,14.56]]]},"properties":{"NAME":"Rattanakosin Kingdom","SUBJECTO":"Rattanakosin Kingdom","PARTOF":"Rattanakosin Kingdom"}},
{"type":"Feature","geometry":{"type":"Polygon","coordinates":[[[66.53,50.64],[65.33,50.39],[58.61,46.79],[53.53,45.28],[53.27,45.34],[51.51,45.37],[51.1,44.88],[51.58,44.55],[50.33,44.56],[50.96,44.2],[51.17,43.72],[52.07,42.83],[52.83,42.65],[52.52,42.07],[52.93,41.38],[53.07,42.03],[53.99,42.11],[54.17,41.48],[54.75,41.14],[54.42,40.66],[53.26,40.76],[52.83,40.47],[52.99,39.93],[53.69,39.98],[53.79,39.49],[53.31,39.57],[54.07,38.9],[53.88,38.03],[54.02,37.35],[54.47,37.4],[55.36,38.04],[56.52,38.26],[57.23,38.19],[58.09,37.73],[59.24,37.45],[60.35,36.61],[61.01,36.64],[61.22,35.58],[62.68,35.27],[63.12,35.79],[64.54,36.34],[64.83,37.15],[65.72,37.49],[66.68,37.24],[67.52,37.21],[67.86,36.85],[68.71,37.18],[69.31,37.08],[69.57,37.51],[70.02,37.46],[70.72,38.36],[71.44,37.83],[71.3,37.17],[71.85,36.72],[73.05,37.33],[74.14,37.37],[74.73,37.21],[75.01,37.47],[74.58,38.59],[73.86,38.54],[73.83,39.78],[75.43,40.61],[75.7,40.34],[76.48,40.44],[77.02,41.11],[77.49,41.06],[76.98,41.72],[74.89,42.69],[73.78,42.97],[76.74,43.36],[72.95,45.03],[66.53,50.64]],[[61.25,46.61],[61,46.08],[61.17,45.19],[61.86,45.05],[61.11,44.72],[60.08,43.61],[59.13,44],[58.37,43.74],[58.2,44.52],[58.82,45.93],[59.53,46.34],[60.61,46.13],[60.01,46.56],[60.84,46.77],[61.25,46.61]]]},"properties":{"NAME":"Turan","SUBJECTO":"Turan","PARTOF":"Turan"}},
{"type":"Feature","geometry":{"type":"MultiPolygon","coordinates":[[[[178.18,-18.24],[178.69,-18.03],[178.17,-17.34],[177.39,-17.63],[177.33,-18.12],[178.18,-18.24]]],[[[179.57,-16.76],[180,-16.17],[180,-16.15],[178.48,-16.76],[178.69,-16.99],[179.57,-16.76]]]]},"properties":{"NAME":"Tuʻi Tonga Empire","SUBJECTO":"Tuʻi Tonga Empire","PARTOF":"Tuʻi Tonga Empire"}},
{"type":"Feature","geometry":{"type":"Polygon","coordinates":[[[-109.24,-27.13],[-109.37,-27.06],[-109.45,-27.19],[-109.24,-27.13]]]},"properties":{"NAME":"Polynesians","SUBJECTO":"Polynesians","PARTOF":"Polynesians"}},
{"type":"Feature","geometry":{"type":"Polygon","coordinates":[[[114.03,22.51],[114.13,22.17],[114.41,22.44],[114.03,22.51]]]},"properties":{"NAME":"Hong Kong","SUBJECTO":"Hong Kong","PARTOF":"Hong Kong"}},
{"type":"Feature","geometry":{"type":"Polygon","coordinates":[[[108.56,19.06],[108.65,18.48],[109.43,18.1],[110.26,18.63],[110.43,19.23],[110.89,19.71],[110.62,20.02],[109.92,19.8],[109.55,19.91],[108.56,19.06]]]},"properties":{"NAME":"Manchu Empire","SUBJECTO":"Manchu Empire","PARTOF":"Manchu Empire"}}
]}