{"type":"FeatureCollection", "features": [
{"type":"Feature","geometry":{"type":"Polygon","coordinates":[[[5.824,49.507],[6.368,49.473],[6.433,49.445],[6.399,49.604],[6.511,49.669],[6.531,49.798],[6.321,49.842],[6.137,49.982],[6.109,50.117],[6.007,50.15],[5.834,50.047],[5.738,49.902],[5.745,49.755],[5.884,49.664],[5.824,49.507]]]},"properties":{"NAME":"Luxembourg","SUBJECTO":"Luxembourg","PARTOF":"Luxembourg","BORDERPRECISION":3}},
{"type":"Feature","geometry":{"type":"MultiPolygon","coordinates":[[[[146.78,43.752],[146.905,43.84],[146.843,43.875],[146.611,43.807],[146.683,43.708],[146.78,43.752]]],[[[146.538,44.442],[146.36,44.421],[146.201,44.499],[146.078,44.464],[145.974,44.288],[145.892,44.25],[145.745,44.052],[145.407,43.829],[145.437,43.717],[145.562,43.661],[145.575,43.817],[145.657,43.9],[145.779,43.929],[145.94,44.128],[146.092,44.236],[146.508,44.358],[146.538,44.442]]],[[[148.447,45.248],[148.592,45.319],[148.84,45.347],[148.859,45.467],[148.701,45.521],[148.559,45.459],[148.312,45.267],[148.052,45.249],[147.96,45.419],[147.858,45.343],[147.895,45.23],[147.783,45.197],[147.656,45.075],[147.505,45.044],[147.48,44.975],[147.112,44.794],[147.163,44.692],[147.098,44.619],[146.941,44.554],[146.841,44.416],[146.949,44.409],[147.021,44.508],[147.225,44.562],[147.291,44.667],[147.548,44.812],[147.621,44.966],[147.762,44.938],[147.964,45.012],[148.048,45.096],[148.285,45.221],[148.447,45.248]]],[[[149.441,45.581],[149.692,45.639],[149.982,45.834],[150.199,45.932],[150.222,46.002],[150.499,46.192],[150.343,46.212],[149.929,46.008],[149.857,45.923],[149.668,45.851],[149.441,45.581]]],[[[153.214,48.135],[153.146,48.088],[153.28,48.043],[153.214,48.135]]],[[[154.211,48.911],[154.112,48.895],[153.988,48.78],[153.999,48.723],[154.189,48.835],[154.211,48.911]]],[[[154.51,49.073],[154.583,49.146],[154.44,49.155],[154.51,49.073]]],[[[154.814,49.636],[154.601,49.367],[154.594,49.291],[154.716,49.264],[154.835,49.346],[154.79,49.43],[154.904,49.624],[154.814,49.636]]],[[[152.03,46.92],[152.293,47.148],[152.217,47.172],[151.869,46.866],[151.706,46.847],[151.832,46.783],[152.03,46.92]]],[[[155.357,50.053],[155.619,50.183],[155.795,50.189],[156.153,50.525],[156.116,50.747],[156.022,50.767],[155.897,50.699],[155.766,50.464],[155.638,50.378],[155.449,50.368],[155.248,50.301],[155.226,50.053],[155.357,50.053]]],[[[156.186,50.766],[156.198,50.67],[156.401,50.626],[156.494,50.842],[156.341,50.851],[156.186,50.766]]],[[[155.483,50.926],[155.481,50.828],[155.621,50.806],[155.639,50.921],[155.483,50.926]]],[[[137.31,37.433],[136.811,37.311],[136.64,37.17],[136.668,36.667],[136.502,36.464],[136.187,36.202],[135.978,35.973],[135.927,35.763],[135.928,35.604],[135.727,35.45],[135.358,35.323],[135.188,35.443],[135.157,35.646],[134.756,35.531],[134.224,35.454],[133.804,35.427],[133.229,35.312],[133.006,35.254],[132.981,35.445],[132.663,35.381],[131.672,34.502],[131.334,34.292],[131.11,34.241],[130.892,34.246],[130.812,34.119],[130.779,33.967],[130.899,33.904],[131.394,33.936],[131.655,33.912],[131.995,33.804],[131.997,34.09],[132.183,34.287],[132.387,34.269],[132.481,34.129],[132.848,34.263],[133.589,34.442],[133.825,34.386],[134.213,34.571],[134.427,34.628],[134.782,34.553],[134.936,34.54],[135.206,34.617],[135.287,34.598],[135.317,34.471],[135.237,34.351],[135.014,34.204],[134.969,34.134],[135.063,33.69],[135.192,33.601],[135.446,33.507],[135.756,33.342],[135.991,33.724],[136.199,34.003],[136.394,34.112],[136.767,34.17],[136.899,34.259],[136.711,34.404],[136.507,34.518],[136.617,34.76],[136.734,34.874],[137.042,34.729],[137.248,34.482],[137.759,34.552],[138.149,34.528],[138.295,34.763],[138.45,34.903],[138.684,34.992],[138.751,34.923],[138.75,34.65],[138.864,34.567],[139.023,34.688],[139.053,35.025],[139.209,35.165],[139.423,35.166],[139.683,35.446],[139.914,35.554],[140.003,35.497],[139.92,35.262],[139.788,34.963],[139.83,34.836],[140.317,35.034],[140.395,35.409],[140.557,35.543],[140.834,35.677],[140.645,35.836],[140.555,35.969],[140.547,36.287],[140.656,36.618],[140.964,36.956],[140.982,37.268],[140.923,37.625],[140.881,37.739],[140.872,37.917],[140.951,38.121],[141.097,38.262],[141.496,38.422],[141.467,38.587],[141.569,38.785],[141.888,39.13],[141.999,39.449],[141.998,39.672],[141.676,40.316],[141.566,40.457],[141.467,40.514],[141.441,40.789],[141.437,41.269],[141.286,41.372],[141.087,41.442],[140.775,41.255],[140.937,41.115],[141.077,41.102],[141.153,40.865],[140.657,40.724],[140.473,40.986],[140.386,40.986],[140.16,40.729],[139.915,40.575],[139.985,40.115],[139.805,39.891],[139.862,39.782],[140.011,39.694],[140.03,39.483],[139.968,39.209],[139.896,38.999],[139.741,38.743],[139.746,38.68],[139.504,38.418],[139.44,38.188],[139.198,37.92],[138.856,37.735],[138.699,37.448],[138.317,37.206],[137.464,36.854],[137.176,36.643],[137.045,36.668],[136.983,36.834],[137.014,37.037],[137.118,37.146],[137.335,37.274],[137.31,37.433]]],[[[132.467,32.758],[132.568,32.637],[132.699,32.549],[132.901,32.67],[132.97,32.765],[133.044,32.994],[133.154,33.216],[133.241,33.299],[133.517,33.395],[133.727,33.376],[133.917,33.243],[133.999,33.148],[134.388,33.543],[134.519,33.651],[134.61,33.899],[134.54,34.013],[134.153,34.113],[134.01,34.189],[133.806,34.176],[133.603,34.036],[133.463,33.884],[133.245,33.801],[132.969,33.794],[132.784,33.908],[132.579,33.64],[132.45,33.52],[132.121,33.348],[132.343,33.107],[132.467,32.758]]],[[[130.554,30.97],[130.579,30.907],[130.744,30.888],[130.96,31.193],[131.049,31.276],[131.211,31.352],[131.319,31.511],[131.407,32.083],[131.454,32.248],[131.563,32.432],[131.831,32.693],[131.795,32.807],[131.596,33.004],[131.414,33.111],[131.67,33.309],[131.569,33.486],[131.286,33.39],[131.093,33.428],[130.971,33.504],[130.859,33.675],[130.644,33.7],[130.427,33.674],[130.176,33.337],[129.858,33.26],[129.528,33.298],[129.343,33.151],[129.461,32.987],[129.63,32.866],[129.734,32.638],[129.846,32.587],[130.035,32.81],[130.108,32.931],[130.257,32.912],[130.497,32.557],[130.481,32.347],[130.444,32.284],[130.059,31.972],[130.219,31.56],[130.205,31.426],[130.06,31.217],[130.086,31.121],[130.233,31.026],[130.404,31.23],[130.474,31.44],[130.582,31.529],[130.732,31.478],[130.675,31.211],[130.554,30.97]]],[[[139.978,41.503],[140.013,41.382],[140.112,41.273],[140.269,41.325],[140.589,41.678],[140.706,41.697],[140.843,41.64],[140.979,41.653],[141.155,41.749],[141.019,41.871],[140.768,42.005],[140.246,42.228],[140.223,42.363],[140.541,42.537],[140.694,42.55],[140.861,42.39],[140.93,42.255],[141.397,42.519],[141.721,42.539],[141.928,42.501],[142.842,42.067],[143.034,41.958],[143.214,41.927],[143.33,42.196],[143.509,42.421],[143.848,42.775],[144.166,42.942],[144.37,42.949],[144.59,42.86],[144.754,42.866],[144.995,42.937],[145.448,43.17],[145.36,43.33],[145.149,43.599],[145.059,43.786],[145.348,44.243],[145.14,44.178],[144.75,43.882],[144.614,43.843],[144.028,43.951],[143.79,44.028],[143.508,44.156],[143.021,44.464],[142.539,44.843],[141.875,45.435],[141.597,45.28],[141.523,45.183],[141.567,44.97],[141.746,44.629],[141.743,44.249],[141.709,43.914],[141.302,43.72],[141.304,43.187],[141.064,43.097],[140.897,43.135],[140.599,43.327],[140.498,43.32],[140.374,43.185],[140.517,43.057],[140.5,42.896],[140.209,42.729],[139.974,42.651],[139.712,42.478],[139.777,42.112],[139.852,42.035],[140.1,41.946],[140.124,41.792],[139.978,41.503]]],[[[146.169,43.468],[146.226,43.526],[146.076,43.513],[146.169,43.468]]]]},"properties":{"NAME":"Imperial Japan","SUBJECTO":"Imperial Japan","PARTOF":"Imperial Japan","BORDERPRECISION":3}},
{"type":"Feature","geometry":{"type":"Polygon","coordinates":[[[91.608,27.641],[91.46,27.92],[91.319,28.014],[91.152,28.032],[90,28.053],[90,28.28],[89.863,28.273],[89.64,28.119],[89.366,27.876],[88.803,27.181],[88.761,27.13],[88.868,26.908],[89.154,26.828],[89.405,26.791],[89.834,26.685],[90,26.719],[90,26.779],[91.162,26.75],[91.909,26.805],[92.006,27.066],[91.999,27.193],[91.883,27.3],[91.742,27.331],[91.595,27.464],[91.608,27.641]]]},"properties":{"NAME":"Bhutan","SUBJECTO":"Bhutan","PARTOF":"Bhutan","BORDERPRECISION":3}},
{"type":"Feature","geometry":{"type":"MultiPolygon","coordinates":[[[[-66.906,17.936],[-66.746,18.013],[-66.451,18.045],[-66.118,18.008],[-65.967,18.027],[-65.84,18.129],[-65.724,18.333],[-65.775,18.396],[-65.952,18.472],[-66.629,18.522],[-66.811,18.515],[-67.055,18.546],[-67.161,18.514],[-67.211,18.438],[-67.162,18.33],[-67.185,18.082],[-67.152,17.987],[-66.906,17.936]]],[[[-82.177,22.366],[-81.792,22.208],[-81.572,22.164],[-81.053,22.133],[-80.776,22.102],[-80.444,21.995],[-80.014,21.773],[-79.735,21.672],[-79.358,21.609],[-78.906,21.629],[-78.728,21.617],[-78.63,21.547],[-78.514,21.306],[-78.45,20.969],[-78.157,20.817],[-77.886,20.767],[-77.571,20.767],[-77.291,20.704],[-77.099,20.533],[-77.177,20.355],[-77.504,20.075],[-77.663,19.903],[-77.461,19.871],[-77.243,19.885],[-76.819,19.936],[-76.398,20.02],[-75.993,20.002],[-75.519,19.907],[-75.237,19.933],[-74.72,20.112],[-74.278,20.152],[-74.173,20.19],[-74.345,20.323],[-74.611,20.45],[-74.839,20.621],[-75.062,20.697],[-75.402,20.664],[-75.654,20.683],[-75.759,20.752],[-75.604,21.013],[-75.751,21.121],[-76.209,21.196],[-76.976,21.43],[-77.191,21.448],[-77.34,21.512],[-77.508,21.759],[-77.712,21.899],[-78.171,22.12],[-78.723,22.278],[-79.069,22.328],[-79.33,22.404],[-79.502,22.518],[-79.76,22.759],[-79.985,22.879],[-80.199,22.885],[-80.45,22.935],[-80.721,23.024],[-81.103,23.061],[-81.431,23.137],[-81.686,23.117],[-82.057,23.135],[-82.436,23.065],[-82.959,23.025],[-83.69,22.814],[-84.256,22.539],[-84.435,22.323],[-84.377,22.056],[-84.59,21.916],[-84.706,21.77],[-84.209,21.828],[-84.03,21.955],[-83.945,22.159],[-83.851,22.21],[-83.39,22.223],[-82.853,22.638],[-82.562,22.708],[-82.339,22.69],[-82.046,22.697],[-81.739,22.621],[-81.663,22.507],[-82.041,22.385],[-82.177,22.366]]]]},"properties":{"NAME":"Spain","SUBJECTO":"Spain","PARTOF":"Spain","BORDERPRECISION":3}},
{"type":"Feature","geometry":{"type":"Polygon","coordinates":[[[-71.777,19.771],[-71.843,19.731],[-72.103,19.756],[-72.589,19.888],[-72.94,19.945],[-73.266,19.919],[-73.475,19.835],[-73.493,19.753],[-73.355,19.658],[-72.945,19.595],[-72.767,19.525],[-72.676,19.392],[-72.759,19.074],[-72.698,18.941],[-72.298,18.662],[-72.746,18.509],[-73.04,18.527],[-73.83,18.652],[-74.303,18.696],[-74.424,18.613],[-74.442,18.524],[-74.365,18.378],[-73.918,18.131],[-73.857,18.112],[-73.687,18.271],[-73.474,18.316],[-73.215,18.291],[-72.915,18.228],[-72.521,18.223],[-72.178,18.287],[-71.978,18.262],[-71.677,18.003],[-71.895,18.614],[-71.891,18.69],[-71.72,18.895],[-71.769,19.537],[-71.777,19.771]]]},"properties":{"NAME":"Haiti","SUBJECTO":"Haiti","PARTOF":"Haiti","BORDERPRECISION":3}},
{"type":"Feature","geometry":{"type":"Polygon","coordinates":[[[-71.677,18.003],[-71.531,17.755],[-71.401,17.704],[-71.217,17.997],[-71.062,18.347],[-70.696,18.519],[-70.621,18.507],[-70.477,18.285],[-70.299,18.259],[-69.956,18.502],[-69.808,18.547],[-69.64,18.547],[-69.511,18.503],[-69.156,18.529],[-68.986,18.51],[-68.772,18.244],[-68.665,18.199],[-68.523,18.365],[-68.459,18.499],[-68.373,18.575],[-68.477,18.715],[-68.657,18.873],[-69.069,19.076],[-69.509,19.208],[-69.747,19.354],[-69.898,19.506],[-69.993,19.684],[-70.289,19.652],[-70.739,19.79],[-70.882,19.93],[-71.047,19.911],[-71.22,19.834],[-71.374,19.834],[-71.551,19.897],[-71.777,19.771],[-71.769,19.537],[-71.72,18.895],[-71.891,18.69],[-71.895,18.614],[-71.677,18.003]]]},"properties":{"NAME":"Dominican Republic","SUBJECTO":"Dominican Republic","PARTOF":"Dominican Republic","BORDERPRECISION":3}},
{"type":"Feature","geometry":{"type":"MultiPolygon","coordinates":[[[[120.364,14.531],[120.471,14.804],[120.706,14.729],[120.897,14.551],[121.217,14.418],[121.285,14.342],[121.105,14.253],[120.944,14.291],[120.799,14.386],[120.511,14.112],[120.599,13.922],[121.009,13.656],[121.25,13.713],[121.332,13.828],[121.486,13.892],[121.625,13.898],[122.067,13.652],[122.394,13.303],[122.492,13.43],[122.325,13.779],[122.369,13.881],[122.485,13.881],[122.824,13.621],[123.094,13.381],[123.197,13.241],[123.239,13.025],[123.677,12.893],[123.819,12.976],[123.398,13.527],[123.491,13.623],[123.661,13.693],[123.737,13.763],[123.639,13.833],[123.359,13.953],[123.132,13.692],[122.985,13.73],[122.856,13.888],[122.776,14.174],[122.675,14.269],[122.486,14.32],[122.397,14.307],[122.179,14.065],[122.107,13.918],[121.973,13.95],[121.729,14.108],[121.612,14.388],[121.457,14.883],[121.242,15.308],[121.368,15.499],[121.439,15.918],[121.689,16.058],[122.064,16.332],[122.203,16.542],[122.396,17.114],[122.314,17.26],[122.07,17.438],[122.007,17.793],[122.028,18.009],[122.147,18.206],[122.139,18.384],[122.05,18.447],[121.925,18.371],[121.84,18.276],[121.581,18.294],[121.036,18.528],[120.8,18.553],[120.564,18.432],[120.393,18.044],[120.323,17.37],[120.312,17.072],[120.247,16.875],[120.258,16.614],[120.303,16.417],[120.293,16.233],[120.202,16.042],[119.762,16.359],[119.681,16.187],[119.813,15.978],[119.772,15.47],[119.972,14.905],[120.364,14.531]]],[[[121.094,12.201],[121.177,12.398],[121.274,12.525],[121.317,12.742],[121.304,13.129],[121.181,13.332],[121.039,13.408],[120.649,13.414],[120.341,13.387],[120.547,13.153],[120.734,12.55],[120.891,12.366],[121.094,12.201]]],[[[125.323,11.124],[125.449,11.207],[125.333,11.562],[125.278,11.924],[125.246,12.293],[125.119,12.477],[124.952,12.527],[124.495,12.463],[124.264,12.418],[124.33,12.208],[124.628,11.993],[124.875,11.834],[124.917,11.644],[124.854,11.491],[125.07,11.244],[125.323,11.124]]],[[[121.873,10.468],[122.297,10.647],[122.706,10.94],[122.897,11.15],[122.932,11.328],[122.92,11.525],[122.635,11.442],[122.47,11.454],[122.211,11.581],[121.994,11.758],[121.966,11.231],[121.883,10.627],[121.873,10.468]]],[[[118.865,10.024],[119.034,10.126],[119.217,10.291],[119.516,10.451],[119.564,10.502],[119.469,10.755],[119.345,11.003],[119.417,11.13],[119.354,11.213],[119.207,11.13],[119.145,10.901],[119.108,10.628],[118.989,10.392],[118.848,10.214],[118.757,10.169],[118.7,10.036],[118.865,10.024]]],[[[122.942,9.048],[123.037,9.067],[123.133,9.251],[122.962,9.594],[123.104,10.23],[123.312,10.738],[123.29,10.865],[123.239,10.922],[123.118,10.935],[122.92,10.852],[122.701,10.032],[122.602,9.911],[122.347,9.815],[122.303,9.65],[122.396,9.478],[122.769,9.212],[122.942,9.048]]],[[[117.271,8.451],[117.444,8.635],[117.71,8.712],[117.857,8.833],[117.967,9.113],[118.044,9.17],[118.276,9.266],[118.505,9.483],[118.558,9.673],[118.508,9.921],[118.089,9.431],[117.802,9.208],[117.536,9.049],[117.379,8.896],[117.224,8.686],[117.128,8.47],[117.271,8.451]]],[[[126.045,6.608],[126.322,7.149],[126.372,7.34],[126.373,7.537],[126.28,7.733],[126.254,8.045],[126.306,8.235],[126.272,8.426],[126.03,8.381],[125.923,8.482],[126.075,8.813],[126.037,8.959],[125.934,9.175],[125.614,9.536],[125.428,9.784],[125.362,9.625],[125.44,9.371],[125.461,9.053],[125.401,8.951],[125.225,8.995],[125.133,8.932],[124.991,8.715],[124.872,8.925],[124.742,8.918],[124.671,8.429],[124.372,8.561],[124.21,8.447],[124.117,8.192],[124.024,8.11],[123.805,8.084],[123.663,8.014],[123.617,8.337],[123.486,8.496],[123.136,8.451],[122.889,8.342],[122.796,8.272],[122.736,8.062],[122.638,8.005],[122.384,7.985],[122.212,7.902],[122.094,7.775],[122.01,7.533],[121.849,7.196],[121.84,6.968],[121.992,6.873],[122.228,7.261],[122.455,7.693],[122.635,7.783],[122.713,7.675],[122.725,7.452],[123.023,7.478],[123.248,7.593],[123.334,7.771],[123.465,7.791],[123.815,7.658],[124.025,7.474],[124.074,7.258],[123.864,6.851],[123.881,6.565],[123.973,6.337],[124.224,6.09],[124.725,5.811],[124.803,5.786],[124.966,6.085],[125.129,6.053],[125.163,5.907],[125.073,5.723],[125.152,5.602],[125.289,5.488],[125.461,5.717],[125.533,5.94],[125.466,6.245],[125.391,6.423],[125.28,6.594],[125.443,6.963],[125.615,7.236],[125.748,7.186],[125.911,6.849],[125.955,6.652],[126.045,6.608]]]]},"properties":{"NAME":"Philippines","SUBJECTO":"Philippines","PARTOF":"Philippines","BORDERPRECISION":3}},
{"type":"Feature","geometry":{"type":"MultiPolygon","coordinates":[[[[-61.244,13.156],[-61.184,13.13],[-61.123,13.249],[-61.144,13.378],[-61.209,13.368],[-61.278,13.25],[-61.244,13.156]]],[[[-60.968,13.728],[-60.9,13.778],[-60.878,13.957],[-60.946,14.105],[-61.075,13.897],[-61.068,13.789],[-60.968,13.728]]],[[[-61.78,12],[-61.643,12.034],[-61.596,12.126],[-61.612,12.231],[-61.725,12.172],[-61.78,12]]],[[[-73.141,20.983],[-73.034,21.144],[-73.003,21.305],[-73.07,21.317],[-73.138,21.187],[-73.261,21.134],[-73.422,21.194],[-73.536,21.183],[-73.641,21.102],[-73.702,21],[-73.663,20.915],[-73.589,20.947],[-73.311,20.936],[-73.141,20.983]]],[[[-72.936,21.481],[-72.978,21.541],[-73.068,21.501],[-73.038,21.435],[-72.936,21.481]]],[[[-72.741,22.337],[-72.829,22.382],[-73.082,22.444],[-73.156,22.36],[-72.86,22.348],[-72.788,22.283],[-72.741,22.337]]],[[[-73.859,22.49],[-73.847,22.724],[-74.038,22.622],[-73.921,22.599],[-73.887,22.488],[-74.04,22.397],[-74.277,22.217],[-74.276,22.171],[-74.104,22.295],[-73.977,22.346],[-73.859,22.49]]],[[[-74.158,22.672],[-74.018,22.716],[-74.305,22.843],[-74.344,22.803],[-74.273,22.714],[-74.158,22.672]]],[[[-75.009,23.104],[-75.066,23.141],[-75.109,23.348],[-75.275,23.63],[-75.257,23.49],[-75.137,23.364],[-75.084,23.089],[-74.987,23.079],[-74.853,22.858],[-74.85,23.004],[-74.925,23.087],[-75.009,23.104]]],[[[-75.805,23.5],[-75.772,23.5],[-75.996,23.674],[-75.991,23.599],[-75.805,23.5]]],[[[-74.811,23.645],[-74.851,23.717],[-74.949,23.685],[-74.811,23.645]]],[[[-74.528,23.957],[-74.424,24.076],[-74.461,24.143],[-74.527,24.101],[-74.528,23.957]]],[[[-77.958,24.148],[-77.809,24.231],[-77.972,24.194],[-77.958,24.148]]],[[[-77.722,24.029],[-77.757,24.134],[-77.634,24.252],[-77.67,24.294],[-77.853,24.16],[-77.877,24.073],[-77.808,23.879],[-77.682,23.76],[-77.553,23.754],[-77.517,23.928],[-77.546,24.114],[-77.634,24.209],[-77.722,24.029]]],[[[-75.29,24.144],[-75.319,24.223],[-75.477,24.369],[-75.594,24.544],[-75.627,24.644],[-75.715,24.696],[-75.463,24.288],[-75.526,24.156],[-75.29,24.144]]],[[[-77.473,24.987],[-77.262,25.04],[-77.359,25.08],[-77.561,25.027],[-77.473,24.987]]],[[[-78.039,25.179],[-78.192,25.204],[-78.161,25.058],[-78.199,24.868],[-78.289,24.776],[-78.194,24.616],[-78.22,24.566],[-78.328,24.583],[-78.326,24.709],[-78.44,24.62],[-78.36,24.535],[-78.095,24.386],[-78.011,24.277],[-77.871,24.369],[-77.853,24.426],[-77.717,24.507],[-77.774,24.733],[-77.886,24.856],[-77.983,25.146],[-78.039,25.179]]],[[[-76.35,25.343],[-76.41,25.34],[-76.68,25.489],[-76.716,25.442],[-76.596,25.422],[-76.507,25.351],[-76.356,25.318],[-76.254,25.178],[-76.175,25.144],[-76.145,25.009],[-76.211,24.866],[-76.338,24.825],[-76.168,24.69],[-76.11,25.067],[-76.132,25.146],[-76.35,25.343]]],[[[-77.938,26.642],[-77.917,26.745],[-78.106,26.702],[-78.364,26.69],[-78.519,26.734],[-78.6,26.702],[-78.698,26.585],[-78.798,26.586],[-78.969,26.671],[-78.759,26.5],[-78.678,26.496],[-78.366,26.611],[-78.021,26.659],[-77.938,26.642]]],[[[-77.662,26.903],[-77.835,26.91],[-77.661,26.861],[-77.526,26.856],[-77.35,26.641],[-77.154,26.52],[-77.233,26.406],[-77.219,26.147],[-77.398,26.026],[-77.194,25.892],[-77.189,26.075],[-77.151,26.255],[-77.05,26.306],[-77.04,26.498],[-77.09,26.549],[-77.278,26.623],[-77.501,26.863],[-77.662,26.903]]],[[[-71.634,21.772],[-71.695,21.839],[-71.848,21.855],[-71.828,21.776],[-71.634,21.772]]],[[[-72.287,21.744],[-72.248,21.796],[-72.327,21.856],[-72.287,21.744]]],[[[-71.889,21.824],[-71.918,21.946],[-72.029,21.905],[-71.889,21.824]]],[[[-77.737,17.932],[-77.425,17.831],[-77.291,17.806],[-77.152,17.863],[-77.05,17.978],[-76.806,18.004],[-76.468,17.871],[-76.319,17.903],[-76.301,17.992],[-76.426,18.119],[-76.719,18.239],[-77.156,18.397],[-77.769,18.51],[-78.086,18.478],[-78.325,18.35],[-78.261,18.255],[-78.052,18.218],[-77.84,18.053],[-77.737,17.932]]],[[[-61.224,10.69],[-61.114,10.822],[-61.224,10.825],[-61.406,10.777],[-61.579,10.786],[-61.631,10.747],[-61.809,10.725],[-61.861,10.682],[-61.735,10.66],[-61.662,10.543],[-61.696,10.404],[-61.653,10.279],[-61.714,10.214],[-61.831,10.227],[-62.039,10.058],[-61.536,10.036],[-61.41,10.049],[-61.207,10.118],[-61.189,10.309],[-61.246,10.478],[-61.224,10.69]]],[[[-6.335,53.786],[-6.443,53.899],[-5.912,54.027],[-5.731,54.175],[-5.662,54.322],[-5.8,54.523],[-5.785,54.737],[-6.018,55.093],[-6.117,55.16],[-6.279,55.14],[-6.645,55.206],[-6.997,55.172],[-6.963,55.241],[-7.334,55.384],[-7.427,55.294],[-7.756,55.253],[-8.118,55.177],[-8.345,55.095],[-8.476,54.88],[-8.504,54.75],[-8.76,54.701],[-8.829,54.634],[-8.211,54.634],[-8.301,54.489],[-8.687,54.364],[-8.59,54.203],[-9.323,54.275],[-9.474,54.241],[-9.892,54.326],[-10.16,54.133],[-10.179,53.912],[-9.913,53.97],[-9.696,53.873],[-9.872,53.768],[-9.81,53.632],[-10.151,53.576],[-10.021,53.512],[-10.16,53.374],[-9.885,53.297],[-9.803,53.345],[-9.617,53.346],[-9.441,53.266],[-9.297,53.28],[-9.158,53.221],[-9.002,53.3],[-8.924,53.161],[-8.997,53.12],[-9.309,53.115],[-9.526,52.905],[-9.442,52.833],[-9.616,52.637],[-9.134,52.681],[-9.193,52.554],[-9.504,52.541],[-9.736,52.48],[-9.802,52.241],[-9.891,52.194],[-10.469,52.207],[-10.497,52.102],[-9.964,52.092],[-10.294,51.978],[-10.217,51.758],[-9.835,51.803],[-9.795,51.605],[-9.819,51.435],[-9.243,51.473],[-8.848,51.6],[-8.565,51.615],[-8.159,51.84],[-7.751,52.033],[-7.372,52.092],[-6.962,52.111],[-6.894,52.207],[-6.406,52.214],[-6.341,52.427],[-6.232,52.613],[-6.071,52.767],[-6.043,52.893],[-6.172,53.439],[-6.335,53.786]]],[[[0.268,53.127],[0.081,53.386],[-0.319,53.579],[-0.235,53.799],[-0.296,54.033],[-0.871,54.547],[-1.192,54.595],[-1.389,54.68],[-1.556,54.922],[-1.696,55.273],[-1.719,55.454],[-1.942,55.556],[-2.245,55.811],[-2.742,55.957],[-2.928,55.946],[-3.161,55.846],[-3.356,55.843],[-3.713,55.885],[-3.895,55.985],[-3.294,55.974],[-3.17,56.062],[-2.895,56.086],[-2.721,56.178],[-3.152,56.337],[-2.981,56.354],[-2.667,56.471],[-2.515,56.667],[-2.413,56.717],[-2.159,57.014],[-2.203,57.065],[-1.945,57.402],[-2.15,57.572],[-2.854,57.543],[-3.093,57.577],[-3.401,57.576],[-3.796,57.542],[-4.148,57.555],[-4.249,57.636],[-4.15,57.835],[-3.943,57.958],[-3.166,58.275],[-3.028,58.406],[-3.165,58.522],[-3.831,58.507],[-4.139,58.445],[-4.51,58.403],[-4.926,58.567],[-5.113,58.395],[-4.907,58.169],[-5.346,58.093],[-5.056,57.751],[-5.23,57.71],[-5.568,57.777],[-5.763,57.62],[-5.461,57.388],[-5.562,57.299],[-5.726,57.258],[-5.625,56.999],[-5.909,56.733],[-6.044,56.475],[-5.822,56.4],[-5.645,56.516],[-5.547,56.652],[-5.271,56.544],[-5.3,56.429],[-5.497,56.177],[-5.633,55.94],[-5.57,55.751],[-5.334,55.88],[-5.135,55.893],[-4.848,56.097],[-4.711,56.131],[-4.623,55.908],[-4.895,55.772],[-4.908,55.664],[-4.771,55.488],[-4.638,55.428],[-5.067,54.948],[-5.111,54.794],[-4.6,54.688],[-4.461,54.862],[-4.122,54.762],[-3.908,54.79],[-3.577,54.924],[-3.153,54.838],[-3.43,54.643],[-3.569,54.415],[-3.479,54.275],[-3.261,54.141],[-2.886,54.169],[-2.865,54.028],[-2.98,53.821],[-3.057,53.514],[-2.914,53.267],[-3.33,53.233],[-3.957,53.205],[-4.318,53.091],[-4.492,52.991],[-4.621,52.831],[-4.468,52.811],[-4.148,52.832],[-4.094,52.746],[-4.124,52.373],[-4.295,52.2],[-4.619,52.094],[-5.061,52.006],[-5.249,51.86],[-4.999,51.702],[-4.159,51.677],[-3.499,51.46],[-3.173,51.467],[-2.75,51.644],[-2.895,51.394],[-3.033,51.33],[-3.066,51.178],[-3.483,51.181],[-3.825,51.235],[-4.281,51.187],[-4.277,51.064],[-4.443,50.969],[-4.552,50.997],[-4.605,50.779],[-4.815,50.604],[-5.017,50.561],[-5.238,50.346],[-5.778,50.134],[-5.429,50.068],[-5.282,49.964],[-4.967,50.212],[-4.541,50.358],[-4.303,50.324],[-4.243,50.391],[-4.004,50.314],[-3.882,50.2],[-3.715,50.219],[-3.563,50.361],[-3.521,50.617],[-3.111,50.657],[-2.961,50.722],[-2.551,50.57],[-2.432,50.646],[-2.024,50.57],[-2.085,50.703],[-1.373,50.766],[-1.103,50.817],[-0.839,50.722],[-0.336,50.817],[0.192,50.731],[0.673,50.931],[0.888,50.893],[0.886,50.982],[1.335,51.121],[1.365,51.353],[1.189,51.405],[1.03,51.359],[0.254,51.454],[0.686,51.56],[1.031,51.813],[1.512,52.026],[1.692,52.311],[1.586,52.65],[1.376,52.809],[1.013,52.888],[0.742,52.901],[0.505,52.848],[0.327,52.707],[0.006,52.787],[0.251,53.04],[0.268,53.127]]],[[[-5.518,55.668],[-5.689,55.628],[-5.756,55.477],[-5.698,55.331],[-5.482,55.443],[-5.518,55.668]]],[[[-59.543,13.067],[-59.45,13.099],[-59.429,13.165],[-59.552,13.247],[-59.591,13.33],[-59.651,13.32],[-59.643,13.149],[-59.543,13.067]]]]},"properties":{"NAME":"United Kingdom of Great Britain and Ireland","SUBJECTO":"United Kingdom of Great Britain and Ireland","PARTOF":"United Kingdom of Great Britain and Ireland","BORDERPRECISION":3}},
{"type":"Feature","geometry":{"type":"Polygon","coordinates":[[[-87.404,13.03],[-87.685,13.017],[-87.675,12.915],[-87.587,12.832],[-87.261,12.623],[-86.885,12.256],[-86.434,11.767],[-86.014,11.368],[-85.84,11.078],[-85.646,11.2],[-84.903,10.93],[-84.632,11.043],[-84.455,10.995],[-84.327,11.029],[-84.218,10.822],[-83.873,10.755],[-83.747,10.878],[-83.914,11.251],[-83.928,11.499],[-83.883,12.122],[-83.798,12.453],[-83.688,12.962],[-83.707,13.368],[-83.662,13.705],[-83.418,14.068],[-83.322,14.386],[-83.296,14.615],[-83.314,14.768],[-83.417,15.001],[-84.059,14.782],[-84.361,14.641],[-84.569,14.684],[-84.717,14.766],[-84.834,14.771],[-84.966,14.663],[-85.192,14.305],[-85.735,13.857],[-86.061,14.045],[-86.292,13.783],[-86.689,13.768],[-86.692,13.336],[-86.823,13.151],[-86.954,13.086],[-87.404,13.03]]]},"properties":{"NAME":"Nicaragua","SUBJECTO":"Nicaragua","PARTOF":"Nicaragua","BORDERPRECISION":3}},
{"type":"Feature","geometry":{"type":"Polygon","coordinates":[[[-82.56,9.583],[-82.752,9.744],[-82.962,10.034],[-83.063,10.055],[-83.204,10.2],[-83.377,10.48],[-83.747,10.878],[-83.873,10.755],[-84.218,10.822],[-84.327,11.029],[-84.455,10.995],[-84.632,11.043],[-84.903,10.93],[-85.646,11.2],[-85.84,11.078],[-85.733,11.085],[-85.707,10.983],[-85.87,10.928],[-85.621,10.827],[-85.617,10.652],[-85.767,10.55],[-85.824,10.361],[-85.778,10.138],[-85.712,10.03],[-85.566,9.923],[-85.314,9.828],[-85.154,9.701],[-85.089,9.583],[-84.844,9.841],[-84.926,9.961],[-85.116,9.981],[-85.255,10.311],[-84.809,10.032],[-84.697,9.988],[-84.631,9.874],[-84.635,9.684],[-84.492,9.537],[-84.182,9.491],[-84.147,9.427],[-83.834,9.297],[-83.615,9.152],[-83.533,8.999],[-83.551,8.828],[-83.664,8.675],[-83.605,8.548],[-83.279,8.413],[-83.228,8.441],[-83.266,8.542],[-83.412,8.727],[-83.362,8.763],[-83.085,8.651],[-83.09,8.395],[-82.956,8.257],[-82.957,8.047],[-82.866,8.321],[-82.975,8.404],[-82.807,8.57],[-82.863,8.809],[-82.684,8.975],[-82.913,9.113],[-82.907,9.519],[-82.808,9.611],[-82.593,9.528],[-82.56,9.583]]]},"properties":{"NAME":"Costa Rica","SUBJECTO":"Costa Rica","PARTOF":"Costa Rica","BORDERPRECISION":3}},
{"type":"Feature","geometry":{"type":"Polygon","coordinates":[[[80.563,5.932],[80.852,5.951],[81.203,6.079],[81.434,6.27],[81.6,6.449],[81.779,6.754],[81.866,7.085],[81.805,7.313],[81.446,7.929],[81.326,8.259],[81.06,8.411],[81.093,8.627],[81.015,8.773],[80.768,9.122],[80.662,9.299],[80.348,9.47],[80.11,9.687],[80.178,9.445],[80.077,9.279],[80.053,9.114],[79.896,8.92],[79.706,8.931],[79.675,8.805],[79.809,8.647],[79.724,8.417],[79.832,8.103],[79.839,7.353],[79.854,7.061],[80.017,6.496],[80.128,6.217],[80.222,6.058],[80.341,5.969],[80.563,5.932]]]},"properties":{"NAME":"Ceylon","SUBJECTO":"Ceylon","PARTOF":"Ceylon","BORDERPRECISION":3}},
{"type":"Feature","geometry":{"type":"MultiPolygon","coordinates":[[[[175.308,-37.321],[175.247,-37.294],[175.201,-37.073],[174.887,-37.062],[174.928,-36.967],[174.645,-36.831],[174.647,-36.767],[174.973,-36.778],[174.857,-36.694],[174.706,-36.462],[174.824,-36.483],[174.787,-36.283],[174.348,-35.915],[174.536,-35.947],[174.528,-35.8],[174.609,-35.789],[174.392,-35.579],[174.217,-35.337],[174.151,-35.421],[174.068,-35.41],[174.015,-35.232],[173.703,-35.148],[173.47,-35.032],[173.349,-35.021],[173.33,-35.084],[173.153,-34.958],[172.99,-34.727],[173.057,-34.643],[173.019,-34.518],[172.799,-34.58],[172.633,-34.56],[172.789,-34.675],[172.96,-34.864],[173.07,-35.126],[173.046,-35.253],[173.167,-35.368],[173.166,-35.421],[173.399,-35.673],[174.01,-36.431],[174.064,-36.368],[173.841,-36.136],[173.788,-36.031],[174.07,-36.189],[174.201,-36.347],[174.266,-36.483],[174.22,-36.557],[174.479,-36.862],[174.694,-37.157],[174.765,-37.297],[174.728,-37.552],[174.945,-37.928],[174.931,-38.101],[174.753,-38.299],[174.713,-38.44],[174.749,-38.753],[174.655,-38.983],[174.03,-39.291],[173.841,-39.362],[173.805,-39.42],[173.992,-39.611],[174.433,-39.815],[174.889,-39.98],[175.232,-40.242],[175.354,-40.3],[175.367,-40.454],[175.188,-40.679],[175.05,-40.981],[174.921,-41.155],[174.895,-41.296],[175.002,-41.444],[175.365,-41.662],[175.671,-41.52],[176.011,-41.255],[176.796,-40.271],[177.087,-40.04],[177.157,-39.854],[177.042,-39.618],[177.024,-39.445],[177.146,-39.317],[177.34,-39.227],[177.867,-39.207],[177.922,-39.136],[177.939,-38.83],[178.281,-38.803],[178.408,-38.771],[178.589,-38.215],[178.569,-37.921],[178.421,-37.845],[178.241,-37.832],[177.843,-37.986],[177.528,-38.204],[177.362,-38.237],[177.134,-38.186],[176.346,-37.874],[176.129,-37.798],[176.004,-37.364],[175.838,-37.026],[175.663,-36.95],[175.558,-36.944],[175.535,-37.072],[175.644,-37.308],[175.64,-37.41],[175.308,-37.321]]],[[[172.063,-43.923],[172.441,-43.793],[172.667,-43.926],[173.01,-43.844],[172.82,-43.714],[172.628,-43.692],[172.441,-43.509],[172.562,-43.393],[172.737,-43.322],[172.844,-43.206],[173.237,-42.986],[173.627,-42.65],[173.841,-42.488],[173.959,-42.308],[174.234,-42.011],[174.204,-41.889],[174.069,-41.696],[174.158,-41.516],[174.058,-41.291],[173.893,-41.24],[173.701,-41.254],[173.264,-41.544],[173.123,-41.435],[173.019,-41.075],[172.935,-40.992],[172.784,-40.965],[172.769,-40.848],[172.605,-40.774],[172.437,-40.753],[172.207,-41.045],[172.148,-41.578],[172.087,-41.707],[171.887,-41.829],[171.625,-41.946],[171.596,-42.014],[171.458,-41.993],[171.349,-42.287],[171.398,-42.513],[171.077,-42.713],[171.024,-42.887],[170.725,-43.068],[170.371,-43.217],[170.203,-43.224],[169.987,-43.36],[169.957,-43.482],[169.649,-43.741],[169.479,-43.786],[169.235,-43.948],[168.914,-44.097],[168.416,-44.221],[167.967,-44.48],[167.921,-44.616],[167.669,-44.784],[167.521,-44.953],[167.265,-45.063],[167.137,-45.2],[167.164,-45.33],[167.318,-45.504],[167.281,-45.563],[166.855,-45.492],[166.801,-45.557],[167.009,-45.817],[166.64,-45.697],[166.844,-45.915],[166.699,-45.915],[166.551,-45.967],[166.651,-46.064],[166.457,-46.104],[166.523,-46.233],[166.754,-46.276],[166.85,-46.35],[167.202,-46.308],[167.338,-46.168],[167.548,-46.212],[167.62,-46.351],[168.154,-46.452],[168.417,-46.651],[168.7,-46.6],[169.22,-46.716],[169.399,-46.71],[169.666,-46.527],[170.044,-46.357],[170.121,-46.246],[170.424,-46.089],[170.612,-45.946],[170.707,-45.699],[170.899,-45.296],[171.024,-45.075],[170.634,-44.863],[171.073,-44.907],[171.171,-44.939],[171.191,-44.629],[171.255,-44.551],[170.994,-44.267],[171.066,-44.229],[171.378,-44.338],[171.488,-44.228],[171.633,-44.182],[171.772,-44.053],[172.023,-43.994],[172.063,-43.923]]]]},"properties":{"NAME":"Māori","SUBJECTO":"Māori","PARTOF":"Māori","BORDERPRECISION":3}},
{"type":"Feature","geometry":{"type":"MultiPolygon","coordinates":[[[[-68.456,-52.42],[-68.411,-52.405],[-68.516,-52.253],[-68.831,-51.902],[-69.077,-51.499],[-69.167,-51.149],[-69.143,-50.918],[-69.041,-50.562],[-68.895,-50.384],[-68.706,-50.285],[-68.27,-50.173],[-67.833,-49.968],[-67.726,-49.824],[-67.65,-49.621],[-67.7,-49.386],[-67.658,-49.183],[-67.578,-49.059],[-67.257,-48.744],[-66.564,-48.378],[-66.078,-48.142],[-65.839,-47.868],[-65.781,-47.712],[-65.713,-47.354],[-65.776,-47.23],[-66.376,-47.127],[-66.671,-47.017],[-67.112,-46.732],[-67.328,-46.532],[-67.469,-46.266],[-67.496,-46.097],[-67.472,-45.922],[-67.225,-45.553],[-66.973,-45.306],[-66.695,-45.131],[-66.411,-45.021],[-66.194,-44.982],[-65.657,-44.942],[-65.436,-44.89],[-65.627,-44.723],[-65.637,-44.626],[-65.27,-44.258],[-65.233,-44.142],[-65.306,-43.788],[-65.307,-43.601],[-65.047,-43.331],[-64.698,-43.201],[-64.309,-43.027],[-64.751,-42.912],[-65.017,-42.881],[-65.085,-42.784],[-64.688,-42.649],[-64.217,-42.616],[-64.118,-42.782],[-64.001,-42.853],[-63.665,-42.775],[-63.6,-42.704],[-63.729,-42.101],[-63.901,-42.121],[-64.294,-42.205],[-64.12,-42.384],[-64.286,-42.474],[-64.644,-42.437],[-64.992,-42.193],[-65.033,-42.02],[-64.925,-41.731],[-64.941,-41.552],[-65.135,-41.244],[-65.153,-40.975],[-65.049,-40.853],[-64.939,-40.827],[-64.277,-41.006],[-63.842,-41.158],[-63.476,-41.19],[-62.964,-41.137],[-62.401,-40.925],[-62.26,-40.803],[-62.289,-40.675],[-62.466,-40.368],[-62.435,-40.195],[-62.108,-39.69],[-62.068,-39.556],[-62.206,-39.473],[-62.351,-39.333],[-62.367,-38.97],[-62.31,-38.88],[-61.89,-38.981],[-61.361,-39.031],[-60.936,-39.011],[-60.323,-38.959],[-59.515,-38.875],[-58.651,-38.694],[-58.183,-38.54],[-57.809,-38.386],[-57.643,-38.259],[-57.502,-37.927],[-57.174,-37.582],[-56.837,-37.161],[-56.698,-36.944],[-56.8,-36.543],[-56.849,-36.492],[-57.084,-36.416],[-57.294,-36.27],[-57.419,-35.997],[-57.4,-35.818],[-57.237,-35.583],[-57.226,-35.436],[-57.352,-35.29],[-57.479,-35.214],[-58.107,-34.961],[-58.523,-34.587],[-58.53,-34.485],[-58.34,-34.216],[-58.315,-34.064],[-58.403,-33.804],[-58.398,-33.569],[-58.29,-33.347],[-58.074,-33.111],[-58.021,-32.964],[-58.096,-32.52],[-58.118,-32.139],[-58.072,-31.904],[-57.805,-30.842],[-57.775,-30.639],[-57.576,-30.403],[-57.479,-30.282],[-57.105,-29.886],[-56.292,-29.068],[-55.646,-28.455],[-54.911,-27.803],[-54.755,-27.694],[-53.965,-27.359],[-53.731,-27.218],[-53.659,-27.008],[-53.616,-26.271],[-53.849,-25.752],[-53.942,-25.663],[-54.15,-25.671],[-54.58,-25.743],[-54.571,-25.851],[-54.817,-26.558],[-54.985,-26.768],[-55.438,-27.101],[-55.574,-27.223],[-55.732,-27.452],[-56.006,-27.289],[-56.163,-27.245],[-56.269,-27.258],[-56.444,-27.336],[-56.779,-27.395],[-57.099,-27.396],[-57.352,-27.353],[-57.799,-27.204],[-58.072,-27.193],[-58.606,-27.342],[-58.692,-27.317],[-58.663,-27.221],[-58.472,-27.03],[-58.253,-26.851],[-58.204,-26.761],[-58.298,-26.482],[-58.277,-26.381],[-57.995,-25.998],[-57.718,-25.457],[-57.71,-25.336],[-58.132,-25.11],[-58.425,-25.029],[-59.077,-24.715],[-59.811,-24.217],[-60.113,-24.079],[-60.641,-23.987],[-60.865,-23.881],[-61.24,-23.616],[-61.5,-23.363],[-62.071,-22.744],[-62.424,-22.333],[-62.525,-22.181],[-62.61,-22.157],[-62.876,-22.107],[-63.475,-22.073],[-63.784,-22.074],[-64.249,-22.878],[-64.436,-22.39],[-64.589,-22.251],[-64.756,-22.163],[-64.995,-22.132],[-65.638,-22.168],[-65.914,-22.081],[-66.146,-21.923],[-66.277,-22.045],[-67.189,-22.984],[-66.972,-23.141],[-67.014,-23.427],[-67.258,-24.083],[-67.419,-24.198],[-68.025,-24.437],[-68.393,-24.604],[-68.486,-24.744],[-68.373,-25.112],[-68.562,-25.437],[-68.565,-25.697],[-68.48,-25.939],[-68.362,-26.096],[-68.348,-26.198],[-68.471,-26.363],[-68.544,-26.535],[-68.493,-26.764],[-68.254,-26.978],[-68.249,-27.08],[-68.318,-27.22],[-68.823,-27.267],[-68.971,-27.643],[-69.18,-28.018],[-69.454,-28.331],[-69.581,-28.529],[-69.951,-29.356],[-69.876,-30.016],[-69.852,-30.359],[-69.907,-30.441],[-70.129,-30.563],[-70.26,-30.716],[-70.435,-31.257],[-70.505,-31.689],[-70.377,-31.974],[-70.193,-32.493],[-69.84,-33.761],[-69.815,-34.072],[-69.849,-34.256],[-70.337,-35.09],[-70.48,-35.358],[-70.356,-36.019],[-70.391,-36.165],[-70.991,-36.665],[-71.095,-36.805],[-71.159,-37.289],[-71.153,-37.811],[-71.041,-38.307],[-70.844,-38.727],[-71.363,-39.029],[-71.42,-39.106],[-71.673,-40.338],[-71.815,-40.582],[-71.86,-40.748],[-71.805,-41.574],[-71.701,-41.964],[-71.696,-42.156],[-71.964,-42.299],[-72.089,-42.498],[-72.047,-43.05],[-71.99,-43.108],[-71.741,-43.158],[-71.701,-43.453],[-71.787,-44.109],[-71.673,-44.372],[-71.557,-44.455],[-71.202,-44.504],[-71.066,-44.581],[-71.069,-44.665],[-71.324,-44.814],[-71.651,-44.829],[-71.992,-44.895],[-71.912,-44.972],[-71.648,-45.106],[-71.4,-45.279],[-71.393,-45.376],[-71.738,-45.733],[-71.765,-46.225],[-71.693,-46.691],[-71.79,-47.094],[-71.886,-47.29],[-71.987,-47.407],[-72.256,-47.48],[-72.382,-47.578],[-72.494,-47.93],[-72.294,-48.221],[-72.458,-48.854],[-72.596,-48.972],[-73.374,-49.427],[-73.496,-49.558],[-73.513,-49.761],[-73.387,-50.35],[-73.158,-50.855],[-73.06,-50.874],[-72.627,-50.747],[-72.333,-50.693],[-72.249,-50.804],[-72.145,-51.832],[-71.794,-52.088],[-71.493,-52.107],[-70.859,-52.083],[-69.587,-52.143],[-68.585,-52.402],[-68.456,-52.42]]],[[[-68.705,-53.235],[-68.465,-53.083],[-68.305,-52.943],[-68.332,-52.85],[-68.701,-52.72],[-68.705,-53.235]]],[[[-68.749,-54.889],[-68.376,-54.852],[-67.492,-54.87],[-67.153,-54.91],[-66.622,-55.07],[-66.458,-55.07],[-66.108,-54.982],[-65.348,-54.913],[-65.259,-54.719],[-65.9,-54.713],[-66.118,-54.64],[-66.418,-54.607],[-66.983,-54.341],[-67.838,-53.701],[-68.13,-53.375],[-68.284,-53.316],[-68.557,-53.349],[-68.705,-53.235],[-68.749,-54.889]]]]},"properties":{"NAME":"Argentina","SUBJECTO":"Argentina","PARTOF":"Argentina","BORDERPRECISION":3}},
{"type":"Feature","geometry":{"type":"Polygon","coordinates":[[[-24.219,65.534],[-24.147,65.439],[-23.678,65.317],[-23.374,65.354],[-23.183,65.427],[-22.814,65.471],[-22.362,65.45],[-21.955,65.378],[-21.794,65.298],[-21.729,65.182],[-21.809,65.037],[-21.978,64.95],[-22.778,64.855],[-23.136,64.847],[-23.611,64.746],[-23.675,64.659],[-23.508,64.559],[-22.554,64.625],[-22.279,64.619],[-22.086,64.44],[-21.857,64.383],[-21.488,64.376],[-21.804,64.11],[-22.311,63.952],[-22.507,63.866],[-22.373,63.773],[-21.548,63.718],[-21.079,63.711],[-20.88,63.74],[-20.404,63.698],[-19.827,63.478],[-19.553,63.415],[-18.961,63.337],[-18.642,63.324],[-18.157,63.367],[-17.944,63.425],[-17.591,63.689],[-17.244,63.733],[-16.918,63.733],[-16.534,63.784],[-15.634,64.057],[-15.267,64.28],[-15.077,64.209],[-14.821,64.195],[-14.598,64.267],[-14.366,64.476],[-14.348,64.67],[-14.26,64.713],[-13.893,64.721],[-13.694,64.779],[-13.557,65.009],[-13.526,65.183],[-13.647,65.495],[-14.4,65.567],[-14.754,65.697],[-14.641,65.945],[-14.763,66.055],[-15.071,66.061],[-15.574,66.207],[-15.86,66.419],[-16.385,66.454],[-16.376,66.132],[-16.568,66.029],[-16.922,65.978],[-17.57,66.013],[-18.022,66.078],[-17.861,65.837],[-17.884,65.757],[-18.128,65.786],[-18.369,65.895],[-18.676,66.091],[-19.165,66.003],[-19.275,65.929],[-19.156,65.725],[-19.336,65.674],[-19.556,65.768],[-19.973,66.111],[-20.217,66.001],[-20.141,65.651],[-20.168,65.556],[-20.831,65.366],[-21.08,65.205],[-21.495,65.568],[-21.296,65.699],[-21.242,65.882],[-21.443,66.13],[-21.779,66.254],[-22.21,66.29],[-22.676,66.391],[-22.841,66.281],[-22.56,66.113],[-22.474,65.996],[-22.609,65.923],[-22.911,65.944],[-23.341,66.134],[-23.466,66.133],[-23.608,65.98],[-23.267,65.725],[-23.571,65.681],[-23.973,65.687],[-24.219,65.534]]]},"properties":{"NAME":"Iceland","SUBJECTO":"Iceland","PARTOF":"Iceland","BORDERPRECISION":3}},
{"type":"Feature","geometry":{"type":"Polygon","coordinates":[[[2.522,51.091],[2.616,50.89],[2.755,50.739],[2.875,50.682],[3.123,50.807],[3.283,50.524],[3.37,50.465],[3.603,50.47],[3.675,50.334],[4.051,50.318],[4.22,50.242],[4.148,50.134],[4.156,49.966],[4.285,49.911],[4.668,49.96],[4.755,50.101],[4.865,50.134],[4.812,49.966],[4.877,49.885],[4.86,49.782],[5.098,49.761],[5.418,49.583],[5.475,49.48],[5.788,49.559],[5.824,49.507],[5.884,49.664],[5.745,49.755],[5.738,49.902],[5.834,50.047],[6.007,50.15],[6.109,50.117],[6.298,50.287],[6.281,50.498],[6.155,50.662],[6,50.742],[5.697,50.731],[5.697,50.883],[5.774,50.926],[5.824,51.117],[5.484,51.286],[5.244,51.237],[5.113,51.405],[4.932,51.378],[4.791,51.487],[4.671,51.405],[4.395,51.411],[4.407,51.34],[4.173,51.325],[3.775,51.388],[3.681,51.321],[3.472,51.314],[3.214,51.354],[2.995,51.313],[2.522,51.091]]]},"properties":{"NAME":"Belgium","SUBJECTO":"Belgium","PARTOF":"Belgium","BORDERPRECISION":3}},
{"type":"Feature","geometry":{"type":"MultiPolygon","coordinates":[[[[-14.51,28.05],[-13.881,28.199],[-13.784,28.879],[-13.421,29.091],[-13.518,29.428],[-13.808,29.049],[-14.147,28.391],[-14.51,28.05]]],[[[-15.574,28.178],[-15.913,27.901],[-15.574,27.729],[-15.211,27.901],[-15.405,28.199],[-15.574,28.178]]],[[[-17.291,28.285],[-17.34,28.029],[-16.638,28.05],[-16.227,28.37],[-16.082,28.54],[-16.88,28.327],[-17.291,28.285]]],[[[-8.806,41.889],[-8.157,42.087],[-7.919,41.889],[-7.098,41.868],[-6.86,41.985],[-6.709,41.96],[-6.518,41.749],[-6.139,41.526],[-6.112,41.417],[-6.241,41.32],[-6.797,41.093],[-6.857,40.862],[-6.825,40.657],[-6.884,40.214],[-6.859,39.792],[-6.878,39.702],[-7.084,39.599],[-7.301,39.579],[-7.431,39.521],[-7.211,39.298],[-6.933,38.961],[-7.089,38.795],[-7.317,38.5],[-7.394,38.295],[-7.028,38.24],[-6.845,38.1],[-7.243,37.811],[-7.351,37.644],[-7.492,37.208],[-7.228,37.226],[-6.948,37.149],[-6.632,37.022],[-6.422,36.792],[-6.5,36.719],[-6.444,36.623],[-6.289,36.572],[-6.305,36.454],[-6.204,36.282],[-5.85,36.072],[-5.661,36.008],[-5.485,36.065],[-5.488,36.174],[-5.424,36.072],[-5.374,36.237],[-5.217,36.41],[-4.757,36.486],[-4.447,36.722],[-2.97,36.741],[-2.915,36.69],[-2.761,36.69],[-2.624,36.811],[-2.355,36.824],[-2.239,36.728],[-1.94,36.952],[-1.817,37.292],[-1.626,37.439],[-1.365,37.548],[-0.918,37.57],[-0.803,37.615],[-0.872,37.76],[-0.665,38.177],[-0.564,38.215],[-0.435,38.43],[0.173,38.738],[0.126,38.821],[-0.166,38.954],[-0.236,39.062],[-0.395,39.434],[-0.161,39.886],[0.238,40.24],[0.505,40.593],[0.788,40.657],[0.827,40.727],[0.71,40.785],[0.734,40.875],[0.879,41.022],[1.311,41.157],[2.081,41.298],[2.201,41.446],[2.628,41.62],[3.129,41.857],[3.157,42.076],[3.086,42.121],[3.087,42.369],[2.937,42.41],[2.599,42.348],[2.582,42.287],[2.363,42.293],[2.171,42.382],[1.994,42.307],[1.876,42.314],[1.86,42.382],[1.709,42.423],[1.448,42.375],[1.364,42.41],[1.307,42.635],[0.744,42.772],[0.584,42.772],[0.592,42.628],[0.348,42.635],[0.196,42.608],[0.18,42.663],[-0.166,42.649],[-0.216,42.717],[-0.41,42.786],[-0.612,42.731],[-0.84,42.909],[-0.907,42.881],[-1.397,43.032],[-1.448,42.984],[-1.558,43.045],[-1.466,43.155],[-1.491,43.21],[-1.702,43.196],[-1.915,43.305],[-2.066,43.333],[-2.367,43.326],[-2.768,43.538],[-3.007,43.55],[-3.196,43.447],[-3.417,43.376],[-3.848,43.439],[-4.802,43.469],[-5.225,43.507],[-5.537,43.577],[-5.82,43.706],[-5.98,43.705],[-6.468,43.563],[-6.808,43.523],[-7.151,43.555],[-7.636,43.721],[-7.98,43.74],[-8.22,43.617],[-8.251,43.43],[-8.31,43.353],[-8.849,43.326],[-9.014,43.281],[-9.197,43.158],[-9.271,43.049],[-9.247,42.901],[-9.173,42.856],[-8.942,42.824],[-8.644,42.42],[-8.799,42.195],[-8.86,42.015],[-8.806,41.889]]]]},"properties":{"NAME":"Spain","SUBJECTO":"Spain","PARTOF":"Spain","BORDERPRECISION":3}},
{"type":"Feature","geometry":{"type":"Polygon","coordinates":[[[-7.492,37.208],[-7.351,37.644],[-7.243,37.811],[-6.845,38.1],[-7.028,38.24],[-7.394,38.295],[-7.317,38.5],[-7.089,38.795],[-6.933,38.961],[-7.211,39.298],[-7.431,39.521],[-7.301,39.579],[-7.084,39.599],[-6.878,39.702],[-6.859,39.792],[-6.884,40.214],[-6.825,40.657],[-6.857,40.862],[-6.797,41.093],[-6.241,41.32],[-6.112,41.417],[-6.139,41.526],[-6.518,41.749],[-6.709,41.96],[-6.86,41.985],[-7.098,41.868],[-7.919,41.889],[-8.157,42.087],[-8.806,41.889],[-8.921,41.767],[-8.855,41.597],[-8.852,41.408],[-8.694,40.992],[-8.97,40.19],[-8.916,40.138],[-9.118,39.644],[-9.299,39.418],[-9.415,39.367],[-9.398,39.23],[-9.46,38.953],[-9.549,38.775],[-9.522,38.69],[-9.362,38.671],[-9.176,38.732],[-9.041,38.92],[-8.942,38.742],[-9.069,38.643],[-9.285,38.619],[-9.237,38.417],[-8.854,38.5],[-8.789,38.436],[-8.847,38.385],[-8.823,38.206],[-8.933,37.962],[-8.851,37.91],[-8.842,37.525],[-9.017,37.07],[-8.991,36.99],[-8.667,37.121],[-8.541,37.089],[-8.28,37.089],[-8.034,37.009],[-7.836,37.032],[-7.492,37.208]]]},"properties":{"NAME":"Portugal","SUBJECTO":"Portugal","PARTOF":"Portugal","BORDERPRECISION":3}},
{"type":"Feature","geometry":{"type":"Polygon","coordinates":[[[61.221,35.582],[61.156,35.473],[61.008,34.957],[60.787,34.385],[60.687,34.251],[60.419,34.078],[60.466,33.716],[60.509,33.672],[60.841,33.566],[60.853,33.484],[60.555,33.063],[60.54,32.993],[60.654,32.505],[60.729,31.928],[60.794,31.579],[60.88,31.484],[61.513,31.342],[61.694,31.267],[61.758,31.102],[61.779,30.905],[61.588,30.656],[61.204,30.299],[60.82,29.833],[61.22,29.689],[61.503,29.602],[61.984,29.49],[62.369,29.385],[62.946,29.356],[63.48,29.455],[63.637,29.455],[64.089,29.395],[64.645,29.449],[65.611,29.613],[66.091,29.736],[66.202,29.807],[66.233,29.889],[66.277,30.296],[66.382,30.69],[66.467,30.843],[66.652,31.009],[66.921,31.207],[67.048,31.24],[67.337,31.222],[67.57,31.186],[67.684,31.224],[67.829,31.536],[67.992,31.658],[68.243,31.767],[68.496,31.756],[68.947,31.587],[69.053,31.626],[69.206,31.798],[69.278,32.382],[69.407,32.758],[69.508,32.949],[69.64,33.051],[69.827,33.103],[70.057,33.117],[70.199,33.168],[70.289,33.283],[70.249,33.48],[70.191,33.606],[69.87,33.941],[70.03,33.999],[70.478,33.944],[70.792,33.927],[71.023,34.023],[71.154,34.138],[71.139,34.278],[71.038,34.493],[71.097,34.62],[71.277,34.774],[71.513,34.934],[71.659,35.125],[71.569,35.34],[71.623,35.557],[71.518,35.634],[71.514,35.786],[71.329,35.908],[71.325,36.052],[71.65,36.334],[71.76,36.323],[72.134,36.586],[72.373,36.718],[72.89,36.786],[73.495,36.791],[73.786,36.727],[73.938,36.807],[74.088,36.805],[74.293,36.939],[74.454,36.941],[74.521,37.005],[74.393,37.049],[74.388,37.17],[74.647,37.144],[74.733,37.209],[74.479,37.278],[74.256,37.302],[74.137,37.37],[73.883,37.268],[73.445,37.202],[73.441,37.307],[73.352,37.342],[73.047,37.328],[72.714,37.186],[72.448,36.968],[72.183,36.939],[71.848,36.716],[71.524,36.714],[71.467,36.752],[71.303,37.17],[71.387,37.37],[71.444,37.834],[71.367,37.918],[71.149,37.876],[71.22,38.145],[70.961,38.347],[70.719,38.365],[70.59,38.292],[70.53,38.129],[70.334,37.936],[70.315,37.63],[70.221,37.528],[70.022,37.457],[69.698,37.531],[69.567,37.505],[69.537,37.282],[69.308,37.084],[69.136,37.076],[68.853,37.183],[68.707,37.182],[68.445,37.053],[68.184,36.899],[67.965,36.834],[67.856,36.853],[67.622,37.157],[67.515,37.214],[66.677,37.241],[65.979,37.358],[65.725,37.49],[65.524,37.33],[65.337,37.24],[64.826,37.148],[64.632,36.784],[64.541,36.338],[64.494,36.281],[64.266,36.171],[63.372,35.861],[63.117,35.789],[63.063,35.7],[63.063,35.49],[62.964,35.401],[62.678,35.265],[62.437,35.251],[62.179,35.288],[61.73,35.445],[61.308,35.531],[61.221,35.582]]]},"properties":{"NAME":"Afghanistan","SUBJECTO":"Afghanistan","PARTOF":"Afghanistan","BORDERPRECISION":3}},
{"type":"Feature","geometry":{"type":"Polygon","coordinates":[[[-88.941,15.905],[-88.941,16.033],[-88.766,16.141],[-88.742,16.269],[-88.58,16.284],[-88.445,16.441],[-88.283,16.835],[-88.242,17.014],[-88.327,17.157],[-88.22,17.514],[-88.3,17.635],[-88.112,18.194],[-88.124,18.387],[-88.399,18.309],[-88.32,18.494],[-88.517,18.487],[-88.597,18.286],[-88.867,17.901],[-89.04,18.022],[-89.166,17.979],[-89.154,17.831],[-89.251,15.897],[-88.941,15.905]]]},"properties":{"NAME":"Belize","SUBJECTO":"Belize","PARTOF":"Belize","BORDERPRECISION":3}},
{"type":"Feature","geometry":{"type":"Polygon","coordinates":[[[-92.155,14.543],[-91.925,14.354],[-91.516,14.059],[-91.242,13.952],[-90,13.937],[-90,13.873],[-89.876,14.08],[-89.777,14.073],[-89.694,14.209],[-89.536,14.259],[-89.61,14.331],[-89.59,14.445],[-89.38,14.467],[-89.183,14.603],[-89.256,14.874],[-89.176,15.096],[-88.952,15.204],[-88.274,15.747],[-88.48,15.912],[-88.631,15.983],[-88.601,15.812],[-88.664,15.726],[-88.804,15.862],[-88.941,15.905],[-89.251,15.897],[-89.154,17.831],[-90,17.834],[-91.01,17.836],[-91.028,17.278],[-91.477,17.264],[-91.299,17.164],[-91.076,16.92],[-90,16.816],[-90,16.098],[-91.283,16.101],[-91.759,16.098],[-92.244,15.282],[-92.107,15.103],[-92.2,14.996],[-92.155,14.543]]]},"properties":{"NAME":"Guatemala","SUBJECTO":"Guatemala","PARTOF":"Guatemala","BORDERPRECISION":3}},
{"type":"Feature","geometry":{"type":"Polygon","coordinates":[[[-83.417,15.001],[-83.527,15.237],[-83.778,15.268],[-84.132,15.375],[-84.234,15.502],[-84.188,15.604],[-84.171,15.763],[-84.425,15.877],[-84.65,15.933],[-84.934,15.933],[-85.277,15.888],[-85.632,15.874],[-85.887,15.994],[-86.058,15.905],[-86.372,15.803],[-87.021,15.82],[-87.571,15.908],[-87.858,15.882],[-88.133,15.761],[-88.274,15.747],[-88.952,15.204],[-89.176,15.096],[-89.256,14.874],[-89.183,14.603],[-89.38,14.467],[-89.076,14.39],[-88.982,14.202],[-88.799,14.166],[-88.544,14.009],[-88.514,13.887],[-88.35,13.88],[-88.155,14.033],[-87.912,13.909],[-87.79,13.909],[-87.732,13.83],[-87.771,13.501],[-87.556,13.366],[-87.404,13.03],[-86.954,13.086],[-86.823,13.151],[-86.692,13.336],[-86.689,13.768],[-86.292,13.783],[-86.061,14.045],[-85.735,13.857],[-85.192,14.305],[-84.966,14.663],[-84.834,14.771],[-84.717,14.766],[-84.569,14.684],[-84.361,14.641],[-84.059,14.782],[-83.417,15.001]]]},"properties":{"NAME":"Honduras","SUBJECTO":"Honduras","PARTOF":"Honduras","BORDERPRECISION":3}},
{"type":"Feature","geometry":{"type":"Polygon","coordinates":[[[-90,13.873],[-89.989,13.678],[-89.402,13.482],[-88.638,13.255],[-88.255,13.192],[-87.949,13.172],[-87.842,13.322],[-87.846,13.441],[-87.771,13.501],[-87.732,13.83],[-87.79,13.909],[-87.912,13.909],[-88.155,14.033],[-88.35,13.88],[-88.514,13.887],[-88.544,14.009],[-88.799,14.166],[-88.982,14.202],[-89.076,14.39],[-89.38,14.467],[-89.59,14.445],[-89.61,14.331],[-89.536,14.259],[-89.694,14.209],[-89.777,14.073],[-89.876,14.08],[-90,13.873]]]},"properties":{"NAME":"El Salvador","SUBJECTO":"El Salvador","PARTOF":"El Salvador","BORDERPRECISION":3}},
{"type":"Feature","geometry":{"type":"MultiPolygon","coordinates":[[[[100.159,6.34],[100.139,6.177],[100.224,5.853],[100.38,5.021],[100.559,4.736],[100.608,4.552],[100.577,4.202],[100.664,3.904],[101.067,3.536],[101.264,3.225],[101.336,2.781],[101.434,2.666],[101.893,2.337],[102.717,1.881],[103.115,1.609],[103.349,1.412],[103.428,1.381],[103.608,1.445],[104.011,1.42],[104.176,1.389],[103.83,2.17],[103.678,2.411],[103.44,2.633],[103.351,2.804],[103.308,3.026],[103.339,3.312],[103.308,3.795],[103.368,4.183],[103.379,4.545],[103.342,4.805],[103.114,5.148],[102.802,5.56],[102.325,6.099],[102.074,6.154],[102.035,6.002],[101.812,5.845],[101.763,5.586],[101.473,5.546],[101.451,5.761],[101.312,5.835],[101.186,5.709],[101.076,5.531],[100.984,5.569],[100.931,5.677],[101.027,5.856],[100.984,6.052],[100.867,6.159],[100.665,6.212],[100.617,6.422],[100.36,6.417],[100.159,6.34]]],[[[114.074,4.455],[113.913,4.358],[113.815,4.263],[113.423,3.76],[113.188,3.615],[112.952,3.155],[112.759,3.009],[112.301,2.874],[111.635,2.72],[111.372,2.599],[111.134,2.033],[110.97,1.759],[110.893,1.511],[111.12,1.27],[110.968,1.226],[110.818,1.244],[110.475,1.441],[110.289,1.516],[109.902,1.554],[109.723,1.617],[109.518,1.821],[109.648,1.464],[109.761,1.331],[110.211,0.889],[110.348,0.852],[110.549,0.726],[110.966,0.913],[111.081,0.913],[111.318,0.813],[111.562,0.764],[111.742,0.841],[111.98,0.995],[112.161,1.231],[112.4,1.43],[112.616,1.463],[112.809,1.413],[113.296,1.2],[113.547,1.132],[113.677,1.145],[113.887,1.305],[114.096,1.383],[114.485,1.461],[114.659,1.596],[115.076,2.399],[115.042,2.736],[115.14,2.889],[115.431,2.999],[115.53,3.171],[115.482,3.615],[115.536,3.87],[115.707,4.157],[115.818,4.227],[116.027,4.235],[116.657,4.162],[116.938,4.17],[117.138,4.153],[117.559,3.981],[117.589,4.048],[118.112,4.145],[118.319,4.234],[118.391,4.374],[117.992,4.685],[117.948,4.799],[118.108,4.939],[118.416,4.902],[118.683,4.915],[118.881,4.979],[118.971,5.049],[119.043,5.17],[118.998,5.278],[118.843,5.341],[118.377,5.639],[118.256,5.664],[118.095,5.625],[117.762,5.58],[117.918,5.803],[117.867,5.904],[117.37,5.789],[117.354,5.878],[117.541,6.24],[117.507,6.393],[117.326,6.488],[117.168,6.614],[117.031,6.837],[116.889,6.646],[116.741,6.69],[116.596,6.899],[116.338,6.358],[116.099,6.097],[115.971,5.881],[115.787,5.74],[115.717,5.468],[115.488,5.486],[115.292,5.454],[115.203,5.276],[115.418,5.111],[115.434,5.003],[115.361,4.876],[115.121,4.831],[115.037,4.895],[114.962,4.877],[115.078,4.598],[115.061,4.437],[115.161,4.309],[114.606,4.121],[114.434,3.998],[114.295,4.121],[114.245,4.237],[114.139,4.232],[114.074,4.455]]]]},"properties":{"NAME":"Malaya","SUBJECTO":"Malaya","PARTOF":"Malaya","BORDERPRECISION":3}},
{"type":"Feature","geometry":{"type":"Polygon","coordinates":[[[-56.71,1.891],[-56.53,1.873],[-56.031,1.749],[-55.794,1.725],[-56.069,2.181],[-55.901,2.398],[-55.612,2.343],[-55.424,2.281],[-55.245,2.307],[-55.004,2.48],[-54.861,2.481],[-54.388,2.261],[-54.168,2.695],[-53.977,3.357],[-53.99,3.554],[-54.225,3.934],[-54.264,4.233],[-54.366,4.69],[-54.304,4.957],[-54.128,5.295],[-53.837,5.689],[-54.286,5.882],[-54.57,5.964],[-54.895,5.995],[-55.283,5.981],[-55.81,5.999],[-55.873,5.961],[-55.911,5.776],[-56.12,5.795],[-56.746,6.003],[-56.918,5.978],[-57.065,5.837],[-57.072,5.685],[-57.136,5.462],[-57.173,5.074],[-57.255,4.952],[-57.764,4.911],[-57.84,4.835],[-57.805,4.485],[-57.848,4.275],[-57.995,3.963],[-57.738,3.589],[-57.499,3.285],[-57.246,3.255],[-57.163,3.122],[-57.053,2.748],[-56.832,2.24],[-56.683,1.987],[-56.71,1.891]]]},"properties":{"NAME":"Dutch Guiana","SUBJECTO":"Dutch Guiana","PARTOF":"Dutch Guiana","BORDERPRECISION":3}},
{"type":"Feature","geometry":{"type":"Polygon","coordinates":[[[-51.623,4.216],[-51.71,4.228],[-51.853,4.438],[-52.098,4.692],[-52.667,5.18],[-53.027,5.427],[-53.274,5.515],[-53.739,5.648],[-53.837,5.689],[-54.128,5.295],[-54.304,4.957],[-54.366,4.69],[-54.264,4.233],[-54.225,3.934],[-53.99,3.554],[-53.977,3.357],[-54.168,2.695],[-54.388,2.261],[-54.096,2.034],[-53.995,2.003],[-53.598,2.279],[-53.098,2.104],[-52.846,2.092],[-52.712,2.189],[-52.503,2.495],[-52.305,2.941],[-52.113,3.286],[-51.617,4.026],[-51.623,4.216]]]},"properties":{"NAME":"French Guiana","SUBJECTO":"French Guiana","PARTOF":"French Guiana","BORDERPRECISION":3}},
{"type":"Feature","geometry":{"type":"MultiPolygon","coordinates":[[[[149.554,-6.406],[149.917,-6.354],[150.276,-6.341],[150.494,-6.277],[150.932,-6.085],[151.056,-6.015],[151.239,-5.792],[151.28,-5.671],[151.467,-5.671],[151.802,-5.708],[151.92,-5.657],[152.059,-5.498],[151.862,-5.282],[151.835,-5.206],[151.907,-5.104],[152.136,-5.085],[152.268,-4.779],[152.233,-4.621],[152.09,-4.36],[151.944,-4.52],[151.762,-4.495],[151.539,-4.406],[151.588,-4.902],[151.57,-5.029],[151.452,-5.086],[151.157,-5.1],[151.049,-5.195],[150.887,-5.52],[150.722,-5.622],[150.289,-5.712],[150.181,-5.706],[150.052,-5.623],[149.869,-5.401],[149.764,-5.63],[149.648,-5.713],[149.413,-5.739],[149.079,-5.702],[148.836,-5.645],[148.507,-5.671],[148.377,-5.659],[148.306,-5.773],[148.416,-5.881],[148.712,-5.988],[148.842,-6.071],[149.021,-6.242],[149.209,-6.153],[149.379,-6.209],[149.554,-6.406]]],[[[140.948,-9.274],[141.496,-9.315],[142.307,-9.333],[142.607,-9.377],[142.813,-9.281],[143.146,-9.089],[143.331,-9],[143.233,-8.822],[143.051,-8.67],[142.753,-8.512],[142.464,-8.436],[142.249,-8.31],[142.464,-8.296],[142.97,-8.378],[143.437,-8.358],[143.489,-8.307],[143.356,-8.129],[143.496,-8.084],[143.667,-8.141],[143.78,-8.109],[143.792,-8.014],[143.665,-7.671],[144.016,-7.874],[144.193,-7.841],[144.38,-7.758],[144.627,-7.783],[144.929,-7.922],[145.615,-8.073],[145.82,-8.098],[146.096,-8.466],[146.646,-9.279],[146.858,-9.431],[147.185,-9.57],[147.293,-9.691],[147.393,-9.926],[147.615,-10.084],[147.874,-10.179],[148.222,-10.191],[148.561,-10.184],[148.85,-10.24],[149.329,-10.36],[149.783,-10.41],[149.84,-10.454],[149.906,-10.664],[150.002,-10.734],[150.495,-10.739],[150.523,-10.637],[150.418,-10.294],[150.176,-10.161],[149.696,-10.035],[149.567,-9.927],[149.859,-9.831],[149.83,-9.711],[149.546,-9.635],[149.357,-9.616],[149.176,-9.553],[149.078,-9.458],[149.237,-9.21],[149.198,-9.121],[149.045,-9.115],[148.589,-9.16],[148.459,-9.097],[148.133,-8.627],[148.035,-8.246],[147.376,-7.796],[147.151,-7.562],[146.886,-7.117],[146.865,-6.965],[146.909,-6.895],[147.162,-6.824],[147.664,-6.791],[147.739,-6.74],[147.644,-6.48],[147.376,-6.125],[147.053,-6.043],[146.893,-6.03],[146.045,-5.676],[145.745,-5.626],[145.608,-5.525],[145.593,-5.423],[145.728,-4.997],[145.377,-4.674],[144.783,-4.338],[144.659,-4.224],[144.543,-3.995],[144.372,-4.021],[144.103,-3.984],[143.827,-3.838],[143.446,-3.61],[142.881,-3.44],[142.413,-3.307],[142.031,-3.156],[140.87,-2.795],[140.945,-6.379],[140.747,-6.749],[140.941,-7.365],[140.962,-7.727],[140.948,-9.274]]]]},"properties":{"NAME":"Papua New Guinea","SUBJECTO":"Papua New Guinea","PARTOF":"Papua New Guinea","BORDERPRECISION":3}},
{"type":"Feature","geometry":{"type":"Polygon","coordinates":[[[128.824,-24.935],[128.722,-31.917],[128.91,-31.856],[129.185,-31.798],[129.979,-31.771],[130.28,-31.77],[130.857,-31.731],[131.182,-31.635],[131.28,-31.635],[131.694,-31.831],[131.993,-32.066],[132.182,-32.148],[132.377,-32.161],[132.574,-32.084],[132.698,-32.09],[133.125,-32.337],[133.344,-32.368],[133.718,-32.298],[133.837,-32.342],[134.081,-32.564],[134.237,-32.742],[134.258,-32.875],[134.108,-33.028],[134.208,-33.257],[134.314,-33.302],[134.631,-33.269],[134.71,-33.364],[134.844,-33.695],[135.153,-34.05],[135.357,-34.457],[135.528,-35.055],[135.712,-35.207],[135.944,-34.844],[136.106,-34.532],[136.4,-34.277],[136.731,-34.06],[137.067,-33.951],[137.193,-33.805],[137.279,-33.594],[137.457,-33.314],[137.69,-33.18],[137.82,-33.065],[137.868,-32.747],[138.166,-33.192],[138.189,-33.294],[138.091,-33.453],[137.913,-33.517],[137.864,-33.879],[137.716,-34.083],[137.512,-34.459],[137.559,-34.911],[137.502,-35.025],[137.393,-35.089],[137.108,-35.071],[137.036,-35.294],[136.947,-35.473],[137.15,-35.453],[137.239,-35.383],[137.598,-35.382],[137.683,-35.331],[137.883,-34.687],[138.101,-34.356],[138.213,-34.515],[138.568,-34.928],[138.535,-35.297],[138.43,-35.552],[138.197,-35.757],[138.352,-35.865],[138.774,-35.788],[139.127,-35.608],[139.368,-35.614],[139.381,-35.806],[139.444,-36.041],[139.743,-36.372],[139.826,-36.595],[139.863,-36.78],[139.823,-37.246],[140.012,-37.642],[140.249,-37.794],[140.652,-38.164],[141.056,-38.377],[141.019,-33.998],[140.976,-28.859],[140.951,-25.869],[137.878,-25.919],[137.899,-24.935],[128.824,-24.935]]]},"properties":{"NAME":"South Australia (UK)","SUBJECTO":"United Kingdom of Great Britain and Ireland","PARTOF":"United Kingdom of Great Britain and Ireland","BORDERPRECISION":3}},
{"type":"Feature","geometry":{"type":"Polygon","coordinates":[[[-58.34,-34.216],[-58.18,-34.288],[-57.934,-34.541],[-57.787,-34.598],[-57.348,-34.508],[-57.006,-34.578],[-56.719,-34.691],[-56.338,-34.995],[-56.167,-35.014],[-55.879,-34.887],[-55.631,-34.835],[-55.383,-34.816],[-54.99,-34.967],[-54.622,-34.922],[-54.423,-34.852],[-54.074,-34.648],[-53.793,-34.4],[-53.406,-33.879],[-53.567,-33.403],[-53.521,-33.282],[-53.236,-32.937],[-53.228,-32.816],[-53.378,-32.646],[-53.451,-32.634],[-53.894,-32.046],[-54.107,-31.85],[-54.557,-31.586],[-55.082,-31.411],[-55.276,-31.152],[-55.441,-30.975],[-55.753,-31.167],[-55.874,-31.174],[-55.979,-31.003],[-56.244,-30.637],[-56.415,-30.453],[-56.627,-30.29],[-56.746,-30.246],[-56.859,-30.291],[-57.328,-30.402],[-57.576,-30.403],[-57.775,-30.639],[-57.805,-30.842],[-58.072,-31.904],[-58.118,-32.139],[-58.096,-32.52],[-58.021,-32.964],[-58.074,-33.111],[-58.29,-33.347],[-58.398,-33.569],[-58.403,-33.804],[-58.315,-34.064],[-58.34,-34.216]]]},"properties":{"NAME":"Uruguay","SUBJECTO":"Uruguay","PARTOF":"Uruguay","BORDERPRECISION":3}},
{"type":"Feature","geometry":{"type":"Polygon","coordinates":[[[7.16,53.164],[7.043,53.164],[7.009,53.245],[6.861,53.266],[6.751,53.39],[6.261,53.322],[5.966,53.335],[5.39,53.139],[5.332,53.011],[5.326,52.79],[5.653,52.75],[5.547,52.679],[5.611,52.532],[5.817,52.521],[5.757,52.334],[5.574,52.283],[5.473,52.177],[4.95,52.278],[5.036,52.334],[5.006,52.557],[5.108,52.532],[5.235,52.623],[5.173,52.743],[5.008,52.856],[4.719,52.802],[4.641,52.756],[4.387,52.23],[4.264,52.071],[3.878,51.792],[3.52,51.579],[3.743,51.46],[3.775,51.388],[4.173,51.325],[4.407,51.34],[4.395,51.411],[4.671,51.405],[4.791,51.487],[4.932,51.378],[5.113,51.405],[5.244,51.237],[5.484,51.286],[5.824,51.117],[5.774,50.926],[5.697,50.883],[5.697,50.731],[6,50.742],[6.074,50.867],[5.964,51.024],[6.176,51.144],[6.089,51.198],[6.222,51.389],[6.117,51.64],[5.948,51.722],[5.979,51.804],[6.211,51.88],[6.381,51.82],[6.68,51.888],[6.825,51.956],[6.882,52.126],[7.068,52.219],[7.069,52.366],[6.997,52.443],[6.912,52.416],[6.714,52.476],[6.778,52.64],[7.035,52.624],[7.073,52.804],[7.228,52.967],[7.16,53.164]]]},"properties":{"NAME":"Netherlands","SUBJECTO":"Netherlands","PARTOF":"Netherlands","BORDERPRECISION":3}},
{"type":"Feature","geometry":{"type":"Polygon","coordinates":[[[88.197,27.876],[87.902,27.947],[87.75,27.821],[87.597,27.873],[87.214,27.843],[87.071,28.007],[86.787,28.133],[86.604,28.133],[86.568,27.985],[86.446,27.947],[86.138,28.119],[86.142,27.955],[86.036,27.91],[85.972,28.119],[85.729,28.342],[85.565,28.312],[85.144,28.342],[85.138,28.461],[85.217,28.639],[85.07,28.647],[84.92,28.535],[84.267,28.937],[84.298,29.064],[84.219,29.235],[84.088,29.309],[83.769,29.257],[83.698,29.183],[83.402,29.54],[83.197,29.666],[83.13,29.607],[82.918,29.703],[82.591,29.971],[82.201,30.09],[82.142,30.366],[81.656,30.455],[81.573,30.373],[81.449,30.403],[81.388,30.172],[81.264,30.031],[81.129,30.053],[81.021,30.247],[80.54,29.837],[80.413,29.785],[80.417,29.622],[80.317,29.502],[80.336,29.324],[80.197,29.145],[80.098,28.952],[80.116,28.84],[80.399,28.669],[80.609,28.706],[80.909,28.491],[81.225,28.424],[81.362,28.186],[81.921,27.881],[82.025,27.955],[82.488,27.687],[82.73,27.717],[82.812,27.538],[83.187,27.464],[83.324,27.375],[83.431,27.501],[83.657,27.501],[83.874,27.382],[84.136,27.538],[84.358,27.404],[84.648,27.375],[84.711,27.27],[84.666,27.07],[84.965,27.003],[85.093,26.876],[85.371,26.757],[85.634,26.883],[85.775,26.854],[85.76,26.705],[85.901,26.593],[86.071,26.697],[86.395,26.631],[86.777,26.467],[87.049,26.601],[87.17,26.437],[87.349,26.385],[87.51,26.445],[87.632,26.407],[87.941,26.467],[88.092,26.445],[88.232,26.757],[88.039,27.129],[88.071,27.523],[88.214,27.866],[88.197,27.876]]]},"properties":{"NAME":"Nepal","SUBJECTO":"Nepal","PARTOF":"Nepal","BORDERPRECISION":3}},
{"type":"Feature","geometry":{"type":"Polygon","coordinates":[[[114.074,4.455],[114.139,4.232],[114.245,4.237],[114.295,4.121],[114.434,3.998],[114.606,4.121],[115.161,4.309],[115.061,4.437],[115.078,4.598],[114.962,4.877],[114.823,4.895],[114.854,5.016],[114.745,4.984],[114.45,4.563],[114.167,4.511],[114.074,4.455]]]},"properties":{"NAME":"Brunei","SUBJECTO":"Brunei","PARTOF":"Brunei","BORDERPRECISION":3}},
{"type":"Feature","geometry":{"type":"MultiPolygon","coordinates":[[[[140.87,-2.795],[140.285,-2.613],[139.592,-2.379],[138.634,-1.955],[137.854,-1.614],[137.704,-1.633],[137.209,-1.908],[137.111,-1.984],[137.084,-2.251],[136.914,-2.315],[136.429,-2.411],[136.271,-2.418],[135.734,-3.252],[135.508,-3.449],[135.246,-3.539],[134.954,-3.463],[134.773,-3.305],[134.634,-2.822],[134.557,-2.708],[134.455,-3],[134.283,-2.855],[134.186,-2.62],[134.083,-2.181],[133.983,-2.01],[134.014,-1.838],[134.141,-1.501],[134.079,-1.323],[133.907,-1.006],[133.496,-0.937],[133.265,-0.861],[132.592,-0.57],[132.254,-0.527],[132.054,-0.654],[131.834,-0.826],[131.42,-1.011],[131.211,-1.025],[131.21,-1.292],[131.183,-1.406],[131.064,-1.54],[131.627,-1.596],[131.816,-1.665],[131.906,-1.817],[131.973,-2.116],[132.034,-2.205],[132.219,-2.344],[132.681,-2.381],[133.025,-2.362],[133.321,-2.38],[133.593,-2.348],[133.748,-2.258],[133.855,-2.245],[133.884,-2.43],[133.843,-2.665],[133.781,-2.722],[133.321,-2.742],[133.121,-2.597],[132.884,-2.781],[132.719,-2.934],[132.647,-2.947],[132.376,-2.84],[132.202,-2.802],[132.016,-2.821],[132.025,-3.018],[132.177,-3.043],[132.495,-3.221],[132.749,-3.398],[132.827,-3.506],[132.896,-3.696],[132.723,-3.818],[132.713,-3.888],[132.862,-4.192],[132.932,-4.268],[133.245,-4.109],[133.395,-3.988],[133.508,-3.714],[133.563,-3.415],[133.669,-3.237],[133.753,-3.186],[133.823,-3.288],[133.763,-3.51],[133.857,-3.771],[134.041,-3.948],[134.226,-4.037],[134.401,-4.068],[134.679,-4.023],[134.766,-4.036],[134.81,-4.156],[134.777,-4.309],[135.061,-4.454],[135.378,-4.562],[135.654,-4.593],[136.221,-4.763],[137.113,-5.035],[137.385,-5.123],[137.595,-5.25],[137.824,-5.427],[138.297,-6.189],[138.421,-6.481],[138.551,-6.652],[138.818,-6.836],[139.028,-7.02],[138.861,-7.09],[138.662,-7.04],[138.65,-7.141],[138.904,-7.491],[139.156,-7.725],[139.154,-7.852],[138.958,-8.145],[138.917,-8.317],[139.112,-8.323],[139.445,-8.258],[139.794,-8.213],[139.977,-8.238],[140.299,-8.644],[140.948,-9.274],[140.962,-7.727],[140.941,-7.365],[140.747,-6.749],[140.945,-6.379],[140.87,-2.795]]],[[[130.784,-3.879],[130.806,-3.765],[130.725,-3.485],[130.593,-3.307],[130.369,-3.13],[129.743,-2.979],[129.556,-2.986],[129.311,-3.132],[129.168,-3.139],[128.909,-3],[128.153,-2.97],[128.042,-3.059],[128.152,-3.262],[128.292,-3.465],[128.376,-3.547],[128.523,-3.464],[128.653,-3.343],[128.915,-3.254],[129.031,-3.413],[129.487,-3.596],[129.579,-3.583],[129.568,-3.38],[129.595,-3.335],[129.781,-3.322],[129.914,-3.385],[130.297,-3.677],[130.609,-3.848],[130.784,-3.879]]],[[[126.66,-3.875],[127.112,-3.722],[127.142,-3.62],[127.094,-3.518],[126.952,-3.43],[126.837,-3.29],[126.727,-3.233],[126.382,-3.253],[126.111,-3.298],[126.046,-3.425],[126.15,-3.628],[126.472,-3.85],[126.66,-3.875]]],[[[138.176,-8.554],[138.297,-8.541],[138.584,-8.228],[138.699,-8.152],[138.895,-7.783],[138.805,-7.675],[138.568,-7.523],[138.376,-7.555],[138.193,-7.676],[137.941,-7.995],[137.676,-8.459],[138.176,-8.554]]],[[[122.949,-8.377],[122.943,-8.241],[122.863,-8.141],[122.692,-8.094],[122.64,-8.183],[122.723,-8.172],[122.715,-8.293],[122.344,-8.482],[122.376,-8.582],[122.166,-8.634],[121.98,-8.55],[121.787,-8.583],[121.578,-8.589],[121.431,-8.723],[121.279,-8.717],[121.079,-8.571],[120.565,-8.388],[120.328,-8.395],[120.025,-8.485],[119.853,-8.574],[119.84,-8.682],[119.935,-8.936],[120.078,-8.917],[120.549,-8.935],[120.809,-9.023],[120.971,-9.055],[121.106,-9.029],[121.276,-8.914],[121.468,-8.965],[121.694,-8.996],[121.899,-8.849],[122.051,-8.868],[122.313,-8.744],[122.711,-8.598],[122.696,-8.493],[122.949,-8.377]]],[[[117.938,-8.54],[118.056,-8.608],[118.033,-8.692],[117.902,-8.697],[117.817,-8.814],[117.554,-8.739],[117.514,-8.613],[117.334,-8.567],[117.059,-8.561],[116.958,-8.529],[116.663,-8.702],[116.699,-8.816],[116.634,-8.933],[116.663,-9.059],[116.8,-9.146],[116.976,-9.178],[117.116,-9.122],[117.277,-9.145],[117.841,-8.954],[117.974,-8.975],[118.216,-8.739],[118.254,-8.765],[118.211,-8.886],[118.275,-8.927],[118.658,-8.856],[118.625,-8.786],[118.689,-8.76],[118.828,-8.786],[118.971,-8.881],[118.982,-8.702],[118.873,-8.671],[118.863,-8.481],[118.761,-8.379],[118.618,-8.392],[118.544,-8.529],[118.462,-8.596],[118.467,-8.393],[118.42,-8.325],[118.267,-8.277],[118.13,-8.343],[118.048,-8.298],[118.025,-8.203],[117.948,-8.162],[117.806,-8.178],[117.691,-8.267],[117.705,-8.439],[117.938,-8.54]]],[[[115.072,-8.781],[115.244,-8.59],[115.5,-8.469],[115.084,-8.235],[114.876,-8.248],[114.645,-8.331],[114.458,-8.331],[114.511,-8.452],[114.896,-8.655],[115.072,-8.781]]],[[[103.714,-0.017],[103.722,0.015],[103.463,0.288],[103.24,0.459],[103.047,0.528],[102.702,0.566],[102.472,0.623],[102.278,0.743],[102.136,0.94],[102.01,1.27],[101.868,1.435],[101.675,1.523],[101.474,1.548],[101.276,1.719],[101.06,2.081],[100.832,2.176],[100.801,2.068],[100.854,1.877],[100.732,1.871],[100.456,2.118],[100.121,2.543],[99.863,2.568],[99.858,2.904],[99.796,2.981],[99.491,3.126],[98.962,3.436],[98.625,3.658],[98.146,4.07],[98.199,4.311],[98.174,4.381],[97.943,4.521],[97.529,5.041],[97.384,5.18],[97.204,5.173],[96.999,5.109],[96.753,5.064],[96.602,5.077],[96.187,5.146],[96.025,5.215],[95.74,5.469],[95.464,5.57],[95.283,5.55],[95.191,5.41],[95.205,5.245],[95.308,4.96],[95.561,4.534],[95.828,4.224],[96.118,3.951],[96.394,3.647],[96.72,3.705],[96.886,3.514],[97.254,3.14],[97.428,2.925],[97.509,2.74],[97.543,2.41],[97.597,2.251],[97.983,2.112],[98.303,1.935],[98.601,1.707],[98.671,1.618],[98.719,1.479],[98.689,1.37],[98.999,0.558],[99.113,0.221],[99.401,0.088],[99.697,-0.152],[99.972,-0.501],[100.272,-0.971],[100.65,-1.631],[100.796,-2.025],[100.779,-2.177],[100.812,-2.336],[101.345,-3.015],[101.66,-3.319],[102.111,-3.604],[102.197,-3.757],[102.287,-3.979],[102.462,-4.182],[103.069,-4.613],[103.523,-4.999],[103.873,-5.342],[104.568,-6.071],[104.642,-5.976],[104.465,-5.639],[104.563,-5.601],[105.033,-5.879],[105.069,-5.759],[105.187,-5.542],[105.304,-5.58],[105.476,-5.815],[105.641,-5.929],[105.728,-5.827],[105.796,-5.35],[105.787,-4.931],[105.797,-4.734],[105.693,-4.308],[105.711,-4.105],[105.943,-3.215],[105.629,-2.91],[105.564,-2.713],[105.445,-2.599],[104.995,-2.467],[104.678,-2.671],[104.61,-2.576],[104.813,-2.156],[104.568,-2.137],[104.472,-2.08],[104.352,-1.89],[104.355,-1.706],[104.298,-1.363],[104.23,-1.191],[104.121,-1.141],[103.747,-1.116],[103.384,-0.894],[103.311,-0.818],[103.238,-0.659],[103.409,-0.5],[103.501,-0.316],[103.687,-0.118],[103.714,-0.017]]],[[[127.631,-0.017],[127.636,-0.308],[127.884,-0.638],[128.183,-0.93],[128.299,-1.025],[128.37,-0.929],[128.282,-0.802],[128.099,-0.606],[127.946,-0.326],[127.865,0.099],[127.901,0.296],[128.037,0.367],[128.203,0.348],[128.397,0.278],[128.706,0.209],[128.634,0.368],[128.642,0.431],[128.462,0.526],[128.19,0.627],[128.263,0.767],[128.473,0.927],[128.632,1.022],[128.585,1.27],[128.609,1.384],[128.545,1.448],[128.182,1.263],[128.102,1.199],[128.042,0.964],[127.802,0.716],[127.716,0.779],[127.689,0.925],[127.852,1.268],[127.963,1.447],[127.987,1.574],[127.918,1.732],[127.8,1.897],[127.569,1.528],[127.44,1.128],[127.424,0.982],[127.522,0.785],[127.441,0.537],[127.627,0.061],[127.631,-0.017]]],[[[106.553,-3.175],[106.471,-2.921],[106.523,-2.794],[106.643,-2.711],[106.329,-2.572],[106.037,-2.204],[105.896,-1.804],[105.863,-1.626],[105.722,-1.747],[105.656,-1.957],[105.427,-1.71],[105.321,-1.818],[105.2,-2.11],[105.252,-2.174],[105.453,-2.161],[105.583,-2.205],[105.812,-2.382],[105.882,-2.56],[105.902,-2.725],[105.995,-2.89],[106.164,-2.998],[106.553,-3.175]]],[[[105.185,-6.866],[105.89,-6.933],[106.118,-6.996],[106.366,-7.04],[106.547,-7.16],[106.345,-7.37],[106.32,-7.434],[106.484,-7.503],[107.207,-7.534],[107.368,-7.565],[107.73,-7.787],[108.16,-7.856],[108.361,-7.836],[108.61,-7.702],[109.037,-7.72],[109.544,-7.84],[110.038,-7.991],[110.415,-8.207],[110.778,-8.32],[112.093,-8.445],[112.414,-8.488],[112.571,-8.463],[112.836,-8.348],[113.074,-8.347],[113.475,-8.486],[113.744,-8.6],[114.105,-8.688],[114.329,-8.783],[114.069,-8.434],[114.138,-8.211],[114.252,-8.02],[114.231,-7.932],[113.948,-7.824],[113.761,-7.831],[113.559,-7.914],[113.263,-7.908],[113.073,-7.877],[112.678,-7.719],[112.625,-7.674],[112.501,-7.465],[112.537,-7.265],[112.275,-7.027],[111.917,-6.958],[111.33,-6.908],[111.045,-6.852],[110.915,-6.629],[110.815,-6.534],[110.613,-6.541],[110.492,-6.662],[110.396,-6.955],[110.243,-7.031],[110.027,-7.044],[109.382,-6.989],[109.161,-7.023],[108.953,-6.939],[108.556,-6.921],[108.475,-6.686],[108.309,-6.451],[108.173,-6.356],[107.97,-6.439],[107.769,-6.452],[107.677,-6.33],[107.525,-6.351],[107.34,-6.154],[107.061,-6.078],[106.945,-6.026],[106.935,-6.136],[106.864,-6.27],[106.628,-6.309],[106.521,-6.11],[106.308,-6.131],[106.024,-6.081],[105.933,-6.026],[105.891,-6.151],[105.792,-6.257],[105.811,-6.482],[105.672,-6.456],[105.633,-6.755],[105.467,-6.813],[105.286,-6.771],[105.144,-6.782],[105.185,-6.866]]],[[[123.492,-10.352],[123.708,-10.345],[123.956,-10.243],[124.154,-10.205],[124.448,-9.988],[124.939,-9.555],[125.212,-9.395],[125.532,-9.28],[126.148,-9.082],[126.873,-8.807],[127.141,-8.596],[127.044,-8.476],[126.653,-8.54],[126.409,-8.56],[126,-8.656],[125.29,-8.702],[125.08,-8.772],[124.918,-9.046],[124.62,-9.25],[123.969,-9.531],[123.665,-9.748],[123.615,-9.888],[123.604,-10.129],[123.492,-10.352]]],[[[120.28,-10.378],[120.414,-10.352],[120.525,-10.244],[120.581,-10.098],[120.462,-9.926],[119.946,-9.591],[119.789,-9.458],[119.563,-9.509],[119.116,-9.523],[118.949,-9.587],[118.9,-9.682],[119.032,-9.771],[119.41,-9.872],[119.77,-10.074],[120.182,-10.347],[120.28,-10.378]]],[[[117.559,3.981],[117.138,4.153],[116.938,4.17],[116.657,4.162],[116.027,4.235],[115.818,4.227],[115.707,4.157],[115.536,3.87],[115.482,3.615],[115.53,3.171],[115.431,2.999],[115.14,2.889],[115.042,2.736],[115.076,2.399],[114.659,1.596],[114.485,1.461],[114.096,1.383],[113.887,1.305],[113.677,1.145],[113.547,1.132],[113.296,1.2],[112.809,1.413],[112.616,1.463],[112.4,1.43],[112.161,1.231],[111.98,0.995],[111.742,0.841],[111.562,0.764],[111.318,0.813],[111.081,0.913],[110.966,0.913],[110.549,0.726],[110.348,0.852],[110.211,0.889],[109.761,1.331],[109.648,1.464],[109.518,1.821],[109.426,1.87],[109.282,1.883],[109.146,1.52],[108.956,1.259],[108.814,0.808],[108.87,0.541],[108.841,0.331],[108.999,0.198],[109.158,-0.075],[109.073,-0.405],[109.19,-0.539],[109.429,-0.71],[109.179,-0.869],[109.245,-0.932],[109.6,-1.122],[109.783,-1.306],[109.941,-1.643],[109.946,-1.859],[110.066,-2.494],[110.102,-3.079],[110.238,-3.066],[110.365,-2.995],[110.653,-2.988],[110.797,-3.172],[111.436,-2.974],[111.587,-2.796],[111.729,-3.259],[111.713,-3.399],[111.739,-3.647],[111.903,-3.615],[112.047,-3.456],[112.246,-3.398],[112.406,-3.449],[112.578,-3.423],[112.638,-3.334],[112.795,-2.971],[112.949,-3.041],[113.123,-3.244],[113.32,-3.294],[113.461,-3.383],[113.608,-3.611],[113.744,-3.598],[113.971,-3.363],[114.099,-3.35],[114.218,-3.432],[114.356,-3.603],[114.505,-3.965],[114.494,-4.156],[114.581,-4.295],[114.712,-4.206],[115.568,-3.804],[115.806,-3.536],[115.956,-3.199],[116.202,-2.9],[116.245,-2.703],[116.041,-2.443],[116.349,-2.417],[116.273,-2.283],[116.246,-2.106],[116.046,-1.934],[116.384,-1.66],[116.579,-1.368],[117.046,-0.935],[117.255,-1.004],[117.37,-1.004],[117.43,-0.622],[117.318,-0.14],[117.375,0.197],[117.534,0.611],[117.708,0.821],[117.86,0.866],[118.218,0.758],[118.556,0.746],[118.765,0.823],[118.517,1.166],[118.247,1.387],[117.913,1.59],[117.73,1.799],[117.696,1.901],[117.848,2.225],[117.829,2.314],[117.588,2.651],[117.342,3.025],[117.236,3.075],[117.139,3.171],[117.215,3.272],[117.163,3.406],[117.074,3.507],[117.58,3.565],[117.684,3.629],[117.541,3.94],[117.559,3.981]]],[[[119.692,-0.017],[119.578,-0.491],[119.597,-0.878],[119.396,-0.904],[119.244,-1.228],[119.205,-1.432],[119.247,-1.959],[119.175,-2.176],[118.964,-2.526],[118.743,-2.761],[118.684,-2.901],[118.796,-3.479],[118.791,-3.663],[119.05,-3.65],[119.226,-3.574],[119.365,-3.63],[119.461,-3.808],[119.448,-3.961],[119.504,-4.189],[119.446,-5.067],[119.295,-5.423],[119.367,-5.658],[119.477,-5.804],[119.691,-5.772],[119.922,-5.663],[120.248,-5.586],[120.124,-5.332],[120.133,-5.23],[120.302,-4.944],[120.307,-4.804],[120.143,-4.398],[120.25,-3.883],[120.28,-3.654],[120.216,-3.235],[120.144,-3.076],[120.367,-2.897],[120.593,-2.802],[120.925,-2.826],[120.999,-3.049],[120.946,-3.309],[120.818,-3.487],[120.802,-3.596],[120.881,-3.716],[121.068,-3.856],[121.508,-4.236],[121.416,-4.497],[121.393,-4.789],[121.441,-4.865],[121.649,-4.947],[121.873,-4.96],[121.974,-4.648],[122.159,-4.514],[122.452,-4.488],[122.648,-4.513],[122.669,-4.386],[122.641,-4.284],[122.391,-4.088],[122.19,-3.847],[122.144,-3.663],[122.258,-3.211],[121.874,-2.653],[121.664,-2.418],[121.36,-2.158],[121.265,-2.101],[121.267,-1.936],[121.586,-2.011],[121.65,-1.999],[121.746,-1.852],[122.223,-1.654],[122.42,-1.463],[122.594,-1.228],[122.757,-1.094],[123.002,-1.112],[123.213,-1.233],[123.25,-0.902],[123.191,-0.807],[122.981,-0.718],[122.86,-0.744],[122.739,-0.878],[122.159,-1.012],[121.995,-1.114],[121.772,-1.096],[121.634,-1.014],[121.461,-0.989],[121.168,-1.428],[121.055,-1.549],[120.688,-1.537],[120.587,-1.518],[120.507,-1.448],[120.407,-1.175],[120.109,-0.985],[120.022,-0.903],[119.904,-0.681],[119.873,-0.465],[119.957,-0.14],[120.143,0.191],[120.337,0.356],[120.524,0.401],[120.826,0.414],[121.085,0.377],[121.552,0.397],[121.948,0.379],[122.466,0.405],[122.983,0.375],[123.249,0.185],[123.472,0.153],[124.234,0.301],[124.421,0.479],[124.857,1.046],[124.983,1.3],[125.016,1.542],[124.982,1.65],[124.852,1.624],[124.72,1.44],[124.545,1.331],[124.457,1.204],[124.527,1.083],[124.432,0.956],[124.15,0.797],[123.826,0.739],[122.992,0.775],[122.733,0.673],[122.181,0.869],[121.792,0.849],[121.591,0.861],[121.263,1.102],[120.991,1.165],[120.767,1.139],[120.562,0.776],[120.432,0.636],[120.239,0.788],[120.109,0.724],[119.914,0.54],[119.692,-0.017]]]]},"properties":{"NAME":"Netherlands Indies","SUBJECTO":"Netherlands","PARTOF":"Netherlands","BORDERPRECISION":3}},
{"type":"Feature","geometry":{"type":"MultiPolygon","coordinates":[[[[-26.787,71.558],[-26.355,71.606],[-26.12,71.669],[-25.628,71.631],[-25.291,71.569],[-24.913,71.437],[-24.386,71.183],[-24.227,71.059],[-24.04,70.774],[-23.754,70.59],[-23.084,70.468],[-22.203,70.485],[-21.714,70.386],[-21.471,70.532],[-21.592,71.211],[-21.726,71.405],[-21.904,71.497],[-22.431,71.341],[-22.649,71.745],[-22.818,71.87],[-23.92,72.188],[-24.478,72.392],[-25.073,72.634],[-25.778,72.609],[-26.46,72.726],[-27.038,72.749],[-27.357,72.859],[-27.516,73.096],[-27.441,73.287],[-26.827,73.408],[-26.416,73.368],[-25.763,73.354],[-25.498,73.434],[-25.01,73.475],[-24.076,73.756],[-23.909,73.724],[-23.494,73.509],[-22.82,73.327],[-22.269,73.265],[-21.709,73.274],[-21.44,73.394],[-20.88,73.443],[-20.33,73.42],[-20.354,73.811],[-20.679,73.922],[-21.153,73.993],[-21.781,74.016],[-22.029,74.104],[-21.762,74.305],[-20.502,74.227],[-19.716,74.213],[-19.051,74.335],[-18.899,74.44],[-19.071,74.609],[-19.821,74.745],[-20.616,74.954],[-20.679,75.308],[-20.512,75.358],[-19.562,75.228],[-19.389,75.261],[-19.194,75.444],[-19.2,75.693],[-19.322,75.893],[-19.57,76.11],[-19.884,76.177],[-20.633,76.209],[-21.217,76.267],[-21.751,76.367],[-22.378,76.636],[-22.25,76.806],[-21.773,76.824],[-21.183,76.697],[-20.561,76.911],[-19.978,76.946],[-18.883,76.889],[-18.057,76.805],[-17.92,77.061],[-18.016,77.206],[-18.253,77.3],[-19.064,77.239],[-19.315,77.298],[-20.105,77.382],[-20.235,77.511],[-19.944,77.641],[-19.086,77.6],[-19.177,77.824],[-19.336,77.867],[-20.391,77.987],[-20.777,77.969],[-21.111,77.803],[-21.382,77.587],[-21.768,77.767],[-21.7,77.923],[-20.879,78.818],[-20.068,78.802],[-19.763,78.873],[-19.551,79.193],[-19.481,79.46],[-19.177,79.613],[-18.102,79.669],[-17.768,79.777],[-17.769,79.967],[-18.605,80.012],[-19.316,79.991],[-20.193,79.854],[-20.267,79.999],[-20.045,80.24],[-19.716,80.337],[-19.045,80.426],[-16.92,80.411],[-16.441,80.451],[-15.734,80.698],[-15.013,80.858],[-14.202,81.21],[-12.644,81.386],[-12.705,81.621],[-14.253,81.835],[-15.499,81.906],[-16.465,81.904],[-16.973,81.798],[-17.29,81.653],[-17.963,81.518],[-19.317,81.597],[-20.065,81.523],[-21.182,81.287],[-23.339,80.623],[-23.912,80.563],[-24.11,80.769],[-23.533,81.1],[-22.053,81.54],[-21.798,81.757],[-22.064,81.965],[-22.948,81.9],[-23.639,81.774],[-24.877,81.595],[-25.975,81.831],[-26.393,81.862],[-27.89,81.848],[-28.891,81.794],[-30.651,81.811],[-31.267,81.778],[-32.415,81.652],[-32.749,81.765],[-32.598,81.974],[-31.135,82.198],[-29.016,82.235],[-28.391,82.31],[-25.457,82.221],[-23.347,82.353],[-22.59,82.419],[-22.232,82.56],[-22.432,82.743],[-24.103,82.926],[-24.708,82.891],[-25.324,83],[-26.421,83.342],[-27.942,83.406],[-28.818,83.472],[-29.065,83.426],[-29.936,83.503],[-30.757,83.479],[-31.594,83.579],[-32.513,83.577],[-34.427,83.403],[-36.487,83.511],[-38.587,83.382],[-38.452,83.17],[-38.587,82.828],[-40.195,82.967],[-41.194,83.186],[-41.881,83.263],[-43.812,83.08],[-44.894,83.078],[-45.213,82.967],[-44.684,82.727],[-43.955,82.491],[-44.323,81.823],[-44.683,81.729],[-45.525,81.821],[-47.319,82.089],[-47.897,82.215],[-49.648,82.478],[-50.772,82.497],[-50.905,82.368],[-49.846,81.811],[-49.938,81.676],[-50.626,81.789],[-51.462,81.975],[-52.364,82.12],[-52.816,82.13],[-53.01,81.68],[-53.253,81.535],[-53.664,81.463],[-53.768,82.245],[-54.575,82.328],[-55.709,82.24],[-57.068,82.089],[-58.133,82.013],[-57.82,81.784],[-57.074,81.548],[-57.444,81.424],[-59.352,81.791],[-60.039,81.883],[-60.887,81.861],[-61.122,81.798],[-60.952,81.365],[-61.112,81.182],[-62.251,81.119],[-62.775,81.159],[-63.725,81.086],[-65.241,80.873],[-66.522,80.711],[-67.143,80.562],[-67.41,80.211],[-66.851,80.039],[-66.419,79.982],[-65.9,80.069],[-65.024,80.052],[-64.623,79.949],[-64.891,79.382],[-65.485,79.158],[-66.359,79.174],[-66.854,79.129],[-67.969,79.127],[-68.839,78.974],[-69.266,78.796],[-72.019,78.579],[-72.383,78.526],[-72.545,78.324],[-72.525,78.166],[-71.888,77.949],[-71.343,77.942],[-70.678,77.83],[-70.38,77.666],[-69.688,77.555],[-68.953,77.634],[-68.441,77.583],[-67.852,77.593],[-67.352,77.706],[-66.805,77.777],[-66.153,77.553],[-66.178,77.398],[-66.784,77.259],[-67.736,77.189],[-69.252,77.212],[-70.618,77.278],[-71.184,77.26],[-71.448,77.122],[-70.5,76.833],[-69.851,76.792],[-68.376,76.778],[-68.144,76.6],[-69.045,76.294],[-67.619,76.019],[-67.037,75.936],[-66.563,75.929],[-66.684,76.307],[-66.027,76.173],[-65.475,76.099],[-64.836,76.167],[-64.473,76.252],[-64.004,76.295],[-63.651,76.38],[-62.468,76.34],[-61.507,76.258],[-60.651,76.108],[-59.783,75.916],[-58.636,75.793],[-58.229,75.611],[-58.205,75.295],[-57.774,75.09],[-56.939,74.919],[-56.679,74.701],[-56.182,74.121],[-55.779,73.704],[-55.353,73.346],[-55.15,73.283],[-54.73,73.038],[-54.558,72.872],[-54.626,72.721],[-54.793,72.666],[-55.104,72.752],[-55.366,72.728],[-55.298,72.161],[-55.43,71.871],[-55.626,71.73],[-55.614,71.598],[-55.477,71.489],[-55.012,71.335],[-54.382,71.305],[-53.988,71.414],[-53.323,71.891],[-52.813,71.743],[-52.532,71.705],[-52.037,71.698],[-51.72,71.59],[-52.036,71.48],[-52.198,71.355],[-51.893,71.247],[-51.675,71.224],[-51.404,71.024],[-51.326,70.823],[-50.939,70.577],[-50.799,70.385],[-50.824,70.247],[-51.153,70.323],[-51.806,70.529],[-52.367,70.667],[-52.69,70.682],[-53.628,70.819],[-54.158,70.81],[-54.374,70.725],[-54.008,70.51],[-53.666,70.357],[-52.909,70.289],[-52.167,70.069],[-51.637,69.94],[-51.117,69.941],[-50.573,69.866],[-50.457,69.738],[-50.694,69.533],[-50.767,69.336],[-50.366,69.194],[-50.266,68.953],[-50.369,68.908],[-50.607,68.96],[-50.874,68.945],[-50.954,68.539],[-51.214,68.479],[-51.679,68.5],[-52.337,68.664],[-52.691,68.663],[-52.842,68.506],[-52.683,68.454],[-51.56,68.232],[-50.491,67.973],[-50.357,67.891],[-50.491,67.645],[-50.477,67.482],[-51.357,67.592],[-51.527,67.651],[-51.876,67.665],[-52.26,67.739],[-52.808,67.775],[-53.319,67.618],[-53.436,67.618],[-53.494,67.473],[-53.395,67.362],[-53.147,67.395],[-52.978,67.31],[-53.349,67.21],[-53.45,67.084],[-53.267,66.922],[-52.303,66.909],[-52.448,66.607],[-52.653,66.568],[-53.222,66.531],[-53.394,66.452],[-53.348,66.324],[-52.86,66.353],[-52.73,66.276],[-53.108,66.034],[-53.103,65.873],[-52.835,65.655],[-52.536,65.495],[-52.187,65.518],[-52.078,65.372],[-52.084,65.213],[-51.992,65.01],[-51.94,64.657],[-51.957,64.377],[-51.805,64.233],[-51.521,64.37],[-51.28,64.428],[-50.994,64.615],[-50.144,64.739],[-50.02,64.61],[-50.043,64.438],[-50.257,64.38],[-50.439,64.243],[-50.988,64.092],[-51.266,63.926],[-51.366,63.726],[-51.101,63.47],[-50.823,63.491],[-50.617,63.435],[-50.591,63.15],[-50.466,63.051],[-49.857,62.967],[-49.889,62.846],[-50.096,62.668],[-50.159,62.462],[-50.048,62.314],[-49.611,62.195],[-49.401,62.216],[-49.116,62.104],[-49.148,61.772],[-48.915,61.421],[-48.568,61.246],[-48.2,61.142],[-47.969,61.037],[-47.869,60.939],[-47.822,60.778],[-47.63,60.597],[-47.159,60.856],[-46.531,60.893],[-46.331,60.872],[-46.072,60.942],[-45.771,61.104],[-45.46,60.895],[-45.622,60.601],[-45.362,60.461],[-44.856,60.379],[-44.682,60.288],[-44.753,60.031],[-44.467,59.761],[-44.276,60.032],[-44.052,60.164],[-43.579,59.936],[-43.144,59.819],[-43.015,59.833],[-42.962,60.034],[-43.154,60.305],[-43.497,60.479],[-42.785,60.529],[-42.754,60.697],[-42.824,60.802],[-42.817,61.026],[-43.037,61.292],[-42.67,61.264],[-42.478,61.307],[-42.306,61.729],[-42.271,62.194],[-42.42,62.286],[-42.919,62.462],[-43.226,62.681],[-42.74,62.689],[-42.299,62.739],[-41.834,62.691],[-41.789,62.847],[-41.916,63.124],[-41.434,63.039],[-41.227,63.253],[-41.378,63.523],[-41.163,63.567],[-40.894,63.524],[-40.766,63.575],[-40.516,63.782],[-40.691,63.932],[-41.104,64.089],[-41.484,64.274],[-41.011,64.332],[-40.472,64.348],[-40.351,64.528],[-40.484,64.685],[-41.06,65.037],[-40.254,64.967],[-39.898,64.953],[-39.727,64.997],[-39.686,65.171],[-39.782,65.352],[-39.992,65.533],[-39.427,65.571],[-38.989,65.572],[-38.467,65.645],[-38.11,65.821],[-37.937,66.004],[-37.925,66.209],[-38.042,66.399],[-37.567,66.319],[-37.155,66.32],[-37.579,65.545],[-37.048,65.743],[-36.771,65.765],[-36.324,65.722],[-35.972,65.847],[-35.774,66.103],[-35.708,66.352],[-35.248,66.229],[-34.782,66.266],[-34.433,66.384],[-33.96,66.767],[-33.214,67.47],[-32.956,67.641],[-32.268,67.865],[-32.124,67.873],[-32.037,67.985],[-32.355,68.454],[-32.31,68.544],[-32.019,68.447],[-31.635,68.254],[-31.355,68.046],[-31.02,67.957],[-30.736,67.928],[-30.305,67.98],[-29.994,68.391],[-29.825,68.414],[-29.4,68.228],[-29.162,68.251],[-28.421,68.417],[-27.959,68.477],[-26.964,68.502],[-26.362,68.66],[-25.802,68.864],[-25.324,69.09],[-24.897,69.392],[-24.333,69.333],[-23.444,69.568],[-22.732,69.774],[-22.158,70.056],[-23.009,70.093],[-23.587,70.084],[-24.195,70.243],[-24.585,70.304],[-25.453,70.287],[-26.252,70.178],[-27.475,70.207],[-27.912,70.282],[-28.384,70.458],[-28.222,70.627],[-28.084,70.897],[-27.916,70.998],[-27.606,71.068],[-26.329,71.132],[-25.695,71.273],[-25.85,71.436],[-26.787,71.558]]],[[[-22.146,72.027],[-21.906,72.051],[-21.809,72.145],[-21.882,72.365],[-22.251,72.498],[-23.131,72.678],[-23.798,72.66],[-23.585,72.44],[-22.833,72.269],[-22.146,72.027]]],[[[-53.551,69.278],[-52.867,69.393],[-52.521,69.477],[-51.877,69.531],[-51.813,69.622],[-52.084,69.772],[-52.701,69.915],[-53.037,70.037],[-53.617,70.158],[-54.594,70.24],[-54.723,70.087],[-54.687,69.707],[-54.486,69.564],[-54.125,69.481],[-53.807,69.338],[-53.551,69.278]]]]},"properties":{"NAME":"Greenland","SUBJECTO":"Greenland","PARTOF":"Greenland","BORDERPRECISION":3}},
{"type":"Feature","geometry":{"type":"MultiPolygon","coordinates":[[[[-76.133,44.327],[-75.458,44.64],[-74.782,45.012],[-73.99,45.017],[-72.862,45.003],[-72.027,45.001],[-71.535,44.959],[-71.456,45.128],[-71.293,45.323],[-71.112,45.35],[-70.589,45.295],[-70.077,45.947],[-69.565,46.946],[-69.333,47.228],[-69.049,47.464],[-68.926,47.426],[-68.699,47.264],[-68.527,47.226],[-68.343,47.305],[-67.996,47.294],[-67.777,47.165],[-67.699,47.041],[-67.559,45.772],[-67.594,45.669],[-67.321,45.565],[-67.221,45.565],[-67.257,45.349],[-67.344,45.315],[-67.272,45.184],[-67.187,45.252],[-67.016,45.144],[-66.96,45.21],[-66.502,45.186],[-66.404,45.108],[-66.049,45.288],[-66.153,45.379],[-65.888,45.258],[-65.76,45.294],[-64.871,45.662],[-64.724,45.668],[-64.562,45.885],[-64.701,46.084],[-64.475,45.855],[-64.519,45.795],[-64.283,45.922],[-64.26,45.843],[-64.373,45.807],[-64.398,45.716],[-64.905,45.463],[-64.92,45.367],[-64.696,45.445],[-64.197,45.451],[-64.008,45.427],[-63.74,45.451],[-63.446,45.427],[-63.378,45.385],[-63.555,45.379],[-63.884,45.319],[-64.168,45.222],[-64.141,45.054],[-64.256,45.18],[-64.337,45.156],[-64.307,45.349],[-64.458,45.391],[-64.754,45.228],[-65.253,44.975],[-65.749,44.741],[-65.633,44.693],[-65.721,44.651],[-65.777,44.717],[-66.193,44.489],[-66.159,44.441],[-65.998,44.561],[-65.841,44.615],[-65.984,44.489],[-66.189,44.141],[-66.001,43.752],[-65.939,43.86],[-65.713,43.56],[-65.558,43.62],[-65.467,43.518],[-65.428,43.65],[-65.319,43.752],[-65.087,43.728],[-64.835,43.884],[-64.842,43.979],[-64.649,44.057],[-64.706,44.129],[-64.361,44.333],[-64.282,44.303],[-64.251,44.453],[-64.306,44.615],[-64.147,44.627],[-64.088,44.513],[-63.997,44.567],[-63.888,44.729],[-63.902,44.573],[-63.79,44.513],[-63.559,44.513],[-63.419,44.633],[-63.388,44.747],[-63.303,44.663],[-63.23,44.783],[-63.107,44.831],[-63.053,44.711],[-62.477,44.921],[-62.436,44.873],[-62.271,44.987],[-62.068,45.005],[-62.01,45.072],[-61.811,45.078],[-61.836,45.126],[-61.634,45.144],[-61.683,45.216],[-61.347,45.198],[-61.4,45.24],[-61.265,45.301],[-61.193,45.246],[-60.958,45.301],[-61.032,45.379],[-61.403,45.391],[-61.444,45.439],[-61.262,45.554],[-61.481,45.741],[-61.723,45.686],[-61.893,45.759],[-61.94,45.922],[-62.076,45.885],[-62.39,45.722],[-62.617,45.728],[-62.742,45.819],[-63.121,45.849],[-63.087,45.801],[-63.276,45.783],[-63.336,45.861],[-63.492,45.915],[-63.748,45.879],[-63.843,45.988],[-64.08,46.054],[-64.059,46.115],[-63.891,46.109],[-63.749,46.169],[-64.164,46.248],[-64.535,46.272],[-64.539,46.338],[-64.697,46.544],[-64.69,46.695],[-64.851,46.719],[-64.892,46.912],[-64.807,47.039],[-64.842,47.124],[-65.39,47.13],[-64.98,47.33],[-64.874,47.439],[-64.924,47.56],[-64.82,47.675],[-64.658,47.779],[-64.825,47.851],[-65.04,47.785],[-65.028,47.882],[-65.612,47.663],[-65.761,47.906],[-65.837,47.961],[-66.472,48.099],[-66.181,48.185],[-65.855,48.205],[-65.474,48.101],[-65.213,48.121],[-64.874,48.325],[-64.398,48.456],[-64.251,48.554],[-64.194,48.653],[-64.32,48.947],[-64.55,49.077],[-64.952,49.207],[-65.367,49.233],[-66.03,49.166],[-66.973,48.955],[-67.781,48.724],[-68.341,48.546],[-69.254,48.12],[-69.747,47.767],[-70.224,47.342],[-70.534,47.126],[-70.702,47.068],[-71.039,46.736],[-70.806,47.172],[-70.599,47.433],[-70.411,47.557],[-70.192,47.811],[-69.802,48.191],[-69.653,48.296],[-69.507,48.459],[-69.15,48.734],[-68.801,48.977],[-68.307,49.227],[-68.065,49.293],[-67.584,49.34],[-67.318,49.425],[-67.189,49.576],[-67.096,49.826],[-66.855,50.089],[-66.619,50.221],[-66.373,50.314],[-65.582,50.362],[-64.326,50.305],[-63.85,50.299],[-63.207,50.346],[-61.64,50.277],[-60.81,50.334],[-60.138,50.412],[-59.716,50.511],[-59.44,50.644],[-59.132,50.836],[-58.524,51.379],[-57.828,51.414],[-57.458,51.468],[-56.964,51.488],[-56.666,51.615],[-56.181,51.894],[-55.824,52.021],[-55.659,52.187],[-56.11,52.605],[-55.927,52.805],[-55.904,52.965],[-55.77,53.159],[-55.881,53.352],[-56.354,53.571],[-56.649,53.658],[-57.131,53.483],[-57.285,53.67],[-57.106,53.871],[-57.263,54.024],[-57.561,54.131],[-58.077,54.083],[-58.64,53.868],[-59.181,53.519],[-59.717,53.431],[-60.246,53.277],[-60.124,53.517],[-60.137,53.684],[-59.992,53.805],[-59.863,53.839],[-59.399,53.866],[-59.106,53.967],[-58.844,54.148],[-58.468,54.256],[-58.17,54.277],[-57.515,54.466],[-57.433,54.58],[-58.115,54.713],[-58.557,54.772],[-59.08,54.993],[-59.338,55.08],[-59.694,55.154],[-60.047,55.119],[-60.346,55.045],[-60.575,55.071],[-60.373,55.422],[-60.358,55.51],[-60.468,55.659],[-60.873,55.855],[-61.25,56.077],[-61.458,56.158],[-61.743,56.171],[-61.928,56.273],[-62.163,56.612],[-62.326,56.769],[-62.184,56.796],[-61.849,56.742],[-61.545,56.729],[-61.335,56.811],[-61.351,57.002],[-61.476,57.104],[-61.822,57.192],[-62.186,57.437],[-61.828,57.554],[-61.888,57.725],[-62.015,57.841],[-62.349,57.902],[-62.577,58.039],[-62.741,58.389],[-62.999,58.374],[-63.042,58.525],[-62.887,58.656],[-63.006,58.815],[-63.476,59.158],[-63.744,59.517],[-64.097,59.745],[-64.371,60.014],[-64.671,60.181],[-64.901,59.882],[-64.988,59.819],[-65.429,59.777],[-65.552,59.714],[-65.555,59.576],[-65.263,59.348],[-65.719,59.057],[-65.861,58.795],[-65.929,58.424],[-66.241,58.746],[-66.475,58.808],[-66.625,58.56],[-66.821,58.388],[-67.107,58.305],[-67.772,58.249],[-68.005,58.166],[-68.129,58.31],[-68.095,58.481],[-68.265,58.639],[-68.569,58.783],[-69.214,58.748],[-69.726,58.561],[-69.894,58.684],[-69.832,58.988],[-69.476,58.975],[-69.365,59.051],[-69.343,59.209],[-69.446,59.396],[-69.507,59.721],[-69.704,60.318],[-69.649,60.52],[-69.389,60.674],[-69.384,60.856],[-69.536,60.989],[-69.702,60.898],[-70.028,60.883],[-70.909,61.043],[-71.673,61.266],[-71.856,61.371],[-71.724,61.547],[-72.082,61.743],[-72.495,61.912],[-72.834,62.116],[-73.395,62.355],[-73.66,62.39],[-74.222,62.24],[-74.708,62.176],[-75.356,62.182],[-75.695,62.216],[-76.99,62.49],[-77.362,62.517],[-77.618,62.432],[-77.868,62.29],[-78.005,62.099],[-77.985,61.859],[-77.875,61.739],[-77.459,61.529],[-77.462,61.473],[-77.688,61.156],[-78.176,60.742],[-77.388,60.694],[-77.391,60.575],[-77.507,60.415],[-77.485,60.324],[-77.262,59.983],[-77.215,59.748],[-77.348,59.623],[-77.662,59.574],[-78.042,58.993],[-78.433,58.758],[-78.469,58.709],[-78.337,58.551],[-77.404,58.114],[-77.194,57.991],[-76.772,57.663],[-76.665,57.519],[-76.555,57.28],[-76.439,56.81],[-76.463,56.571],[-76.569,56.272],[-76.764,56.027],[-77.234,55.607],[-77.517,55.471],[-78.308,55.044],[-78.589,54.922],[-78.982,54.814],[-79.545,54.692],[-79.399,54.276],[-79.23,54.149],[-78.935,54.076],[-78.801,53.963],[-78.758,53.749],[-79.035,53.742],[-78.844,53.281],[-78.842,53.034],[-78.725,52.695],[-78.573,52.489],[-78.491,52.256],[-78.553,52.01],[-78.797,51.771],[-78.7,51.566],[-78.748,51.32],[-78.823,51.161],[-79.112,51.525],[-79.276,51.604],[-79.534,51.418],[-79.594,51.266],[-79.495,51.14],[-79.338,50.843],[-79.747,51.113],[-80.073,51.298],[-80.361,51.304],[-80.573,51.641],[-80.877,51.906],[-81.311,52.118],[-81.747,52.17],[-81.713,52.33],[-81.734,52.549],[-81.852,52.709],[-82.069,52.861],[-82.341,52.981],[-82.351,53.074],[-82.212,53.341],[-82.16,53.802],[-82.192,53.99],[-82.399,54.271],[-82.336,54.653],[-82.202,54.969],[-82.383,55.056],[-83.576,55.223],[-83.949,55.188],[-84.152,55.208],[-84.468,55.167],[-85.161,55.328],[-85.892,55.61],[-87.467,55.912],[-87.914,56.332],[-88.767,56.738],[-89.726,56.934],[-90,57.074],[-90,57.178],[-91.337,57.163],[-92.18,56.97],[-92.483,56.977],[-92.424,57.386],[-92.523,57.687],[-92.888,58.208],[-93.074,58.551],[-93.239,58.681],[-93.364,58.702],[-93.888,58.66],[-94.186,58.666],[-94.415,58.714],[-94.684,58.878],[-94.745,59.12],[-94.8,59.514],[-94.728,59.763],[-94.753,59.95],[-94.484,60.494],[-94.376,60.795],[-94.014,61.216],[-93.874,61.343],[-93.466,61.435],[-93.325,61.541],[-93.423,61.858],[-93.233,61.971],[-92.579,62.269],[-92.102,62.412],[-91.891,62.604],[-92.455,62.794],[-92.29,62.915],[-91.417,62.853],[-90,62.946],[-90,63.302],[-91.027,63.395],[-91.642,63.515],[-92.351,63.585],[-93.317,63.974],[-91.984,63.829],[-91.586,63.794],[-90,63.609],[-89.862,63.647],[-90,63.904],[-89.973,64.191],[-89.495,64.019],[-89.077,63.963],[-88.704,63.985],[-88.377,64.057],[-87.992,64.252],[-87.435,64.569],[-87.157,65.06],[-87.616,65.073],[-88.171,65.13],[-88.904,65.325],[-89.692,65.673],[-90,65.768],[-90,65.974],[-89.778,65.98],[-89.509,65.929],[-89.177,65.813],[-88.642,65.712],[-88.174,65.458],[-87.787,65.349],[-87.55,65.35],[-87.254,65.43],[-86.059,66.075],[-85.987,66.163],[-86.577,66.352],[-86.853,66.462],[-86.739,66.565],[-85.903,66.618],[-85.387,66.612],[-85.119,66.333],[-84.95,66.275],[-84.37,66.312],[-84.059,66.276],[-83.74,66.306],[-84.408,66.709],[-85.022,66.944],[-84.714,67.07],[-84.49,67.049],[-84.226,66.931],[-83.482,66.498],[-83.139,66.373],[-82.633,66.602],[-82.33,66.64],[-81.697,66.987],[-81.499,67.069],[-81.284,67.358],[-81.295,67.499],[-81.794,67.758],[-82.178,67.995],[-82.493,68.323],[-82.687,68.697],[-82.21,68.819],[-81.886,68.579],[-81.583,68.602],[-81.37,68.722],[-81.48,69.189],[-81.684,69.279],[-82.161,69.248],[-82.757,69.549],[-84.314,69.826],[-84.759,69.803],[-85.113,69.817],[-85.381,69.695],[-85.421,69.294],[-84.564,68.987],[-84.625,68.754],[-84.773,68.724],[-85.4,68.76],[-85.506,68.677],[-85.782,68.041],[-86.051,67.854],[-86.395,67.675],[-86.488,67.378],[-86.655,67.318],[-87.325,67.169],[-87.808,67.516],[-88.324,67.813],[-88.481,67.991],[-88.462,68.178],[-88.371,68.312],[-87.861,68.283],[-87.79,68.478],[-87.884,68.68],[-88.097,68.853],[-88.576,69.1],[-88.905,69.228],[-89.14,69.235],[-89.441,69.046],[-89.736,68.534],[-90,68.369],[-90,69.489],[-91.172,69.647],[-91.441,69.646],[-91.615,69.585],[-91.977,69.607],[-92.671,69.742],[-92.484,69.993],[-92.271,70.116],[-91.828,70.132],[-91.658,70.286],[-92.168,70.508],[-92.532,70.73],[-93.099,70.969],[-92.989,71.24],[-93.077,71.411],[-93.271,71.559],[-93.838,71.76],[-94.417,71.884],[-95.411,71.859],[-95.762,71.694],[-95.672,71.57],[-95.353,71.407],[-95.493,71.236],[-95.957,71.351],[-96.132,71.335],[-96.398,71.203],[-96.7,70.838],[-95.947,70.57],[-96.474,70.3],[-96.423,70.093],[-96.127,69.941],[-95.31,69.737],[-94.75,69.655],[-94.423,69.694],[-94.037,69.55],[-93.731,69.498],[-93.327,69.484],[-92.992,69.515],[-92.956,69.084],[-92.985,68.964],[-93.527,69.219],[-93.784,69.219],[-93.98,69.143],[-94.343,69.112],[-94.583,68.878],[-94.138,68.841],[-93.636,68.925],[-93.467,68.767],[-93.414,68.542],[-93.647,68.475],[-94.084,68.451],[-94.637,68.069],[-95.323,68.06],[-95.439,67.941],[-95.5,67.725],[-95.291,67.28],[-95.259,67.028],[-95.687,67.168],[-96.043,67.212],[-96.26,67.315],[-96.34,67.545],[-96.211,67.932],[-96.208,68.074],[-96.432,68.163],[-96.818,68.184],[-97.572,68.37],[-97.83,68.399],[-98.367,68.361],[-98.407,68.159],[-97.788,68.13],[-97.458,68.071],[-97.159,67.967],[-97.151,67.737],[-97.261,67.595],[-97.496,67.587],[-97.923,67.72],[-98.355,67.935],[-98.886,67.815],[-99.368,67.792],[-100.212,67.805],[-101.002,67.796],[-101.397,67.706],[-101.913,67.705],[-102.763,67.8],[-103.307,67.934],[-103.583,68.12],[-104.019,68.074],[-104.454,68.103],[-105.142,68.229],[-105.636,68.355],[-105.912,68.339],[-106.119,68.242],[-106.212,68.107],[-106.63,68.039],[-107.662,67.963],[-107.717,67.628],[-107.594,67.338],[-107.156,67.043],[-107.128,66.962],[-107.611,66.88],[-107.528,66.563],[-108.485,67.07],[-108.328,67.181],[-108.101,67.219],[-108.095,67.36],[-108.835,67.611],[-109.489,67.691],[-110.133,67.906],[-110.532,67.92],[-111.357,67.822],[-111.78,67.746],[-112.503,67.693],[-113.29,67.699],[-114.066,67.735],[-115.562,67.896],[-115.402,68.217],[-114.765,68.3],[-114.345,68.286],[-114.109,68.347],[-114.195,68.496],[-114.39,68.608],[-115.285,68.892],[-115.69,68.936],[-116.32,68.898],[-116.813,68.912],[-117.328,68.979],[-117.832,69.008],[-118.818,69.164],[-119.279,69.262],[-120.222,69.418],[-121.635,69.764],[-122.326,69.884],[-122.835,69.891],[-123.051,69.86],[-123.292,69.64],[-123.803,69.434],[-124.225,69.403],[-124.6,69.463],[-124.508,69.592],[-124.534,69.782],[-124.707,69.941],[-125.14,69.834],[-125.386,69.818],[-125.418,69.697],[-125.188,69.409],[-125.455,69.333],[-125.974,69.43],[-126.618,69.679],[-126.795,69.785],[-127.166,70.235],[-127.352,70.38],[-128.011,70.641],[-128.416,70.686],[-127.806,70.31],[-127.726,70.188],[-127.94,70.08],[-128.724,69.873],[-129.013,69.72],[-129.943,69.643],[-130.896,69.3],[-131.673,69.276],[-132.175,68.981],[-132.713,68.867],[-132.789,68.709],[-132.69,68.462],[-133.339,68.798],[-133.72,68.918],[-133.413,69.137],[-132.618,69.252],[-132.303,69.487],[-131.754,69.609],[-131.195,69.686],[-130.703,69.854],[-130.208,69.915],[-130.05,69.969],[-129.849,70.151],[-130.242,70.206],[-130.712,70.205],[-131.059,70.158],[-131.446,69.966],[-132.508,69.858],[-132.803,69.759],[-133.002,69.758],[-133.141,69.675],[-133.648,69.507],[-133.995,69.506],[-134.776,69.573],[-135.104,69.497],[-135.439,69.526],[-136.044,69.336],[-136.015,69.147],[-135.699,68.989],[-135.496,68.719],[-135.61,68.704],[-136.203,68.876],[-137.729,69.016],[-138.275,69.135],[-138.995,69.368],[-139.901,69.571],[-140.335,69.623],[-140.739,69.585],[-141.059,69.595],[-141.013,69.378],[-141.014,68.093],[-140.997,67.077],[-140.974,66.026],[-140.916,64.768],[-140.927,63.786],[-140.947,61.835],[-140.935,60.86],[-140.895,60.389],[-140.807,60.263],[-140.429,60.23],[-139.338,60.285],[-139.005,60.258],[-138.856,60.084],[-138.778,59.91],[-138.621,59.778],[-137.649,59.185],[-137.223,58.882],[-137.116,59.028],[-136.735,59.121],[-136.184,59.422],[-135.855,59.646],[-135.632,59.703],[-135.258,59.67],[-135.115,59.581],[-134.949,59.359],[-134.791,59.214],[-133.869,58.685],[-133.503,58.424],[-132.707,57.629],[-131.955,56.782],[-131.725,56.605],[-131.199,56.451],[-130.287,56.107],[-130.106,55.993],[-130.18,55.638],[-130.003,55.289],[-129.842,54.979],[-130.038,54.844],[-130.299,54.548],[-130.268,54.353],[-130.176,54.172],[-130.004,53.938],[-129.434,53.518],[-129.06,53.739],[-128.814,53.764],[-128.829,53.525],[-128.889,53.418],[-128.432,52.939],[-128.077,52.939],[-128.06,52.5],[-127.873,52.413],[-127.71,52.394],[-127.431,52.461],[-127.037,52.464],[-127.31,52.235],[-127.556,52.168],[-128.013,51.808],[-127.455,51.769],[-127.353,51.637],[-127.559,51.537],[-127.675,51.245],[-127.627,51.133],[-127.455,51.021],[-127.247,50.968],[-126.691,50.989],[-126.425,51.089],[-126.228,50.93],[-126.164,50.752],[-125.412,50.549],[-124.939,50.596],[-124.795,50.035],[-124.471,49.813],[-124.253,49.839],[-124.15,49.931],[-123.976,49.971],[-123.847,49.663],[-123.699,49.525],[-123.531,49.513],[-123.212,49.625],[-123.245,49.469],[-123.213,49.272],[-122.9,49.067],[-122.813,49.061],[-121.052,49.051],[-118.987,49.062],[-117.215,49.058],[-115.924,49.059],[-115.165,49.056],[-112.862,49.069],[-112.529,49.064],[-110.67,49.054],[-110.18,49.07],[-108.461,49.059],[-106.44,49.064],[-104.262,49.056],[-102.67,49.051],[-101.711,49.056],[-100.46,49.043],[-99.148,49.05],[-98.201,49.049],[-97.594,49.052],[-96.335,49.039],[-94.82,49.051],[-94.994,49.315],[-95.053,49.472],[-94.827,49.488],[-94.424,49.151],[-94.298,48.984],[-94.088,48.778],[-93.713,48.574],[-93.48,48.608],[-92.839,48.515],[-92.83,48.432],[-92.708,48.438],[-92.556,48.221],[-92.484,48.332],[-92.258,48.327],[-92.15,48.205],[-91.939,48.166],[-91.91,48.083],[-91.682,48.039],[-91.326,48.129],[-91.141,48.215],[-90,48.249],[-90,47.972],[-89.871,47.994],[-89.622,47.968],[-89.344,48.148],[-89.236,48.359],[-89.114,48.454],[-88.888,48.535],[-88.817,48.507],[-88.892,48.314],[-88.797,48.337],[-88.68,48.473],[-88.542,48.723],[-88.43,48.825],[-88.364,48.702],[-88.554,48.506],[-88.527,48.45],[-88.329,48.627],[-88.231,48.604],[-88.118,48.73],[-88.252,48.932],[-88.095,49.005],[-87.847,48.954],[-87.462,48.824],[-87.192,48.774],[-86.934,48.8],[-86.887,48.763],[-86.687,48.791],[-86.584,48.741],[-86.384,48.725],[-86.225,48.495],[-86.171,48.328],[-86.077,48.179],[-85.941,48.048],[-85.797,47.966],[-85.388,47.925],[-85.027,47.94],[-84.894,47.86],[-84.989,47.686],[-84.924,47.524],[-84.698,47.375],[-84.623,47.261],[-84.749,47.101],[-84.738,46.953],[-84.657,46.91],[-84.519,46.931],[-84.372,46.872],[-84.562,46.785],[-84.467,46.744],[-84.466,46.655],[-84.564,46.523],[-84.492,46.475],[-84.744,46.468],[-84.44,46.459],[-84.277,46.266],[-83.865,46.185],[-83.821,46.15],[-83.794,46.257],[-83.614,46.266],[-83.267,46.199],[-82.977,46.177],[-82.646,46.199],[-82.46,46.153],[-81.74,46.098],[-81.847,45.991],[-81.629,46.101],[-81.59,45.986],[-81.31,45.958],[-81.165,45.984],[-81.101,45.937],[-80.761,45.97],[-80.679,45.791],[-80.49,45.579],[-80.397,45.609],[-80.369,45.452],[-80.201,45.339],[-80.21,45.402],[-80.05,45.365],[-80.113,45.238],[-79.978,45.129],[-80.042,45.069],[-79.894,45.009],[-79.713,44.739],[-79.947,44.767],[-79.951,44.842],[-80.081,44.824],[-80.01,44.618],[-80.071,44.52],[-80.224,44.505],[-80.469,44.572],[-80.633,44.693],[-80.758,44.709],[-80.907,44.602],[-80.963,44.781],[-81.081,44.758],[-81.005,44.904],[-81.117,44.909],[-81.308,45.097],[-81.302,45.219],[-81.39,45.248],[-81.698,45.246],[-81.543,45.137],[-81.472,45.027],[-81.385,44.993],[-81.297,44.713],[-81.355,44.546],[-81.638,44.268],[-81.719,44.139],[-81.752,43.892],[-81.739,43.529],[-81.808,43.318],[-82.07,43.184],[-82.138,43.1],[-82.298,43.029],[-82.536,42.612],[-83.041,42.243],[-83.056,42.027],[-82.845,41.994],[-82.689,42.019],[-82.484,41.96],[-82.434,42.061],[-82.284,42.147],[-81.9,42.275],[-81.682,42.457],[-81.439,42.587],[-81.014,42.624],[-80.406,42.569],[-80.058,42.547],[-80.352,42.598],[-80.395,42.657],[-80.276,42.741],[-80.023,42.807],[-79.637,42.853],[-79.357,42.866],[-79.05,42.852],[-79.14,43.222],[-79.478,43.195],[-79.794,43.301],[-79.647,43.491],[-79.53,43.57],[-79.267,43.669],[-79.153,43.772],[-78.738,43.878],[-78.023,43.985],[-77.623,44.01],[-77.443,43.934],[-77.29,43.956],[-77.175,43.843],[-76.933,43.91],[-77.05,43.917],[-76.881,44.093],[-77.116,44.034],[-77.084,44.133],[-77.248,44.099],[-77.385,44.128],[-76.976,44.214],[-76.885,44.159],[-77.035,44.059],[-76.449,44.277],[-76.357,44.26],[-76.133,44.327]]],[[[-98.606,68.863],[-98.168,68.781],[-97.606,68.64],[-97.209,68.61],[-96.794,68.529],[-96.213,68.537],[-95.515,68.809],[-96.007,69.041],[-96.182,69.297],[-96.761,69.477],[-97.407,69.749],[-97.742,69.832],[-98.115,69.801],[-98.253,69.694],[-98.304,69.391],[-98.477,69.308],[-99.171,69.125],[-99.365,68.974],[-98.606,68.863]]],[[[-100.759,72.241],[-100.319,72.14],[-99.863,71.929],[-99.434,71.641],[-98.939,71.392],[-98.718,71.354],[-98.372,71.37],[-98.004,71.55],[-98.478,71.799],[-98.484,71.892],[-98.19,71.846],[-97.842,71.69],[-97.284,71.652],[-97.055,71.715],[-96.85,71.88],[-96.657,72.343],[-96.351,72.501],[-96.435,72.698],[-96.689,72.817],[-97.74,73.013],[-98.052,72.972],[-98.28,73.02],[-98.394,73.131],[-98.186,73.29],[-97.489,73.459],[-97.343,73.611],[-97.082,73.667],[-96.937,73.788],[-97.347,73.891],[-97.957,73.922],[-98.511,73.865],[-98.707,73.752],[-99.219,73.743],[-99.668,73.919],[-100.177,73.822],[-100.934,73.86],[-100.914,73.708],[-100.433,73.517],[-99.955,73.263],[-100.558,72.873],[-100.835,72.745],[-101.521,72.871],[-101.985,73.084],[-102.279,73.147],[-102.669,72.853],[-101.654,72.373],[-101.406,72.295],[-100.759,72.241]]],[[[-95.615,73.319],[-95.641,73.144],[-95.548,72.882],[-95.124,72.519],[-95.058,72.283],[-94.542,72.19],[-94.109,72.222],[-93.724,72.388],[-93.639,72.53],[-94.266,72.853],[-93.695,72.878],[-92.624,72.808],[-92.001,72.841],[-91.32,73.255],[-90,73.591],[-90,74],[-91.524,74.055],[-92.116,73.989],[-92.693,74.012],[-93.352,74.124],[-93.899,74.163],[-94.868,74.137],[-95.069,74.064],[-94.758,73.744],[-95.323,73.759],[-95.493,73.614],[-95.615,73.319]]],[[[-125.46,49.168],[-124.999,49.169],[-125.169,48.959],[-125.196,48.874],[-125.098,48.795],[-124.493,48.6],[-123.902,48.471],[-123.719,48.477],[-123.593,48.635],[-123.645,48.818],[-123.861,49.158],[-124.004,49.249],[-124.718,49.491],[-124.881,49.576],[-125.076,49.765],[-125.267,50.054],[-125.719,50.409],[-126.516,50.5],[-126.957,50.592],[-127.848,50.861],[-128,50.881],[-128.433,50.827],[-128.343,50.668],[-127.769,50.28],[-127.385,50.05],[-127.212,50.004],[-126.961,50.057],[-126.522,49.822],[-126.665,49.69],[-126.563,49.572],[-126.112,49.527],[-125.892,49.377],[-125.967,49.174],[-125.645,49.056],[-125.46,49.168]]],[[[-132.73,54.067],[-133.054,54.066],[-133.097,54.019],[-133.086,53.805],[-132.997,53.651],[-132.569,53.28],[-132.351,53.365],[-132.09,53.399],[-131.999,53.794],[-131.894,53.894],[-132.082,54.021],[-132.379,53.987],[-132.73,54.067]]],[[[-111.641,72.725],[-112.063,72.843],[-112.839,72.953],[-113.241,72.944],[-113.753,72.698],[-114.473,72.625],[-114.463,72.989],[-114.216,73.149],[-114.185,73.244],[-114.647,73.355],[-115.148,73.314],[-115.463,73.194],[-116.059,73.121],[-116.643,73.001],[-116.81,72.921],[-117.22,72.857],[-118.399,72.476],[-118.986,72.034],[-118.968,71.909],[-118.649,71.8],[-118.338,71.824],[-118.045,71.738],[-117.74,71.583],[-117.314,71.475],[-116.604,71.546],[-115.693,71.579],[-115.517,71.423],[-115.742,71.299],[-116.962,71.188],[-117.41,71.202],[-118.499,71.053],[-118.503,70.96],[-117.761,70.722],[-116.297,70.771],[-113.764,70.737],[-112.89,70.646],[-111.85,70.425],[-111.544,70.325],[-111.731,70.256],[-112.991,70.238],[-115.147,70.273],[-115.554,70.233],[-116.214,70.232],[-116.486,70.147],[-117.193,70.123],[-117.568,69.992],[-116.995,69.743],[-116.656,69.516],[-115.907,69.351],[-115.341,69.299],[-113.925,69.249],[-113.539,69.114],[-113.629,68.933],[-113.602,68.722],[-113.152,68.596],[-112.74,68.589],[-112.522,68.634],[-111.629,68.606],[-111.087,68.644],[-110.448,68.653],[-109.209,68.813],[-108.646,69.002],[-108.011,69.049],[-107.536,69.057],[-107.035,69.284],[-106.854,69.451],[-106.375,69.482],[-106.179,69.331],[-105.93,69.234],[-104.905,69.009],[-104.188,68.898],[-103.65,68.861],[-103.178,68.855],[-102.54,68.908],[-102.278,68.954],[-101.808,69.136],[-101.804,69.241],[-102.198,69.482],[-102.778,69.36],[-103.268,69.329],[-103.361,69.639],[-103.246,69.692],[-102.787,69.708],[-102.24,69.876],[-101.449,69.665],[-100.967,69.628],[-100.891,69.674],[-101.055,70.031],[-101.511,70.206],[-102.436,70.465],[-103.116,70.51],[-103.864,70.701],[-104.595,71.048],[-104.675,71.187],[-104.445,71.569],[-104.467,71.655],[-105.01,72.045],[-105.24,72.335],[-105.313,72.65],[-105.609,72.871],[-106.523,73.195],[-107.322,73.265],[-108.182,73.383],[-108.284,73.223],[-108.087,72.629],[-107.527,72.016],[-107.59,71.899],[-108.061,71.757],[-108.348,71.913],[-108.782,72.391],[-108.986,72.73],[-109.29,72.84],[-109.834,72.95],[-110.525,72.997],[-110.079,72.562],[-110.571,72.538],[-111.197,72.371],[-111.726,72.331],[-111.641,72.725]]],[[[-124.577,71.898],[-124.072,71.735],[-123.63,71.408],[-123.468,71.199],[-122.991,71.153],[-122.574,71.146],[-122.17,71.287],[-121.936,71.505],[-121.39,71.475],[-120.843,71.53],[-120.546,71.656],[-120.424,71.883],[-120.454,72.299],[-119.768,72.394],[-119.307,72.648],[-118.585,72.974],[-118.104,73.118],[-117.281,73.31],[-116.798,73.375],[-115.763,73.568],[-115.654,73.633],[-116.729,73.999],[-117.336,74.167],[-118.233,74.206],[-119.144,74.124],[-119.557,74.163],[-121.239,74.58],[-122.375,74.481],[-123.057,74.439],[-124.148,74.469],[-124.909,74.444],[-124.74,74.242],[-124.065,73.865],[-124.01,73.721],[-124.247,73.457],[-124.744,73.216],[-124.882,73.049],[-125.093,72.969],[-125.341,72.969],[-125.145,72.605],[-125.181,72.431],[-125.662,72.202],[-125.904,72.155],[-125.617,71.99],[-125.189,71.928],[-124.577,71.898]]],[[[-114.948,76.443],[-115.802,76.34],[-116.296,76.238],[-116.15,75.935],[-115.15,75.757],[-115.582,75.685],[-116.998,75.649],[-117.397,75.407],[-117.012,75.258],[-116.572,75.201],[-116.158,75.235],[-115.942,75.31],[-115.186,75.154],[-114.247,75.214],[-113.515,75.29],[-112.811,75.416],[-111.15,75.353],[-111.367,75.104],[-111.858,75.037],[-112.137,75.044],[-113.045,74.985],[-113.377,74.919],[-113.926,74.902],[-114.217,74.845],[-114.093,74.674],[-113.443,74.546],[-113.106,74.514],[-112.203,74.5],[-110.869,74.721],[-110.088,74.917],[-109.07,75.133],[-107.48,75.012],[-106.371,75.055],[-106.031,75.106],[-105.773,75.23],[-105.612,75.438],[-105.629,75.662],[-105.498,75.847],[-105.917,76.022],[-106.59,76.13],[-106.842,75.97],[-106.691,75.761],[-107.504,75.943],[-108.163,76.009],[-108.396,76.303],[-108.389,76.489],[-108.737,76.795],[-108.965,76.871],[-109.715,76.75],[-109.951,76.58],[-110.382,76.435],[-109.776,76.275],[-109.353,76.099],[-109.103,75.848],[-109.144,75.714],[-109.912,75.629],[-110.55,75.67],[-111.386,75.66],[-111.843,75.818],[-112.574,76.161],[-112.851,76.227],[-113.549,76.133],[-113.845,76.217],[-114.372,76.47],[-114.948,76.443]]],[[[-122.282,76.151],[-121.711,76.177],[-121.311,76.296],[-120.454,75.952],[-120.1,75.978],[-119.783,76.138],[-119.655,76.307],[-119.387,76.375],[-118.736,76.938],[-118.253,76.879],[-117.863,76.438],[-117.413,76.43],[-117,76.728],[-116.24,76.78],[-116.505,77.113],[-116.406,77.234],[-115.682,77.381],[-116.359,77.578],[-116.826,77.543],[-117.226,77.413],[-117.982,77.42],[-119.696,77.313],[-120.183,77.209],[-120.43,77.054],[-121.138,76.882],[-121.578,76.702],[-122.151,76.582],[-122.659,76.539],[-122.763,76.42],[-122.636,76.276],[-122.282,76.151]]],[[[-113.024,77.602],[-112.764,77.551],[-111.91,77.483],[-110.62,77.537],[-109.661,77.95],[-110.71,78.023],[-111.991,77.977],[-112.396,78.003],[-113.01,77.923],[-113.16,77.792],[-113.024,77.602]]],[[[-103.232,78.274],[-102.564,78.31],[-101.168,78.269],[-100.888,78.182],[-100.471,77.895],[-100.2,77.817],[-99.68,77.792],[-99.049,77.941],[-99.125,78.133],[-99.892,78.658],[-100.163,78.772],[-100.693,78.878],[-101.679,78.929],[-102.569,79.016],[-103.365,79.389],[-104.441,79.459],[-105.452,79.403],[-105.481,79.224],[-104.11,79.058],[-103.505,78.837],[-103.378,78.607],[-103.768,78.598],[-104.527,78.702],[-104.888,78.702],[-104.966,78.534],[-104.508,78.368],[-104.162,78.298],[-103.232,78.274]]],[[[-61.047,46.664],[-61.381,46.331],[-61.409,46.046],[-61.248,45.793],[-61.025,45.67],[-60.814,45.644],[-60.507,45.664],[-59.997,45.854],[-59.887,45.925],[-59.807,46.081],[-60.03,46.289],[-60.169,46.314],[-60.446,46.171],[-60.761,45.891],[-60.837,45.878],[-61.072,45.988],[-60.963,46.189],[-60.584,46.385],[-60.479,46.535],[-60.428,46.743],[-60.26,46.938],[-60.627,47.133],[-61.047,46.664]]],[[[-57.974,49.083],[-58.231,49.109],[-58.392,49.037],[-58.68,48.703],[-58.139,48.599],[-58.426,48.448],[-58.652,48.376],[-59.234,48.042],[-59.319,47.963],[-59.157,47.67],[-58.7,47.736],[-58.091,47.763],[-57.635,47.725],[-57.123,47.641],[-56.804,47.616],[-56.33,47.636],[-56.146,47.735],[-56.079,47.865],[-55.739,47.872],[-55.756,47.651],[-55.698,47.579],[-55.513,47.586],[-55.368,47.795],[-54.783,47.711],[-55.067,47.548],[-55.277,47.313],[-55.83,47.129],[-55.904,47.064],[-55.804,46.967],[-55.408,46.948],[-55.185,47.098],[-54.936,47.339],[-54.576,47.497],[-54.386,47.627],[-54.211,47.804],[-54.086,47.771],[-53.896,47.557],[-53.901,47.407],[-54.125,47.113],[-54.082,46.99],[-53.914,46.996],[-53.644,47.179],[-53.625,46.886],[-53.489,46.822],[-53.07,46.731],[-52.917,47.024],[-52.729,47.455],[-52.735,47.546],[-53.096,47.552],[-53.163,47.675],[-53.118,47.878],[-53.356,47.949],[-53.577,47.74],[-53.703,47.844],[-53.759,48.026],[-53.882,48.189],[-53.813,48.248],[-53.411,48.295],[-53.229,48.406],[-53.115,48.524],[-53.124,48.596],[-53.249,48.648],[-53.645,48.516],[-53.763,48.523],[-54.13,48.836],[-53.643,49.151],[-53.509,49.282],[-53.786,49.386],[-54.158,49.477],[-54.481,49.503],[-54.62,49.476],[-54.766,49.293],[-55.107,49.279],[-55.851,49.566],[-55.968,49.657],[-55.565,49.966],[-56.067,50.103],[-56.273,50.017],[-56.49,49.768],[-56.733,49.688],[-56.784,49.819],[-56.662,50.056],[-56.11,50.703],[-55.77,51.054],[-55.927,51.252],[-55.818,51.312],[-55.557,51.326],[-55.422,51.425],[-55.561,51.557],[-56.152,51.47],[-56.376,51.384],[-56.702,51.185],[-57.356,50.595],[-57.86,49.988],[-58.092,49.594],[-58.128,49.496],[-57.814,49.202],[-57.974,49.083]]],[[[-87.101,63.545],[-86.032,63.675],[-85.601,63.748],[-85.432,63.598],[-85.463,63.206],[-85.157,63.185],[-84.655,63.314],[-84.39,63.45],[-84.087,63.672],[-83.496,63.744],[-83.439,63.787],[-83.517,64.052],[-83.426,64.174],[-83.189,64.182],[-82.731,64.075],[-82.493,63.939],[-82.198,63.69],[-82.001,63.633],[-81.403,63.577],[-81.123,63.52],[-80.696,63.5],[-80.368,63.679],[-80.179,63.722],[-80.638,63.914],[-80.953,63.978],[-81.373,63.999],[-81.63,63.97],[-81.872,63.991],[-81.831,64.407],[-81.911,64.522],[-82.11,64.644],[-83.085,64.865],[-83.347,64.98],[-83.76,65.211],[-84.122,65.341],[-84.424,65.392],[-84.605,65.181],[-84.842,65.202],[-85.198,65.376],[-85.058,65.609],[-85.558,65.864],[-85.707,65.652],[-85.821,65.36],[-86.016,65.105],[-86.195,64.73],[-86.243,64.542],[-86.197,64.356],[-86.061,64.141],[-86.801,63.888],[-87.053,63.752],[-87.101,63.545]]],[[[-77.112,67.848],[-77.248,67.655],[-77.17,67.44],[-77.065,67.329],[-76.863,67.262],[-76.269,67.249],[-75.77,67.302],[-75.309,67.458],[-75.146,67.577],[-75.12,68.113],[-75.475,68.254],[-75.885,68.343],[-76.496,68.267],[-76.794,68.147],[-77.112,67.848]]],[[[-71.535,63.36],[-71.691,63.331],[-71.622,63.21],[-71.319,63.061],[-70.648,62.927],[-70.075,62.772],[-69.559,62.709],[-69.155,62.42],[-68.664,62.307],[-68.014,62.259],[-67.451,62.133],[-66.765,61.944],[-65.94,61.79],[-66.133,62.1],[-66.332,62.319],[-66.681,62.566],[-67.264,62.856],[-68.093,63.146],[-68.476,63.337],[-68.836,63.65],[-68.879,63.75],[-68.486,63.737],[-68.231,63.666],[-67.682,63.453],[-67.766,63.802],[-67.288,63.503],[-67.144,63.375],[-66.496,63.077],[-66.087,62.993],[-65.698,63.008],[-65.298,62.696],[-65.021,62.555],[-64.768,62.477],[-64.938,62.711],[-65.132,62.895],[-65.156,62.988],[-64.739,62.931],[-64.735,63.067],[-65.21,63.643],[-65.251,63.872],[-65.001,63.765],[-64.415,63.245],[-64.365,63.438],[-64.474,63.744],[-64.62,63.851],[-65.309,64.179],[-65.423,64.265],[-65.327,64.359],[-65.042,64.41],[-65.663,64.588],[-65.926,64.71],[-66.193,64.889],[-66.321,64.911],[-66.598,64.766],[-66.829,64.96],[-67.329,65.584],[-67.865,65.627],[-68.252,66.064],[-68.376,66.284],[-68.085,66.189],[-67.614,65.912],[-67.305,65.934],[-67.161,65.986],[-67.76,66.373],[-67.749,66.476],[-67.459,66.513],[-67.256,66.616],[-66.913,66.595],[-66.567,66.463],[-66.041,66.185],[-65.717,66.054],[-65.17,66.011],[-65.034,65.953],[-65.178,65.654],[-64.844,65.378],[-64.425,65.502],[-64.284,65.379],[-64.184,65.19],[-63.846,65.111],[-63.541,64.995],[-63.352,65.025],[-63.511,65.431],[-63.381,65.927],[-63.012,65.665],[-62.845,65.614],[-62.544,65.848],[-62.068,65.937],[-62.094,66.061],[-62.655,66.338],[-62.298,66.435],[-61.864,66.318],[-61.495,66.341],[-61.449,66.488],[-61.211,66.635],[-61.788,66.862],[-62.096,67.017],[-62.521,66.846],[-62.752,66.846],[-63.165,66.926],[-62.991,67.177],[-63.394,67.199],[-63.624,67.139],[-64.614,67.115],[-64.601,67.315],[-63.933,67.413],[-64.102,67.568],[-64.829,67.953],[-65.103,67.968],[-65.53,67.87],[-66.166,68.003],[-66.407,68.025],[-66.745,67.927],[-67.032,68.307],[-68.221,68.627],[-68.469,68.641],[-68.665,68.716],[-68.775,68.844],[-68.077,68.897],[-67.98,68.988],[-68.533,69.25],[-68.391,69.334],[-68.02,69.304],[-67.626,69.207],[-67.171,69.17],[-66.668,69.186],[-66.773,69.322],[-67.017,69.419],[-67.44,69.502],[-68.04,69.531],[-68.207,69.591],[-68.234,69.712],[-68.043,69.773],[-67.044,69.798],[-67.575,70.185],[-68.021,70.299],[-68.366,70.123],[-68.922,70.068],[-69.463,69.96],[-69.698,70.074],[-69.591,70.197],[-68.75,70.39],[-68.469,70.56],[-68.724,70.682],[-69.092,70.782],[-69.684,70.742],[-70.293,70.618],[-70.652,70.764],[-70.667,71.08],[-71.152,71.033],[-71.356,70.955],[-71.882,70.931],[-71.253,71.351],[-71.664,71.513],[-72.535,71.629],[-73.275,71.161],[-73.507,71.347],[-73.672,71.556],[-73.886,71.665],[-74.112,71.688],[-74.406,71.609],[-74.809,71.422],[-75.002,71.453],[-75.204,71.569],[-75.137,71.67],[-74.769,71.788],[-74.551,71.914],[-74.313,71.953],[-74.313,72.039],[-74.896,72.282],[-75.322,72.548],[-75.632,72.611],[-76.15,72.57],[-77.119,72.711],[-77.896,72.701],[-78.363,72.582],[-78.666,72.314],[-78.574,71.93],[-78.663,71.875],[-79.056,71.96],[-79.125,72.289],[-79.33,72.368],[-79.685,72.383],[-79.953,72.343],[-80.081,72.138],[-80.57,71.996],[-81.027,72.05],[-81.044,72.38],[-80.725,72.665],[-80.463,72.974],[-80.489,73.037],[-81.532,73.688],[-82.195,73.775],[-82.697,73.782],[-83.456,73.637],[-84.505,73.491],[-84.862,73.355],[-83.885,73.07],[-84.564,73.045],[-85.107,73.084],[-85.506,72.94],[-85.504,72.608],[-85.147,72.483],[-84.831,72.468],[-84.289,72.256],[-84.666,72.224],[-85.116,72.278],[-85.557,72.081],[-85.602,72.01],[-85.205,71.769],[-84.689,71.66],[-84.535,71.536],[-84.488,71.349],[-84.783,71.062],[-85.891,71.122],[-85.859,71.261],[-85.286,71.41],[-85.243,71.465],[-85.945,71.744],[-86.333,71.993],[-86.448,72.134],[-86.414,72.315],[-86.214,72.449],[-86.779,72.693],[-86.855,72.859],[-86.662,73.097],[-86.035,73.384],[-85.668,73.601],[-85.254,73.777],[-85.64,73.865],[-86.246,73.88],[-86.892,73.83],[-87.428,73.733],[-87.743,73.733],[-88.099,73.636],[-88.432,73.468],[-89.1,73.196],[-89.639,72.782],[-89.841,72.427],[-89.821,72.348],[-89.334,72.168],[-89.371,72.066],[-89.814,71.979],[-89.997,71.541],[-89.435,71.441],[-88.854,71.45],[-87.949,71.351],[-87.589,71.227],[-87.169,71.019],[-87.309,70.933],[-87.705,70.925],[-88.759,71],[-89.15,70.968],[-89.205,70.845],[-89.019,70.675],[-88.432,70.461],[-87.948,70.385],[-87.402,70.363],[-87.121,70.402],[-86.944,70.556],[-86.537,70.534],[-86.373,70.465],[-86.372,70.196],[-85.984,70.113],[-85.468,70.098],[-84.874,70.115],[-83.976,70.04],[-83.313,69.957],[-82.926,70.011],[-82.269,69.86],[-81.807,69.983],[-81.596,69.96],[-80.829,69.711],[-80.946,69.908],[-81.138,70.015],[-81.013,70.183],[-80.713,70.153],[-79.826,69.918],[-79.241,69.881],[-78.94,69.912],[-78.713,70.011],[-78.744,70.149],[-78.941,70.271],[-80.218,70.592],[-80.422,70.614],[-80.66,70.753],[-80.49,70.815],[-79.376,70.586],[-79.101,70.655],[-78.619,70.448],[-78.206,70.311],[-78.003,70.288],[-77.699,70.136],[-77.622,69.892],[-77.367,69.809],[-76.971,69.802],[-76.273,69.5],[-75.552,69.222],[-75.625,69.102],[-76.643,69.032],[-76.546,68.731],[-75.57,68.868],[-75.199,68.862],[-74.752,69.043],[-74.515,68.87],[-74.405,68.66],[-73.937,68.444],[-73.371,68.295],[-73.185,68.296],[-72.942,68.132],[-72.759,67.909],[-72.354,67.53],[-72.305,67.264],[-72.527,67.093],[-72.874,66.886],[-73.036,66.642],[-73.67,66.377],[-73.994,66.266],[-74.258,66.236],[-74.28,66.06],[-73.932,65.9],[-73.42,65.529],[-73.494,65.405],[-74.079,65.448],[-74.665,65.323],[-75.368,65.263],[-75.356,64.916],[-75.789,65.197],[-76.022,65.262],[-76.655,65.341],[-77.266,65.391],[-77.358,65.376],[-77.301,65.144],[-77.387,65.064],[-77.867,64.99],[-78.039,64.831],[-78.127,64.651],[-78.103,64.507],[-77.737,64.393],[-76.526,64.23],[-75.936,64.267],[-75.591,64.533],[-75.452,64.548],[-74.685,64.399],[-74.431,64.435],[-74.559,64.78],[-74.256,64.766],[-73.666,64.602],[-73.164,64.574],[-73.148,64.344],[-72.73,64.015],[-72.388,63.858],[-71.879,63.802],[-71.258,63.567],[-71.535,63.36]]],[[[-90,75.968],[-91.156,75.974],[-90,76.185],[-89.812,76.373],[-90,76.455],[-90,76.591],[-91.135,76.633],[-92.247,76.622],[-92.799,76.587],[-93.085,76.527],[-93.064,76.375],[-92.224,75.947],[-92.093,75.805],[-92.101,75.638],[-92.366,75.421],[-92.166,75.099],[-91.867,74.789],[-91.358,74.757],[-91.054,74.977],[-90,74.718],[-90,74.63],[-89.698,74.615],[-89.269,74.705],[-88.947,74.932],[-88.39,74.99],[-88.326,74.682],[-88.144,74.569],[-87.49,74.538],[-86.306,74.621],[-86.212,74.816],[-85.118,74.623],[-84.568,74.616],[-84.159,74.665],[-83.822,74.642],[-83.581,74.699],[-83.614,75.024],[-83.449,75.082],[-83.074,74.984],[-82.936,74.684],[-82.373,74.555],[-82.027,74.532],[-81.735,74.573],[-80.349,74.616],[-80.56,74.916],[-80.5,75.03],[-79.675,75.213],[-79.495,75.28],[-79.739,75.47],[-80.128,75.544],[-80.766,75.61],[-81.532,75.859],[-83.559,75.905],[-84.437,75.795],[-85.203,75.743],[-85.83,75.617],[-86.179,75.408],[-86.618,75.432],[-87.293,75.656],[-87.638,75.705],[-88.035,75.621],[-88.647,75.595],[-88.763,75.42],[-89.042,75.461],[-89.369,75.652],[-89.594,75.86],[-90,75.968]]],[[[-90,82.017],[-90,81.974],[-91.219,81.837],[-91.08,81.538],[-89.559,81.418],[-89.245,81.239],[-89.193,81.096],[-89.675,81.026],[-89.236,80.864],[-88.322,81.166],[-86.437,81.393],[-85.811,81.395],[-85.192,81.324],[-84.923,81.122],[-85.364,80.991],[-85.504,80.618],[-84.793,80.782],[-83.821,80.775],[-83.48,80.895],[-82.791,80.697],[-81.876,80.749],[-80.647,80.911],[-80.088,81.022],[-78.962,81.034],[-78.321,80.965],[-77.521,80.75],[-78.678,80.676],[-79.597,80.645],[-80.285,80.545],[-81.064,80.533],[-81.719,80.385],[-82.263,80.051],[-81.356,79.908],[-80.732,79.659],[-81.106,79.701],[-81.758,79.682],[-82.899,80.035],[-83.618,80.207],[-85.384,80.232],[-86.17,80.279],[-86.322,80.114],[-85.693,79.719],[-85.51,79.828],[-83.911,79.257],[-83.127,79.116],[-81.597,78.755],[-82.107,78.736],[-82.326,78.665],[-82.929,78.717],[-83.84,78.857],[-84.98,78.908],[-85.807,78.906],[-86.304,78.834],[-86.825,78.586],[-86.917,78.245],[-86.51,78.297],[-84.843,78.16],[-84.939,78.09],[-84.868,77.708],[-84.407,77.631],[-83.049,77.631],[-83.319,77.374],[-83.692,77.313],[-84.442,77.303],[-84.93,77.345],[-85.538,77.49],[-86.036,77.723],[-86.436,77.817],[-87.812,77.876],[-88.051,77.754],[-87.582,77.461],[-87.099,77.281],[-87.323,77.203],[-87.854,77.219],[-88.286,77.141],[-88.561,77.029],[-89.247,76.977],[-89.418,76.61],[-88.589,76.468],[-88.31,76.536],[-88.183,76.74],[-87.273,76.504],[-86.835,76.471],[-85.811,76.456],[-85.037,76.407],[-84.559,76.543],[-84.796,76.866],[-84.622,76.892],[-83.763,76.536],[-83.088,76.478],[-82.424,76.471],[-82.572,76.776],[-81.918,76.633],[-81.382,76.651],[-80.814,76.238],[-80.312,76.272],[-79.837,76.375],[-78.212,76.547],[-77.804,76.726],[-77.824,76.888],[-78.121,77.041],[-79.022,77.056],[-79.712,77.132],[-81.473,77.24],[-82.102,77.316],[-81.554,77.541],[-81.1,77.577],[-80.457,77.474],[-78.855,77.374],[-78.511,77.443],[-78.219,77.573],[-78.182,77.677],[-78.367,78.033],[-78.177,78.068],[-77.017,77.974],[-76.291,78.011],[-76.143,78.072],[-76.618,78.298],[-76.438,78.377],[-75.753,78.361],[-75.521,78.678],[-75.057,78.732],[-74.909,78.821],[-74.963,79.122],[-75.214,79.193],[-76.254,79.325],[-77.299,79.286],[-77.239,79.583],[-76.335,79.611],[-75.174,79.515],[-73.674,79.518],[-73.376,79.581],[-74.542,79.894],[-74.245,80.043],[-73.172,79.969],[-72.514,79.871],[-71.454,79.846],[-70.421,80.05],[-70.219,80.137],[-70.511,80.545],[-69.497,80.547],[-68.546,80.836],[-67.954,80.937],[-66.482,81.303],[-65.3,81.458],[-65.588,81.705],[-65.943,81.715],[-66.711,81.589],[-67.516,81.587],[-67.854,81.752],[-67.585,81.961],[-66.375,82.101],[-65.347,82.103],[-63.921,82.011],[-63.089,82.097],[-62.546,82.257],[-61.989,82.312],[-61.816,82.473],[-62.427,82.634],[-63.185,82.654],[-64.01,82.782],[-65.481,82.9],[-66.825,82.908],[-67.696,82.873],[-70.584,83.176],[-71.068,83.142],[-70.9,82.811],[-71.178,82.81],[-71.926,83.084],[-73.361,83.103],[-73.226,82.861],[-73.424,82.783],[-74.161,82.991],[-74.905,83.022],[-76.382,83.152],[-76.607,83.04],[-75.802,82.68],[-75.925,82.517],[-77.074,82.863],[-78.698,83.003],[-80.415,82.867],[-81.523,82.689],[-81.654,82.58],[-81.287,82.387],[-79.891,82.04],[-80.092,81.966],[-81.391,82.079],[-82.57,82.225],[-84.058,82.285],[-84.947,82.379],[-85.738,82.335],[-86.324,82.206],[-86.682,81.994],[-87.453,82.14],[-90,82.017]]],[[[-100.097,75.765],[-99.896,75.615],[-100.474,75.315],[-100.387,75.182],[-99.944,75.084],[-99.294,75.085],[-98.906,75.136],[-98.164,75.096],[-98.002,75.162],[-98.159,75.444],[-98.152,75.602],[-97.778,75.752],[-97.667,75.861],[-97.651,76.138],[-97.817,76.476],[-97.964,76.552],[-98.615,76.678],[-98.83,76.618],[-98.903,76.414],[-100.067,76.675],[-100.694,76.606],[-100.511,76.445],[-99.912,76.168],[-99.867,76.059],[-100.074,76.016],[-101.14,76.436],[-101.746,76.544],[-101.885,76.333],[-101.675,76.064],[-101.94,76.038],[-102.183,75.928],[-102.516,75.919],[-102.534,75.769],[-102.15,75.644],[-100.619,75.789],[-100.097,75.765]]],[[[-96.809,76.92],[-96.277,76.733],[-95.873,76.513],[-93.938,76.398],[-93.82,76.483],[-93.795,76.738],[-94.195,76.899],[-94.934,76.923],[-95.629,77.042],[-96.723,77.022],[-96.809,76.92]]],[[[-98.343,78.803],[-98.437,78.661],[-97.923,78.319],[-97.46,78.101],[-97.087,78.015],[-96.602,77.998],[-95.233,78.132],[-95.097,78.438],[-97.31,78.822],[-98.343,78.803]]],[[[-88.336,80.12],[-89.042,80.167],[-89.425,80.615],[-89.799,80.703],[-90,80.642],[-91.016,80.75],[-91.31,80.868],[-92.025,81.259],[-92.398,81.35],[-93.435,81.44],[-93.203,81.226],[-93.532,81.124],[-94.04,81.164],[-95.06,81.031],[-94.25,80.674],[-94.321,80.575],[-95.081,80.583],[-95.409,80.524],[-95.58,80.386],[-95.24,80.228],[-94.675,80.117],[-95.7,80.037],[-96.587,80.093],[-96.433,79.933],[-95.792,79.718],[-95.039,79.396],[-94.586,79.406],[-94.317,79.487],[-93.674,79.479],[-93.178,79.534],[-91.819,79.438],[-90,79.126],[-91.409,79.171],[-91.808,79.215],[-93.303,79.256],[-94.189,79.148],[-94.103,79.023],[-92.702,78.434],[-91.424,78.305],[-90,78.263],[-90,78.624],[-89.121,78.344],[-88.759,78.451],[-88.956,78.75],[-88.661,78.901],[-87.989,78.716],[-87.787,78.725],[-87.539,78.956],[-87.165,79.126],[-86.446,79.225],[-85.759,79.378],[-85.994,79.486],[-86.997,79.445],[-87.341,79.644],[-87.336,80.093],[-87.504,80.228],[-88.15,80.46],[-88.348,80.411],[-88.336,80.12]]]]},"properties":{"NAME":"Canada","SUBJECTO":"Canada","PARTOF":"Canada","BORDERPRECISION":3}},
{"type":"Feature","geometry":{"type":"MultiPolygon","coordinates":[[[[-73.112,-72.749],[-71.566,-72.749],[-70.021,-72.672],[-69.325,-72.286],[-68.63,-72.054],[-68.398,-71.127],[-68.862,-70.509],[-69.48,-69.968],[-69.943,-69.35],[-70.33,-68.963],[-70.716,-68.809],[-71.412,-68.886],[-71.952,-69.041],[-72.394,-69.261],[-71.798,-69.736],[-71.798,-70.354],[-72.184,-70.586],[-72.107,-71.05],[-72.725,-71.281],[-74.116,-71.359],[-74.657,-71.436],[-75.275,-71.668],[-75.043,-72.054],[-74.348,-72.209],[-73.421,-71.977],[-72.03,-71.822],[-71.952,-72.209],[-72.493,-72.44],[-72.88,-72.44],[-73.112,-72.749]]],[[[-102.551,-72.131],[-101.16,-72.363],[-98.834,-72.521],[-97.142,-72.672],[-95.906,-72.363],[-97.22,-71.822],[-99.692,-71.822],[-101.16,-71.822],[-102.551,-72.131]]],[[[-150.951,-76.949],[-150.325,-77.098],[-149.429,-77.098],[-149.787,-76.889],[-150.414,-76.83],[-150.951,-76.949]]],[[[-55.185,-80.94],[-50.162,-80.786],[-44.831,-80.322],[-43.904,-79.781],[-43.904,-79.24],[-44.213,-78.39],[-45.758,-78.081],[-48.849,-78.081],[-50.24,-78.39],[-50.858,-78.699],[-51.012,-79.395],[-51.708,-79.781],[-53.871,-79.936],[-54.953,-80.399],[-55.185,-80.94]]],[[[-164.058,-79.356],[-162.358,-79.742],[-160.426,-79.974],[-159.203,-79.882],[-158.804,-79.665],[-160.735,-79.047],[-162.59,-78.815],[-163.517,-78.97],[-164.058,-79.356]]],[[[169.769,-83.418],[168.874,-83.343],[167.885,-83.475],[167.358,-83.435],[167.569,-83.317],[168.321,-83.198],[168.386,-83.092],[167.275,-82.988],[164.957,-82.447],[163.309,-82.087],[162.015,-81.66],[160.577,-81.534],[160.433,-80.906],[160.019,-80.743],[159.943,-80.58],[159.579,-80.442],[158.348,-80.492],[158.135,-80.316],[159.315,-80.027],[159.818,-79.688],[160.119,-79.6],[160.345,-79.4],[159.843,-79.161],[160.089,-78.97],[160.686,-79.114],[161.773,-78.866],[162.594,-78.904],[163.643,-78.661],[164.902,-78.599],[166.753,-78.599],[165.551,-78.351],[165.399,-78.198],[164.483,-78.064],[164.107,-77.656],[163.529,-77.74],[163.452,-77.416],[163.3,-77.187],[162.956,-77.072],[162.613,-77.072],[162.327,-76.958],[162.67,-76.767],[162.632,-76.423],[162.384,-76.214],[162.594,-76.004],[162.765,-75.966],[162.823,-75.622],[162.407,-75.338],[162.346,-75.107],[163.414,-75.031],[163.433,-74.744],[163.777,-74.649],[164.33,-74.763],[165.189,-74.668],[164.616,-74.172],[165.799,-73.828],[167.575,-73.476],[168.178,-73.583],[168.899,-73.54],[168.975,-73.239],[169.459,-73.056],[169.911,-72.615],[170.105,-72.636],[170.116,-72.335],[169.868,-72.356],[169.793,-72.238],[169.89,-72.076],[170.395,-72.001],[170.729,-71.904],[170.525,-71.603],[170.277,-71.517],[170.083,-71.667],[168.743,-71.243],[167.963,-71.097],[167.635,-70.865],[164.957,-70.625],[164.319,-70.518],[163.439,-70.539],[163.376,-70.656],[162.888,-70.571],[162.485,-70.306],[162.136,-70.285],[161.557,-70.315],[161.33,-70.232],[160.599,-70.221],[159.846,-69.829],[159.114,-69.606],[157.307,-69.156],[156.148,-69.311],[154.945,-69.077],[154.435,-68.95],[154.286,-68.63],[153.924,-68.439],[153.605,-68.481],[153.752,-68.925],[152.306,-68.843],[151.093,-68.886],[150.838,-68.779],[150.893,-68.538],[148.73,-68.306],[148.263,-68.205],[148.093,-67.937],[146.875,-67.997],[146.39,-67.779],[145.454,-67.63],[145.322,-67.575],[145.39,-67.417],[145.586,-67.223],[145.262,-67.098],[144.38,-67.173],[143.388,-66.972],[142.76,-67.048],[142.183,-66.985],[141.157,-66.722],[138.685,-66.568],[136.317,-66.399],[135.053,-66.182],[134.691,-66.083],[134.982,-65.597],[134.59,-65.022],[134.035,-65.185],[134.011,-65.549],[134.205,-66.18],[133.307,-66.132],[132.967,-66.259],[130.272,-66.253],[129.422,-66.52],[129.01,-67.03],[126.8,-66.884],[126.412,-66.374],[125.441,-66.447],[125.125,-66.787],[123.54,-66.645],[122.458,-66.645],[121.454,-66.8],[119.599,-66.916],[118.286,-67.07],[116.972,-66.838],[116.122,-66.529],[115.679,-66.414],[114.436,-66.493],[113.959,-65.988],[113.015,-65.763],[112.027,-65.988],[111.673,-65.96],[110.607,-66.059],[110.481,-66.297],[110.568,-66.395],[109.976,-66.592],[109.404,-66.71],[108.437,-66.75],[108.101,-66.71],[107.622,-66.452],[107.159,-66.452],[105.459,-66.297],[103.836,-65.988],[103.311,-66.066],[102.631,-65.926],[101.715,-65.977],[100.875,-66.079],[99.654,-66.549],[99.12,-66.893],[98.662,-66.626],[98.064,-66.588],[97.114,-66.684],[95.723,-66.529],[93.482,-66.607],[90,-66.607],[88.654,-66.764],[88.517,-66.415],[88.305,-66.066],[88.084,-66.111],[87.841,-66.452],[87.765,-66.749],[87.223,-66.993],[85.523,-66.916],[82.742,-67.225],[81.814,-67.302],[80.887,-67.611],[79.805,-67.92],[78.26,-68.384],[77.796,-68.847],[76.869,-69.311],[75.401,-69.466],[74.396,-69.775],[72.542,-70.238],[71.924,-70.547],[71.151,-71.32],[70.301,-72.015],[69.528,-72.402],[68.215,-72.402],[67.365,-72.093],[67.365,-71.706],[68.138,-71.088],[68.684,-71.06],[69.074,-70.588],[68.889,-70.423],[68.458,-70.69],[68.191,-70.67],[67.513,-70.464],[67.841,-70.033],[68.215,-69.852],[68.622,-70.033],[68.951,-69.889],[69.142,-69.388],[69.444,-69.19],[69.773,-68.636],[69.683,-68.152],[69.374,-67.843],[66.979,-67.843],[63.579,-67.534],[62.806,-67.611],[62.111,-67.534],[59.603,-67.33],[57.402,-67.039],[56.627,-66.942],[56.702,-66.738],[57.111,-66.695],[57.101,-66.523],[56.767,-66.458],[56.175,-66.447],[55.142,-65.963],[53.765,-65.911],[52.452,-65.988],[50.52,-66.375],[50.14,-66.484],[50.006,-66.588],[50.006,-66.84],[50.243,-66.988],[50.273,-67.137],[49.962,-67.196],[49.67,-67.07],[48.967,-66.973],[48.314,-67.018],[48.27,-67.181],[48.848,-67.434],[48.279,-67.534],[47.305,-67.775],[47.008,-67.671],[46.919,-67.404],[46.37,-67.33],[46.058,-67.434],[46.133,-67.567],[46.038,-67.688],[44.797,-67.745],[44.184,-68.036],[42.561,-68.113],[41.943,-68.422],[39.647,-68.934],[39.459,-69.701],[38.332,-70.029],[38.332,-69.795],[38.41,-69.638],[38.269,-69.544],[37.956,-69.889],[37.299,-69.654],[37.674,-69.513],[37.581,-69.278],[36.986,-69.356],[36.532,-69.654],[36.078,-69.591],[35.298,-69.118],[34.716,-68.934],[34.293,-68.5],[33.541,-68.542],[33.025,-68.918],[32.748,-69.35],[31.744,-69.504],[30.662,-69.736],[28.344,-70.045],[25.639,-70.354],[23.707,-70.586],[22.548,-70.586],[19.535,-70.161],[17.603,-70.084],[16.058,-70.161],[12.658,-70.315],[11.962,-70.702],[11.113,-70.856],[10.34,-70.702],[9.413,-70.084],[8.485,-70.084],[6.554,-70.47],[3.308,-70.934],[0.681,-71.32],[-0.092,-71.552],[-0.787,-71.706],[-1.251,-71.32],[-2.719,-71.397],[-4.882,-71.281],[-6.318,-71.425],[-6.255,-71.154],[-5.732,-70.895],[-6.35,-70.663],[-7.2,-70.895],[-7.633,-71.258],[-7.741,-71.668],[-8.823,-71.822],[-9.364,-71.127],[-9.75,-71.05],[-10.214,-71.204],[-11.141,-71.59],[-11.599,-71.634],[-11.808,-71.3],[-12.371,-71.404],[-12.329,-71.675],[-11.557,-72.072],[-11.828,-72.323],[-12.538,-72.51],[-14.271,-72.844],[-14.584,-73.178],[-15.7,-73.29],[-16.396,-73.445],[-17.091,-73.909],[-16.164,-74.063],[-15.005,-73.831],[-14.451,-74.065],[-17.168,-74.758],[-18.405,-75.686],[-20.645,-75.918],[-23.582,-75.918],[-25.977,-76.304],[-30.227,-76.845],[-32.081,-77.308],[-33.163,-77.386],[-34.94,-77.927],[-36.408,-78.622],[-36.408,-79.163],[-35.018,-79.163],[-32.854,-79.317],[-31.849,-79.24],[-29.568,-79.224],[-29.035,-79.377],[-28.913,-79.858],[-28.372,-80.09],[-28.913,-80.476],[-32.931,-80.863],[-38.031,-80.94],[-41.817,-81.404],[-42.976,-81.945],[-43.826,-81.79],[-48.231,-81.945],[-51.144,-81.992],[-52.249,-82.022],[-55.185,-82.331],[-57.58,-83.026],[-58.971,-83.181],[-59.28,-82.717],[-60.207,-82.331],[-63.144,-82.099],[-67.934,-81.481],[-71.798,-81.095],[-74.889,-80.708],[-76.643,-80.215],[-78.289,-80.322],[-80.003,-79.93],[-78.829,-80.013],[-77.361,-79.936],[-76.434,-79.858],[-76.416,-79.588],[-76.589,-79.395],[-77.98,-79.086],[-80.22,-79.317],[-81.302,-79.317],[-81.92,-79.163],[-82.461,-79.24],[-82.925,-79.163],[-84.104,-78.649],[-84.161,-78.236],[-83.079,-78.236],[-82.075,-78.777],[-81.457,-78.854],[-79.139,-78.931],[-78.134,-78.699],[-77.782,-78.649],[-77.67,-78.467],[-78.289,-78.313],[-79.293,-78.313],[-80.761,-78.236],[-81.285,-77.994],[-81.655,-77.68],[-80.687,-77.566],[-79.293,-77.695],[-77.052,-77.927],[-74.502,-78.081],[-73.027,-77.823],[-73.568,-77.481],[-75.816,-77.463],[-77.67,-76.922],[-78.598,-76.613],[-78.829,-76.227],[-78.443,-75.995],[-77.825,-75.995],[-76.28,-76.304],[-75.932,-76.484],[-73.881,-76.627],[-70.562,-76.69],[-69.248,-76.381],[-68.166,-76.227],[-65.925,-75.84],[-64.457,-75.686],[-63.685,-75.222],[-63.221,-74.836],[-62.68,-74.758],[-61.367,-73.909],[-60.98,-73.136],[-60.826,-72.749],[-60.98,-72.054],[-61.367,-71.436],[-61.676,-70.818],[-62.139,-70.509],[-62.448,-70.122],[-63.144,-69.427],[-63.453,-68.886],[-63.839,-68.654],[-64.535,-68.654],[-65.153,-68.5],[-65.462,-68.191],[-65.694,-67.881],[-65.385,-67.341],[-64.921,-67.031],[-64.38,-66.722],[-63.839,-66.491],[-63.376,-66.491],[-62.757,-66.645],[-62.448,-66.336],[-62.371,-65.795],[-61.598,-65.177],[-61.135,-64.868],[-59.821,-64.327],[-58.894,-64.327],[-58.353,-64.095],[-57.271,-63.709],[-57.426,-63.245],[-58.121,-63.4],[-59.126,-63.863],[-60.207,-63.941],[-61.289,-64.482],[-62.912,-64.713],[-64.225,-65.254],[-64.689,-65.563],[-65.075,-65.95],[-65.771,-66.182],[-66.853,-66.8],[-67.703,-66.877],[-67.857,-67.572],[-67.316,-67.804],[-67.239,-68.268],[-67.084,-68.654],[-67.471,-69.195],[-68.244,-69.35],[-68.784,-69.813],[-68.63,-70.277],[-68.089,-70.586],[-67.703,-71.281],[-67.084,-71.822],[-67.084,-72.44],[-67.625,-72.749],[-69.016,-72.981],[-71.489,-73.368],[-73.73,-73.599],[-75.584,-73.754],[-77.13,-73.638],[-78.52,-73.715],[-79.293,-73.406],[-79.757,-73.174],[-80.993,-73.252],[-81.302,-73.793],[-81.766,-74.024],[-84.393,-73.793],[-85.938,-73.484],[-86.325,-73.252],[-87.406,-73.406],[-88.565,-73.252],[-88.72,-72.788],[-89.261,-72.788],[-89.57,-73.097],[-90,-73.329],[-91.965,-73.252],[-93.974,-73.174],[-95.442,-73.252],[-96.524,-73.329],[-99.788,-72.998],[-102.174,-73.09],[-102.551,-72.788],[-103.587,-72.741],[-103.587,-73.108],[-103.293,-73.328],[-102.944,-73.365],[-100.229,-73.438],[-99.678,-73.658],[-101.421,-73.768],[-103.247,-73.561],[-103.165,-73.86],[-102.86,-73.947],[-101.88,-74.099],[-101.495,-74.539],[-100.559,-74.466],[-100.394,-74.576],[-100.412,-74.759],[-100.999,-74.888],[-100.008,-74.943],[-99.733,-75.071],[-100.045,-75.31],[-100.697,-75.261],[-101.752,-75.255],[-103.942,-75.106],[-105.642,-75.068],[-106.801,-75.377],[-108.347,-75.299],[-109.196,-75.145],[-110.557,-75.303],[-110.791,-74.951],[-110.337,-74.761],[-110.433,-74.295],[-111.099,-74.175],[-111.746,-74.295],[-111.744,-74.717],[-112.365,-74.836],[-113.428,-74.688],[-113.238,-74.321],[-113.502,-74.072],[-114.146,-73.926],[-114.937,-74.058],[-114.992,-74.449],[-117.387,-74.527],[-118.083,-74.295],[-118.778,-74.604],[-120.169,-74.527],[-123.569,-74.836],[-127.123,-74.681],[-128.978,-74.913],[-130.987,-74.797],[-133.536,-74.797],[-134.773,-74.643],[-136.782,-74.874],[-138.559,-75.106],[-140.568,-75.261],[-144.509,-75.724],[-145.9,-75.956],[-146.672,-76.111],[-148.527,-76.033],[-149.609,-76.343],[-148.45,-76.497],[-147.131,-76.531],[-146.116,-76.86],[-146.146,-77.457],[-147.986,-77.347],[-149.995,-77.733],[-150.613,-77.656],[-152.086,-77.337],[-154.167,-77.115],[-156.408,-77.115],[-157.151,-77.238],[-158.031,-77.27],[-158.185,-77.811],[-157.336,-78.197],[-156.563,-78.352],[-156.022,-78.352],[-154.708,-78.12],[-154.132,-78.352],[-154.708,-78.506],[-155.867,-78.738],[-154.554,-79.124],[-153.24,-79.124],[-151.772,-79.201],[-150.58,-79.483],[-148.604,-79.665],[-146.904,-80.051],[-145.668,-80.515],[-148.836,-81.365],[-149.995,-81.21],[-151.54,-81.21],[-154.477,-81.056],[-155.713,-81.056],[-156.999,-81.196],[-156.952,-81.314],[-155.569,-81.407],[-154.267,-81.677],[-154.983,-81.911],[-154.554,-82.138],[-153.549,-82.292],[-152.081,-82.601],[-152.931,-82.91],[-153.24,-83.297],[-153.31,-83.942],[-153.086,-84.147],[-152.004,-84.379],[-150.613,-84.456],[-149.609,-84.456],[-145.281,-84.765],[-138.817,-85.013],[-139.331,-85.223],[-141.418,-85.229],[-148.759,-85.074],[-150.381,-85.46],[-151.463,-85.306],[-154.399,-85.383],[-156.563,-85.46],[-160.504,-85.383],[-167.226,-84.765],[-170.317,-84.688],[-173.871,-84.456],[-178.43,-84.456],[-180,-84.305],[-180,-90],[180,-90],[180,-84.302],[179.161,-84.174],[178.304,-84.187],[176.933,-84.031],[174.585,-83.883],[172.58,-83.844],[171.895,-83.607],[171.49,-83.594],[169.769,-83.418]]]]},"properties":{"NAME":null,"SUBJECTO":null,"PARTOF":null,"BORDERPRECISION":3}},
{"type":"Feature","geometry":{"type":"MultiPolygon","coordinates":[[[[2.522,51.091],[2.443,51.048],[2.03,51.007],[1.589,50.822],[1.528,50.578],[1.552,50.229],[1.275,50.004],[0.529,49.826],[0.189,49.681],[0.09,49.511],[0.331,49.455],[0.033,49.334],[-0.239,49.285],[-0.465,49.351],[-1.023,49.398],[-1.177,49.333],[-1.289,49.521],[-1.251,49.7],[-1.524,49.653],[-1.941,49.709],[-1.892,49.526],[-1.639,49.22],[-1.58,49.229],[-1.576,48.768],[-1.457,48.684],[-1.591,48.638],[-1.858,48.608],[-1.871,48.712],[-2.2,48.599],[-2.343,48.674],[-2.636,48.552],[-2.791,48.59],[-3.091,48.872],[-3.558,48.81],[-3.608,48.693],[-3.821,48.721],[-3.902,48.646],[-3.999,48.731],[-4.251,48.652],[-4.488,48.612],[-4.626,48.547],[-4.762,48.552],[-4.78,48.355],[-4.592,48.392],[-4.35,48.391],[-4.389,48.298],[-4.588,48.251],[-4.351,48.205],[-4.313,48.101],[-4.7,48.064],[-4.675,48.017],[-4.391,47.942],[-4.364,47.829],[-3.955,47.904],[-3.858,47.792],[-3.712,47.798],[-3.063,47.604],[-2.842,47.492],[-2.614,47.572],[-2.466,47.494],[-2.576,47.325],[-2.494,47.247],[-2.109,47.124],[-2.005,47.043],[-2.13,46.851],[-1.942,46.706],[-1.711,46.449],[-1.403,46.404],[-1.256,46.307],[-1.075,46.015],[-1.237,45.8],[-1.247,45.688],[-0.855,45.321],[-0.728,45.019],[-0.9,45.294],[-1.123,45.432],[-1.175,45.501],[-1.276,45.129],[-1.332,44.614],[-1.23,44.73],[-1.136,44.6],[-1.314,44.559],[-1.561,43.524],[-1.746,43.36],[-1.915,43.305],[-1.702,43.196],[-1.491,43.21],[-1.466,43.155],[-1.558,43.045],[-1.448,42.984],[-1.397,43.032],[-0.907,42.881],[-0.84,42.909],[-0.612,42.731],[-0.41,42.786],[-0.216,42.717],[-0.166,42.649],[0.18,42.663],[0.196,42.608],[0.348,42.635],[0.592,42.628],[0.584,42.772],[0.744,42.772],[1.307,42.635],[1.364,42.41],[1.448,42.375],[1.709,42.423],[1.86,42.382],[1.876,42.314],[1.994,42.307],[2.171,42.382],[2.363,42.293],[2.582,42.287],[2.599,42.348],[2.937,42.41],[3.087,42.369],[3.002,42.771],[3.068,42.945],[3.318,43.196],[3.479,43.312],[3.807,43.467],[4.078,43.487],[4.417,43.346],[4.647,43.321],[4.91,43.366],[5.052,43.328],[5.434,43.104],[5.647,43.033],[5.829,43.021],[6.523,43.151],[6.923,43.448],[7.298,43.667],[7.397,43.764],[7.355,43.902],[6.923,43.815],[6.886,43.902],[6.997,44.05],[6.935,44.136],[6.836,44.112],[6.787,44.297],[6.87,44.349],[6.783,44.548],[6.925,44.715],[7.003,44.72],[6.943,44.869],[6.665,44.955],[6.507,45.116],[6.28,45.199],[6.219,45.347],[6.033,45.334],[6.058,45.223],[5.947,45.26],[5.823,45.396],[5.848,45.52],[5.91,45.507],[5.897,45.742],[5.947,45.816],[5.86,46.026],[5.935,46.026],[5.941,46.176],[6.049,46.277],[6.019,46.484],[6.058,46.616],[6.382,46.804],[6.364,46.946],[6.623,47.054],[6.866,47.31],[6.823,47.378],[6.922,47.514],[7.123,47.511],[7.121,47.468],[7.333,47.465],[7.507,47.604],[7.446,47.709],[7.543,48.024],[7.536,48.191],[7.681,48.359],[7.729,48.616],[8.158,48.978],[7.886,49.065],[7.67,49.059],[7.465,49.099],[7.423,49.183],[6.975,49.137],[6.954,49.202],[6.777,49.177],[6.433,49.445],[6.368,49.473],[5.824,49.507],[5.788,49.559],[5.475,49.48],[5.418,49.583],[5.098,49.761],[4.86,49.782],[4.877,49.885],[4.812,49.966],[4.865,50.134],[4.755,50.101],[4.668,49.96],[4.285,49.911],[4.156,49.966],[4.148,50.134],[4.22,50.242],[4.051,50.318],[3.675,50.334],[3.603,50.47],[3.37,50.465],[3.283,50.524],[3.123,50.807],[2.875,50.682],[2.755,50.739],[2.616,50.89],[2.522,51.091]]],[[[9.432,42.794],[9.367,42.988],[9.303,42.983],[9.28,42.728],[9.238,42.664],[9.149,42.711],[9.018,42.691],[8.609,42.487],[8.5,42.36],[8.628,42.262],[8.517,42.208],[8.511,42.134],[8.668,42.029],[8.538,41.948],[8.562,41.882],[8.742,41.882],[8.627,41.732],[8.855,41.654],[8.727,41.561],[8.829,41.492],[9.013,41.458],[9.039,41.369],[9.173,41.35],[9.305,41.575],[9.357,41.901],[9.453,42.048],[9.487,42.406],[9.459,42.556],[9.405,42.581],[9.432,42.794]]]]},"properties":{"NAME":"France","SUBJECTO":"France","PARTOF":"France","BORDERPRECISION":3}},
{"type":"Feature","geometry":{"type":"Polygon","coordinates":[[[10.396,46.887],[10.409,46.965],[10.312,47.017],[10.052,46.868],[9.804,46.977],[9.801,47.042],[9.521,47.069],[9.561,47.156],[9.465,47.286],[9.584,47.409],[9.539,47.487],[9.178,47.664],[8.983,47.68],[8.659,47.715],[8.651,47.783],[8.332,47.693],[8.412,47.604],[8.253,47.594],[8.128,47.644],[7.873,47.573],[7.751,47.616],[7.628,47.564],[7.507,47.604],[7.333,47.465],[7.121,47.468],[7.123,47.511],[6.922,47.514],[6.823,47.378],[6.866,47.31],[6.623,47.054],[6.364,46.946],[6.382,46.804],[6.058,46.616],[6.019,46.484],[6.049,46.277],[5.941,46.176],[6.108,46.126],[6.384,46.342],[6.361,46.348],[6.278,46.35],[6.148,46.207],[6.171,46.296],[6.347,46.461],[6.511,46.516],[6.743,46.489],[6.746,46.487],[6.777,46.473],[6.832,46.467],[6.857,46.385],[6.807,46.394],[6.91,46.13],[6.955,45.939],[7.225,45.911],[7.507,46.003],[7.79,45.927],[7.914,45.999],[8.071,46.193],[8.025,46.289],[8.375,46.471],[8.382,46.284],[8.622,46.121],[8.762,46.089],[8.718,46.007],[8.891,45.866],[9.019,45.934],[9.027,46.175],[9.218,46.348],[9.21,46.498],[9.377,46.534],[9.441,46.375],[9.545,46.312],[9.674,46.38],[9.885,46.403],[9.995,46.252],[10.097,46.439],[9.987,46.498],[10.024,46.621],[10.151,46.662],[10.23,46.589],[10.372,46.566],[10.339,46.748],[10.396,46.887]]]},"properties":{"NAME":"Switzerland","SUBJECTO":"Switzerland","PARTOF":"Switzerland","BORDERPRECISION":3}},
{"type":"Feature","geometry":{"type":"Polygon","coordinates":[[[-59.404,8.16],[-60.104,6.557],[-58.703,2.767],[-57.879,2.849],[-57.9,1.594],[-57.554,1.708],[-57.134,1.902],[-56.71,1.891],[-56.683,1.987],[-56.832,2.24],[-57.053,2.748],[-57.163,3.122],[-57.246,3.255],[-57.499,3.285],[-57.738,3.589],[-57.995,3.963],[-57.848,4.275],[-57.805,4.485],[-57.84,4.835],[-57.764,4.911],[-57.255,4.952],[-57.173,5.074],[-57.136,5.462],[-57.072,5.685],[-57.065,5.837],[-57.233,6.129],[-57.414,6.351],[-57.732,6.599],[-57.96,6.732],[-58.006,6.789],[-58.275,6.871],[-58.375,6.826],[-58.509,6.559],[-58.575,6.984],[-58.559,7.315],[-58.617,7.499],[-58.881,7.797],[-59.194,8.032],[-59.404,8.16]]]},"properties":{"NAME":"British Guiana","SUBJECTO":"British Guiana","PARTOF":"British Guiana","BORDERPRECISION":3}},
{"type":"Feature","geometry":{"type":"MultiPolygon","coordinates":[[[[-50.225,-1.735],[-49.937,-1.659],[-49.347,-1.645],[-49.138,-1.568],[-48.886,-1.421],[-48.756,-1.281],[-48.64,-1.058],[-48.553,-0.632],[-48.402,-0.391],[-48.546,-0.321],[-48.762,-0.283],[-48.977,-0.208],[-49.143,-0.195],[-49.358,-0.285],[-50.207,-0.191],[-50.422,-0.217],[-50.501,-0.262],[-50.595,-0.719],[-50.617,-0.891],[-50.574,-1.177],[-50.647,-1.266],[-50.611,-1.438],[-50.476,-1.679],[-50.225,-1.735]]],[[[-66.85,1.011],[-66.655,0.987],[-66.343,0.741],[-66.126,0.64],[-65.939,0.673],[-65.599,0.987],[-65.562,0.904],[-65.478,0.555],[-65.356,0.562],[-65.066,0.895],[-64.732,1.189],[-64.483,1.318],[-64.19,1.396],[-64.084,1.492],[-63.968,1.791],[-63.876,1.881],[-63.583,1.94],[-63.327,2.062],[-60.516,2.19],[-59.625,1.734],[-59.129,1.33],[-58.853,1.154],[-58.544,1.188],[-58.232,1.418],[-58.004,1.56],[-57.9,1.594],[-57.879,2.849],[-58.703,2.767],[-60.104,6.557],[-59.404,8.16],[-59.834,8.44],[-60.213,8.563],[-60.539,8.601],[-60.957,8.587],[-61.105,8.523],[-61.271,8.51],[-61.765,8.583],[-61.29,8.771],[-61.194,8.873],[-61.121,9.165],[-60.793,9.388],[-61.001,9.521],[-61.415,9.698],[-61.531,9.851],[-61.699,9.895],[-61.917,9.907],[-62.103,10.021],[-62.186,9.957],[-62.297,9.722],[-62.385,10.014],[-62.659,10.255],[-62.925,10.369],[-62.952,10.451],[-62.914,10.547],[-62.72,10.553],[-62.336,10.535],[-62.203,10.618],[-62.178,10.682],[-62.29,10.732],[-62.703,10.757],[-63.653,10.691],[-63.857,10.71],[-64.068,10.627],[-64.537,10.264],[-64.712,10.161],[-64.884,10.136],[-65.376,10.154],[-65.596,10.217],[-65.856,10.331],[-65.977,10.407],[-66.157,10.622],[-66.478,10.679],[-67.103,10.627],[-67.521,10.6],[-67.98,10.542],[-68.141,10.58],[-68.302,10.726],[-68.372,11.012],[-68.549,11.265],[-68.695,11.38],[-68.961,11.468],[-69.481,11.549],[-69.629,11.541],[-69.743,11.657],[-69.786,11.94],[-69.87,12.012],[-69.974,12.228],[-70.138,12.209],[-70.29,12.113],[-70.339,11.999],[-70.197,11.751],[-70.095,11.746],[-69.923,11.79],[-69.792,11.693],[-69.748,11.533],[-70.122,11.491],[-70.161,11.39],[-70.61,11.267],[-71.098,11.12],[-71.548,10.949],[-71.456,10.885],[-71.499,10.772],[-71.607,10.727],[-71.496,10.646],[-71.443,10.468],[-71.381,10.408],[-71.184,10.046],[-71.089,9.919],[-71.014,9.627],[-71.044,9.392],[-71.098,9.328],[-71.369,9.143],[-71.605,9.092],[-71.758,9.25],[-71.871,9.574],[-72,9.688],[-72.114,9.904],[-71.896,10.44],[-71.749,10.604],[-71.688,10.769],[-71.757,11.03],[-71.738,11.095],[-71.838,11.151],[-71.988,11.608],[-71.923,11.703],[-71.594,11.844],[-71.189,11.912],[-71.246,11.959],[-71.624,11.882],[-71.865,11.812],[-72.051,11.722],[-72.076,11.592],[-72.055,11.369],[-72.113,11.191],[-72.386,11.176],[-72.832,10.385],[-72.909,10.06],[-73.017,9.735],[-73.337,9.199],[-73.156,9.188],[-73.05,9.233],[-72.878,9.24],[-72.738,8.968],[-72.353,8.315],[-72.307,8.137],[-72.409,7.628],[-72.364,7.469],[-72.184,7.331],[-71.991,7.084],[-71.812,6.97],[-71.589,6.978],[-71.066,7.032],[-70.541,7.054],[-70.306,6.973],[-70.018,6.828],[-69.934,6.714],[-69.552,6.265],[-69.303,6.006],[-69.238,6.006],[-68.661,6.143],[-67.766,6.244],[-67.476,6.208],[-67.66,5.971],[-67.698,5.52],[-67.869,5.29],[-67.935,5.143],[-67.886,4.667],[-67.813,4.305],[-67.497,3.754],[-67.278,3.462],[-67.223,3.336],[-67.552,3.06],[-67.768,2.824],[-67.539,2.603],[-67.18,2.071],[-67.113,1.995],[-67.051,1.798],[-66.939,1.208],[-66.85,1.011]]]]},"properties":{"NAME":"Venezuela","SUBJECTO":"Venezuela","PARTOF":"Venezuela","BORDERPRECISION":3}},
{"type":"Feature","geometry":{"type":"Polygon","coordinates":[[[-72.916,-9.041],[-66.474,-9.915],[-66.306,-9.841],[-65.886,-9.806],[-65.309,-9.816],[-65.288,-10.152],[-65.353,-10.712],[-65.337,-11.08],[-65.273,-11.366],[-65.122,-11.632],[-64.756,-12.049],[-64.261,-12.472],[-64.119,-12.516],[-63.765,-12.526],[-63.605,-12.512],[-63.301,-12.625],[-62.991,-12.763],[-62.654,-13.034],[-62.519,-13.078],[-62.079,-13.101],[-61.906,-13.449],[-61.726,-13.588],[-61.627,-13.625],[-61.111,-13.591],[-60.824,-13.646],[-60.583,-13.721],[-60.401,-13.828],[-60.363,-13.904],[-60.38,-14.158],[-60.289,-14.621],[-60.275,-14.939],[-60.213,-15.853],[-60.101,-16.278],[-60.032,-16.329],[-59.372,-16.35],[-58.645,-16.359],[-58.333,-16.37],[-58.315,-16.503],[-58.432,-16.879],[-58.402,-17.133],[-58.206,-17.316],[-57.877,-17.479],[-57.734,-17.694],[-57.596,-18.043],[-57.586,-18.265],[-57.67,-18.793],[-57.777,-19.168],[-57.948,-19.512],[-58.138,-19.812],[-58.024,-19.995],[-57.986,-20.294],[-57.752,-20.686],[-57.705,-21.118],[-57.803,-21.83],[-57.806,-22.154],[-57.271,-22.24],[-56.854,-22.339],[-56.699,-22.325],[-56.379,-22.139],[-56.328,-22.139],[-56.002,-22.264],[-55.623,-22.446],[-55.568,-22.643],[-55.349,-23.779],[-55.235,-24.032],[-55.134,-24.057],[-54.554,-23.857],[-54.227,-24.058],[-54.219,-24.121],[-54.363,-24.459],[-54.497,-24.835],[-54.597,-25.204],[-54.609,-25.553],[-54.58,-25.743],[-54.15,-25.671],[-53.942,-25.663],[-53.849,-25.752],[-53.616,-26.271],[-53.659,-27.008],[-53.731,-27.218],[-53.965,-27.359],[-54.755,-27.694],[-54.911,-27.803],[-55.646,-28.455],[-56.292,-29.068],[-57.105,-29.886],[-57.479,-30.282],[-57.576,-30.403],[-57.328,-30.402],[-56.859,-30.291],[-56.746,-30.246],[-56.627,-30.29],[-56.415,-30.453],[-56.244,-30.637],[-55.979,-31.003],[-55.874,-31.174],[-55.753,-31.167],[-55.441,-30.975],[-55.276,-31.152],[-55.082,-31.411],[-54.557,-31.586],[-54.107,-31.85],[-53.894,-32.046],[-53.451,-32.634],[-53.378,-32.646],[-53.228,-32.816],[-53.236,-32.937],[-53.521,-33.282],[-53.567,-33.403],[-53.406,-33.879],[-52.921,-33.439],[-52.567,-33.019],[-52.351,-32.675],[-52.149,-31.906],[-52.144,-31.747],[-52.042,-31.557],[-51.9,-31.429],[-51.602,-31.232],[-51.445,-31.015],[-51.265,-30.469],[-51.232,-30.265],[-50.948,-30.36],[-50.769,-30.366],[-50.609,-30.302],[-50.582,-30.416],[-50.854,-30.938],[-51.137,-31.193],[-51.333,-31.46],[-51.477,-31.823],[-51.117,-31.472],[-50.806,-31.192],[-50.469,-30.74],[-50.244,-30.32],[-50.03,-29.805],[-49.936,-29.627],[-49.546,-29.157],[-49.192,-28.921],[-48.937,-28.698],[-48.728,-28.367],[-48.639,-28.087],[-48.564,-27.681],[-48.603,-26.677],[-48.775,-26.385],[-48.737,-26.315],[-48.611,-26.245],[-48.516,-25.876],[-48.57,-25.635],[-48.722,-25.534],[-48.725,-25.426],[-48.344,-25.399],[-48.125,-25.291],[-47.886,-24.985],[-47.609,-24.788],[-47.283,-24.616],[-47.045,-24.437],[-46.206,-23.883],[-45.953,-23.768],[-45.795,-23.736],[-45.459,-23.856],[-45.364,-23.697],[-45.148,-23.493],[-44.79,-23.352],[-44.658,-23.263],[-44.561,-22.99],[-44.23,-22.989],[-43.815,-22.957],[-43.606,-23.007],[-43.262,-23.032],[-42.967,-23.031],[-42.527,-22.954],[-42.138,-22.972],[-41.958,-22.921],[-41.967,-22.756],[-41.929,-22.546],[-41.77,-22.38],[-41.525,-22.253],[-40.984,-22.086],[-41.048,-21.661],[-41.023,-21.521],[-40.933,-21.279],[-40.478,-20.649],[-40.14,-19.975],[-39.835,-19.701],[-39.739,-19.574],[-39.691,-19.409],[-39.801,-18.748],[-39.783,-18.583],[-39.666,-18.227],[-39.484,-17.998],[-39.142,-17.775],[-39.225,-17.445],[-39.208,-17.146],[-38.948,-16.002],[-38.983,-15.557],[-39.126,-14.325],[-39.092,-14.051],[-39.07,-13.721],[-38.828,-12.983],[-38.799,-12.627],[-38.634,-12.665],[-38.509,-12.798],[-38.473,-12.989],[-38.386,-12.982],[-38.266,-12.887],[-37.906,-12.39],[-37.637,-11.951],[-37.41,-11.468],[-37.404,-11.309],[-37.362,-11.131],[-37.187,-10.845],[-37.027,-10.825],[-36.829,-10.736],[-36.205,-10.156],[-35.599,-9.628],[-35.366,-9.246],[-35.114,-8.661],[-35.005,-8.279],[-34.925,-7.872],[-34.891,-7.612],[-34.918,-7.167],[-35.039,-6.653],[-35.306,-5.751],[-35.345,-5.478],[-35.464,-5.268],[-35.665,-5.18],[-36.075,-5.162],[-36.636,-5.118],[-36.966,-5.043],[-37.181,-4.954],[-37.365,-4.802],[-37.735,-4.53],[-38.068,-4.232],[-38.786,-3.604],[-39.05,-3.408],[-39.393,-3.193],[-39.722,-3.009],[-40.231,-2.851],[-40.418,-2.858],[-40.678,-2.935],[-41.103,-2.974],[-41.606,-2.937],[-42.108,-2.862],[-42.316,-2.818],[-43.068,-2.451],[-43.233,-2.419],[-43.334,-2.432],[-43.782,-2.637],[-44.056,-2.707],[-44.222,-2.777],[-44.593,-3.147],[-44.67,-2.969],[-44.711,-2.759],[-44.659,-2.569],[-44.462,-2.269],[-44.554,-2.092],[-44.796,-1.736],[-44.932,-1.622],[-45.076,-1.604],[-45.256,-1.763],[-45.371,-1.757],[-45.492,-1.49],[-45.643,-1.363],[-46.124,-1.161],[-46.49,-1.035],[-46.634,-1.048],[-46.928,-0.928],[-47.237,-0.68],[-47.316,-0.681],[-47.474,-0.77],[-47.927,-0.771],[-48.043,-0.816],[-48.165,-0.994],[-48.39,-1.414],[-48.527,-1.586],[-48.657,-1.656],[-49.221,-2.108],[-49.423,-2.359],[-49.415,-2.096],[-49.291,-1.791],[-49.622,-1.925],[-49.889,-1.951],[-50.399,-1.965],[-50.643,-1.882],[-50.842,-1.514],[-50.977,-1.114],[-51.027,-1.127],[-51.568,-1.446],[-51.791,-1.535],[-52.022,-1.568],[-52.143,-1.517],[-51.963,-1.313],[-51.774,-0.855],[-51.529,-0.429],[-51.17,-0.079],[-50.876,0.087],[-50.647,0.272],[-50.54,0.418],[-50.12,1.054],[-49.884,1.214],[-49.864,1.328],[-49.881,1.576],[-49.969,1.728],[-50.409,1.823],[-50.555,1.969],[-50.688,2.216],[-50.9,2.838],[-50.949,3.112],[-51.135,3.715],[-51.209,4.071],[-51.315,4.261],[-51.439,4.324],[-51.623,4.216],[-51.617,4.026],[-52.113,3.286],[-52.305,2.941],[-52.503,2.495],[-52.712,2.189],[-52.846,2.092],[-53.098,2.104],[-53.598,2.279],[-53.995,2.003],[-54.096,2.034],[-54.388,2.261],[-54.861,2.481],[-55.004,2.48],[-55.245,2.307],[-55.424,2.281],[-55.612,2.343],[-55.901,2.398],[-56.069,2.181],[-55.794,1.725],[-56.031,1.749],[-56.53,1.873],[-56.71,1.891],[-57.134,1.902],[-57.554,1.708],[-57.9,1.594],[-58.004,1.56],[-58.232,1.418],[-58.544,1.188],[-58.853,1.154],[-59.129,1.33],[-59.625,1.734],[-60.516,2.19],[-63.327,2.062],[-63.583,1.94],[-63.876,1.881],[-63.968,1.791],[-64.084,1.492],[-64.19,1.396],[-64.483,1.318],[-64.732,1.189],[-65.066,0.895],[-65.356,0.562],[-65.478,0.555],[-65.562,0.904],[-65.599,0.987],[-65.939,0.673],[-66.126,0.64],[-66.343,0.741],[-66.655,0.987],[-66.85,1.011],[-67.055,0.941],[-66.66,-2.817],[-67.253,-2.553],[-67.846,-3.081],[-67.978,-3.41],[-69.231,-3.476],[-69.363,-4.135],[-69.901,-4.379],[-69.97,-4.416],[-70.327,-4.31],[-70.549,-4.267],[-70.694,-4.3],[-70.965,-4.499],[-71.132,-4.55],[-71.434,-4.52],[-72.286,-4.869],[-72.602,-5.068],[-72.769,-5.145],[-73.039,-5.782],[-73.183,-6.012],[-73.192,-6.081],[-73.062,-6.519],[-73.343,-6.743],[-73.622,-6.891],[-73.779,-7.045],[-73.89,-7.325],[-73.842,-7.579],[-73.564,-8.009],[-72.964,-8.984],[-72.916,-9.041]]]},"properties":{"NAME":"Kingdom of Brazil","SUBJECTO":"Portugal","PARTOF":"Kingdom of Brazil","BORDERPRECISION":3}},
{"type":"Feature","geometry":{"type":"Polygon","coordinates":[[[-80.229,-3.471],[-80.245,-3.95],[-80.35,-4.103],[-80.306,-4.325],[-80.259,-4.414],[-80.059,-4.464],[-79.692,-4.461],[-79.552,-4.575],[-79.465,-4.791],[-79.286,-5.012],[-79.107,-5.043],[-78.998,-5.01],[-78.878,-4.87],[-77.405,-4.333],[-77.339,-4.795],[-75.691,-5.058],[-75.493,-4.663],[-74.985,-4.782],[-74.605,-4.36],[-74.309,-4.613],[-74.183,-4.402],[-73.888,-4.571],[-73.592,-4.444],[-73.423,-4.022],[-73.128,-3.938],[-73.255,-3.6],[-72.875,-3.389],[-72.242,-3.516],[-71.862,-3.263],[-71.736,-3.642],[-71.061,-3.938],[-70.588,-3.791],[-70.068,-2.911],[-70.052,-2.822],[-70.694,-2.412],[-70.923,-2.318],[-71.242,-2.517],[-71.42,-2.436],[-71.656,-2.246],[-71.859,-2.438],[-72.011,-2.509],[-72.234,-2.523],[-72.701,-2.52],[-72.959,-2.451],[-73.001,-2.324],[-72.999,-2.146],[-73.077,-2.013],[-73.292,-1.996],[-73.457,-1.933],[-73.605,-1.464],[-74.287,-0.997],[-74.38,-0.718],[-74.474,-0.573],[-74.705,-0.377],[-75.108,-0.189],[-75.526,-0.14],[-75.562,-0.09],[-75.771,0.036],[-76.09,0.32],[-76.148,0.345],[-76.549,0.165],[-76.85,0.138],[-77.29,0.262],[-77.449,0.401],[-77.524,0.623],[-77.626,0.724],[-78.27,1.019],[-78.943,1.381],[-78.984,1.297],[-79.198,1.125],[-79.376,1.017],[-79.777,0.863],[-80.086,0.818],[-80.135,0.716],[-80.046,0.43],[-80.109,0.049],[-80.403,-0.225],[-80.482,-0.384],[-80.482,-0.486],[-80.339,-0.663],[-80.663,-0.867],[-80.879,-0.957],[-80.966,-1.033],[-80.803,-1.325],[-80.754,-1.452],[-80.814,-1.662],[-80.816,-1.859],[-80.741,-2.119],[-80.786,-2.227],[-80.961,-2.355],[-80.778,-2.539],[-80.507,-2.684],[-80.357,-2.728],[-80.028,-2.448],[-79.813,-2.17],[-79.839,-2.346],[-79.745,-2.676],[-79.762,-2.797],[-80.025,-3.274],[-80.229,-3.471]]]},"properties":{"NAME":"Ecuador","SUBJECTO":"Ecuador","PARTOF":"Ecuador","BORDERPRECISION":3}},
{"type":"Feature","geometry":{"type":"MultiPolygon","coordinates":[[[[-68.456,-52.42],[-68.585,-52.402],[-69.587,-52.143],[-70.859,-52.083],[-71.493,-52.107],[-71.794,-52.088],[-72.145,-51.832],[-72.249,-50.804],[-72.333,-50.693],[-72.627,-50.747],[-73.06,-50.874],[-73.158,-50.855],[-73.387,-50.35],[-73.513,-49.761],[-73.496,-49.558],[-73.374,-49.427],[-72.596,-48.972],[-72.458,-48.854],[-72.294,-48.221],[-72.494,-47.93],[-72.382,-47.578],[-72.256,-47.48],[-71.987,-47.407],[-71.886,-47.29],[-71.79,-47.094],[-71.693,-46.691],[-71.765,-46.225],[-71.738,-45.733],[-71.393,-45.376],[-71.4,-45.279],[-71.648,-45.106],[-71.912,-44.972],[-71.992,-44.895],[-71.651,-44.829],[-71.324,-44.814],[-71.069,-44.665],[-71.066,-44.581],[-71.202,-44.504],[-71.557,-44.455],[-71.673,-44.372],[-71.787,-44.109],[-71.701,-43.453],[-71.741,-43.158],[-71.99,-43.108],[-72.047,-43.05],[-72.089,-42.498],[-71.964,-42.299],[-71.696,-42.156],[-71.701,-41.964],[-71.805,-41.574],[-71.86,-40.748],[-71.815,-40.582],[-71.673,-40.338],[-71.42,-39.106],[-71.363,-39.029],[-70.844,-38.727],[-71.041,-38.307],[-71.153,-37.811],[-71.159,-37.289],[-71.095,-36.805],[-70.991,-36.665],[-70.391,-36.165],[-70.356,-36.019],[-70.48,-35.358],[-70.337,-35.09],[-69.849,-34.256],[-69.815,-34.072],[-69.84,-33.761],[-70.193,-32.493],[-70.377,-31.974],[-70.505,-31.689],[-70.435,-31.257],[-70.26,-30.716],[-70.129,-30.563],[-69.907,-30.441],[-69.852,-30.359],[-69.876,-30.016],[-69.951,-29.356],[-69.581,-28.529],[-69.454,-28.331],[-69.18,-28.018],[-68.971,-27.643],[-68.823,-27.267],[-68.318,-27.22],[-68.249,-27.08],[-68.254,-26.978],[-68.493,-26.764],[-68.544,-26.535],[-68.471,-26.363],[-68.348,-26.198],[-68.362,-26.096],[-68.48,-25.939],[-69.22,-26.06],[-69.467,-26.884],[-70.291,-26.802],[-70.849,-27.281],[-70.935,-27.727],[-71.142,-27.995],[-71.297,-28.668],[-71.43,-29.1],[-71.386,-29.285],[-71.234,-29.519],[-71.237,-29.85],[-71.33,-30.104],[-71.682,-30.6],[-71.695,-30.854],[-71.652,-31.241],[-71.52,-32.181],[-71.416,-32.753],[-71.509,-32.905],[-71.713,-33.109],[-71.75,-33.191],[-71.61,-33.572],[-71.616,-33.706],[-71.739,-33.877],[-71.823,-33.935],[-71.963,-34.246],[-72.167,-34.958],[-72.33,-35.283],[-72.629,-35.646],[-72.846,-36.359],[-72.96,-36.576],[-73.144,-37.156],[-73.188,-37.22],[-73.36,-37.322],[-73.584,-37.278],[-73.69,-37.367],[-73.673,-37.501],[-73.435,-37.902],[-73.401,-38.099],[-73.44,-38.354],[-73.441,-38.628],[-73.196,-39.419],[-73.194,-39.565],[-73.434,-39.91],[-73.759,-40.243],[-73.821,-40.429],[-73.905,-40.839],[-73.845,-41.153],[-73.666,-41.479],[-73.594,-41.697],[-73.464,-41.787],[-73.178,-41.761],[-72.891,-41.529],[-72.767,-41.535],[-72.587,-41.618],[-72.626,-41.759],[-72.731,-41.907],[-72.609,-41.997],[-72.466,-42.035],[-72.414,-42.163],[-72.438,-42.305],[-72.687,-42.376],[-72.747,-42.446],[-72.724,-42.8],[-72.53,-43.063],[-72.834,-43.185],[-72.999,-43.334],[-72.972,-43.707],[-73.019,-43.913],[-73.082,-44.022],[-73.058,-44.19],[-72.76,-44.369],[-72.583,-44.44],[-72.555,-44.543],[-72.677,-44.749],[-72.947,-44.943],[-73.314,-45.086],[-73.335,-45.28],[-73.047,-45.376],[-73.331,-45.474],[-73.474,-45.669],[-73.499,-45.96],[-73.571,-46.265],[-73.97,-46.713],[-73.979,-46.344],[-74.087,-46.298],[-74.17,-46.337],[-74.291,-46.513],[-74.429,-46.533],[-74.479,-46.306],[-74.334,-46.182],[-74.042,-46.091],[-74.068,-45.935],[-74.189,-45.845],[-74.564,-45.872],[-74.684,-46.047],[-74.864,-46.229],[-75.441,-46.515],[-75.444,-46.625],[-75.022,-46.553],[-75.011,-46.774],[-74.862,-46.819],[-74.463,-46.799],[-74.304,-46.857],[-73.979,-47.032],[-73.983,-47.129],[-74.087,-47.298],[-74.328,-47.292],[-74.412,-47.384],[-74.393,-47.533],[-74.545,-47.683],[-74.538,-47.787],[-74.297,-47.761],[-74.154,-47.839],[-73.764,-47.773],[-73.36,-47.974],[-73.439,-48.156],[-73.759,-48.124],[-73.943,-48.014],[-74.21,-48.008],[-74.216,-48.106],[-74.133,-48.477],[-74.312,-48.745],[-74.272,-49.431],[-73.963,-49.241],[-73.9,-49.43],[-74.24,-49.634],[-74.187,-49.823],[-73.932,-49.993],[-74.19,-50.171],[-74.075,-50.473],[-73.934,-50.506],[-73.818,-50.46],[-73.53,-50.433],[-73.552,-50.538],[-73.731,-50.703],[-73.776,-50.835],[-73.889,-50.908],[-74.269,-50.994],[-73.861,-51.211],[-73.703,-51.198],[-73.638,-51.356],[-73.875,-51.562],[-73.591,-51.792],[-73.258,-51.706],[-73.408,-52.024],[-73.107,-52.103],[-72.81,-51.93],[-72.65,-52.128],[-72.449,-52.161],[-72.446,-52.247],[-72.565,-52.387],[-72.559,-52.573],[-71.95,-52.571],[-71.678,-52.644],[-72.233,-52.791],[-72.353,-52.778],[-72.784,-52.898],[-72.842,-52.985],[-72.751,-53.138],[-72.506,-53.064],[-72.051,-53.07],[-71.443,-52.829],[-71.152,-52.962],[-71.164,-53.028],[-71.425,-53.208],[-71.572,-53.408],[-71.872,-53.696],[-71.442,-53.882],[-70.998,-53.821],[-70.878,-53.474],[-70.905,-53.234],[-70.734,-52.802],[-70.416,-52.668],[-69.895,-52.627],[-69.671,-52.54],[-69.483,-52.361],[-69.343,-52.288],[-69.237,-52.294],[-68.995,-52.426],[-68.594,-52.465],[-68.456,-52.42]]],[[[-68.749,-54.889],[-68.705,-53.235],[-68.701,-52.72],[-69.221,-52.692],[-69.407,-52.566],[-69.797,-52.853],[-70.281,-53.087],[-70.465,-53.373],[-70.333,-53.473],[-69.515,-53.345],[-69.421,-53.544],[-70.146,-53.806],[-70.042,-53.986],[-69.89,-54.139],[-69.474,-54.218],[-69.335,-54.292],[-69.055,-54.602],[-69.373,-54.605],[-69.568,-54.459],[-70.213,-54.434],[-70.621,-54.501],[-70.574,-54.642],[-70.721,-54.937],[-70.498,-54.923],[-69.861,-54.774],[-69.672,-54.774],[-69.424,-54.881],[-69.214,-54.934],[-68.749,-54.889]]],[[[-73.771,-43.509],[-73.696,-43.386],[-73.609,-42.911],[-73.831,-42.564],[-73.765,-42.461],[-73.455,-42.262],[-73.475,-42.114],[-73.637,-41.967],[-74.005,-42.019],[-74.169,-42.346],[-74.173,-42.533],[-74.134,-42.764],[-74.202,-43.06],[-74.296,-43.265],[-74.142,-43.445],[-73.948,-43.458],[-73.771,-43.509]]],[[[-73.08,-53.032],[-72.965,-52.799],[-72.845,-52.646],[-72.869,-52.281],[-72.961,-52.235],[-73.19,-52.328],[-73.56,-52.283],[-73.658,-52.442],[-73.626,-52.608],[-73.243,-52.574],[-73.281,-52.953],[-73.08,-53.032]]]]},"properties":{"NAME":"Chile","SUBJECTO":"Chile","PARTOF":"Chile","BORDERPRECISION":3}},
{"type":"Feature","geometry":{"type":"Polygon","coordinates":[[[-70.201,-22.217],[-69.055,-22.352],[-67.939,-22.059],[-68.086,-21.502],[-68.182,-21.249],[-68.528,-20.749],[-68.64,-20.445],[-68.622,-20.286],[-68.425,-19.586],[-68.433,-19.459],[-68.775,-19.125],[-68.888,-18.89],[-68.975,-18.344],[-69.112,-18.053],[-69.362,-17.718],[-69.43,-17.604],[-69.498,-17.407],[-69.52,-17.191],[-69.466,-17.089],[-69.14,-16.814],[-69.012,-16.617],[-69.019,-16.382],[-69.291,-15.856],[-69.301,-15.64],[-69.135,-15.322],[-69.291,-14.941],[-69.245,-14.738],[-69.006,-14.476],[-68.836,-14.17],[-68.942,-13.764],[-68.968,-13.529],[-68.916,-13.219],[-69.363,-13.496],[-69.626,-13.431],[-69.824,-13.167],[-69.758,-12.771],[-70.22,-12.178],[-73.121,-9.405],[-72.916,-9.041],[-72.964,-8.984],[-73.564,-8.009],[-73.842,-7.579],[-73.89,-7.325],[-73.779,-7.045],[-73.622,-6.891],[-73.343,-6.743],[-73.062,-6.519],[-73.192,-6.081],[-73.183,-6.012],[-73.039,-5.782],[-72.769,-5.145],[-72.602,-5.068],[-72.286,-4.869],[-71.434,-4.52],[-71.132,-4.55],[-70.965,-4.499],[-70.694,-4.3],[-70.549,-4.267],[-70.327,-4.31],[-69.97,-4.416],[-69.901,-4.379],[-69.817,-4.333],[-69.878,-4.187],[-69.948,-4.124],[-70.207,-3.808],[-70.314,-3.751],[-70.588,-3.791],[-71.061,-3.938],[-71.736,-3.642],[-71.862,-3.263],[-72.242,-3.516],[-72.875,-3.389],[-73.255,-3.6],[-73.128,-3.938],[-73.423,-4.022],[-73.592,-4.444],[-73.888,-4.571],[-74.183,-4.402],[-74.309,-4.613],[-74.605,-4.36],[-74.985,-4.782],[-75.493,-4.663],[-75.691,-5.058],[-77.339,-4.795],[-77.405,-4.333],[-78.878,-4.87],[-78.998,-5.01],[-79.107,-5.043],[-79.286,-5.012],[-79.465,-4.791],[-79.552,-4.575],[-79.692,-4.461],[-80.059,-4.464],[-80.259,-4.414],[-80.306,-4.325],[-80.35,-4.103],[-80.245,-3.95],[-80.229,-3.471],[-80.372,-3.567],[-80.583,-3.657],[-81.042,-4.052],[-81.304,-4.332],[-81.413,-4.567],[-81.418,-4.675],[-81.301,-4.999],[-81.143,-5.196],[-80.876,-5.589],[-80.823,-5.716],[-80.888,-5.9],[-81.162,-5.914],[-81.297,-6.041],[-81.023,-6.206],[-80.612,-6.37],[-80.274,-6.566],[-80.066,-6.756],[-79.797,-7.194],[-79.675,-7.353],[-79.06,-8.216],[-78.751,-8.787],[-78.302,-9.669],[-77.759,-10.659],[-77.692,-10.837],[-77.683,-11.015],[-77.707,-11.256],[-77.464,-11.389],[-77.336,-11.509],[-76.711,-12.76],[-76.359,-13.229],[-76.238,-13.502],[-76.242,-14.106],[-76.053,-14.41],[-75.785,-14.727],[-75.231,-15.222],[-74.621,-15.665],[-74.05,-16.045],[-73.673,-16.197],[-73.283,-16.367],[-72.587,-16.741],[-72.09,-16.994],[-71.863,-17.12],[-71.612,-17.221],[-71.47,-17.393],[-71.365,-17.697],[-71.224,-17.805],[-70.584,-18.083],[-70.454,-18.223],[-70.296,-18.629],[-70.209,-19.067],[-70.19,-19.76],[-70.112,-20.693],[-70.111,-21.748],[-70.201,-22.217]]]},"properties":{"NAME":"Peru","SUBJECTO":"Peru","PARTOF":"Peru","BORDERPRECISION":3}},
{"type":"Feature","geometry":{"type":"Polygon","coordinates":[[[-2.193,35.054],[-2.356,35.054],[-2.715,35.098],[-2.83,35.142],[-3.009,35.39],[-3.206,35.269],[-3.441,35.166],[-4.028,35.133],[-4.593,35.151],[-5.11,35.379],[-5.172,35.424],[-5.479,35.805],[-5.565,35.862],[-5.929,35.728],[-6.302,34.861],[-6.511,34.454],[-6.753,34.123],[-7.004,33.875],[-7.333,33.696],[-8.314,33.338],[-8.64,33.122],[-9.219,32.58],[-9.251,32.421],[-9.222,32.256],[-9.318,31.964],[-9.635,31.575],[-9.813,31.289],[-9.858,31.06],[-9.817,30.755],[-9.625,30.406],[-9.603,30.184],[-9.663,29.955],[-9.87,29.643],[-10.339,29.146],[-10.856,28.751],[-11.373,28.369],[-11.576,28.229],[-12.091,28.024],[-12.866,27.857],[-13.06,27.673],[-13.124,27.546],[-12.388,27.564],[-11.258,27.564],[-10.054,27.565],[-9.28,27.563],[-8.641,27.567],[-8.61,28.47],[-8.593,28.641],[-8.284,28.783],[-7.604,29.232],[-7.17,29.476],[-6.601,29.441],[-6.423,29.468],[-6.341,29.78],[-5.953,29.794],[-5.603,29.873],[-5.366,29.976],[-5.13,30.136],[-4.912,30.43],[-4.413,30.579],[-3.729,30.894],[-3.671,30.996],[-3.805,31.275],[-3.816,31.453],[-3.78,31.555],[-3.661,31.607],[-3.128,31.66],[-2.956,31.744],[-2.817,31.993],[-2.357,31.983],[-2.056,31.991],[-1.234,31.989],[-1.081,32.454],[-1.113,32.549],[-1.341,32.694],[-1.61,33.048],[-1.681,33.258],[-1.664,34.205],[-1.738,34.605],[-1.823,34.7],[-2.077,34.826],[-2.193,35.054]]]},"properties":{"NAME":"Morocco","SUBJECTO":"Morocco","PARTOF":"Morocco","BORDERPRECISION":3}},
{"type":"Feature","geometry":{"type":"Polygon","coordinates":[[[-88.32,18.494],[-88.311,18.741],[-88.138,18.894],[-88.03,18.621],[-87.877,18.381],[-87.682,19.281],[-87.637,19.575],[-87.789,19.513],[-87.858,19.582],[-87.774,19.741],[-87.66,19.875],[-87.651,20.19],[-87.508,20.39],[-87.07,20.804],[-86.936,20.976],[-86.9,21.167],[-86.922,21.301],[-87.201,21.529],[-87.371,21.571],[-87.597,21.484],[-88.334,21.59],[-88.601,21.564],[-89.058,21.398],[-89.547,21.295],[-89.863,21.25],[-90,21.141],[-90.304,21.052],[-90.413,20.854],[-90.499,20.527],[-90.442,19.951],[-90.666,19.768],[-90.798,19.249],[-91.22,19.102],[-91.702,18.823],[-91.526,18.745],[-91.479,18.634],[-91.611,18.545],[-91.73,18.416],[-92.107,18.516],[-92.098,18.76],[-93.087,18.554],[-93.785,18.349],[-94.242,18.24],[-94.59,18.271],[-94.816,18.5],[-95.083,18.702],[-95.343,18.772],[-95.539,18.765],[-95.844,18.796],[-96.012,18.929],[-96.341,19.482],[-96.579,19.92],[-96.795,20.154],[-96.881,20.358],[-97.223,20.764],[-97.504,21.189],[-97.628,21.551],[-97.882,22.333],[-97.875,22.841],[-97.815,23.375],[-97.823,24.208],[-97.742,24.73],[-97.658,25.073],[-97.425,25.442],[-97.26,25.811],[-97.416,25.865],[-97.783,26.034],[-97.916,26.034],[-98.103,25.982],[-98.222,26.013],[-98.685,26.265],[-99.1,26.409],[-99.268,26.573],[-99.42,26.84],[-99.569,27.259],[-99.604,27.469],[-100.02,27.842],[-100.4,28.311],[-100.735,28.863],[-101.033,29.326],[-101.197,29.491],[-101.382,29.604],[-101.734,29.749],[-101.948,29.786],[-102.237,29.778],[-102.448,29.687],[-102.895,29.258],[-103.022,29.092],[-103.209,29.021],[-103.435,29.026],[-103.586,29.057],[-104.083,29.283],[-104.574,29.58],[-104.775,29.827],[-105.046,30.513],[-105.126,30.615],[-105.445,30.836],[-105.821,31.069],[-106.166,31.354],[-106.45,31.652],[-106.545,31.702],[-107.396,31.723],[-108.232,31.724],[-108.275,31.323],[-108.371,31.278],[-109.211,31.273],[-109.646,31.289],[-111.089,31.307],[-111.241,31.331],[-112.823,31.832],[-114.088,32.252],[-114.622,32.427],[-114.742,32.496],[-114.884,32.636],[-115.956,32.598],[-117.174,32.521],[-117.075,32.302],[-116.96,32.156],[-116.611,31.877],[-116.706,31.705],[-116.705,31.591],[-116.509,31.273],[-116.229,30.943],[-116.138,30.765],[-116.126,30.498],[-116.058,30.339],[-115.857,30.282],[-115.816,30.213],[-115.602,29.685],[-115.421,29.533],[-114.978,29.311],[-114.483,28.912],[-114.273,28.709],[-114.067,28.423],[-114.105,28.054],[-114.214,27.908],[-114.479,27.78],[-114.749,27.786],[-115.055,27.853],[-114.881,27.682],[-114.478,27.244],[-114.153,27.105],[-113.585,26.769],[-113.422,26.744],[-113.285,26.808],[-112.981,26.503],[-112.756,26.364],[-112.558,26.32],[-112.411,26.193],[-112.304,26.021],[-112.084,25.57],[-112.068,25.456],[-112.166,25.011],[-112.093,24.89],[-111.906,24.687],[-111.392,24.243],[-111.016,24.015],[-110.784,23.799],[-110.502,23.66],[-110.225,23.4],[-110.117,23.07],[-110.004,22.885],[-109.889,22.867],[-109.517,23.192],[-109.429,23.433],[-109.489,23.573],[-109.615,23.579],[-109.824,23.693],[-109.94,23.954],[-110.205,24.315],[-110.31,24.226],[-110.485,24.15],[-110.656,24.219],[-110.772,24.378],[-110.766,24.613],[-110.798,24.88],[-111.09,25.42],[-111.329,25.896],[-111.484,26.557],[-111.594,26.76],[-111.694,26.697],[-111.915,26.664],[-112.115,27.02],[-112.187,27.312],[-112.284,27.509],[-112.567,27.56],[-112.724,27.705],[-112.87,28.335],[-112.976,28.411],[-113.124,28.43],[-113.322,28.556],[-113.593,29.103],[-113.829,29.401],[-114.1,29.642],[-114.389,29.762],[-114.683,30.143],[-114.722,30.372],[-114.735,30.843],[-114.973,31.128],[-114.967,31.364],[-114.839,31.815],[-114.195,31.524],[-114.082,31.544],[-113.952,31.69],[-113.746,31.608],[-113.689,31.538],[-113.662,31.335],[-113.304,31.246],[-113.052,31.139],[-113.085,30.77],[-113.017,30.566],[-112.908,30.414],[-112.737,30.109],[-112.654,29.919],[-112.323,29.436],[-112.033,29.061],[-111.906,28.814],[-111.692,28.496],[-111.271,28.109],[-111.064,27.995],[-110.857,27.951],[-110.604,27.856],[-110.521,27.755],[-110.582,27.462],[-110.526,27.348],[-110.382,27.214],[-110.107,27.139],[-109.946,27.044],[-109.893,26.885],[-109.724,26.605],[-109.527,26.72],[-109.189,26.441],[-109.132,26.289],[-109.338,25.958],[-109.336,25.811],[-109.263,25.646],[-109.156,25.577],[-108.969,25.628],[-108.848,25.615],[-108.683,25.38],[-108.499,25.241],[-108.226,25.152],[-108.078,25.064],[-108.013,24.981],[-107.987,24.765],[-107.916,24.645],[-107.404,24.296],[-106.757,23.585],[-106.512,23.363],[-105.839,22.564],[-105.54,22.285],[-105.508,22.164],[-105.628,21.954],[-105.294,21.522],[-105.216,21.313],[-105.234,21.141],[-105.44,20.835],[-105.291,20.67],[-105.393,20.511],[-105.62,20.473],[-105.687,20.403],[-105.507,20.104],[-105.173,19.66],[-104.948,19.438],[-104.669,19.318],[-104.197,19.058],[-103.975,18.88],[-103.748,18.595],[-103.494,18.354],[-102.668,18.095],[-102.358,18.032],[-102.086,18.058],[-101.993,18.027],[-101.487,17.576],[-101.221,17.418],[-100.737,17.222],[-100.413,17.057],[-99.979,16.893],[-99.209,16.717],[-98.856,16.597],[-98.435,16.362],[-98.146,16.172],[-97.881,16.052],[-97.294,15.964],[-97.078,15.876],[-96.752,15.781],[-96.333,15.75],[-95.993,15.865],[-95.13,16.299],[-94.835,16.319],[-94.363,16.225],[-94.075,16.111],[-93.812,15.921],[-92.901,15.192],[-92.472,14.792],[-92.155,14.543],[-92.2,14.996],[-92.107,15.103],[-92.244,15.282],[-91.759,16.098],[-91.283,16.101],[-90,16.098],[-90,16.816],[-91.076,16.92],[-91.299,17.164],[-91.477,17.264],[-91.028,17.278],[-91.01,17.836],[-90,17.834],[-89.154,17.831],[-89.166,17.979],[-89.04,18.022],[-88.867,17.901],[-88.597,18.286],[-88.517,18.487],[-88.32,18.494]]]},"properties":{"NAME":"Mexico","SUBJECTO":"Mexico","PARTOF":"Mexico","BORDERPRECISION":3}},
{"type":"Feature","geometry":{"type":"Polygon","coordinates":[[[31.727,-26.154],[31.663,-27.041],[32.825,-27.135],[32.916,-26.518],[32.896,-26.372],[32.631,-26.22],[32.5,-26.068],[32.651,-25.839],[32.945,-25.54],[33.347,-25.304],[33.657,-25.201],[34.015,-25.061],[34.585,-24.875],[34.884,-24.722],[35.198,-24.48],[35.43,-24.225],[35.501,-24.085],[35.512,-23.939],[35.297,-23.825],[35.425,-23.456],[35.531,-22.458],[35.512,-22.185],[35.371,-22.28],[35.261,-22.274],[35.202,-21.95],[34.994,-21.271],[35.107,-20.984],[35.023,-20.813],[34.699,-20.572],[34.673,-20.515],[34.71,-20.293],[34.726,-19.86],[34.847,-19.803],[35.378,-19.427],[35.915,-19.032],[36.314,-18.649],[36.892,-18],[37.275,-17.713],[37.864,-17.451],[38.193,-17.349],[38.859,-17.055],[39.471,-16.717],[39.795,-16.424],[40.025,-16.144],[40.386,-15.736],[40.574,-15.482],[40.61,-15.355],[40.527,-15.183],[40.781,-14.922],[40.855,-14.699],[40.849,-14.579],[40.618,-14.484],[40.599,-14.401],[40.603,-13.531],[40.534,-13.308],[40.366,-12.991],[40.482,-12.844],[40.527,-12.584],[40.445,-12.082],[40.45,-11.872],[40.393,-11.548],[40.311,-11.345],[40.536,-11.027],[40.62,-10.766],[40.524,-10.55],[39.065,-11.209],[39.533,-12.244],[39.743,-13.713],[39.638,-15.287],[39.219,-15.707],[37.645,-16.021],[36.386,-16.966],[35.546,-16.966],[34.287,-15.916],[33.812,-15.728],[32.891,-15.363],[32.635,-15.825],[33.086,-16.401],[33.568,-17.015],[34.27,-17.617],[34.37,-18.218],[34.182,-18.54],[33.972,-18.959],[33.668,-20.324],[33.969,-23.231],[33.468,-24.534],[31.764,-25.637],[31.727,-26.154]]]},"properties":{"NAME":"Portuguese East Africa","SUBJECTO":"Portuguese East Africa","PARTOF":"Portuguese East Africa","BORDERPRECISION":3}},
{"type":"Feature","geometry":{"type":"Polygon","coordinates":[[[16.334,-28.561],[16.53,-28.771],[16.788,-29.139],[17.079,-29.799],[17.354,-30.422],[17.567,-30.828],[17.904,-31.291],[18.179,-31.805],[18.262,-32.04],[18.336,-32.339],[18.309,-32.708],[18.232,-32.898],[17.945,-32.918],[17.868,-32.994],[17.928,-33.096],[18.073,-33.223],[18.459,-33.832],[18.413,-34.023],[18.293,-34.246],[18.346,-34.347],[18.487,-34.398],[18.57,-34.194],[18.724,-34.219],[18.84,-34.435],[18.966,-34.397],[19.181,-34.422],[19.279,-34.504],[19.321,-34.733],[19.884,-34.992],[20.256,-34.623],[20.515,-34.533],[20.847,-34.501],[21.346,-34.544],[21.669,-34.506],[21.997,-34.263],[22.262,-34.168],[22.549,-34.148],[22.682,-34.103],[22.972,-34.198],[23.189,-34.242],[23.36,-34.121],[23.499,-34.07],[23.743,-34.076],[24.085,-34.151],[24.43,-34.335],[24.592,-34.36],[24.693,-34.309],[24.929,-34.079],[25.065,-34.073],[25.516,-34.174],[25.619,-33.919],[25.866,-33.887],[26.307,-33.892],[26.659,-33.847],[26.963,-33.713],[27.656,-33.254],[28.277,-32.763],[28.922,-32.298],[29.295,-31.909],[29.832,-31.432],[29.974,-31.274],[29.759,-31.051],[29.157,-30.85],[28.692,-29.97],[27.877,-30.049],[27.549,-30.369],[27.351,-30.233],[26.892,-30.574],[26.385,-30.422],[25.749,-30.549],[24.174,-29.547],[23.543,-29.146],[22.603,-29.663],[21.992,-28.587],[21.538,-28.244],[20.736,-28.745],[19.84,-28.444],[19.636,-28.588],[19.391,-28.724],[19.129,-28.948],[18.937,-28.963],[18.676,-28.888],[18.341,-28.869],[17.939,-28.891],[17.707,-28.873],[17.574,-28.778],[17.53,-28.385],[17.443,-28.285],[17.157,-28.129],[17.008,-28.072],[16.858,-28.124],[16.666,-28.409],[16.334,-28.561]]]},"properties":{"NAME":"Cape Colony","SUBJECTO":"Cape Colony","PARTOF":"Cape Colony","BORDERPRECISION":3}},
{"type":"Feature","geometry":{"type":"Polygon","coordinates":[[[28.692,-29.97],[29.157,-30.85],[29.759,-31.051],[29.974,-31.274],[30.391,-30.814],[30.675,-30.438],[31.327,-29.509],[31.008,-28.701],[30.392,-28.495],[30.045,-28.38],[29.086,-28.498],[29.007,-28.866],[29.007,-29.234],[28.771,-29.392],[28.692,-29.97]]]},"properties":{"NAME":"Natal","SUBJECTO":"Natal","PARTOF":"Natal","BORDERPRECISION":3}},
{"type":"Feature","geometry":{"type":"Polygon","coordinates":[[[28.692,-29.97],[28.771,-29.392],[29.007,-29.234],[29.007,-28.866],[29.086,-28.498],[28.897,-28.507],[28.617,-28.521],[27.221,-29.178],[26.385,-30.422],[26.892,-30.574],[27.351,-30.233],[27.549,-30.369],[27.877,-30.049],[28.692,-29.97]]]},"properties":{"NAME":"Basutoland","SUBJECTO":"Basutoland","PARTOF":"Basutoland","BORDERPRECISION":3}},
{"type":"Feature","geometry":{"type":"Polygon","coordinates":[[[32.303,-28.134],[31.258,-27.637],[31.2,-27.61],[30.693,-27.576],[30.238,-27.546],[30.392,-28.495],[31.008,-28.701],[31.327,-29.509],[31.563,-29.21],[31.978,-28.948],[32.235,-28.744],[32.346,-28.585],[32.393,-28.375],[32.303,-28.134]]]},"properties":{"NAME":"Zululand","SUBJECTO":"Zululand","PARTOF":"Zululand","BORDERPRECISION":3}},
{"type":"Feature","geometry":{"type":"Polygon","coordinates":[[[32.303,-28.134],[32.345,-28.026],[32.527,-27.981],[32.609,-27.898],[32.767,-27.517],[32.825,-27.135],[31.663,-27.041],[31.258,-27.637],[32.303,-28.134]]]},"properties":{"NAME":null,"SUBJECTO":null,"PARTOF":null,"BORDERPRECISION":3}},
{"type":"Feature","geometry":{"type":"Polygon","coordinates":[[[31.258,-27.637],[31.663,-27.041],[31.727,-26.154],[31.264,-25.685],[30.623,-26.263],[30.559,-26.84],[30.815,-27.097],[30.693,-27.576],[31.2,-27.61],[31.258,-27.637]]]},"properties":{"NAME":"Swaziland","SUBJECTO":"Swaziland","PARTOF":"Swaziland","BORDERPRECISION":3}},
{"type":"Feature","geometry":{"type":"Polygon","coordinates":[[[28.897,-28.507],[29.378,-27.544],[29.298,-26.983],[28.416,-26.502],[27.133,-26.662],[27.213,-26.983],[25.609,-27.223],[25.128,-27.544],[24.647,-28.988],[24.174,-29.547],[25.749,-30.549],[26.385,-30.422],[27.221,-29.178],[28.617,-28.521],[28.897,-28.507]]]},"properties":{"NAME":"Orange Free State","SUBJECTO":"Orange Free State","PARTOF":"Orange Free State","BORDERPRECISION":3}},
{"type":"Feature","geometry":{"type":"Polygon","coordinates":[[[30.693,-27.576],[30.815,-27.097],[30.559,-26.84],[29.94,-26.983],[29.298,-26.983],[29.378,-27.544],[28.897,-28.507],[29.086,-28.498],[30.045,-28.38],[30.392,-28.495],[30.238,-27.546],[30.693,-27.576]]]},"properties":{"NAME":null,"SUBJECTO":null,"PARTOF":null,"BORDERPRECISION":3}},
{"type":"Feature","geometry":{"type":"Polygon","coordinates":[[[25.128,-27.544],[25.609,-27.223],[27.213,-26.983],[27.133,-26.662],[28.416,-26.502],[29.298,-26.983],[29.94,-26.983],[30.559,-26.84],[30.623,-26.263],[31.264,-25.685],[31.865,-24.817],[31.945,-23.695],[31.865,-22.411],[31.544,-21.85],[30.822,-21.85],[30.18,-21.529],[29.459,-21.529],[29.138,-22.01],[28.496,-22.01],[27.245,-22.755],[27.142,-23.165],[26.527,-23.319],[26.424,-24.192],[25.368,-24.737],[25.048,-26.101],[25.128,-27.544]]]},"properties":{"NAME":"Transvaal","SUBJECTO":"Transvaal","PARTOF":"Transvaal","BORDERPRECISION":3}},
{"type":"Feature","geometry":{"type":"Polygon","coordinates":[[[24.174,-29.547],[24.647,-28.988],[25.128,-27.544],[23.917,-27.175],[23.275,-27.304],[22.569,-28.138],[21.992,-28.587],[22.603,-29.663],[23.543,-29.146],[24.174,-29.547]]]},"properties":{"NAME":"Griqualand West","SUBJECTO":"Griqualand West","PARTOF":"Griqualand West","BORDERPRECISION":3}},
{"type":"Feature","geometry":{"type":"Polygon","coordinates":[[[27.964,-18.392],[27.142,-18.392],[26.424,-18.597],[25.603,-19.675],[25.757,-20.291],[26.219,-20.496],[26.783,-20.599],[27.964,-19.829],[28.99,-19.47],[29.196,-19.162],[29.196,-18.854],[28.682,-18.546],[27.964,-18.392]]]},"properties":{"NAME":"Ndebele","SUBJECTO":"Ndebele","PARTOF":"Ndebele","BORDERPRECISION":3}},
{"type":"Feature","geometry":{"type":"Polygon","coordinates":[[[27.502,-22.241],[27.758,-21.933],[27.502,-21.471],[27.04,-21.471],[25.397,-22.087],[25.089,-22.549],[25.397,-23.165],[25.859,-23.268],[26.424,-22.857],[27.502,-22.241]]]},"properties":{"NAME":"Ngwato","SUBJECTO":"Ngwato","PARTOF":"Ngwato","BORDERPRECISION":3}},
{"type":"Feature","geometry":{"type":"Polygon","coordinates":[[[27.476,-16.879],[27.643,-16.636],[27.762,-16.377],[27.88,-16.016],[27.973,-15.536],[28.035,-14.963],[27.973,-14.699],[27.632,-14.405],[27.074,-14.157],[26.563,-14.002],[26.098,-13.925],[25.37,-13.863],[25.03,-13.894],[24.627,-13.971],[24.209,-14.142],[23.914,-14.297],[23.697,-14.467],[23.357,-14.823],[23.171,-15.149],[23.093,-15.458],[23.093,-15.908],[23.109,-16.249],[23.217,-16.806],[23.341,-17.039],[23.496,-17.271],[23.806,-17.488],[24.112,-17.645],[24.454,-17.743],[24.903,-17.814],[25.269,-17.829],[25.679,-17.799],[26.035,-17.733],[26.416,-17.615],[26.731,-17.475],[27.016,-17.303],[27.266,-17.103],[27.476,-16.879]]]},"properties":{"NAME":"Lozi","SUBJECTO":"Lozi","PARTOF":"Lozi","BORDERPRECISION":3}},
{"type":"Feature","geometry":{"type":"Polygon","coordinates":[[[39.065,-11.209],[40.524,-10.55],[40.387,-10.372],[39.838,-10.005],[39.658,-9.796],[39.577,-9.542],[39.392,-8.735],[39.4,-8.309],[39.478,-7.998],[39.424,-7.896],[39.287,-7.877],[39.27,-7.801],[39.437,-7.33],[39.555,-7.171],[39.566,-7.044],[39.221,-6.784],[38.922,-6.34],[38.872,-6.092],[38.934,-5.635],[39.122,-5.037],[39.267,-4.776],[39.417,-4.731],[39.53,-4.617],[39.681,-4.324],[39.64,-4.083],[40.074,-3.472],[40.234,-3.192],[40.232,-3.033],[40.271,-2.817],[40.449,-2.645],[40.75,-2.593],[40.877,-2.428],[40.915,-2.078],[41.089,-2.129],[41.339,-2.052],[41.61,-1.877],[41.652,-1.752],[41.607,-1.594],[41.884,-1.218],[42.44,-0.512],[42.915,-0.017],[43.333,0.405],[41.65,1.201],[40.911,0.019],[39.877,0.019],[39.951,-1.015],[37.735,-2.345],[37.661,-3.379],[38.252,-3.896],[37.957,-4.856],[37.957,-6.777],[36.184,-7.442],[36.036,-8.55],[38.326,-9.067],[39.065,-11.209]]]},"properties":{"NAME":"Sultanate of Zanzibar","SUBJECTO":"Sultanate of Zanzibar","PARTOF":"Sultanate of Zanzibar","BORDERPRECISION":3}},
{"type":"Feature","geometry":{"type":"Polygon","coordinates":[[[33.812,-15.728],[34.144,-14.781],[33.674,-13.465],[32.875,-12.713],[32.499,-12.525],[31.747,-12.76],[30.666,-13.606],[29.961,-14.875],[29.961,-15.392],[30.196,-16.097],[30.948,-16.708],[31.7,-16.849],[32.358,-16.802],[33.086,-16.401],[32.635,-15.825],[32.891,-15.363],[33.812,-15.728]]]},"properties":{"NAME":"Shona","SUBJECTO":"Shona","PARTOF":"Shona","BORDERPRECISION":3}},
{"type":"Feature","geometry":{"type":"Polygon","coordinates":[[[24.368,-13.653],[24.932,-13.371],[25.496,-13.042],[25.919,-12.525],[26.06,-11.867],[25.778,-11.397],[25.308,-10.974],[25.026,-10.833],[24.227,-10.88],[22.911,-11.491],[22.441,-12.102],[22.394,-12.854],[22.629,-13.559],[23.052,-13.794],[23.663,-13.841],[24.368,-13.653]]]},"properties":{"NAME":"Barotse","SUBJECTO":"Barotse","PARTOF":"Barotse","BORDERPRECISION":3}},
{"type":"Feature","geometry":{"type":"Polygon","coordinates":[[[32.875,1.527],[33.345,1.903],[33.063,2.561],[32.687,2.655],[32.217,2.561],[31.371,2.326],[30.572,1.292],[30.29,1.057],[30.243,0.869],[29.82,0.775],[29.867,0.54],[30.055,0.446],[30.008,-0.165],[30.901,-0.447],[30.948,-0.165],[31.653,0.728],[32.499,1.433],[32.875,1.527]]]},"properties":{"NAME":"Bunyoro","SUBJECTO":"Bunyoro","PARTOF":"Bunyoro","BORDERPRECISION":3}},
{"type":"Feature","geometry":{"type":"Polygon","coordinates":[[[31.136,-1.481],[31.512,-1.528],[32.101,-1.465],[33.324,-0.113],[33.025,0.938],[32.875,1.527],[32.499,1.433],[31.653,0.728],[30.948,-0.165],[30.901,-0.447],[30.807,-1.011],[30.817,-1.108],[31.136,-1.481]]]},"properties":{"NAME":"Buganda","SUBJECTO":"Buganda","PARTOF":"Buganda","BORDERPRECISION":3}},
{"type":"Feature","geometry":{"type":"Polygon","coordinates":[[[26.78,-11.818],[27.191,-12.347],[28.131,-12.64],[28.719,-12.64],[29.188,-11.935],[30.657,-11.524],[31.303,-10.937],[31.303,-9.703],[31.127,-9.233],[30.363,-8.763],[29.717,-8.587],[29.012,-8.176],[28.307,-8.117],[27.426,-8.293],[27.132,-9.057],[26.721,-10.819],[26.721,-11.289],[26.78,-11.818]]]},"properties":{"NAME":"Yeke","SUBJECTO":"Yeke","PARTOF":"Yeke","BORDERPRECISION":3}},
{"type":"Feature","geometry":{"type":"Polygon","coordinates":[[[29.423,-4.474],[29.541,-6.413],[30.305,-7.118],[31.068,-8.587],[31.597,-8.587],[32.302,-8.293],[33.183,-7.412],[34.182,-5.414],[33.007,-5.062],[33.007,-4.768],[32.126,-4.651],[31.068,-4.239],[30.657,-3.711],[30.246,-4.298],[29.423,-4.474]]]},"properties":{"NAME":"Mirambo Unyanyembe Ukimbu","SUBJECTO":"Mirambo Unyanyembe Ukimbu","PARTOF":"Mirambo Unyanyembe Ukimbu","BORDERPRECISION":3}},
{"type":"Feature","geometry":{"type":"Polygon","coordinates":[[[30.657,-3.711],[30.716,-3.182],[30.54,-3.006],[30.187,-3.006],[29.835,-3.241],[29.306,-3.887],[29.423,-4.474],[30.246,-4.298],[30.657,-3.711]]]},"properties":{"NAME":"Burundi","SUBJECTO":"Burundi","PARTOF":"Burundi","BORDERPRECISION":3}},
{"type":"Feature","geometry":{"type":"Polygon","coordinates":[[[32.831,-3.006],[31.186,-3.123],[31.068,-3.534],[31.303,-4.063],[32.655,-4.416],[33.477,-4.063],[33.771,-3.769],[33.712,-3.241],[32.831,-3.006]]]},"properties":{"NAME":"Nguni","SUBJECTO":"Nguni","PARTOF":"Nguni","BORDERPRECISION":3}},
{"type":"Feature","geometry":{"type":"Polygon","coordinates":[[[30.817,-1.108],[30.128,-1.243],[29.776,-1.478],[29.482,-1.889],[29.482,-2.242],[29.658,-2.536],[30.422,-2.712],[31.068,-2.359],[31.186,-1.889],[31.136,-1.481],[30.817,-1.108]]]},"properties":{"NAME":"Rwanda","SUBJECTO":"Rwanda","PARTOF":"Rwanda","BORDERPRECISION":3}},
{"type":"Feature","geometry":{"type":"Polygon","coordinates":[[[27.661,-6.354],[28.836,-6.354],[28.719,-5.297],[28.19,-5.062],[28.131,-4.474],[29.012,-3.652],[28.777,-3.006],[27.309,-2.653],[27.25,-1.067],[26.369,0.284],[25.899,0.343],[23.255,-0.715],[22.785,-1.361],[23.02,-1.831],[23.666,-2.183],[24.547,-3.358],[24.724,-3.828],[24.43,-4.709],[24.579,-5.246],[24.724,-5.767],[25.252,-6.178],[26.251,-6.531],[27.309,-6.354],[27.661,-6.354]]]},"properties":{"NAME":"Sultanate of Utetera","SUBJECTO":"Sultanate of Utetera","PARTOF":"Sultanate of Utetera","BORDERPRECISION":3}},
{"type":"Feature","geometry":{"type":"Polygon","coordinates":[[[25.252,-6.178],[24.489,-6.824],[24.312,-7.471],[24.665,-8.469],[25.487,-8.646],[26.545,-8.469],[27.132,-8.293],[27.661,-6.942],[27.661,-6.354],[27.309,-6.354],[26.251,-6.531],[25.252,-6.178]]]},"properties":{"NAME":"Lunda","SUBJECTO":"Lunda","PARTOF":"Lunda","BORDERPRECISION":3}},
{"type":"Feature","geometry":{"type":"Polygon","coordinates":[[[24.579,-5.246],[23.842,-5.532],[23.607,-6.002],[23.607,-6.413],[24.077,-6.766],[24.489,-6.824],[25.252,-6.178],[24.724,-5.767],[24.579,-5.246]]]},"properties":{"NAME":"Luba","SUBJECTO":"Luba","PARTOF":"Luba","BORDERPRECISION":3}},
{"type":"Feature","geometry":{"type":"Polygon","coordinates":[[[22.726,-4.768],[22.315,-3.828],[21.375,-3.652],[20.905,-4.122],[20.729,-5.532],[21.199,-6.707],[21.551,-6.942],[22.256,-6.589],[22.785,-5.356],[22.726,-4.768]]]},"properties":{"NAME":"Kuba","SUBJECTO":"Kuba","PARTOF":"Kuba","BORDERPRECISION":3}},
{"type":"Feature","geometry":{"type":"Polygon","coordinates":[[[12.301,-14.56],[14.42,-12.66],[14.443,-12.64],[14.678,-11.759],[14.368,-9.638],[14.267,-8.939],[14.325,-8.234],[14.09,-7.706],[13.562,-7.529],[13.023,-7.605],[13.167,-7.845],[13.387,-8.156],[13.477,-8.416],[13.48,-8.632],[13.431,-8.823],[13.146,-9.065],[13.084,-9.287],[13.204,-9.637],[13.418,-9.986],[13.639,-10.303],[13.73,-10.544],[13.816,-10.976],[13.837,-11.358],[13.813,-11.656],[13.649,-12.197],[13.459,-12.502],[13.339,-12.649],[13.051,-12.751],[12.93,-12.91],[12.848,-13.164],[12.585,-13.464],[12.441,-13.877],[12.333,-14.316],[12.301,-14.56]]]},"properties":{"NAME":"Angola","SUBJECTO":"Angola","PARTOF":"Angola","BORDERPRECISION":3}},
{"type":"Feature","geometry":{"type":"Polygon","coordinates":[[[14.42,-12.66],[15.206,-12.64],[15.735,-13.11],[16.146,-13.052],[16.205,-10.878],[16.264,-10.643],[16.146,-10.525],[16.088,-9.82],[15.735,-9.585],[15.441,-9.879],[15.089,-9.703],[14.795,-9.82],[14.368,-9.638],[14.678,-11.759],[14.443,-12.64],[14.42,-12.66]]]},"properties":{"NAME":"Ovimbundu","SUBJECTO":"Ovimbundu","PARTOF":"Ovimbundu","BORDERPRECISION":3}},
{"type":"Feature","geometry":{"type":"Polygon","coordinates":[[[16.088,-9.82],[16.91,-9.938],[17.498,-9.527],[17.615,-9.292],[16.91,-8.058],[15.97,-7.764],[15.557,-7.735],[15.148,-7.706],[14.971,-7.706],[14.09,-7.706],[14.325,-8.234],[14.267,-8.939],[14.368,-9.638],[14.795,-9.82],[15.089,-9.703],[15.441,-9.879],[15.735,-9.585],[16.088,-9.82]]]},"properties":{"NAME":"Mbailundu","SUBJECTO":"Mbailundu","PARTOF":"Mbailundu","BORDERPRECISION":3}},
{"type":"Feature","geometry":{"type":"Polygon","coordinates":[[[14.971,-7.706],[15.089,-7.412],[14.568,-6.283],[14.032,-5.121],[13.419,-4.555],[13.268,-4.416],[12.563,-4.298],[11.851,-4.71],[11.949,-4.924],[12.227,-5.362],[12.263,-5.47],[12.194,-5.775],[12.372,-6.258],[12.796,-6.861],[12.877,-7.051],[12.969,-7.515],[13.023,-7.605],[13.562,-7.529],[14.09,-7.706],[14.971,-7.706]]]},"properties":{"NAME":"Congo","SUBJECTO":"Congo","PARTOF":"Congo","BORDERPRECISION":3}},
{"type":"Feature","geometry":{"type":"Polygon","coordinates":[[[14.568,-6.283],[15.383,-5.767],[16.029,-4.768],[16.352,-4.445],[16.675,-4.122],[16.381,-3.476],[15.97,-3.085],[15.089,-2.888],[14.384,-3.182],[13.419,-4.555],[14.032,-5.121],[14.568,-6.283]]]},"properties":{"NAME":"Teke","SUBJECTO":"Teke","PARTOF":"Teke","BORDERPRECISION":3}},
{"type":"Feature","geometry":{"type":"MultiPolygon","coordinates":[[[[15.557,-7.735],[16.029,-4.768],[15.383,-5.767],[14.568,-6.283],[15.089,-7.412],[14.971,-7.706],[15.148,-7.706],[15.557,-7.735]]],[[[8.576,3.067],[8.784,3.448],[8.871,3.525],[8.827,3.612],[8.631,3.656],[8.478,3.557],[8.467,3.361],[8.358,3.317],[8.358,3.088],[8.576,3.067]]]]},"properties":{"NAME":null,"SUBJECTO":null,"PARTOF":null,"BORDERPRECISION":3}},
{"type":"Feature","geometry":{"type":"Polygon","coordinates":[[[16.91,-8.058],[17.086,-8.058],[17.556,-7.706],[17.439,-7.118],[18.085,-5.826],[17.733,-5.121],[16.352,-4.445],[16.029,-4.768],[15.557,-7.735],[15.97,-7.764],[16.91,-8.058]]]},"properties":{"NAME":"Yaka","SUBJECTO":"Yaka","PARTOF":"Yaka","BORDERPRECISION":3}},
{"type":"Feature","geometry":{"type":"Polygon","coordinates":[[[54.983,17.015],[55.195,17.149],[55.236,17.288],[55.234,17.447],[55.29,17.676],[55.389,17.81],[55.561,17.937],[55.708,17.95],[56.013,17.932],[56.258,17.977],[56.458,18.092],[56.549,18.219],[56.609,18.467],[56.739,18.689],[56.904,18.817],[57.186,18.938],[57.657,18.971],[57.839,19.035],[57.778,19.314],[57.778,19.67],[57.806,20.172],[57.931,20.401],[58.044,20.433],[58.15,20.395],[58.403,20.357],[58.512,20.421],[58.861,21.114],[59.259,21.477],[59.536,21.802],[59.837,22.279],[59.826,22.374],[59.461,22.539],[59.254,22.729],[59.022,23.021],[58.628,23.458],[58.465,23.509],[58.081,23.502],[57.904,23.571],[57.451,23.805],[57.146,23.982],[56.794,24.268],[56.611,24.477],[56.405,24.82],[56.406,25.309],[56.366,25.455],[56.282,25.462],[56.096,25.336],[56.007,25.138],[56.016,24.83],[56.145,24.453],[56.126,24.096],[57.73,22.727],[58.166,22.558],[58.384,21.976],[57.44,21.007],[56.426,19.627],[56.132,18.893],[54.883,18.158],[54.81,17.791],[54.983,17.015]]]},"properties":{"NAME":"Oman","SUBJECTO":"Oman","PARTOF":"Oman","BORDERPRECISION":3}},
{"type":"Feature","geometry":{"type":"Polygon","coordinates":[[[56.126,24.096],[55.618,23.886],[54.957,23.446],[53.341,23.446],[52.68,23.372],[51.505,23.372],[51.212,23.886],[50.775,24.154],[50.569,23.854],[49.704,24.41],[49.395,26.078],[48.469,26.695],[47.672,28.443],[47.589,28.551],[47.439,28.829],[46.509,28.97],[46.744,29.225],[46.905,29.438],[45.87,29.856],[44.839,29.993],[44.083,30.337],[40.029,34.391],[39.342,34.597],[38.036,34.597],[37.212,33.566],[36.525,31.162],[36.593,29.787],[37.364,27.957],[37.644,27.356],[39.756,25.428],[40.857,24.988],[41.07,22.263],[41.812,21.713],[41.923,20.767],[45.557,17.204],[45.704,16.176],[45.263,13.826],[45.411,13.09],[45.692,13.348],[45.826,13.405],[46.601,13.401],[46.939,13.49],[47.37,13.669],[47.662,13.848],[48.036,14.045],[48.27,14.078],[48.537,14.046],[48.765,14.098],[48.96,14.219],[49.173,14.499],[49.334,14.633],[49.713,14.773],[50.291,14.959],[51.313,15.247],[51.95,15.541],[52.135,15.687],[52.163,15.871],[52.238,16.1],[52.357,16.234],[52.652,16.489],[52.894,16.61],[53.336,16.763],[53.681,16.898],[54.084,17.019],[54.407,17.045],[54.756,16.951],[54.911,16.97],[54.983,17.015],[54.81,17.791],[54.883,18.158],[56.132,18.893],[56.426,19.627],[57.44,21.007],[58.384,21.976],[58.166,22.558],[57.73,22.727],[56.126,24.096]]]},"properties":{"NAME":"Arabia","SUBJECTO":"Arabia","PARTOF":"Arabia","BORDERPRECISION":3}},
{"type":"Feature","geometry":{"type":"Polygon","coordinates":[[[56.282,25.462],[56.161,25.473],[56.405,25.861],[56.367,26.236],[56.015,25.772],[55.53,25.373],[55.457,25.42],[55.091,25.02],[54.771,24.733],[54.592,24.377],[54.487,24.344],[54.347,24.154],[54.276,24.11],[54.108,24.103],[54.006,24.182],[54.017,24.05],[53.687,23.987],[53.076,24.087],[52.939,24.024],[52.672,24.075],[52.481,24.056],[52.383,24.108],[52.301,24.082],[52.255,23.987],[51.946,23.945],[51.765,24.003],[51.586,24.003],[51.606,24.203],[51.523,24.161],[51.291,24.281],[50.968,24.436],[50.775,24.154],[51.212,23.886],[51.505,23.372],[52.68,23.372],[53.341,23.446],[54.957,23.446],[55.618,23.886],[56.126,24.096],[56.145,24.453],[56.016,24.83],[56.007,25.138],[56.096,25.336],[56.282,25.462]]]},"properties":{"NAME":"Trucial Oman","SUBJECTO":"Trucial Oman","PARTOF":"Trucial Oman","BORDERPRECISION":3}},
{"type":"Feature","geometry":{"type":"Polygon","coordinates":[[[50.968,24.436],[51.291,24.281],[51.288,24.411],[51.559,24.816],[51.606,24.987],[51.553,25.102],[51.539,25.42],[51.587,25.609],[51.506,25.845],[51.389,25.887],[51.358,26.029],[51.217,26.066],[51.069,25.945],[50.989,25.672],[51.015,25.588],[50.931,25.539],[50.847,25.265],[50.896,24.91],[50.965,24.713],[50.968,24.436]]]},"properties":{"NAME":"Qatar","SUBJECTO":"Qatar","PARTOF":"Qatar","BORDERPRECISION":3}},
{"type":"Feature","geometry":{"type":"Polygon","coordinates":[[[32.648,29.852],[32.597,30.964],[32.309,31.084],[32.077,31.014],[31.808,31.178],[31.717,31.388],[31.392,31.444],[31.151,31.444],[30.996,31.469],[30.827,31.437],[30.476,31.315],[30.099,31.232],[29.683,31.053],[29.359,30.811],[29.249,30.754],[28.966,30.785],[28.517,30.962],[28.1,30.999],[27.919,30.999],[27.763,31.183],[27.439,31.252],[27.088,31.307],[26.143,31.491],[25.79,31.49],[25.507,31.445],[25.258,31.438],[25.107,31.514],[24.982,31.647],[24.952,31.818],[24.816,31.907],[24.293,31.923],[24.292,30.49],[25.253,29.898],[25.327,28.789],[24.736,28.346],[24.81,27.015],[25.623,26.571],[25.919,25.684],[24.81,24.723],[25.623,22.8],[28.506,22.061],[28.58,21.322],[29.32,21.543],[29.098,20.287],[28.728,19.104],[28.654,18.216],[28.95,17.329],[29.024,16.368],[28.211,16.146],[27.693,15.185],[27.767,14.298],[28.285,13.78],[28.876,13.558],[29.468,12.967],[29.615,11.784],[29.32,10.379],[29.32,9.27],[29.615,7.348],[30.429,6.386],[30.946,5.203],[31.464,4.834],[32.203,4.76],[32.425,5.647],[32.351,7.052],[32.721,9.418],[33.83,11.858],[34.237,14.076],[34.976,15.776],[35.789,16.664],[36.824,17.107],[37.712,16.885],[38.599,17.033],[38.959,17.203],[38.686,18.003],[38.527,18.161],[38.307,18.25],[38.029,18.478],[37.48,18.82],[37.398,18.915],[37.255,19.652],[37.128,21.227],[36.903,21.729],[36.66,22.167],[36.473,22.338],[36.29,22.572],[36.111,22.648],[35.746,22.914],[35.576,23.232],[35.468,23.721],[35.488,23.791],[35.725,23.912],[35.657,23.994],[35.453,24.153],[35.19,24.4],[34.997,24.717],[34.515,25.574],[34.104,26.355],[33.929,26.564],[33.804,26.932],[33.567,27.37],[33.354,27.91],[32.935,28.379],[32.649,28.766],[32.591,28.937],[32.318,29.54],[32.438,29.776],[32.648,29.852]]]},"properties":{"NAME":"Egypt","SUBJECTO":"Egypt","PARTOF":"Egypt","BORDERPRECISION":3}},
{"type":"Feature","geometry":{"type":"Polygon","coordinates":[[[8.33,32.649],[8.927,32.109],[9.327,30.147],[10.09,30.365],[10.526,30.801],[10.454,31.782],[11.501,32.338],[11.471,33.144],[11.209,33.252],[11.099,33.537],[10.957,33.575],[10.778,33.473],[10.65,33.498],[10.413,33.631],[10.149,33.878],[10.019,34.081],[10.116,34.234],[10.574,34.648],[10.839,34.801],[11.083,35.145],[11.125,35.241],[10.989,35.622],[10.831,35.679],[10.603,35.889],[10.511,36.086],[10.509,36.214],[10.633,36.424],[10.92,36.654],[11.039,36.909],[11.024,37.068],[10.843,36.991],[10.581,36.793],[10.393,36.717],[10.272,36.755],[10.133,37.105],[10.021,37.2],[9.732,37.282],[9.416,37.275],[9.15,37.173],[8.866,36.968],[8.637,36.885],[8.631,36.803],[8.324,36.521],[8.272,36.323],[8.277,35.679],[8.313,35.011],[8.291,34.77],[8.218,34.585],[7.581,34.041],[7.572,33.795],[7.677,33.495],[7.73,33.195],[8.101,33.125],[8.277,32.86],[8.33,32.649]]]},"properties":{"NAME":"Tunisia","SUBJECTO":"Tunisia","PARTOF":"Tunisia","BORDERPRECISION":3}},
{"type":"Feature","geometry":{"type":"Polygon","coordinates":[[[8.33,32.649],[8.277,32.86],[8.101,33.125],[7.73,33.195],[7.677,33.495],[7.572,33.795],[7.581,34.041],[8.218,34.585],[8.291,34.77],[8.313,35.011],[8.277,35.679],[8.272,36.323],[8.324,36.521],[8.631,36.803],[8.637,36.885],[7.913,36.775],[7.792,36.832],[7.719,36.953],[7.545,37.042],[7.307,37.061],[7.063,36.882],[6.923,36.818],[6.771,36.862],[6.323,37.091],[6.047,36.842],[5.73,36.752],[5.383,36.675],[5.144,36.668],[4.395,36.838],[3.741,36.837],[3.587,36.792],[3.324,36.651],[3.07,36.619],[2.81,36.714],[2.524,36.573],[2.294,36.541],[1.58,36.514],[1.058,36.462],[0.781,36.385],[0.474,36.225],[0.199,36.033],[0.015,35.804],[-0.092,35.74],[-0.283,35.758],[-0.429,35.86],[-0.917,35.668],[-1.147,35.629],[-1.329,35.489],[-1.495,35.234],[-1.738,35.119],[-2.035,35.055],[-2.193,35.054],[-2.077,34.826],[-1.823,34.7],[-1.738,34.605],[-1.664,34.205],[-1.681,33.258],[-1.61,33.048],[-1.341,32.694],[-1.113,32.549],[-1.081,32.454],[-1.234,31.989],[1.366,30.949],[4.81,33.263],[6.747,33.048],[8.33,32.649]]]},"properties":{"NAME":"Algeria","SUBJECTO":"Algeria","PARTOF":"Algeria","BORDERPRECISION":3}},
{"type":"Feature","geometry":{"type":"Polygon","coordinates":[[[12.497,12.219],[15.811,11.982],[16.488,12.007],[17.026,13.191],[17.725,14.59],[17.564,15.505],[17.725,15.989],[17.295,16.688],[17.187,18.249],[15.573,18.572],[15.196,17.28],[13.905,15.935],[12.183,15.505],[11.914,14.966],[11.598,14.065],[12.497,12.219]]]},"properties":{"NAME":"Kanem-Bornu","SUBJECTO":"Kanem-Bornu","PARTOF":"Kanem-Bornu","BORDERPRECISION":3}},
{"type":"Feature","geometry":{"type":"Polygon","coordinates":[[[6.027,8.193],[4.928,8.193],[3.463,8.34],[2.877,7.754],[3.244,7.314],[5.514,6.875],[6.173,7.388],[6.027,8.193]]]},"properties":{"NAME":"Ibadan","SUBJECTO":"Ibadan","PARTOF":"Ibadan","BORDERPRECISION":3}},
{"type":"Feature","geometry":{"type":"Polygon","coordinates":[[[5.419,4.956],[6.1,5.191],[6.1,5.85],[5.221,6.289],[4.634,6.212],[4.886,6.003],[5.095,5.756],[5.153,5.642],[5.383,5.61],[5.448,5.477],[5.355,5.362],[5.333,5.248],[5.419,4.956]]]},"properties":{"NAME":"Benin","SUBJECTO":"Benin","PARTOF":"Benin","BORDERPRECISION":3}},
{"type":"Feature","geometry":{"type":"Polygon","coordinates":[[[2.832,6.351],[3.46,6.381],[3.611,6.413],[3.719,6.547],[3.949,6.579],[4.072,6.44],[3.976,6.655],[3.317,7.095],[2.877,6.802],[2.832,6.351]]]},"properties":{"NAME":"Lagos","SUBJECTO":"Lagos","PARTOF":"Lagos","BORDERPRECISION":3}},
{"type":"Feature","geometry":{"type":"Polygon","coordinates":[[[2.713,6.346],[2.717,6.878],[2.193,6.766],[2.174,6.29],[2.713,6.346]]]},"properties":{"NAME":"Cotonou","SUBJECTO":"Cotonou","PARTOF":"Cotonou","BORDERPRECISION":3}},
{"type":"Feature","geometry":{"type":"Polygon","coordinates":[[[-0.119,5.573],[-0.47,5.866],[-0.77,6.241],[-0.995,6.091],[-1.857,5.903],[-2.57,5.453],[-2.717,5.04],[-2.291,4.844],[-2.031,4.698],[-1.6,4.953],[-1.176,5.139],[-0.608,5.318],[-0.119,5.573]]]},"properties":{"NAME":"Accra","SUBJECTO":"Accra","PARTOF":"Accra","BORDERPRECISION":3}},
{"type":"Feature","geometry":{"type":"Polygon","coordinates":[[[-5.239,5.193],[-5,5.238],[-3.942,5.266],[-3.668,5.228],[-3.351,5.153],[-3.091,5.16],[-3.32,5.828],[-3.77,6.091],[-4.294,6.203],[-4.744,6.053],[-5.239,5.193]]]},"properties":{"NAME":"Ivory Coast","SUBJECTO":"Ivory Coast","PARTOF":"Ivory Coast","BORDERPRECISION":3}},
{"type":"Feature","geometry":{"type":"Polygon","coordinates":[[[0.803,5.715],[0.355,6.391],[0.243,6.878],[-0.995,7.478],[-1.67,7.291],[-2.307,7.291],[-2.804,5.186],[-2.717,5.04],[-2.57,5.453],[-1.857,5.903],[-0.995,6.091],[-0.77,6.241],[-0.47,5.866],[-0.119,5.573],[0.09,5.656],[0.536,5.72],[0.803,5.715]]]},"properties":{"NAME":"Asante","SUBJECTO":"Asante","PARTOF":"Asante","BORDERPRECISION":3}},
{"type":"Feature","geometry":{"type":"Polygon","coordinates":[[[-12.31,7.645],[-12.094,8.078],[-11.569,8.303],[-11.569,8.528],[-11.569,8.903],[-11.381,9.54],[-12.244,9.84],[-12.581,9.428],[-13.178,9.092],[-13.141,9.027],[-13.174,8.773],[-13.145,8.722],[-12.927,8.627],[-12.912,8.557],[-12.99,8.456],[-13.212,8.347],[-13.044,8.138],[-12.869,7.973],[-12.513,7.726],[-12.31,7.645]]]},"properties":{"NAME":"Sierra Leone","SUBJECTO":"Sierra Leone","PARTOF":"Sierra Leone","BORDERPRECISION":3}},
{"type":"Feature","geometry":{"type":"Polygon","coordinates":[[[-12.31,7.645],[-12.252,7.548],[-12.264,7.351],[-12.047,7.263],[-11.749,7.079],[-11.168,6.598],[-10.763,6.357],[-10.437,6.205],[-9.937,5.863],[-9.779,5.707],[-9.544,6.391],[-9.882,6.916],[-9.882,7.441],[-10.069,7.591],[-10.894,7.628],[-10.894,8.341],[-11.569,8.528],[-11.569,8.303],[-12.094,8.078],[-12.31,7.645]]]},"properties":{"NAME":"Liberia","SUBJECTO":"Liberia","PARTOF":"Liberia","BORDERPRECISION":3}},
{"type":"Feature","geometry":{"type":"Polygon","coordinates":[[[-16.767,13.36],[-16.294,13.29],[-15.453,13.327],[-14.972,13.296],[-15.002,13.747],[-15.919,13.778],[-16.471,13.723],[-16.452,13.545],[-16.494,13.475],[-16.689,13.449],[-16.767,13.36]]]},"properties":{"NAME":"Gambia","SUBJECTO":"Gambia","PARTOF":"Gambia","BORDERPRECISION":3}},
{"type":"Feature","geometry":{"type":"Polygon","coordinates":[[[-16.767,13.36],[-16.776,13.125],[-16.726,12.788],[-16.772,12.597],[-16.696,12.413],[-16.571,12.312],[-16.425,12.248],[-15.994,12.275],[-15.723,12.635],[-15.603,13.056],[-15.453,13.327],[-16.294,13.29],[-16.767,13.36]]]},"properties":{"NAME":"Portuguese Guinea","SUBJECTO":"Portuguese Guinea","PARTOF":"Portuguese Guinea","BORDERPRECISION":3}},
{"type":"Feature","geometry":{"type":"Polygon","coordinates":[[[-3.554,13.682],[-2.969,15.088],[-3.603,16.494],[-5.115,16.611],[-7.066,15.908],[-9.384,16.061],[-11.006,15.43],[-11.016,14.678],[-11.26,14.209],[-11.406,13.154],[-10.918,11.924],[-9.894,12.275],[-8.236,11.748],[-7.456,11.924],[-6.383,11.748],[-4.676,12.861],[-4.53,13.213],[-3.963,13.485],[-3.554,13.682]]]},"properties":{"NAME":"Tukular Caliphate","SUBJECTO":"Tukular Caliphate","PARTOF":"Tukular Caliphate","BORDERPRECISION":3}},
{"type":"Feature","geometry":{"type":"Polygon","coordinates":[[[-16.125,17.301],[-16.379,16.716],[-16.45,16.118],[-16.6,15.749],[-16.865,15.298],[-17.19,14.96],[-17.433,14.807],[-17.221,14.725],[-17.05,14.586],[-16.87,14.364],[-16.697,14.078],[-16.64,13.843],[-16.471,13.723],[-15.919,13.778],[-16.024,14.168],[-15.904,15.4],[-15.663,15.58],[-15.333,15.55],[-14.221,14.739],[-13.8,14.528],[-13.139,13.988],[-12.779,13.837],[-12.298,13.867],[-12.088,14.108],[-12.088,14.889],[-12.268,15.52],[-12.448,15.82],[-12.719,16.001],[-14.273,16.545],[-15.352,17.062],[-16.125,17.301]]]},"properties":{"NAME":"Senegal","SUBJECTO":"Senegal","PARTOF":"Senegal","BORDERPRECISION":3}},
{"type":"Feature","geometry":{"type":"Polygon","coordinates":[[[-16.024,14.168],[-15.092,14.198],[-14.852,14.108],[-14.762,13.747],[-14.131,13.266],[-13.62,12.966],[-13.109,12.996],[-12.809,13.567],[-12.779,13.837],[-13.139,13.988],[-13.8,14.528],[-14.221,14.739],[-15.333,15.55],[-15.663,15.58],[-15.904,15.4],[-16.024,14.168]]]},"properties":{"NAME":"Futa Toro","SUBJECTO":"Futa Toro","PARTOF":"Futa Toro","BORDERPRECISION":3}},
{"type":"Feature","geometry":{"type":"Polygon","coordinates":[[[-3.963,13.485],[-4.038,12.93],[-3.851,12.461],[-3.24,12.649],[-3.053,13.212],[-3.554,13.682],[-3.963,13.485]]]},"properties":{"NAME":"Kong","SUBJECTO":"Kong","PARTOF":"Kong","BORDERPRECISION":3}},
{"type":"Feature","geometry":{"type":"Polygon","coordinates":[[[-2.912,13.869],[-2.442,13.165],[-3.24,12.273],[-3.053,11.897],[-2.348,11.616],[-1.691,10.724],[-1.879,8.799],[-1.269,8.799],[-0.095,8.376],[1.22,8.658],[0.984,10.616],[-0.012,11.28],[1.36,13.024],[0.797,13.353],[0.14,13.963],[-0.564,14.104],[-1.034,14.526],[-1.973,14.339],[-2.912,13.869]]]},"properties":{"NAME":"Mossi States","SUBJECTO":"Mossi States","PARTOF":"Mossi States","BORDERPRECISION":3}},
{"type":"Feature","geometry":{"type":"Polygon","coordinates":[[[-14.414,12.696],[-14.648,12.132],[-14.507,11.616],[-13.146,10.677],[-12.677,10.536],[-12.254,10.63],[-12.019,10.959],[-12.301,11.569],[-13.146,12.367],[-13.85,12.696],[-14.414,12.696]]]},"properties":{"NAME":"Futa Jalon","SUBJECTO":"Futa Jalon","PARTOF":"Futa Jalon","BORDERPRECISION":3}},
{"type":"Feature","geometry":{"type":"Polygon","coordinates":[[[-7.512,8.846],[-7.7,8.142],[-7.419,7.766],[-6.48,7.625],[-5.822,7.719],[-5.541,8.189],[-5.071,8.001],[-4.696,7.203],[-4.226,7.297],[-3.898,7.485],[-4.32,8.189],[-3.991,8.658],[-3.898,8.893],[-4.085,9.175],[-4.461,9.128],[-4.836,8.752],[-5.071,8.752],[-5.541,8.611],[-5.822,8.846],[-5.682,9.081],[-5.775,9.503],[-6.057,9.691],[-6.01,10.02],[-6.527,10.16],[-6.902,9.973],[-7.512,8.846]]]},"properties":{"NAME":"Second Samori Empire","SUBJECTO":"Second Samori Empire","PARTOF":"Second Samori Empire","BORDERPRECISION":3}},
{"type":"Feature","geometry":{"type":"Polygon","coordinates":[[[7.088,6.733],[6.478,6.499],[6.478,5.466],[6.525,5.278],[7.041,5.794],[7.323,5.607],[7.698,5.794],[7.604,6.499],[7.088,6.733]]]},"properties":{"NAME":"Ato trading confederacy","SUBJECTO":"Ato trading confederacy","PARTOF":"Ato trading confederacy","BORDERPRECISION":3}},
{"type":"Feature","geometry":{"type":"Polygon","coordinates":[[[9.37,1.171],[10.046,1.288],[10.468,1.1],[10.844,1.335],[11.078,1.71],[10.984,1.992],[10.515,2.133],[10.186,2.039],[9.894,2.138],[9.851,1.877],[9.701,1.616],[9.5,1.381],[9.37,1.171]]]},"properties":{"NAME":"Spanish Guinea","SUBJECTO":"Spanish Guinea","PARTOF":"Spanish Guinea","BORDERPRECISION":3}},
{"type":"Feature","geometry":{"type":"Polygon","coordinates":[[[9.229,-1.388],[10.046,-1.06],[10.703,-0.59],[10.703,-0.121],[10.468,-0.027],[10.28,0.208],[10.186,0.771],[10.046,0.912],[9.629,0.89],[9.566,0.612],[9.35,0.535],[9.602,0.332],[9.854,0.174],[9.883,0.079],[9.66,0.085],[9.473,0.116],[9.303,-0.456],[9.203,-0.634],[8.959,-0.819],[8.815,-0.896],[8.981,-1.099],[9.112,-1.353],[9.229,-1.388]]]},"properties":{"NAME":"Gabon","SUBJECTO":"Gabon","PARTOF":"Gabon","BORDERPRECISION":3}},
{"type":"Feature","geometry":{"type":"Polygon","coordinates":[[[39.503,15.504],[39.199,15.465],[39.059,15.137],[39.105,14.714],[39.481,14.62],[39.796,15.089],[39.518,15.463],[39.503,15.504]]]},"properties":{"NAME":"Egypt","SUBJECTO":"Egypt","PARTOF":"Egypt","BORDERPRECISION":3}},
{"type":"Feature","geometry":{"type":"Polygon","coordinates":[[[39.481,14.62],[39.152,14.48],[37.979,14.62],[37.65,14.48],[37.134,13.681],[36.899,13.447],[35.115,12.789],[34.692,12.461],[34.692,11.944],[35.115,11.475],[35.209,10.63],[35.397,10.067],[35.725,9.926],[35.96,7.485],[36.242,7.25],[36.57,7.297],[37.791,8.517],[38.495,10.16],[38.73,11.944],[41.171,12.508],[41.218,13.071],[40.232,13.494],[39.796,15.089],[39.481,14.62]]]},"properties":{"NAME":"Ethiopia","SUBJECTO":"Ethiopia","PARTOF":"Ethiopia","BORDERPRECISION":3}},
{"type":"Feature","geometry":{"type":"Polygon","coordinates":[[[49.647,11.329],[49.304,11.246],[48.97,11.233],[48.663,11.321],[48.534,11.333],[47.996,11.116],[47.807,11.097],[47.391,11.159],[47.28,11.102],[46.929,10.847],[46.677,10.7],[46.43,10.668],[46.088,10.788],[45.909,10.832],[45.646,10.762],[45.013,10.449],[44.845,10.417],[44.448,10.429],[44.281,10.396],[44.162,10.492],[44.052,10.663],[43.789,10.942],[43.368,11.456],[43.243,11.123],[42.538,9.891],[42.186,9.773],[41.952,8.893],[42.362,8.658],[43.008,8.834],[44.123,9.538],[45.355,9.773],[46.529,9.48],[47.409,9.656],[48.876,9.597],[49.639,9.891],[49.756,10.653],[49.647,11.329]]]},"properties":{"NAME":"Harer (Egypt)","SUBJECTO":"Harer (Egypt)","PARTOF":"Harer (Egypt)","BORDERPRECISION":3}},
{"type":"Feature","geometry":{"type":"Polygon","coordinates":[[[-54.58,-25.743],[-54.609,-25.553],[-54.597,-25.204],[-54.497,-24.835],[-54.363,-24.459],[-54.219,-24.121],[-54.227,-24.058],[-54.554,-23.857],[-55.134,-24.057],[-55.235,-24.032],[-55.349,-23.779],[-55.568,-22.643],[-55.623,-22.446],[-56.002,-22.264],[-56.328,-22.139],[-56.379,-22.139],[-56.699,-22.325],[-56.854,-22.339],[-57.271,-22.24],[-57.806,-22.154],[-62.61,-22.157],[-62.525,-22.181],[-62.424,-22.333],[-62.071,-22.744],[-61.5,-23.363],[-61.24,-23.616],[-60.865,-23.881],[-60.641,-23.987],[-60.113,-24.079],[-59.811,-24.217],[-59.077,-24.715],[-58.425,-25.029],[-58.132,-25.11],[-57.71,-25.336],[-57.718,-25.457],[-57.995,-25.998],[-58.277,-26.381],[-58.298,-26.482],[-58.204,-26.761],[-58.253,-26.851],[-58.472,-27.03],[-58.663,-27.221],[-58.692,-27.317],[-58.606,-27.342],[-58.072,-27.193],[-57.799,-27.204],[-57.352,-27.353],[-57.099,-27.396],[-56.779,-27.395],[-56.444,-27.336],[-56.269,-27.258],[-56.163,-27.245],[-56.006,-27.289],[-55.732,-27.452],[-55.574,-27.223],[-55.438,-27.101],[-54.985,-26.768],[-54.817,-26.558],[-54.571,-25.851],[-54.58,-25.743]]]},"properties":{"NAME":"Paraguay","SUBJECTO":"Paraguay","PARTOF":"Paraguay","BORDERPRECISION":3}},
{"type":"Feature","geometry":{"type":"Polygon","coordinates":[[[-57.806,-22.154],[-57.803,-21.83],[-57.705,-21.118],[-57.752,-20.686],[-57.986,-20.294],[-58.024,-19.995],[-58.138,-19.812],[-57.948,-19.512],[-57.777,-19.168],[-57.67,-18.793],[-57.586,-18.265],[-57.596,-18.043],[-57.734,-17.694],[-57.877,-17.479],[-58.206,-17.316],[-58.402,-17.133],[-58.432,-16.879],[-58.315,-16.503],[-58.333,-16.37],[-58.645,-16.359],[-59.372,-16.35],[-60.032,-16.329],[-60.101,-16.278],[-60.213,-15.853],[-60.275,-14.939],[-60.289,-14.621],[-60.38,-14.158],[-60.363,-13.904],[-60.401,-13.828],[-60.583,-13.721],[-60.824,-13.646],[-61.111,-13.591],[-61.627,-13.625],[-61.726,-13.588],[-61.906,-13.449],[-62.079,-13.101],[-62.519,-13.078],[-62.654,-13.034],[-62.991,-12.763],[-63.301,-12.625],[-63.605,-12.512],[-63.765,-12.526],[-64.119,-12.516],[-64.261,-12.472],[-64.756,-12.049],[-65.122,-11.632],[-65.273,-11.366],[-65.337,-11.08],[-65.353,-10.712],[-65.288,-10.152],[-65.309,-9.816],[-65.886,-9.806],[-66.306,-9.841],[-66.474,-9.915],[-72.916,-9.041],[-73.121,-9.405],[-70.22,-12.178],[-69.758,-12.771],[-69.824,-13.167],[-69.626,-13.431],[-69.363,-13.496],[-68.916,-13.219],[-68.968,-13.529],[-68.942,-13.764],[-68.836,-14.17],[-69.006,-14.476],[-69.245,-14.738],[-69.291,-14.941],[-69.135,-15.322],[-69.301,-15.64],[-69.291,-15.856],[-69.019,-16.382],[-69.012,-16.617],[-69.14,-16.814],[-69.466,-17.089],[-69.52,-17.191],[-69.498,-17.407],[-69.43,-17.604],[-69.362,-17.718],[-69.112,-18.053],[-68.975,-18.344],[-68.888,-18.89],[-68.775,-19.125],[-68.433,-19.459],[-68.425,-19.586],[-68.622,-20.286],[-68.64,-20.445],[-68.528,-20.749],[-68.182,-21.249],[-68.086,-21.502],[-67.939,-22.059],[-69.055,-22.352],[-70.201,-22.217],[-70.234,-22.428],[-70.23,-22.796],[-70.292,-22.987],[-70.473,-23.076],[-70.573,-23.166],[-70.553,-23.343],[-70.58,-23.49],[-70.415,-23.527],[-70.359,-23.661],[-70.463,-23.934],[-70.453,-24.347],[-70.519,-24.455],[-70.498,-24.83],[-70.398,-25.249],[-70.493,-25.471],[-70.683,-25.77],[-70.655,-26.259],[-70.748,-26.876],[-70.849,-27.281],[-70.291,-26.802],[-69.467,-26.884],[-69.22,-26.06],[-68.48,-25.939],[-68.565,-25.697],[-68.562,-25.437],[-68.373,-25.112],[-68.486,-24.744],[-68.393,-24.604],[-68.025,-24.437],[-67.419,-24.198],[-67.258,-24.083],[-67.014,-23.427],[-66.972,-23.141],[-67.189,-22.984],[-66.277,-22.045],[-66.146,-21.923],[-65.914,-22.081],[-65.638,-22.168],[-64.995,-22.132],[-64.756,-22.163],[-64.589,-22.251],[-64.436,-22.39],[-64.249,-22.878],[-63.784,-22.074],[-63.475,-22.073],[-62.876,-22.107],[-62.61,-22.157],[-57.806,-22.154]]]},"properties":{"NAME":"Bolivia","SUBJECTO":"Bolivia","PARTOF":"Bolivia","BORDERPRECISION":3}},
{"type":"Feature","geometry":{"type":"Polygon","coordinates":[[[48.554,29.995],[48.714,30],[48.801,30.083],[48.946,30.388],[49.222,30.477],[49.235,30.223],[49.321,30.103],[49.452,30.078],[49.511,30.021],[49.718,30.002],[50.132,30.066],[50.36,29.743],[50.705,29.401],[50.702,29.134],[50.797,29.013],[51.35,28.036],[51.611,27.827],[51.962,27.777],[52.41,27.581],[52.634,27.315],[52.891,27.052],[53.381,26.91],[53.634,26.748],[54.065,26.701],[54.646,26.391],[54.76,26.411],[54.926,26.538],[55.098,26.737],[55.34,26.799],[55.425,26.963],[55.805,27.005],[55.9,27.105],[56.431,27.107],[56.668,27.05],[56.684,26.968],[56.79,26.974],[56.929,26.752],[56.935,26.465],[57.066,26.307],[57.112,26.076],[57.245,26.018],[57.255,25.793],[57.465,25.705],[57.805,25.648],[57.9,25.541],[58.369,25.548],[58.744,25.536],[59.031,25.308],[59.302,25.34],[59.655,25.322],[60.298,25.323],[60.48,25.298],[60.752,25.184],[60.858,25.096],[61.344,25.027],[61.57,25.04],[61.673,25.628],[61.68,25.645],[61.737,26.543],[62.258,26.977],[62.605,26.977],[62.605,27.585],[62.171,27.585],[62.086,28.442],[61.972,28.481],[61.659,28.657],[61.599,28.737],[61.043,29.061],[60.82,29.833],[61.204,30.299],[61.588,30.656],[61.779,30.905],[61.758,31.102],[61.694,31.267],[61.513,31.342],[60.88,31.484],[60.794,31.579],[60.729,31.928],[60.654,32.505],[60.54,32.993],[60.555,33.063],[60.853,33.484],[60.841,33.566],[60.509,33.672],[60.466,33.716],[60.419,34.078],[60.687,34.251],[60.787,34.385],[61.008,34.957],[61.156,35.473],[61.221,35.582],[61.186,35.594],[61.119,35.905],[61.097,36.542],[61.014,36.637],[60.66,36.603],[60.346,36.607],[59.24,37.448],[58.972,37.599],[58.675,37.674],[58.095,37.728],[57.407,37.992],[57.225,38.188],[56.517,38.261],[56.363,38.202],[56.131,38.048],[55.981,38.035],[55.63,38.052],[55.356,38.038],[55.17,37.973],[54.956,37.825],[54.676,37.531],[54.467,37.396],[54.214,37.337],[54.015,37.348],[54.067,36.942],[53.984,36.782],[53.8,36.679],[53.139,36.644],[52.602,36.577],[51.993,36.459],[51.796,36.432],[51.417,36.456],[50.561,36.686],[50.252,36.895],[50.039,37.225],[49.848,37.268],[49.476,37.292],[49.06,37.398],[48.837,37.511],[48.745,37.727],[48.809,37.989],[48.825,38.31],[48.988,38.719],[48.946,38.836],[49.052,38.932],[49.041,39.145],[49.116,39.187],[49.275,39.017],[49.339,39.283],[49.488,39.294],[49.499,39.379],[49.403,39.485],[49.446,39.655],[49.541,39.879],[49.573,40.176],[49.669,40.24],[49.85,40.272],[50.031,40.347],[50.307,40.325],[50.467,40.262],[50.424,40.411],[50.19,40.57],[50.02,40.602],[49.807,40.581],[49.605,40.687],[49.605,40.762],[49.35,40.953],[49.286,41.059],[49.244,41.293],[48.999,41.517],[48.892,41.687],[48.683,41.836],[48.662,41.902],[48.5,41.929],[48.42,42.091],[48.222,42.279],[47.97,42.594],[47.844,42.621],[47.79,42.855],[47.565,43.008],[47.583,43.188],[47.655,43.277],[47.601,43.322],[47.574,43.502],[47.673,43.664],[47.736,43.862],[47.664,43.853],[47.52,43.511],[47.493,43.583],[47.195,43.376],[47.249,42.785],[48.224,41.471],[47.988,41.219],[47.818,41.198],[47.616,41.261],[47.35,41.304],[47.35,41.442],[47.222,41.57],[46.914,41.751],[46.85,41.836],[46.669,41.815],[46.659,41.889],[46.556,41.878],[46.499,41.964],[46.286,41.985],[46.042,42.049],[45.754,42.251],[45.861,42.474],[45.808,42.538],[45.478,42.549],[45.297,42.676],[45.201,42.676],[44.978,42.772],[44.872,42.666],[44.669,42.761],[44.414,42.729],[44.297,42.612],[44.053,42.559],[43.957,42.591],[42.878,41.546],[43.475,41.087],[43.847,40.75],[43.859,40.66],[43.67,40.295],[43.685,40.109],[43.812,40.014],[44.448,39.96],[44.67,39.757],[44.637,39.662],[44.453,39.673],[44.349,39.609],[44.345,39.414],[44.082,39.295],[44.065,39.173],[44.183,38.872],[44.128,38.703],[44.269,38.429],[44.318,38.476],[44.447,38.385],[44.464,38.292],[44.361,38.166],[44.205,37.867],[44.301,37.804],[44.492,37.754],[44.427,37.644],[44.471,37.455],[44.66,37.286],[44.784,37.27],[44.795,37.132],[45.105,36.503],[45.359,36.015],[45.388,35.926],[45.73,35.832],[46.211,35.784],[46.001,35.515],[45.995,35.401],[46.184,35.058],[45.671,34.617],[45.565,34.274],[45.506,33.797],[45.646,33.639],[46.105,33.21],[46.09,32.842],[46.124,32.772],[46.268,32.824],[46.508,32.812],[47.068,32.396],[47.264,32.302],[47.612,32.031],[47.742,31.905],[47.793,31.797],[47.787,31.569],[47.698,31.289],[47.673,31.028],[47.689,30.882],[48.033,30.878],[48.107,30.669],[48.081,30.395],[48.39,30.149],[48.547,30.049],[48.554,29.995]]]},"properties":{"NAME":"Persia","SUBJECTO":"Persia","PARTOF":"Persia","BORDERPRECISION":3}},
{"type":"Feature","geometry":{"type":"MultiPolygon","coordinates":[[[[73.885,39.88],[73.196,40.519],[72.849,40.606],[72.241,39.912],[71.46,39.738],[71.46,39.13],[72.067,39.13],[72.714,37.186],[73.047,37.328],[73.352,37.342],[73.441,37.307],[73.445,37.202],[73.883,37.268],[74.137,37.37],[74.256,37.302],[74.479,37.278],[74.733,37.209],[74.893,37.27],[75.01,37.466],[74.92,37.539],[74.988,37.701],[74.878,37.807],[74.935,38],[74.844,38.06],[74.836,38.299],[74.703,38.521],[74.58,38.59],[74.268,38.607],[74.169,38.634],[74.067,38.562],[73.858,38.542],[73.712,38.719],[73.677,38.856],[73.77,38.956],[73.76,39.42],[73.827,39.784],[73.885,39.88]]],[[[65.725,37.49],[64.814,38.244],[63.34,38.889],[61.59,39.349],[59.839,39.165],[58.642,38.704],[57.225,38.188],[57.407,37.992],[58.095,37.728],[58.675,37.674],[58.972,37.599],[59.24,37.448],[60.346,36.607],[60.66,36.603],[61.014,36.637],[61.097,36.542],[61.119,35.905],[61.186,35.594],[61.221,35.582],[61.308,35.531],[61.73,35.445],[62.179,35.288],[62.437,35.251],[62.678,35.265],[62.964,35.401],[63.063,35.49],[63.063,35.7],[63.117,35.789],[63.372,35.861],[64.266,36.171],[64.494,36.281],[64.541,36.338],[64.632,36.784],[64.826,37.148],[65.337,37.24],[65.524,37.33],[65.725,37.49]]]]},"properties":{"NAME":"central Asian khanates","SUBJECTO":"central Asian khanates","PARTOF":"central Asian khanates","BORDERPRECISION":3}},
{"type":"Feature","geometry":{"type":"MultiPolygon","coordinates":[[[[62.086,28.442],[62.171,27.585],[62.605,27.585],[62.605,26.977],[62.258,26.977],[61.737,26.543],[61.68,25.645],[61.813,25.984],[61.941,26.156],[62.298,26.368],[62.612,26.484],[63.062,26.518],[63.156,26.551],[63.241,26.666],[63.257,27.104],[63.173,27.23],[62.88,27.254],[62.797,27.431],[62.747,28.034],[62.671,28.205],[62.487,28.306],[62.086,28.442]]],[[[60.82,29.833],[61.043,29.061],[61.599,28.737],[61.501,28.865],[61.181,29.346],[60.82,29.833]]]]},"properties":{"NAME":"India","SUBJECTO":"India","PARTOF":"India","BORDERPRECISION":3}},
{"type":"Feature","geometry":{"type":"Polygon","coordinates":[[[30.433,46.176],[30.066,46.28],[29.427,46.816],[29.116,47.283],[28.908,47.818],[28.427,48.097],[28.302,48.133],[28.347,48.23],[28.115,48.218],[28.013,48.309],[27.882,48.338],[27.706,48.44],[27.648,48.752],[27.486,48.752],[27.486,48.671],[27.108,48.833],[27.108,48.644],[26.989,48.681],[26.48,48.586],[26.09,48.608],[26.36,48.125],[26.123,48.125],[26.123,47.855],[25.786,47.956],[25.381,47.855],[25.246,47.686],[25.685,47.619],[26.292,47.214],[26.191,46.809],[25.853,46.674],[25.651,46.404],[25.448,46.302],[25.516,45.796],[24.942,45.965],[24.402,45.897],[24.065,46.1],[23.795,46.066],[23.558,45.897],[23.255,46.066],[23.018,45.864],[22.478,45.729],[22.343,44.986],[22.41,44.75],[22.691,44.639],[22.742,44.58],[22.585,44.586],[22.441,44.495],[22.506,44.347],[22.694,44.263],[23.028,44.124],[22.923,43.98],[22.944,43.895],[23.411,43.991],[23.638,43.99],[24.156,43.813],[24.31,43.826],[24.62,43.944],[24.755,43.938],[25.378,43.781],[25.549,43.807],[26.406,44.154],[26.684,44.253],[26.937,44.235],[27.239,44.069],[27.371,44.05],[27.603,43.948],[28.208,43.797],[28.51,43.743],[28.573,44.198],[28.686,44.488],[28.918,44.766],[29.09,44.876],[29.458,44.915],[29.711,45.258],[29.683,45.375],[29.536,45.452],[29.5,45.523],[29.63,45.75],[30.069,45.861],[30.433,46.176]]]},"properties":{"NAME":"Romania","SUBJECTO":"Romania","PARTOF":"Romania","BORDERPRECISION":3}},
{"type":"Feature","geometry":{"type":"Polygon","coordinates":[[[19.509,43.575],[19.694,43.527],[19.694,43.413],[19.958,43.413],[19.996,43.3],[20.335,43.263],[20.363,42.857],[21.052,42.772],[21.09,42.47],[22.338,42.665],[22.449,42.801],[22.637,43.149],[22.318,43.681],[22.293,43.804],[22.374,43.939],[22.694,44.263],[22.506,44.347],[22.441,44.495],[22.585,44.586],[22.742,44.58],[22.691,44.639],[22.41,44.75],[22.296,44.692],[22.133,44.511],[21.859,44.681],[21.592,44.708],[21.583,44.793],[20.977,44.81],[20.411,44.696],[20.184,44.923],[19.958,44.734],[19.656,44.696],[19.58,44.885],[19.353,44.891],[19.323,44.741],[19.127,44.51],[19.107,44.394],[19.152,44.289],[19.323,44.269],[19.358,44.178],[19.624,44.032],[19.494,43.937],[19.238,43.997],[19.519,43.721],[19.509,43.575]]]},"properties":{"NAME":"Serbia","SUBJECTO":"Serbia","PARTOF":"Serbia","BORDERPRECISION":3}},
{"type":"Feature","geometry":{"type":"Polygon","coordinates":[[[19.509,43.575],[19.378,43.611],[19.223,43.51],[18.901,43.791],[18.562,43.64],[18.335,43.074],[18.219,42.655],[18.273,42.596],[18.429,42.586],[18.514,42.362],[18.91,42.218],[19.136,42],[19.143,41.932],[19.458,41.798],[19.607,41.762],[19.656,42.244],[19.813,42.509],[20.047,42.488],[20.097,42.616],[19.991,42.702],[20.051,42.757],[20.192,42.737],[20.363,42.857],[20.335,43.263],[19.996,43.3],[19.958,43.413],[19.694,43.413],[19.694,43.527],[19.509,43.575]]]},"properties":{"NAME":"Montenegro","SUBJECTO":"Montenegro","PARTOF":"Montenegro","BORDERPRECISION":3}},
{"type":"Feature","geometry":{"type":"Polygon","coordinates":[[[17.534,42.929],[18.001,42.694],[18.514,42.362],[18.429,42.586],[18.273,42.596],[18.219,42.655],[18.335,43.074],[18.562,43.64],[18.901,43.791],[19.223,43.51],[19.378,43.611],[19.509,43.575],[19.519,43.721],[19.238,43.997],[19.494,43.937],[19.624,44.032],[19.358,44.178],[19.323,44.269],[19.152,44.289],[19.107,44.394],[19.127,44.51],[19.323,44.741],[19.353,44.891],[19.147,44.906],[19.052,44.856],[18.841,44.851],[18.781,44.992],[18.585,45.092],[18.54,45.052],[18.258,45.122],[18.148,45.072],[17.987,45.122],[17.857,45.047],[17.666,45.117],[17.515,45.107],[17.284,45.178],[17.169,45.157],[16.892,45.243],[16.832,45.188],[16.511,45.208],[16.345,45.002],[16.139,45.072],[16.023,45.208],[15.828,45.203],[15.767,45.047],[15.802,44.856],[15.757,44.786],[15.958,44.68],[16.224,44.329],[16.194,44.193],[16.27,44.198],[16.385,44.043],[16.536,44.007],[16.701,43.847],[16.712,43.771],[16.842,43.716],[17.013,43.555],[17.259,43.445],[17.294,43.269],[17.609,43.071],[17.534,42.929]]]},"properties":{"NAME":"Bosnia-Herzegovina","SUBJECTO":"Bosnia-Herzegovina","PARTOF":"Bosnia-Herzegovina","BORDERPRECISION":3}},
{"type":"Feature","geometry":{"type":"MultiPolygon","coordinates":[[[[-156.78,21.043],[-156.822,20.94],[-156.615,20.795],[-156.576,20.635],[-156.507,20.599],[-156.253,20.63],[-156.121,20.713],[-156.119,20.79],[-156.396,20.95],[-156.551,20.975],[-156.716,21.069],[-156.78,21.043]]],[[[-155.947,19.989],[-156.163,19.808],[-156.054,19.504],[-156.034,19.106],[-155.783,18.946],[-155.65,19.137],[-155.482,19.24],[-155.137,19.328],[-154.948,19.483],[-154.92,19.555],[-155.058,19.622],[-155.112,19.752],[-155.218,19.772],[-155.212,19.896],[-155.479,20.087],[-155.931,20.284],[-156.032,20.196],[-155.947,19.989]]],[[[-158.152,21.299],[-158.022,21.238],[-157.842,21.29],[-157.947,21.416],[-158.047,21.459],[-158.095,21.591],[-158.179,21.689],[-158.314,21.575],[-158.466,21.571],[-158.434,21.452],[-158.298,21.276],[-158.152,21.299]]]]},"properties":{"NAME":"Kingdom of Hawaii","SUBJECTO":"Kingdom of Hawaii","PARTOF":"Kingdom of Hawaii","BORDERPRECISION":3}},
{"type":"Feature","geometry":{"type":"MultiPolygon","coordinates":[[[[108.685,19.296],[108.577,19.187],[108.56,19.06],[108.652,18.482],[108.939,18.331],[109.43,18.097],[109.669,18.415],[110.263,18.626],[110.361,18.766],[110.299,18.899],[110.427,19.229],[110.613,19.471],[110.885,19.707],[110.617,20.017],[110.258,19.94],[110.061,19.94],[109.916,19.8],[109.658,19.901],[109.55,19.914],[109.42,19.659],[109.198,19.684],[108.874,19.404],[108.685,19.296]]],[[[124.134,39.843],[124.304,40.081],[124.491,40.28],[124.725,40.428],[125.415,40.7],[125.879,40.945],[126.166,41.189],[126.474,41.652],[126.648,41.71],[126.849,41.718],[126.972,41.539],[127.194,41.425],[127.423,41.356],[127.861,41.378],[128.098,41.449],[127.849,41.845],[127.861,41.998],[127.984,42.108],[128.16,42.134],[128.31,42.077],[128.514,42.053],[128.756,42.061],[129.035,42.177],[129.464,42.417],[129.568,42.737],[129.74,42.898],[129.966,42.957],[130.226,42.651],[130.84,42.885],[131.069,43.079],[131.14,43.227],[131.089,43.361],[131.133,43.419],[131.147,43.868],[131.118,44.163],[130.969,44.567],[130.991,44.817],[131.74,45.259],[131.918,45.241],[132.531,45.032],[132.778,44.988],[132.989,45.144],[133.385,45.649],[133.667,46.135],[133.909,46.614],[134.034,47.016],[134.165,47.335],[134.462,47.511],[134.717,47.694],[134.71,47.921],[134.628,48.213],[134.518,48.264],[134.112,48.249],[133.58,48.155],[132.969,48.016],[132.269,47.778],[130.925,47.732],[130.807,47.933],[130.476,48.9],[130.384,48.964],[129.187,49.342],[128.501,49.456],[127.94,49.609],[127.712,49.699],[127.516,49.874],[127.099,50.731],[126.676,51.445],[126.186,52.518],[125.853,52.947],[125.509,53.157],[125.267,53.169],[124.643,53.112],[124.336,53.197],[123.869,53.413],[123.353,53.51],[122.399,53.439],[122.022,53.384],[121.188,53.32],[120.702,53.185],[119.997,52.704],[119.943,52.591],[120.313,52.626],[120.564,52.614],[120.773,52.476],[120.821,52.364],[120.746,52.007],[120.129,51.733],[119.86,51.488],[119.372,50.893],[119.182,50.702],[119.164,50.524],[119.322,50.368],[119.346,50.23],[119.291,50.125],[118.94,49.972],[117.842,49.634],[117.491,49.586],[116.984,49.845],[116.566,50.006],[116.286,49.998],[115.734,49.864],[115.347,49.94],[115.194,49.998],[114.856,50.226],[114.523,50.296],[114.098,50.274],[113.574,50.055],[113.235,49.831],[113.033,49.654],[112.761,49.535],[112.524,49.462],[111.378,49.319],[110.2,49.241],[109.424,49.296],[109.017,49.404],[108.424,49.518],[108.058,49.686],[107.549,49.827],[106.668,50.314],[106.323,50.417],[105.155,50.443],[104.797,50.409],[103.681,50.166],[103.378,50.217],[102.639,50.456],[102.45,50.606],[102.266,50.809],[102.184,51.026],[102.182,51.269],[102.117,51.361],[101.772,51.425],[101.011,51.672],[99.758,51.903],[99.295,51.946],[98.918,52.037],[97.61,52.148],[97.319,52.826],[95.866,53.796],[95.187,53.796],[93.567,52.349],[94.21,51.32],[93.323,50.621],[93.008,50.641],[92.589,50.712],[92.16,50.755],[91.782,50.674],[91.102,50.46],[90,50.307],[90,50.128],[89.796,49.816],[89.462,49.639],[89.191,49.573],[88.567,49.537],[88.297,49.444],[87.938,49.253],[87.758,49.2],[87.152,49.177],[86.908,49.11],[86.783,48.992],[86.762,48.653],[86.624,48.555],[86.494,48.528],[85.954,48.486],[85.762,48.361],[85.609,48.1],[85.653,47.762],[85.749,47.445],[85.678,47.269],[85.478,47.093],[85.29,47.046],[84.967,47.019],[84.336,47.054],[83.252,47.295],[83.06,47.067],[82.827,46.553],[82.501,45.923],[82.44,45.735],[82.72,45.504],[82.777,45.375],[82.602,45.2],[82.425,45.167],[81.915,45.274],[81.69,45.357],[81.046,45.237],[80.237,45.123],[80.06,45.038],[79.932,44.805],[80.037,44.722],[80.202,44.749],[80.42,44.686],[80.433,44.075],[80.719,43.594],[80.772,43.382],[80.673,43.234],[80.355,42.989],[80.211,42.808],[80.202,42.628],[80.279,42.154],[80.256,42.084],[80.109,42],[79.673,41.901],[79.071,41.744],[78.871,41.679],[78.688,41.543],[78.401,41.228],[78.111,41.073],[77.896,41.027],[77.689,41.019],[77.128,41.125],[77.02,41.112],[76.811,40.899],[76.602,40.546],[76.482,40.437],[76.084,40.377],[75.856,40.312],[75.701,40.337],[75.592,40.624],[75.43,40.61],[74.648,40.28],[74.009,39.963],[73.885,39.88],[73.827,39.784],[73.76,39.42],[73.77,38.956],[73.677,38.856],[73.712,38.719],[73.858,38.542],[74.067,38.562],[74.169,38.634],[74.268,38.607],[74.58,38.59],[74.703,38.521],[74.836,38.299],[74.844,38.06],[74.935,38],[74.878,37.807],[74.988,37.701],[74.92,37.539],[75.01,37.466],[74.893,37.27],[74.733,37.209],[74.647,37.144],[74.388,37.17],[74.393,37.049],[74.521,37.005],[74.709,36.891],[74.836,36.986],[75.218,36.912],[75.22,36.707],[75.347,36.765],[75.628,36.769],[75.891,36.512],[75.895,36.287],[75.754,36.055],[75.89,36.023],[76.092,35.798],[76.326,35.886],[76.434,35.886],[76.561,35.757],[76.815,35.56],[77.417,35.513],[77.62,35.406],[77.846,35.475],[77.846,35.243],[78.144,34.547],[78.509,34.498],[78.807,34.2],[78.575,34.018],[78.625,33.504],[78.757,33.405],[79.08,33.362],[79.141,33.245],[79.447,33.2],[79.4,33.014],[79.565,32.702],[79.136,32.412],[78.971,32.389],[78.819,32.508],[78.804,32.672],[78.451,32.583],[78.521,32.27],[78.782,32.002],[78.735,31.802],[78.858,31.638],[78.761,31.541],[78.805,31.348],[78.894,31.318],[79.109,31.459],[79.281,31.348],[79.629,30.968],[79.792,31.02],[80.277,30.76],[80.225,30.596],[80.565,30.485],[80.634,30.514],[81.021,30.247],[81.129,30.053],[81.264,30.031],[81.388,30.172],[81.449,30.403],[81.573,30.373],[81.656,30.455],[82.142,30.366],[82.201,30.09],[82.591,29.971],[82.918,29.703],[83.13,29.607],[83.197,29.666],[83.402,29.54],[83.698,29.183],[83.769,29.257],[84.088,29.309],[84.219,29.235],[84.298,29.064],[84.267,28.937],[84.92,28.535],[85.07,28.647],[85.217,28.639],[85.138,28.461],[85.144,28.342],[85.565,28.312],[85.729,28.342],[85.972,28.119],[86.036,27.91],[86.142,27.955],[86.138,28.119],[86.446,27.947],[86.568,27.985],[86.604,28.133],[86.787,28.133],[87.071,28.007],[87.214,27.843],[87.597,27.873],[87.75,27.821],[87.902,27.947],[88.197,27.876],[88.564,27.979],[88.668,27.948],[88.731,27.866],[88.707,27.479],[88.803,27.181],[89.366,27.876],[89.64,28.119],[89.863,28.273],[90,28.28],[90,28.053],[91.152,28.032],[91.319,28.014],[91.46,27.92],[91.608,27.641],[91.693,27.686],[92.046,27.701],[92.367,27.798],[92.546,27.92],[93.051,28.418],[93.296,28.584],[93.669,28.701],[94.166,29.027],[94.412,29.162],[94.572,29.201],[94.701,29.125],[95.139,28.982],[95.309,29.002],[95.929,29.38],[96.133,29.203],[96.455,28.881],[96.476,28.71],[96.317,28.506],[96.255,28.385],[96.435,28.336],[96.731,28.299],[97.06,28.219],[97.34,28.182],[97.341,28.239],[97.478,28.392],[97.603,28.412],[97.83,28.286],[98.009,28.091],[98.118,27.685],[98.216,27.546],[98.345,27.528],[98.572,27.542],[98.637,27.479],[98.725,26.737],[98.734,26.343],[98.575,25.955],[98.382,25.63],[98.107,25.394],[97.888,25.272],[97.802,25.183],[97.524,24.8],[97.631,24.274],[97.531,24.013],[97.531,23.892],[97.695,23.88],[97.768,23.9],[98.137,24.099],[98.483,24.139],[98.699,24.146],[98.769,24.09],[98.894,23.297],[98.985,23.151],[99.234,23.185],[99.469,23.141],[99.484,23.021],[99.156,22.308],[99.209,22.149],[99.311,22.106],[99.755,22.127],[99.887,21.957],[100.04,21.621],[100.21,21.501],[100.321,21.464],[100.612,21.535],[100.895,21.721],[100.945,21.55],[101.014,21.442],[101.238,21.26],[101.584,21.224],[101.704,21.319],[101.753,21.472],[101.699,21.707],[101.597,21.871],[101.535,22.138],[101.554,22.284],[101.662,22.392],[102.185,22.637],[102.417,22.695],[102.57,22.69],[102.839,22.513],[102.985,22.47],[103.248,22.655],[103.397,22.707],[104.115,22.73],[104.478,22.783],[104.631,22.854],[104.945,23.103],[105.179,23.251],[105.313,23.296],[105.594,23.037],[105.941,22.931],[106.238,22.908],[106.588,22.929],[106.695,22.834],[106.72,22.663],[106.507,22.325],[106.551,22.091],[106.673,21.926],[107.098,21.649],[107.378,21.575],[107.787,21.526],[107.876,21.462],[108.117,21.499],[108.266,21.473],[108.387,21.531],[108.467,21.785],[108.555,21.823],[108.813,21.494],[109.117,21.399],[109.322,21.431],[109.414,21.565],[109.516,21.597],[109.78,21.483],[109.787,21.407],[109.608,21.057],[109.603,20.879],[109.712,20.568],[109.928,20.245],[110.271,20.315],[110.434,20.436],[110.414,20.525],[110.293,20.582],[110.077,20.867],[110.072,20.918],[110.203,21.096],[110.239,21.281],[110.363,21.243],[110.566,21.231],[110.75,21.377],[111.086,21.479],[111.434,21.461],[111.536,21.493],[111.734,21.709],[111.831,21.754],[112.04,21.659],[112.308,21.679],[112.473,21.73],[112.75,21.756],[112.815,21.826],[112.816,21.934],[112.871,22.061],[113.097,21.979],[113.284,22.03],[113.378,22.164],[113.419,22.571],[113.377,22.647],[113.463,22.774],[113.717,22.482],[113.845,22.463],[113.989,22.553],[114.304,22.649],[114.537,22.675],[114.559,22.465],[114.848,22.51],[115.044,22.599],[115.186,22.746],[115.309,22.771],[115.707,22.639],[115.86,22.836],[116.085,22.887],[116.341,22.913],[116.4,22.983],[116.404,23.199],[116.452,23.25],[116.709,23.346],[116.963,23.556],[117.406,23.69],[117.753,23.983],[117.849,24.047],[117.796,24.422],[117.925,24.562],[118.346,24.467],[118.531,24.69],[118.813,24.849],[119.024,25.313],[119.096,25.441],[119.335,25.53],[119.429,25.651],[119.47,25.772],[119.436,26.038],[119.555,26.267],[119.429,26.591],[119.601,26.693],[119.857,26.706],[119.971,26.789],[120.084,26.986],[120.352,27.177],[120.506,27.59],[120.687,27.87],[120.942,28.213],[121.009,28.277],[121.166,28.125],[121.26,28.182],[121.359,28.386],[121.346,28.544],[121.433,28.837],[121.567,29.173],[121.649,29.32],[121.558,29.358],[121.411,29.345],[121.362,29.414],[121.67,29.625],[121.774,29.764],[121.77,29.834],[121.565,29.847],[121.391,29.922],[121.155,30.189],[121.083,30.214],[120.863,30.188],[120.438,29.997],[120.268,30.022],[119.944,30.116],[120.227,30.25],[120.609,30.346],[121.035,30.595],[121.328,30.691],[121.569,30.71],[121.632,30.793],[121.64,30.926],[121.499,31.281],[121.268,31.452],[121.623,31.618],[121.606,31.828],[121.484,31.948],[121.231,32.062],[121.051,32.328],[120.738,32.461],[120.661,32.543],[120.719,32.848],[120.641,33.045],[120.34,33.336],[120.149,33.894],[119.974,34.135],[119.3,34.591],[119.021,34.692],[119.003,34.939],[119.06,35.041],[119.689,35.545],[119.907,35.768],[119.976,35.934],[119.914,36.143],[120.139,36.195],[120.196,36.157],[120.204,36.036],[120.27,35.985],[120.505,36.056],[120.537,36.387],[120.855,36.584],[121.61,36.834],[121.847,36.86],[122.256,36.734],[122.281,36.982],[122.393,37.301],[122.269,37.3],[122.058,37.364],[121.895,37.376],[121.434,37.337],[121.19,37.425],[120.787,37.705],[120.658,37.736],[120.418,37.679],[120.169,37.576],[119.941,37.353],[119.599,37.117],[119.284,37.046],[118.955,37.077],[118.837,37.204],[118.812,37.446],[118.867,37.707],[118.875,37.949],[118.745,38.064],[118.2,38.044],[117.841,38.164],[117.589,38.284],[117.479,38.45],[117.44,38.603],[117.575,38.915],[117.753,39.203],[117.91,39.26],[118.07,39.254],[118.275,39],[118.412,39.051],[118.559,39.172],[118.781,39.166],[118.978,39.224],[119.091,39.339],[119.211,39.639],[119.385,39.843],[119.548,39.933],[119.824,40.042],[120.113,40.081],[120.273,40.152],[120.788,40.684],[121.011,40.851],[121.427,40.864],[121.754,40.737],[122.082,40.488],[122.108,40.354],[122.037,40.264],[121.789,40.078],[121.668,39.905],[121.239,39.554],[121.213,39.484],[121.282,39.35],[121.449,39.382],[121.66,39.332],[121.512,39.172],[121.124,38.865],[121.065,38.75],[121.216,38.757],[121.488,38.879],[121.743,39.089],[122.027,39.256],[123.039,39.672],[123.366,39.749],[123.917,39.808],[124.104,39.885],[124.134,39.843]]]]},"properties":{"NAME":"Manchu Empire","SUBJECTO":"Manchu Empire","PARTOF":"Manchu Empire","BORDERPRECISION":3}},
{"type":"Feature","geometry":{"type":"Polygon","coordinates":[[[50.108,-14.12],[49.732,-14.421],[49.387,-14.421],[47.796,-16.288],[47.796,-16.495],[47.478,-16.661],[47.478,-16.938],[47.202,-16.938],[47.478,-17.878],[46.925,-17.989],[46.593,-17.823],[46.317,-18.21],[46.483,-19.261],[45.874,-20.312],[45.861,-20.76],[46.144,-21.128],[45.889,-21.468],[45.719,-21.836],[45.662,-22.147],[45.776,-22.402],[46.002,-22.77],[45.917,-22.912],[46.512,-23.139],[46.937,-23.365],[47.022,-23.28],[47.022,-23.139],[47.642,-23.551],[48.087,-22.044],[48.652,-20.339],[49.023,-19.182],[49.342,-18.228],[49.423,-17.802],[49.405,-17.401],[49.425,-17.198],[49.76,-16.746],[49.898,-16.46],[49.863,-16.282],[49.685,-16.047],[49.598,-15.653],[49.62,-15.462],[49.754,-15.398],[50.004,-15.735],[50.089,-15.9],[50.187,-15.957],[50.429,-15.594],[50.486,-15.48],[50.503,-15.314],[50.43,-15.105],[50.254,-14.775],[50.15,-14.419],[50.108,-14.12]]]},"properties":{"NAME":"Imerina","SUBJECTO":"Imerina","PARTOF":"Imerina","BORDERPRECISION":3}},
{"type":"Feature","geometry":{"type":"Polygon","coordinates":[[[50.108,-14.12],[49.976,-13.301],[49.88,-12.92],[49.817,-12.831],[49.542,-12.704],[49.337,-12.412],[49.176,-12.266],[48.935,-12.477],[48.933,-12.578],[48.993,-12.737],[48.857,-13.252],[48.751,-13.418],[48.44,-13.654],[48.35,-13.838],[48.224,-13.794],[48.11,-13.597],[47.942,-13.585],[47.916,-13.737],[48.049,-14.131],[47.972,-14.284],[47.741,-14.31],[47.699,-14.443],[47.884,-14.716],[47.633,-14.984],[47.53,-14.958],[47.426,-14.825],[47.199,-15.016],[47.106,-15.144],[47.245,-15.366],[47.07,-15.461],[46.925,-15.36],[46.734,-15.449],[46.388,-15.692],[46.464,-15.857],[46.419,-15.939],[46.282,-15.952],[46.142,-15.826],[45.732,-15.89],[45.555,-16.056],[45.434,-16.094],[45.197,-16.037],[44.917,-16.203],[44.454,-16.242],[44.451,-16.725],[44.378,-16.923],[44.215,-17.19],[43.983,-17.502],[43.972,-17.553],[44.076,-17.877],[44.16,-18.404],[44.394,-18.791],[44.251,-19.103],[44.536,-19.369],[44.585,-19.528],[44.517,-20.024],[44.47,-20.17],[44.162,-20.698],[43.816,-21.316],[43.603,-21.399],[43.501,-21.494],[43.325,-22.111],[43.291,-22.41],[43.376,-22.632],[43.655,-23.051],[43.785,-23.267],[43.827,-23.413],[43.672,-23.903],[43.671,-24.227],[43.727,-24.354],[43.934,-24.519],[43.981,-24.627],[43.99,-24.881],[44.037,-24.989],[44.425,-25.312],[44.546,-25.337],[44.713,-25.305],[44.959,-25.387],[45.047,-25.451],[45.211,-25.66],[45.576,-25.621],[45.789,-25.411],[46.239,-25.264],[46.855,-25.218],[46.945,-25.167],[47.258,-24.766],[47.492,-24.06],[47.642,-23.551],[47.022,-23.139],[47.022,-23.28],[46.937,-23.365],[46.512,-23.139],[45.917,-22.912],[46.002,-22.77],[45.776,-22.402],[45.662,-22.147],[45.719,-21.836],[45.889,-21.468],[46.144,-21.128],[45.861,-20.76],[45.874,-20.312],[46.483,-19.261],[46.317,-18.21],[46.593,-17.823],[46.925,-17.989],[47.478,-17.878],[47.202,-16.938],[47.478,-16.938],[47.478,-16.661],[47.796,-16.495],[47.796,-16.288],[49.387,-14.421],[49.732,-14.421],[50.108,-14.12]]]},"properties":{"NAME":"Madagascar","SUBJECTO":"Madagascar","PARTOF":"Madagascar","BORDERPRECISION":3}},
{"type":"Feature","geometry":{"type":"Polygon","coordinates":[[[2.193,6.766],[2.256,7.408],[2.422,7.851],[2.256,8.791],[1.427,8.68],[1.316,7.796],[0.652,7.63],[0.763,6.966],[1.316,7.076],[1.427,6.745],[1.342,6.18],[1.558,6.237],[2.174,6.29],[2.193,6.766]]]},"properties":{"NAME":"Dahomey","SUBJECTO":"Dahomey","PARTOF":"Dahomey","BORDERPRECISION":3}},
{"type":"Feature","geometry":{"type":"Polygon","coordinates":[[[11.598,14.065],[11.106,16.15],[9.438,17.011],[9.492,17.98],[9.115,18.303],[7.824,18.733],[7.608,18.41],[6.371,18.626],[4.918,16.85],[3.572,16.688],[3.084,15.877],[2.5,15.447],[1.464,13.672],[2.367,13.382],[2.533,12.608],[4.801,10.948],[4.524,10.45],[4.69,9.289],[4.358,8.902],[6.027,8.193],[6.979,7.241],[8.517,7.534],[9.249,7.241],[9.615,7.827],[11.007,8.047],[11.812,8.999],[12.471,8.852],[13.057,10.244],[13.204,11.196],[12.497,12.219],[11.598,14.065]]]},"properties":{"NAME":"Sokoto Caliphate","SUBJECTO":"Sokoto Caliphate","PARTOF":"Sokoto Caliphate","BORDERPRECISION":3}},
{"type":"Feature","geometry":{"type":"Polygon","coordinates":[[[2.432,8.973],[4.69,9.289],[4.524,10.45],[4.801,10.948],[2.533,12.608],[2.367,13.382],[1.464,13.672],[1.728,12.669],[0.763,11.501],[1.758,10.561],[1.537,8.957],[2.432,8.973]]]},"properties":{"NAME":"Borgu States","SUBJECTO":"Borgu States","PARTOF":"Borgu States","BORDERPRECISION":3}},
{"type":"Feature","geometry":{"type":"Polygon","coordinates":[[[3.463,8.34],[4.928,8.193],[6.027,8.193],[4.358,8.902],[4.69,9.289],[2.432,8.973],[3.463,8.34]]]},"properties":{"NAME":"Oyo","SUBJECTO":"Oyo","PARTOF":"Oyo","BORDERPRECISION":3}},
{"type":"Feature","geometry":{"type":"Polygon","coordinates":[[[9.284,4.017],[9.502,4.753],[9.336,5.251],[8.672,5.417],[8.285,5.251],[8.263,4.746],[8.328,4.841],[8.637,4.683],[8.875,4.62],[8.925,4.525],[8.953,4.283],[9.032,4.138],[9.284,4.017]]]},"properties":{"NAME":"Calabar","SUBJECTO":"Calabar","PARTOF":"Calabar","BORDERPRECISION":3}},
{"type":"Feature","geometry":{"type":"Polygon","coordinates":[[[49.647,11.329],[49.756,10.653],[49.639,9.891],[48.876,9.597],[47.409,9.656],[46.529,9.48],[45.355,9.773],[44.123,9.538],[43.008,8.834],[42.362,8.658],[41.952,8.893],[42.186,9.773],[42.538,9.891],[43.243,11.123],[43.368,11.456],[43.104,11.531],[42.959,11.537],[42.669,11.511],[42.555,11.568],[42.81,11.778],[43.062,11.919],[43.259,11.964],[43.475,12.098],[43.459,12.225],[43.33,12.434],[42.636,13.093],[42.408,13.175],[42.355,13.271],[42.357,13.468],[42.079,13.861],[41.761,13.886],[41.705,13.93],[41.341,14.342],[40.739,14.919],[40.39,14.906],[40.217,15.083],[40.037,15.388],[39.898,15.502],[39.856,15.4],[39.889,15.184],[39.796,15.089],[40.232,13.494],[41.218,13.071],[41.171,12.508],[38.73,11.944],[38.495,10.16],[37.791,8.517],[36.57,7.297],[36.242,7.25],[35.96,7.485],[35.725,9.926],[35.397,10.067],[35.209,10.63],[35.115,11.475],[34.692,11.944],[34.692,12.461],[35.115,12.789],[36.899,13.447],[37.134,13.681],[37.65,14.48],[37.979,14.62],[39.152,14.48],[39.481,14.62],[39.105,14.714],[39.059,15.137],[39.199,15.465],[39.503,15.504],[39.208,16.327],[39.009,17.057],[38.959,17.203],[38.599,17.033],[37.712,16.885],[36.824,17.107],[35.789,16.664],[34.976,15.776],[34.237,14.076],[33.83,11.858],[32.721,9.418],[32.351,7.052],[32.425,5.647],[32.203,4.76],[31.464,4.834],[30.946,5.203],[30.429,6.386],[29.615,7.348],[29.32,9.27],[29.32,10.379],[29.615,11.784],[29.468,12.967],[28.876,13.558],[28.285,13.78],[27.767,14.298],[27.693,15.185],[28.211,16.146],[29.024,16.368],[28.95,17.329],[28.654,18.216],[28.728,19.104],[29.098,20.287],[29.32,21.543],[28.58,21.322],[28.506,22.061],[25.623,22.8],[24.81,24.723],[25.919,25.684],[25.623,26.571],[24.81,27.015],[23.257,27.606],[22.148,28.494],[21.556,28.567],[21.039,28.494],[20.152,27.606],[18.599,23.614],[14.606,22.505],[13.793,22.874],[14.089,24.575],[13.128,25.018],[11.797,24.131],[11.279,24.353],[11.057,24.649],[10.244,24.723],[10.022,25.536],[11.427,27.68],[11.353,28.641],[9.327,30.147],[8.927,32.109],[8.33,32.649],[6.747,33.048],[4.81,33.263],[1.366,30.949],[-1.234,31.989],[-2.056,31.991],[-2.357,31.983],[-2.817,31.993],[-2.956,31.744],[-3.128,31.66],[-3.661,31.607],[-3.78,31.555],[-3.816,31.453],[-3.805,31.275],[-3.671,30.996],[-3.729,30.894],[-4.413,30.579],[-4.912,30.43],[-5.13,30.136],[-5.366,29.976],[-5.603,29.873],[-5.953,29.794],[-6.341,29.78],[-6.423,29.468],[-6.601,29.441],[-7.17,29.476],[-7.604,29.232],[-8.284,28.783],[-8.593,28.641],[-8.61,28.47],[-8.641,27.567],[-9.28,27.563],[-10.054,27.565],[-11.258,27.564],[-12.388,27.564],[-13.124,27.546],[-13.316,27.164],[-13.466,26.814],[-13.629,26.591],[-14.006,26.361],[-14.188,26.272],[-14.367,26.119],[-14.66,25.636],[-14.797,25.146],[-14.82,24.733],[-14.975,24.51],[-15.607,23.981],[-15.714,23.873],[-16.243,22.722],[-16.353,22.493],[-16.806,21.99],[-16.984,21.595],[-17.052,21.004],[-17.021,20.744],[-16.845,20.941],[-16.711,20.89],[-16.347,20.523],[-16.269,20.364],[-16.24,20.122],[-16.27,19.684],[-16.351,19.493],[-16.472,19.366],[-16.191,19.03],[-16.056,18.674],[-15.983,18.178],[-16.041,17.67],[-16.125,17.301],[-15.352,17.062],[-14.273,16.545],[-12.719,16.001],[-12.448,15.82],[-12.268,15.52],[-12.088,14.889],[-12.088,14.108],[-12.298,13.867],[-12.779,13.837],[-12.809,13.567],[-13.109,12.996],[-13.62,12.966],[-14.131,13.266],[-14.762,13.747],[-14.852,14.108],[-15.092,14.198],[-16.024,14.168],[-15.919,13.778],[-15.002,13.747],[-14.972,13.296],[-15.453,13.327],[-15.603,13.056],[-15.723,12.635],[-15.994,12.275],[-16.425,12.248],[-16.279,12.21],[-16.248,12.103],[-16.086,11.969],[-15.809,11.843],[-15.736,11.843],[-15.55,11.92],[-15.325,11.927],[-15.158,11.876],[-15.099,11.813],[-15.213,11.717],[-15.361,11.52],[-15.416,11.335],[-15.341,11.221],[-15.116,11.158],[-15.029,11.158],[-14.991,11.057],[-15.018,10.917],[-14.966,10.847],[-14.821,10.803],[-14.575,10.784],[-14.551,10.645],[-14.591,10.467],[-14.466,10.333],[-14.058,10.08],[-13.68,9.916],[-13.626,9.623],[-13.282,9.275],[-13.178,9.092],[-12.581,9.428],[-12.244,9.84],[-11.381,9.54],[-11.569,8.903],[-11.569,8.528],[-10.894,8.341],[-10.894,7.628],[-10.069,7.591],[-9.882,7.441],[-9.882,6.916],[-9.544,6.391],[-9.779,5.707],[-9.248,5.172],[-8.792,4.919],[-8.243,4.64],[-7.529,4.337],[-7.413,4.331],[-7.098,4.522],[-6.316,4.873],[-5.575,5.129],[-5.239,5.193],[-4.744,6.053],[-4.294,6.203],[-3.77,6.091],[-3.32,5.828],[-3.091,5.16],[-3.027,5.268],[-2.934,5.275],[-2.804,5.186],[-2.307,7.291],[-1.67,7.291],[-0.995,7.478],[0.243,6.878],[0.355,6.391],[0.803,5.715],[0.939,5.759],[1.176,6.084],[1.342,6.18],[1.427,6.745],[1.316,7.076],[0.763,6.966],[0.652,7.63],[1.316,7.796],[1.427,8.68],[2.256,8.791],[2.422,7.851],[2.256,7.408],[2.193,6.766],[2.717,6.878],[2.713,6.346],[2.832,6.351],[2.877,6.802],[3.317,7.095],[3.976,6.655],[4.072,6.44],[4.634,6.212],[5.221,6.289],[6.1,5.85],[6.1,5.191],[5.419,4.956],[5.607,4.632],[5.851,4.429],[6.089,4.328],[6.65,4.323],[6.844,4.292],[6.924,4.343],[7.046,4.508],[7.124,4.698],[6.736,4.864],[7.068,5.307],[7.787,4.864],[7.888,4.453],[8.14,4.466],[8.299,4.555],[8.328,4.613],[8.263,4.746],[8.285,5.251],[8.672,5.417],[9.336,5.251],[9.502,4.753],[9.284,4.017],[9.543,4.043],[9.651,4.018],[9.78,3.853],[9.586,3.675],[9.765,3.383],[9.851,3.148],[9.923,2.824],[9.801,2.379],[9.894,2.138],[10.186,2.039],[10.515,2.133],[10.984,1.992],[11.078,1.71],[10.844,1.335],[10.468,1.1],[10.046,1.288],[9.37,1.171],[9.622,1.089],[9.629,0.89],[10.046,0.912],[10.186,0.771],[10.28,0.208],[10.468,-0.027],[10.703,-0.121],[10.703,-0.59],[10.046,-1.06],[9.229,-1.388],[9.321,-1.416],[9.465,-1.593],[9.243,-1.772],[9.656,-2.419],[9.894,-2.444],[10.06,-2.571],[9.931,-2.711],[10.525,-3.237],[10.641,-3.446],[10.88,-3.694],[11.134,-3.916],[11.773,-4.537],[11.851,-4.71],[12.563,-4.298],[13.268,-4.416],[13.419,-4.555],[14.384,-3.182],[15.089,-2.888],[15.97,-3.085],[16.381,-3.476],[16.675,-4.122],[16.352,-4.445],[17.733,-5.121],[18.085,-5.826],[17.439,-7.118],[17.556,-7.706],[17.086,-8.058],[16.91,-8.058],[17.615,-9.292],[17.498,-9.527],[16.91,-9.938],[16.088,-9.82],[16.146,-10.525],[16.264,-10.643],[16.205,-10.878],[16.146,-13.052],[15.735,-13.11],[15.206,-12.64],[14.42,-12.66],[12.301,-14.56],[12.251,-14.945],[12.177,-15.276],[12.06,-15.594],[11.961,-15.715],[11.782,-15.868],[11.803,-16.522],[11.775,-17.596],[11.795,-17.844],[11.85,-18.022],[12.08,-18.491],[12.524,-19.062],[12.929,-19.742],[13.308,-20.472],[13.804,-21.443],[13.958,-21.69],[14.415,-22.268],[14.533,-22.496],[14.577,-22.731],[14.524,-22.941],[14.396,-23.075],[14.409,-23.253],[14.668,-24.421],[14.909,-25.018],[14.91,-25.234],[14.843,-25.622],[14.947,-26.01],[15.153,-26.333],[15.076,-26.607],[15.137,-26.829],[15.292,-27.153],[15.454,-27.616],[15.66,-27.889],[16.128,-28.34],[16.334,-28.561],[16.666,-28.409],[16.858,-28.124],[17.008,-28.072],[17.157,-28.129],[17.443,-28.285],[17.53,-28.385],[17.574,-28.778],[17.707,-28.873],[17.939,-28.891],[18.341,-28.869],[18.676,-28.888],[18.937,-28.963],[19.129,-28.948],[19.391,-28.724],[19.636,-28.588],[19.84,-28.444],[20.736,-28.745],[21.538,-28.244],[21.992,-28.587],[22.569,-28.138],[23.275,-27.304],[23.917,-27.175],[25.128,-27.544],[25.048,-26.101],[25.368,-24.737],[26.424,-24.192],[26.527,-23.319],[27.142,-23.165],[27.245,-22.755],[28.496,-22.01],[29.138,-22.01],[29.459,-21.529],[30.18,-21.529],[30.822,-21.85],[31.544,-21.85],[31.865,-22.411],[31.945,-23.695],[31.865,-24.817],[31.264,-25.685],[31.727,-26.154],[31.764,-25.637],[33.468,-24.534],[33.969,-23.231],[33.668,-20.324],[33.972,-18.959],[34.182,-18.54],[34.37,-18.218],[34.27,-17.617],[33.568,-17.015],[33.086,-16.401],[32.358,-16.802],[31.7,-16.849],[30.948,-16.708],[30.196,-16.097],[29.961,-15.392],[29.961,-14.875],[30.666,-13.606],[31.747,-12.76],[32.499,-12.525],[32.875,-12.713],[33.674,-13.465],[34.144,-14.781],[33.812,-15.728],[34.287,-15.916],[35.546,-16.966],[36.386,-16.966],[37.645,-16.021],[39.219,-15.707],[39.638,-15.287],[39.743,-13.713],[39.533,-12.244],[39.065,-11.209],[38.326,-9.067],[36.036,-8.55],[36.184,-7.442],[37.957,-6.777],[37.957,-4.856],[38.252,-3.896],[37.661,-3.379],[37.735,-2.345],[39.951,-1.015],[39.877,0.019],[40.911,0.019],[41.65,1.201],[43.333,0.405],[43.724,0.8],[44.301,1.291],[44.567,1.463],[45.541,1.967],[46.361,2.668],[47.384,3.795],[47.556,3.993],[48.078,4.667],[48.472,5.201],[48.792,5.704],[48.95,5.99],[49.046,6.416],[49.421,6.989],[49.823,7.695],[49.777,7.854],[49.832,7.994],[50.211,8.351],[50.779,9.368],[50.853,9.597],[50.887,10.277],[51.056,10.506],[51.13,10.71],[51.07,10.989],[51.061,11.243],[51.247,11.657],[51.181,11.777],[50.969,11.879],[50.697,11.948],[50.486,11.776],[50.081,11.476],[49.647,11.329]],[[7.088,6.733],[7.604,6.499],[7.698,5.794],[7.323,5.607],[7.041,5.794],[6.525,5.278],[6.478,5.466],[6.478,6.499],[7.088,6.733]],[[-14.414,12.696],[-13.85,12.696],[-13.146,12.367],[-12.301,11.569],[-12.019,10.959],[-12.254,10.63],[-12.677,10.536],[-13.146,10.677],[-14.507,11.616],[-14.648,12.132],[-14.414,12.696]],[[-2.912,13.869],[-1.973,14.339],[-1.034,14.526],[-0.564,14.104],[0.14,13.963],[0.797,13.353],[1.36,13.024],[-0.012,11.28],[0.984,10.616],[1.22,8.658],[-0.095,8.376],[-1.269,8.799],[-1.879,8.799],[-1.691,10.724],[-2.348,11.616],[-3.053,11.897],[-3.24,12.273],[-2.442,13.165],[-2.912,13.869]],[[22.726,-4.768],[22.785,-5.356],[22.256,-6.589],[21.551,-6.942],[21.199,-6.707],[20.729,-5.532],[20.905,-4.122],[21.375,-3.652],[22.315,-3.828],[22.726,-4.768]],[[32.831,-3.006],[33.712,-3.241],[33.771,-3.769],[33.477,-4.063],[32.655,-4.416],[31.303,-4.063],[31.068,-3.534],[31.186,-3.123],[32.831,-3.006]],[[26.78,-11.818],[26.721,-11.289],[26.721,-10.819],[27.132,-9.057],[27.426,-8.293],[28.307,-8.117],[29.012,-8.176],[29.717,-8.587],[30.363,-8.763],[31.127,-9.233],[31.303,-9.703],[31.303,-10.937],[30.657,-11.524],[29.188,-11.935],[28.719,-12.64],[28.131,-12.64],[27.191,-12.347],[26.78,-11.818]],[[24.368,-13.653],[23.663,-13.841],[23.052,-13.794],[22.629,-13.559],[22.394,-12.854],[22.441,-12.102],[22.911,-11.491],[24.227,-10.88],[25.026,-10.833],[25.308,-10.974],[25.778,-11.397],[26.06,-11.867],[25.919,-12.525],[25.496,-13.042],[24.932,-13.371],[24.368,-13.653]],[[27.476,-16.879],[27.266,-17.103],[27.016,-17.303],[26.731,-17.475],[26.416,-17.615],[26.035,-17.733],[25.679,-17.799],[25.269,-17.829],[24.903,-17.814],[24.454,-17.743],[24.112,-17.645],[23.806,-17.488],[23.496,-17.271],[23.341,-17.039],[23.217,-16.806],[23.109,-16.249],[23.093,-15.908],[23.093,-15.458],[23.171,-15.149],[23.357,-14.823],[23.697,-14.467],[23.914,-14.297],[24.209,-14.142],[24.627,-13.971],[25.03,-13.894],[25.37,-13.863],[26.098,-13.925],[26.563,-14.002],[27.074,-14.157],[27.632,-14.405],[27.973,-14.699],[28.035,-14.963],[27.973,-15.536],[27.88,-16.016],[27.762,-16.377],[27.643,-16.636],[27.476,-16.879]],[[27.964,-18.392],[28.682,-18.546],[29.196,-18.854],[29.196,-19.162],[28.99,-19.47],[27.964,-19.829],[26.783,-20.599],[26.219,-20.496],[25.757,-20.291],[25.603,-19.675],[26.424,-18.597],[27.142,-18.392],[27.964,-18.392]],[[27.502,-22.241],[26.424,-22.857],[25.859,-23.268],[25.397,-23.165],[25.089,-22.549],[25.397,-22.087],[27.04,-21.471],[27.502,-21.471],[27.758,-21.933],[27.502,-22.241]],[[30.657,-3.711],[31.068,-4.239],[32.126,-4.651],[33.007,-4.768],[33.007,-5.062],[34.182,-5.414],[33.183,-7.412],[32.302,-8.293],[31.597,-8.587],[31.068,-8.587],[30.305,-7.118],[29.541,-6.413],[29.423,-4.474],[29.306,-3.887],[29.835,-3.241],[30.187,-3.006],[30.54,-3.006],[30.716,-3.182],[30.657,-3.711]],[[32.875,1.527],[33.025,0.938],[33.324,-0.113],[32.101,-1.465],[31.512,-1.528],[31.136,-1.481],[31.186,-1.889],[31.068,-2.359],[30.422,-2.712],[29.658,-2.536],[29.482,-2.242],[29.482,-1.889],[29.776,-1.478],[30.128,-1.243],[30.817,-1.108],[30.807,-1.011],[30.901,-0.447],[30.008,-0.165],[30.055,0.446],[29.867,0.54],[29.82,0.775],[30.243,0.869],[30.29,1.057],[30.572,1.292],[31.371,2.326],[32.217,2.561],[32.687,2.655],[33.063,2.561],[33.345,1.903],[32.875,1.527]],[[27.661,-6.354],[27.661,-6.942],[27.132,-8.293],[26.545,-8.469],[25.487,-8.646],[24.665,-8.469],[24.312,-7.471],[24.489,-6.824],[24.077,-6.766],[23.607,-6.413],[23.607,-6.002],[23.842,-5.532],[24.579,-5.246],[24.43,-4.709],[24.724,-3.828],[24.547,-3.358],[23.666,-2.183],[23.02,-1.831],[22.785,-1.361],[23.255,-0.715],[25.899,0.343],[26.369,0.284],[27.25,-1.067],[27.309,-2.653],[28.777,-3.006],[29.012,-3.652],[28.131,-4.474],[28.19,-5.062],[28.719,-5.297],[28.836,-6.354],[27.661,-6.354]],[[1.464,13.672],[2.5,15.447],[3.084,15.877],[3.572,16.688],[4.918,16.85],[6.371,18.626],[7.608,18.41],[7.824,18.733],[9.115,18.303],[9.492,17.98],[9.438,17.011],[11.106,16.15],[11.598,14.065],[11.914,14.966],[12.183,15.505],[13.905,15.935],[15.196,17.28],[15.573,18.572],[17.187,18.249],[17.295,16.688],[17.725,15.989],[17.564,15.505],[17.725,14.59],[17.026,13.191],[16.488,12.007],[15.811,11.982],[12.497,12.219],[13.204,11.196],[13.057,10.244],[12.471,8.852],[11.812,8.999],[11.007,8.047],[9.615,7.827],[9.249,7.241],[8.517,7.534],[6.979,7.241],[6.027,8.193],[6.173,7.388],[5.514,6.875],[3.244,7.314],[2.877,7.754],[3.463,8.34],[2.432,8.973],[1.537,8.957],[1.758,10.561],[0.763,11.501],[1.728,12.669],[1.464,13.672]],[[-7.512,8.846],[-6.902,9.973],[-6.527,10.16],[-6.01,10.02],[-6.057,9.691],[-5.775,9.503],[-5.682,9.081],[-5.822,8.846],[-5.541,8.611],[-5.071,8.752],[-4.836,8.752],[-4.461,9.128],[-4.085,9.175],[-3.898,8.893],[-3.991,8.658],[-4.32,8.189],[-3.898,7.485],[-4.226,7.297],[-4.696,7.203],[-5.071,8.001],[-5.541,8.189],[-5.822,7.719],[-6.48,7.625],[-7.419,7.766],[-7.7,8.142],[-8.311,7.719],[-8.874,8.001],[-9.625,7.766],[-9.625,8.893],[-10.048,9.128],[-10.47,8.94],[-11.033,9.081],[-11.315,10.114],[-11.456,11.334],[-10.423,11.663],[-9.894,12.275],[-10.918,11.924],[-11.406,13.154],[-11.26,14.209],[-11.016,14.678],[-11.006,15.43],[-9.384,16.061],[-7.066,15.908],[-5.115,16.611],[-3.603,16.494],[-2.969,15.088],[-3.554,13.682],[-3.053,13.212],[-3.24,12.649],[-3.851,12.461],[-4.038,12.93],[-3.963,13.485],[-4.53,13.213],[-4.676,12.861],[-6.383,11.748],[-5.916,11.475],[-6.386,10.865],[-7.231,10.489],[-7.278,9.644],[-7.512,8.846]]]},"properties":{"NAME":null,"SUBJECTO":null,"PARTOF":null,"BORDERPRECISION":3}},
{"type":"Feature","geometry":{"type":"Polygon","coordinates":[[[7.888,4.453],[7.787,4.864],[7.068,5.307],[6.736,4.864],[7.124,4.698],[7.046,4.508],[7.176,4.527],[7.449,4.407],[7.888,4.453]]]},"properties":{"NAME":"Opobo","SUBJECTO":"Opobo","PARTOF":"Opobo","BORDERPRECISION":3}},
{"type":"Feature","geometry":{"type":"Polygon","coordinates":[[[-9.894,12.275],[-10.423,11.663],[-11.456,11.334],[-11.315,10.114],[-11.033,9.081],[-10.47,8.94],[-10.048,9.128],[-9.625,8.893],[-9.625,7.766],[-8.874,8.001],[-8.311,7.719],[-7.7,8.142],[-7.512,8.846],[-7.278,9.644],[-7.231,10.489],[-6.386,10.865],[-5.916,11.475],[-6.383,11.748],[-7.456,11.924],[-8.236,11.748],[-9.894,12.275]]]},"properties":{"NAME":"First Samori Empire","SUBJECTO":"First Samori Empire","PARTOF":"First Samori Empire","BORDERPRECISION":3}},
{"type":"Feature","geometry":{"type":"MultiPolygon","coordinates":[[[[-61.687,17.024],[-61.674,17.094],[-61.833,17.164],[-61.887,17.033],[-61.738,16.99],[-61.687,17.024]]],[[[-61.729,17.609],[-61.787,17.701],[-61.873,17.704],[-61.857,17.592],[-61.739,17.541],[-61.729,17.609]]]]},"properties":{"NAME":"Antigua and Barbuda","SUBJECTO":"Antigua and Barbuda","PARTOF":"Antigua and Barbuda","BORDERPRECISION":3}},
{"type":"Feature","geometry":{"type":"Polygon","coordinates":[[[128.97,-14.923],[128.459,-14.886],[128.389,-14.944],[128.181,-15.249],[128.066,-15.377],[127.985,-15.288],[128.018,-15.021],[127.963,-14.703],[127.678,-14.437],[127.529,-14.196],[127.397,-14.1],[127.166,-14.063],[126.853,-13.784],[126.765,-14],[126.665,-14.102],[126.546,-14.35],[126.426,-14.147],[126.268,-14.071],[126.101,-14.205],[125.863,-14.695],[125.497,-14.677],[125.317,-14.728],[125.156,-14.805],[125.174,-15.04],[125.108,-15.205],[125.059,-15.421],[125.109,-15.625],[125.018,-15.644],[124.689,-15.467],[124.614,-15.499],[124.425,-15.658],[124.364,-15.887],[124.395,-16.02],[124.338,-16.262],[124.531,-16.325],[124.846,-16.53],[124.716,-16.496],[124.277,-16.523],[123.979,-16.409],[123.576,-16.391],[123.553,-16.696],[123.632,-16.804],[123.885,-16.911],[123.912,-16.975],[123.827,-17.248],[123.704,-17.217],[123.508,-17.109],[123.498,-17.319],[123.419,-17.58],[123.301,-17.466],[123.023,-16.856],[122.869,-16.659],[122.738,-16.583],[122.564,-16.895],[122.085,-17.398],[122.093,-17.621],[122.202,-17.983],[122.232,-18.167],[122.196,-18.244],[121.761,-18.537],[121.576,-18.703],[121.386,-19.116],[121.194,-19.377],[120.872,-19.677],[120.71,-19.773],[120.223,-19.983],[119.813,-20.118],[119.531,-20.138],[119.136,-20.037],[118.936,-20.024],[118.865,-20.069],[118.734,-20.317],[118.609,-20.381],[118.191,-20.414],[117.968,-20.471],[117.755,-20.675],[117.597,-20.758],[117.403,-20.778],[116.774,-20.786],[116.419,-20.837],[116.135,-20.984],[115.567,-21.456],[115.349,-21.602],[114.8,-21.883],[114.456,-22.094],[114.309,-22.564],[114.232,-22.616],[114.075,-22.603],[114.027,-22.521],[114.023,-22.33],[113.901,-22.038],[113.822,-22.254],[113.625,-22.566],[113.61,-22.731],[113.725,-23.017],[113.762,-23.481],[113.667,-23.78],[113.362,-24.283],[113.379,-24.614],[113.433,-24.874],[113.592,-25.185],[114.055,-25.801],[114.183,-26.017],[114.181,-26.271],[114.05,-26.289],[114.095,-26.539],[113.881,-26.509],[113.658,-26.068],[113.321,-25.69],[113.285,-25.827],[113.387,-25.974],[113.583,-26.152],[113.739,-26.667],[113.58,-26.656],[113.433,-26.572],[113.245,-26.341],[113.176,-26.142],[113.092,-26.058],[113.035,-26.163],[113.158,-26.425],[113.595,-26.883],[113.925,-27.385],[114.022,-27.626],[113.965,-28.033],[114.332,-28.478],[114.63,-28.903],[114.841,-29.386],[114.912,-29.697],[114.9,-30.142],[114.965,-30.518],[115.058,-30.804],[115.561,-31.661],[115.677,-31.928],[115.747,-32.208],[115.767,-32.755],[115.647,-33.365],[115.558,-33.575],[115.409,-33.767],[115.206,-33.805],[114.986,-33.755],[114.961,-33.869],[115.047,-34.422],[115.283,-34.473],[115.616,-34.631],[115.967,-34.936],[116.251,-35.101],[116.561,-35.189],[117.53,-35.251],[117.793,-35.212],[118.207,-35.09],[118.416,-34.924],[118.673,-34.606],[118.744,-34.58],[119.175,-34.637],[119.33,-34.579],[119.592,-34.222],[119.771,-34.12],[120.074,-34.1],[120.28,-34.119],[120.702,-34.048],[121.41,-33.971],[121.74,-33.963],[121.872,-34.001],[122.171,-34.179],[122.351,-34.096],[122.768,-34.031],[123.359,-34.043],[123.623,-33.915],[123.972,-33.456],[124.248,-33.144],[124.411,-33.055],[124.847,-32.952],[125.195,-32.773],[125.642,-32.562],[126.059,-32.434],[126.231,-32.415],[126.589,-32.421],[127.265,-32.381],[128.17,-32.15],[128.722,-31.917],[128.824,-24.935],[128.97,-14.923]]]},"properties":{"NAME":"Western Australia (UK)","SUBJECTO":"United Kingdom of Great Britain and Ireland","PARTOF":"United Kingdom of Great Britain and Ireland","BORDERPRECISION":3}},
{"type":"Feature","geometry":{"type":"Polygon","coordinates":[[[141.019,-33.998],[141.056,-38.377],[141.225,-38.457],[141.547,-38.533],[141.675,-38.411],[141.904,-38.43],[142.393,-38.569],[142.694,-38.671],[143.093,-38.868],[143.365,-38.97],[143.464,-38.957],[144.311,-38.565],[144.748,-38.456],[144.411,-38.246],[144.562,-38.137],[144.78,-38.06],[144.97,-38.066],[145.252,-38.231],[145.504,-38.442],[145.537,-38.512],[145.536,-38.723],[145.934,-38.881],[146.526,-39.181],[146.299,-38.894],[146.428,-38.9],[146.821,-38.841],[146.917,-38.713],[147.117,-38.655],[147.805,-38.232],[148.037,-38.098],[148.274,-38.027],[148.753,-38.005],[148.211,-37.532],[148.398,-36.888],[148.18,-36.439],[147.714,-35.912],[147.247,-36.013],[145.786,-35.962],[145.475,-35.761],[145.04,-35.735],[145.071,-35.962],[144.729,-35.962],[143.143,-34.643],[142.086,-34.104],[141.019,-33.998]]]},"properties":{"NAME":"Victoria (UK)","SUBJECTO":"United Kingdom of Great Britain and Ireland","PARTOF":"United Kingdom of Great Britain and Ireland","BORDERPRECISION":3}},
{"type":"Feature","geometry":{"type":"Polygon","coordinates":[[[153.397,-28.132],[153.296,-27.913],[152.946,-27.341],[153.028,-27.195],[153.087,-27.01],[153.069,-26.228],[152.904,-25.63],[152.831,-25.471],[152.761,-25.421],[152.534,-25.364],[152.486,-25.313],[152.4,-25.072],[152.397,-24.951],[152.318,-24.818],[152.073,-24.742],[151.969,-24.551],[151.859,-24.291],[151.73,-24.157],[151.458,-24.088],[151.2,-23.942],[150.802,-23.6],[150.754,-22.812],[150.694,-22.678],[150.611,-22.621],[150.356,-22.552],[149.945,-22.324],[150.017,-22.73],[149.67,-22.572],[149.557,-22.433],[149.411,-21.918],[149.2,-21.314],[149.101,-21.06],[148.706,-20.845],[148.567,-20.654],[148.756,-20.292],[148.704,-20.203],[148.19,-20.172],[147.973,-20.096],[147.594,-19.855],[147.413,-19.563],[147.078,-19.513],[146.322,-19.082],[146.23,-18.924],[146.106,-18.549],[145.925,-18.257],[146.019,-17.862],[145.994,-17.513],[145.869,-17.195],[145.451,-16.598],[145.326,-16.49],[145.346,-16.014],[145.222,-15.664],[145.185,-15.232],[145.184,-15.048],[145.12,-14.978],[144.946,-14.908],[144.693,-14.724],[144.529,-14.668],[144.385,-14.369],[144.212,-14.452],[144.065,-14.592],[143.875,-14.586],[143.743,-14.466],[143.538,-13.945],[143.474,-13.665],[143.437,-13.081],[143.371,-12.814],[143.292,-12.687],[142.971,-12.535],[143.173,-12.121],[143.127,-12.013],[142.938,-12.007],[142.823,-11.919],[142.77,-11.614],[142.749,-11.321],[142.644,-11.093],[142.338,-10.915],[142.126,-11.157],[142.093,-11.532],[141.953,-11.952],[141.693,-12.379],[141.679,-12.468],[141.919,-12.703],[141.848,-12.843],[141.7,-12.913],[141.599,-13.046],[141.512,-13.809],[141.668,-14.114],[141.478,-14.617],[141.468,-14.757],[141.652,-15.036],[141.711,-15.227],[141.518,-15.532],[141.402,-15.857],[141.314,-16.448],[141.132,-16.957],[140.801,-17.562],[140.708,-17.632],[140.25,-17.798],[140.06,-17.83],[139.818,-17.761],[139.248,-17.432],[139.173,-17.356],[139.075,-17.076],[138.963,-16.994],[138.61,-16.912],[138.411,-16.899],[138.26,-16.842],[138.074,-16.696],[137.899,-24.935],[137.878,-25.919],[140.951,-25.869],[140.976,-28.859],[149.02,-28.884],[149.579,-28.42],[150.357,-28.448],[151.009,-28.557],[151.631,-29.02],[151.787,-28.775],[152.191,-28.83],[152.004,-28.393],[152.533,-28.147],[153.397,-28.132]]]},"properties":{"NAME":"Queensland (UK)","SUBJECTO":"United Kingdom of Great Britain and Ireland","PARTOF":"United Kingdom of Great Britain and Ireland","BORDERPRECISION":3}},
{"type":"Feature","geometry":{"type":"Polygon","coordinates":[[[148.753,-38.005],[149.165,-37.974],[149.504,-37.929],[149.712,-37.794],[149.857,-37.634],[149.985,-37.347],[149.975,-37.047],[150.011,-36.626],[150.087,-36.154],[150.222,-35.694],[150.343,-35.547],[150.613,-35.394],[150.762,-35.253],[150.856,-35.011],[150.85,-34.718],[151.217,-34.208],[151.364,-33.521],[151.574,-33.215],[151.765,-33.005],[151.974,-32.96],[152.176,-32.877],[152.445,-32.507],[152.537,-32.208],[152.834,-31.768],[152.972,-31.418],[153.001,-31.056],[152.94,-30.699],[153.203,-29.91],[153.361,-29.159],[153.493,-28.841],[153.478,-28.504],[153.397,-28.132],[152.533,-28.147],[152.004,-28.393],[152.191,-28.83],[151.787,-28.775],[151.631,-29.02],[151.009,-28.557],[150.357,-28.448],[149.579,-28.42],[149.02,-28.884],[140.976,-28.859],[141.019,-33.998],[142.086,-34.104],[143.143,-34.643],[144.729,-35.962],[145.071,-35.962],[145.04,-35.735],[145.475,-35.761],[145.786,-35.962],[147.247,-36.013],[147.714,-35.912],[148.18,-36.439],[148.398,-36.888],[148.211,-37.532],[148.753,-38.005]]]},"properties":{"NAME":"New South Wales (UK)","SUBJECTO":"United Kingdom of Great Britain and Ireland","PARTOF":"United Kingdom of Great Britain and Ireland","BORDERPRECISION":3}},
{"type":"Feature","geometry":{"type":"Polygon","coordinates":[[[137.899,-24.935],[138.074,-16.696],[137.955,-16.602],[137.76,-16.399],[137.426,-16.189],[137.074,-16.031],[136.955,-16.019],[136.798,-16.07],[136.687,-16.026],[136.459,-15.753],[136.094,-15.449],[135.627,-15.17],[135.417,-14.973],[135.388,-14.897],[135.458,-14.681],[135.709,-14.464],[135.881,-14.203],[135.965,-13.891],[135.829,-13.733],[135.831,-13.485],[136.009,-13.332],[136.238,-13.23],[136.469,-13.223],[136.523,-13.108],[136.528,-12.911],[136.607,-12.816],[136.664,-12.625],[136.86,-12.44],[136.791,-12.37],[136.64,-12.326],[136.435,-12.117],[136.353,-12.155],[136.299,-12.511],[136.091,-12.575],[135.942,-12.359],[135.649,-12.188],[135.445,-12.176],[135.192,-12.374],[135.129,-12.387],[134.94,-12.336],[134.762,-12.063],[134.595,-12.057],[134.409,-12.121],[134.143,-12.084],[133.559,-11.951],[133.397,-11.882],[133.093,-11.673],[132.929,-11.533],[132.776,-11.578],[132.661,-11.534],[132.384,-11.299],[132.206,-11.319],[132.041,-11.383],[132.025,-11.478],[132.134,-11.541],[132.303,-11.503],[132.515,-11.623],[132.626,-11.75],[132.751,-12.169],[132.628,-12.271],[132.398,-12.329],[131.817,-12.368],[131.54,-12.401],[131.183,-12.236],[131.028,-12.268],[130.859,-12.447],[130.951,-12.631],[130.84,-12.707],[130.518,-12.733],[130.463,-12.759],[130.233,-13.147],[130.232,-13.281],[130.274,-13.363],[130.206,-13.484],[130.086,-13.592],[129.852,-13.72],[129.766,-13.816],[129.763,-14.019],[129.427,-14.306],[129.459,-14.496],[129.729,-14.674],[129.849,-14.82],[129.839,-14.928],[129.702,-15.062],[129.632,-15.278],[129.483,-15.215],[129.196,-14.993],[128.97,-14.923],[128.824,-24.935],[137.899,-24.935]]]},"properties":{"NAME":"Northern Territory (UK)","SUBJECTO":"United Kingdom of Great Britain and Ireland","PARTOF":"United Kingdom of Great Britain and Ireland","BORDERPRECISION":3}},
{"type":"Feature","geometry":{"type":"Polygon","coordinates":[[[-61.364,15.198],[-61.255,15.285],[-61.253,15.461],[-61.304,15.574],[-61.468,15.628],[-61.491,15.541],[-61.393,15.355],[-61.364,15.198]]]},"properties":{"NAME":"Dominica","SUBJECTO":"Dominica","PARTOF":"Dominica","BORDERPRECISION":3}},
{"type":"Feature","geometry":{"type":"Polygon","coordinates":[[[-60.861,14.403],[-60.83,14.57],[-60.941,14.741],[-61.034,14.829],[-61.175,14.877],[-61.232,14.809],[-61.034,14.466],[-60.887,14.466],[-60.861,14.403]]]},"properties":{"NAME":"France","SUBJECTO":"France","PARTOF":"France","BORDERPRECISION":3}},
{"type":"Feature","geometry":{"type":"Polygon","coordinates":[[[-62.171,16.671],[-62.176,16.809],[-62.237,16.712],[-62.171,16.671]]]},"properties":{"NAME":"Montserrat","SUBJECTO":"Montserrat","PARTOF":"Montserrat","BORDERPRECISION":3}},
{"type":"Feature","geometry":{"type":"Polygon","coordinates":[[[-63.168,18.164],[-62.993,18.227],[-63.058,18.256],[-63.168,18.164]]]},"properties":{"NAME":"Anguilla","SUBJECTO":"Anguilla","PARTOF":"Anguilla","BORDERPRECISION":3}},
{"type":"Feature","geometry":{"type":"MultiPolygon","coordinates":[[[[-62.553,17.094],[-62.543,17.182],[-62.61,17.191],[-62.611,17.095],[-62.553,17.094]]],[[[-62.702,17.337],[-62.813,17.409],[-62.864,17.371],[-62.778,17.292],[-62.623,17.242],[-62.702,17.337]]]]},"properties":{"NAME":"Saint Kitts and Nevis","SUBJECTO":"Saint Kitts and Nevis","PARTOF":"Saint Kitts and Nevis","BORDERPRECISION":3}},
{"type":"Feature","geometry":{"type":"MultiPolygon","coordinates":[[[[-64.762,17.774],[-64.871,17.775],[-64.896,17.677],[-64.668,17.711],[-64.762,17.774]]],[[[-64.842,18.312],[-64.977,18.378],[-65.012,18.349],[-64.842,18.312]]]]},"properties":{"NAME":"United States Virgin Islands","SUBJECTO":"United States Virgin Islands","PARTOF":"United States Virgin Islands","BORDERPRECISION":3}},
{"type":"Feature","geometry":{"type":"MultiPolygon","coordinates":[[[[-61.246,15.872],[-61.196,15.945],[-61.261,16.013],[-61.33,15.934],[-61.246,15.872]]],[[[-61.346,16.334],[-61.457,16.513],[-61.532,16.452],[-61.499,16.349],[-61.582,16.275],[-61.731,16.362],[-61.794,16.242],[-61.761,16.057],[-61.695,15.949],[-61.553,16.054],[-61.581,16.205],[-61.455,16.201],[-61.226,16.253],[-61.346,16.334]]]]},"properties":{"NAME":"Guadeloupe","SUBJECTO":"Guadeloupe","PARTOF":"Guadeloupe","BORDERPRECISION":3}},
{"type":"Feature","geometry":{"type":"MultiPolygon","coordinates":[[[[-68.195,12.221],[-68.364,12.305],[-68.417,12.251],[-68.281,12.158],[-68.239,12.022],[-68.195,12.221]]],[[[-68.966,12.199],[-69.078,12.349],[-69.146,12.384],[-69.158,12.311],[-69.062,12.188],[-68.832,12.049],[-68.747,12.04],[-68.824,12.16],[-68.966,12.199]]]]},"properties":{"NAME":"Netherlands Antilles","SUBJECTO":"Netherlands Antilles","PARTOF":"Netherlands Antilles","BORDERPRECISION":3}},
{"type":"Feature","geometry":{"type":"Polygon","coordinates":[[[-63.011,18.067],[-63.045,18.121],[-63.14,18.059],[-63.011,18.067]]]},"properties":{"NAME":"Saint Martin","SUBJECTO":"Saint Martin","PARTOF":"Saint Martin","BORDERPRECISION":3}},
{"type":"Feature","geometry":{"type":"Polygon","coordinates":[[[-63.14,18.059],[-63.033,18.016],[-63.011,18.067],[-63.14,18.059]]]},"properties":{"NAME":"Saint Barthelemy","SUBJECTO":"Saint Barthelemy","PARTOF":"Saint Barthelemy","BORDERPRECISION":3}},
{"type":"Feature","geometry":{"type":"Polygon","coordinates":[[[19.334,57.956],[19.105,57.975],[19.142,57.908],[19.334,57.956]]]},"properties":{"NAME":null,"SUBJECTO":null,"PARTOF":null,"BORDERPRECISION":3}},
{"type":"Feature","geometry":{"type":"Polygon","coordinates":[[[146.713,-43.722],[146.836,-43.689],[147.142,-43.257],[147.391,-43.082],[147.815,-42.965],[147.926,-42.823],[147.981,-42.482],[148.319,-41.806],[148.323,-41.497],[148.27,-41.093],[148.056,-40.92],[147.734,-41.029],[147.596,-41.165],[147.289,-41.152],[147.121,-41.178],[146.741,-41.295],[146.382,-41.308],[145.892,-41.142],[145.228,-40.983],[144.776,-40.843],[144.697,-40.862],[144.7,-41.164],[144.869,-41.594],[144.936,-41.71],[145.214,-42.031],[145.53,-42.345],[145.624,-42.519],[145.566,-42.583],[145.301,-42.462],[145.183,-42.481],[145.279,-42.668],[145.494,-42.918],[145.723,-43.24],[145.967,-43.407],[146.497,-43.619],[146.713,-43.722]]]},"properties":{"NAME":null,"SUBJECTO":null,"PARTOF":null,"BORDERPRECISION":3}},
{"type":"Feature","geometry":{"type":"MultiPolygon","coordinates":[[[[-72.279,41.117],[-72.351,41.141],[-72.647,40.98],[-73.146,40.959],[-73.227,40.911],[-73.589,40.921],[-73.911,40.795],[-74.033,40.647],[-74.008,40.58],[-73.768,40.642],[-73.797,40.592],[-72.894,40.774],[-72.868,40.756],[-72.543,40.826],[-71.86,41.064],[-72.053,41.016],[-72.135,41.035],[-72.346,41],[-72.442,40.917],[-72.618,40.923],[-72.388,41.085],[-72.279,41.117]]],[[[-97.26,25.811],[-97.451,26.218],[-97.573,26.561],[-97.638,26.847],[-97.632,27.228],[-97.563,27.362],[-97.267,27.674],[-97.317,27.75],[-97.568,27.909],[-97.447,27.985],[-97.115,28.107],[-96.831,28.158],[-96.685,28.248],[-96.577,28.426],[-96.774,28.623],[-96.717,28.712],[-96.203,28.637],[-96.015,28.656],[-95.603,28.799],[-94.845,29.346],[-95.058,29.675],[-95.007,29.758],[-94.857,29.784],[-94.797,29.563],[-94.426,29.543],[-94.142,29.69],[-93.446,29.768],[-93.042,29.692],[-92.643,29.579],[-92.117,29.542],[-91.978,29.625],[-92.228,29.802],[-91.951,29.832],[-91.429,29.543],[-91.24,29.321],[-90,29.109],[-90,29.501],[-89.978,29.406],[-89.622,29.284],[-89.498,29.096],[-89.272,29.058],[-89.032,29.119],[-89.292,29.367],[-89.559,29.433],[-89.677,29.591],[-89.686,29.706],[-89.38,29.873],[-89.684,30.09],[-89.867,30.132],[-90,30.039],[-90,30.39],[-89.711,30.183],[-89.535,30.208],[-89.233,30.406],[-88.635,30.388],[-88.343,30.389],[-88.142,30.328],[-88.035,30.679],[-87.775,30.263],[-87.404,30.307],[-87.383,30.442],[-87.089,30.359],[-86.615,30.411],[-86.389,30.473],[-86.29,30.368],[-86.058,30.235],[-85.719,30.203],[-85.6,30.153],[-85.487,30.039],[-85.428,29.76],[-85.305,29.664],[-84.764,29.799],[-84.559,29.958],[-84.317,30.092],[-84.124,30.124],[-83.886,30.048],[-83.492,29.687],[-83.118,29.242],[-82.895,29.186],[-82.779,29.11],[-82.647,28.907],[-82.718,28.437],[-82.841,27.838],[-82.717,27.745],[-82.505,27.928],[-82.429,27.826],[-82.451,27.724],[-82.62,27.528],[-82.753,27.528],[-82.584,27.311],[-82.31,26.825],[-82.142,26.867],[-82.078,26.551],[-81.887,26.448],[-81.837,26.079],[-81.745,25.921],[-81.401,25.859],[-81.146,25.378],[-81.152,25.273],[-81.098,25.125],[-80.869,25.187],[-80.738,25.13],[-80.452,25.208],[-80.491,24.996],[-80.314,25.244],[-80.305,25.358],[-80.354,25.548],[-80.214,25.735],[-80.05,26.551],[-80.078,26.923],[-80.133,27.073],[-80.262,27.197],[-80.229,27.238],[-80.447,27.776],[-80.605,28.561],[-81.026,29.264],[-81.231,29.656],[-81.405,30.073],[-81.512,30.727],[-81.182,31.64],[-80.818,32.147],[-80.738,32.236],[-80.581,32.497],[-80.222,32.536],[-79.717,32.797],[-79.349,33.11],[-79.305,33.269],[-79.204,33.46],[-78.899,33.702],[-78.621,33.811],[-78.384,33.868],[-77.963,33.933],[-77.685,34.264],[-77.296,34.667],[-76.622,34.763],[-76.306,34.979],[-76.425,35.032],[-76.624,35.032],[-76.76,34.955],[-76.953,35.029],[-77.063,35.207],[-76.846,35.038],[-76.653,35.1],[-76.567,35.213],[-76.678,35.216],[-76.5,35.281],[-76.484,35.334],[-76.859,35.485],[-76.981,35.497],[-77.053,35.58],[-76.857,35.512],[-76.581,35.461],[-76.645,35.571],[-76.577,35.577],[-76.516,35.467],[-76.358,35.408],[-76.141,35.384],[-76.027,35.473],[-75.884,35.687],[-75.783,35.636],[-75.708,35.749],[-75.729,35.882],[-75.849,36.021],[-75.93,35.974],[-76.032,35.693],[-76.095,35.722],[-76.012,35.974],[-76.068,36.048],[-76.325,35.983],[-76.727,35.992],[-76.679,36.063],[-76.751,36.261],[-76.71,36.353],[-76.7,36.161],[-76.587,36.066],[-76.509,36.057],[-76.34,36.152],[-76.442,36.244],[-76.205,36.152],[-76.094,36.205],[-76.213,36.341],[-76.186,36.368],[-75.953,36.232],[-75.953,36.333],[-75.858,36.161],[-75.793,36.137],[-75.896,36.398],[-76.038,36.57],[-75.907,36.54],[-75.983,36.629],[-75.958,36.768],[-75.891,36.644],[-75.73,36.116],[-75.585,35.9],[-75.522,35.858],[-75.724,36.22],[-75.975,36.937],[-76.311,36.991],[-76.325,36.937],[-76.524,36.922],[-76.503,37.029],[-76.723,37.201],[-76.942,37.286],[-76.852,37.358],[-76.639,37.269],[-76.417,37.029],[-76.283,37.056],[-76.291,37.195],[-76.377,37.29],[-76.459,37.278],[-76.598,37.349],[-76.777,37.575],[-76.481,37.323],[-76.384,37.332],[-76.399,37.459],[-76.258,37.373],[-76.25,37.548],[-76.396,37.584],[-76.284,37.625],[-76.566,37.702],[-76.885,38.067],[-76.416,37.705],[-76.314,37.732],[-76.215,37.943],[-76.286,38.002],[-76.536,38.076],[-76.514,38.118],[-76.943,38.251],[-77.034,38.364],[-77.24,38.385],[-77.332,38.489],[-77.246,38.699],[-77.054,38.735],[-77.246,38.589],[-77.253,38.459],[-77.104,38.477],[-76.861,38.331],[-76.89,38.444],[-76.82,38.42],[-76.767,38.293],[-76.608,38.29],[-76.324,38.109],[-76.384,38.337],[-76.573,38.444],[-76.618,38.539],[-76.408,38.397],[-76.384,38.459],[-76.538,38.785],[-76.405,39.085],[-76.587,39.311],[-76.385,39.275],[-76.339,39.462],[-76.272,39.361],[-76.259,39.501],[-76.201,39.424],[-76.06,39.51],[-76.066,39.605],[-75.94,39.646],[-76.006,39.462],[-75.858,39.436],[-76.151,39.367],[-76.26,39.201],[-76.063,39.195],[-76.15,39.067],[-76.301,39.076],[-76.315,38.975],[-76.156,38.946],[-76.112,38.845],[-76.171,38.818],[-76.305,38.88],[-76.353,38.735],[-76.279,38.809],[-76.008,38.667],[-76.326,38.539],[-76.223,38.361],[-76.152,38.385],[-76.044,38.293],[-75.846,38.426],[-75.811,38.278],[-75.92,38.26],[-75.926,38.174],[-75.748,38.15],[-75.85,37.978],[-75.682,38.032],[-75.668,37.898],[-75.778,37.845],[-75.866,37.714],[-76.02,37.326],[-75.958,37.207],[-75.869,37.281],[-75.7,37.607],[-75.652,37.551],[-75.431,37.993],[-75.211,38.293],[-75.155,38.287],[-75.042,38.497],[-75.089,38.842],[-75.215,38.871],[-75.389,39.133],[-75.404,39.293],[-75.624,39.673],[-75.461,39.839],[-75.339,39.893],[-75.407,39.783],[-75.549,39.667],[-75.401,39.424],[-75.133,39.246],[-74.94,39.251],[-74.889,39.171],[-74.969,39.032],[-74.86,38.99],[-74.521,39.352],[-74.414,39.418],[-74.406,39.614],[-74.289,39.572],[-74.153,39.765],[-73.946,40.447],[-74.195,40.489],[-74.057,40.6],[-74.177,40.642],[-74.231,40.542],[-74.293,40.632],[-74.11,40.763],[-74.074,40.727],[-73.89,41.174],[-73.869,41.139],[-74.007,40.799],[-73.784,40.882],[-73.741,40.977],[-73.386,41.139],[-72.854,41.294],[-71.449,41.425],[-71.373,41.837],[-71.304,41.771],[-71.104,41.825],[-71.194,41.676],[-71.173,41.527],[-70.967,41.562],[-70.895,41.682],[-70.761,41.694],[-70.712,41.795],[-70.656,41.765],[-70.642,41.592],[-69.922,41.724],[-69.936,41.915],[-70.034,42.076],[-70.226,42.136],[-69.991,41.867],[-70.302,41.759],[-70.482,41.807],[-70.506,41.986],[-70.776,42.303],[-71.054,42.357],[-71.024,42.429],[-70.848,42.56],[-70.871,42.602],[-70.625,42.65],[-70.57,42.716],[-70.759,42.71],[-70.868,42.871],[-70.686,43.099],[-70.536,43.404],[-70.378,43.452],[-70.306,43.62],[-70.187,43.638],[-70.216,43.8],[-69.922,43.913],[-69.969,43.812],[-69.826,43.752],[-69.68,43.884],[-69.754,43.955],[-69.608,44.069],[-69.662,43.931],[-69.507,43.896],[-69.395,44.093],[-69.249,43.991],[-69.095,44.141],[-68.782,44.627],[-68.715,44.609],[-68.804,44.393],[-68.504,44.297],[-68.558,44.483],[-68.467,44.441],[-68.131,44.567],[-68.052,44.411],[-67.908,44.477],[-67.863,44.603],[-67.738,44.663],[-67.6,44.579],[-67.532,44.723],[-67.398,44.669],[-67.169,44.711],[-66.939,44.879],[-67.15,44.903],[-67.03,45.03],[-67.187,45.252],[-67.272,45.184],[-67.344,45.315],[-67.257,45.349],[-67.221,45.565],[-67.321,45.565],[-67.594,45.669],[-67.559,45.772],[-67.699,47.041],[-67.777,47.165],[-67.996,47.294],[-68.343,47.305],[-68.527,47.226],[-68.699,47.264],[-68.926,47.426],[-69.049,47.464],[-69.333,47.228],[-69.565,46.946],[-70.077,45.947],[-70.589,45.295],[-71.112,45.35],[-71.293,45.323],[-71.456,45.128],[-71.535,44.959],[-72.027,45.001],[-72.862,45.003],[-73.99,45.017],[-74.782,45.012],[-75.458,44.64],[-76.133,44.327],[-76.017,44.336],[-76.103,44.222],[-76.281,44.143],[-76.348,44.069],[-76.262,43.991],[-76.182,44.072],[-76.062,44.014],[-76.219,43.857],[-76.289,43.85],[-76.174,43.625],[-76.274,43.531],[-76.369,43.525],[-76.863,43.274],[-77.03,43.238],[-77.389,43.27],[-77.58,43.216],[-77.7,43.3],[-78.018,43.367],[-78.503,43.362],[-78.821,43.308],[-79.14,43.222],[-79.05,42.852],[-78.95,42.887],[-78.875,42.804],[-78.977,42.704],[-79.198,42.571],[-79.564,42.387],[-80.073,42.153],[-80.566,41.97],[-81.043,41.836],[-81.397,41.699],[-81.628,41.558],[-81.811,41.495],[-81.945,41.509],[-82.368,41.414],[-82.568,41.404],[-82.845,41.462],[-83.027,41.444],[-82.797,41.515],[-83.034,41.563],[-83.45,41.754],[-83.284,41.985],[-83.056,42.027],[-83.041,42.243],[-82.536,42.612],[-82.298,43.029],[-82.354,43.015],[-82.465,43.195],[-82.564,43.584],[-82.658,43.84],[-82.836,44.035],[-83.074,44.031],[-83.384,43.911],[-83.412,43.818],[-83.59,43.665],[-83.744,43.621],[-83.875,43.685],[-83.917,43.784],[-83.872,43.92],[-83.781,44.003],[-83.646,44.034],[-83.548,44.199],[-83.386,44.313],[-83.319,44.429],[-83.286,44.619],[-83.301,44.841],[-83.438,45.023],[-83.369,45.068],[-83.26,45.024],[-83.431,45.275],[-83.636,45.392],[-83.933,45.459],[-84.115,45.528],[-84.182,45.599],[-84.634,45.751],[-84.747,45.854],[-84.633,46.029],[-84.394,45.962],[-83.927,45.961],[-83.927,46.087],[-83.821,46.15],[-83.865,46.185],[-84.277,46.266],[-84.44,46.459],[-84.744,46.468],[-84.888,46.477],[-85.015,46.558],[-84.982,46.701],[-85.1,46.749],[-85.37,46.7],[-85.668,46.675],[-85.993,46.672],[-86.278,46.606],[-86.522,46.475],[-86.734,46.441],[-87.094,46.527],[-87.273,46.512],[-87.419,46.574],[-87.647,46.81],[-87.883,46.898],[-88.233,46.914],[-88.409,46.808],[-88.484,46.81],[-88.457,46.92],[-88.283,47.142],[-88.025,47.34],[-87.772,47.401],[-87.881,47.462],[-88.299,47.399],[-88.56,47.279],[-88.84,47.093],[-89.09,46.96],[-89.311,46.881],[-89.698,46.824],[-89.953,46.754],[-90.277,46.625],[-90.527,46.603],[-90.716,46.678],[-90.884,46.604],[-90.9,46.661],[-90.801,46.812],[-90.832,46.944],[-91.092,46.896],[-91.558,46.761],[-91.868,46.708],[-92.111,46.734],[-92.265,46.651],[-91.15,47.368],[-90.457,47.705],[-89.622,47.968],[-89.871,47.994],[-90,47.972],[-90,48.249],[-91.141,48.215],[-91.326,48.129],[-91.682,48.039],[-91.91,48.083],[-91.939,48.166],[-92.15,48.205],[-92.258,48.327],[-92.484,48.332],[-92.556,48.221],[-92.708,48.438],[-92.83,48.432],[-92.839,48.515],[-93.48,48.608],[-93.713,48.574],[-94.088,48.778],[-94.298,48.984],[-94.424,49.151],[-94.827,49.488],[-95.053,49.472],[-94.994,49.315],[-94.82,49.051],[-96.335,49.039],[-97.594,49.052],[-98.201,49.049],[-99.148,49.05],[-100.46,49.043],[-101.711,49.056],[-102.67,49.051],[-104.262,49.056],[-106.44,49.064],[-108.461,49.059],[-110.18,49.07],[-110.67,49.054],[-112.529,49.064],[-112.862,49.069],[-115.165,49.056],[-115.924,49.059],[-117.215,49.058],[-118.987,49.062],[-121.052,49.051],[-122.813,49.061],[-122.9,49.067],[-122.606,48.835],[-122.535,48.697],[-122.374,48.266],[-122.345,48.077],[-122.391,47.868],[-122.486,47.606],[-122.663,47.469],[-122.748,47.262],[-122.944,47.423],[-123.183,47.488],[-122.808,47.828],[-122.826,48.023],[-123.072,48.167],[-123.259,48.206],[-123.505,48.185],[-123.793,48.198],[-124.146,48.25],[-124.43,48.347],[-124.675,48.386],[-124.733,48.327],[-124.726,48.118],[-124.309,47.459],[-124.249,47.019],[-124.132,47.114],[-124.06,47.051],[-123.905,47.042],[-124.17,46.941],[-124.131,46.669],[-124.159,46.35],[-123.882,46.296],[-123.909,46.246],[-124.054,46.29],[-124.004,46.05],[-124.064,45.836],[-123.995,45.764],[-124.072,45.048],[-124.331,44.072],[-124.302,43.924],[-124.137,43.666],[-124.302,43.343],[-124.483,43.253],[-124.587,43.143],[-124.63,43.014],[-124.561,42.602],[-124.249,41.934],[-124.153,41.58],[-124.179,41.195],[-124.367,40.751],[-124.412,40.469],[-124.365,40.334],[-124.033,39.982],[-123.82,39.607],[-123.892,39.414],[-123.745,39.076],[-123.796,39.03],[-123.46,38.704],[-123.222,38.533],[-123.052,38.302],[-122.991,38.139],[-122.759,37.957],[-122.705,37.976],[-122.531,37.896],[-122.548,38.162],[-122.49,38.165],[-122.467,38.01],[-122.384,37.961],[-122.375,37.854],[-122.293,37.79],[-122.119,37.536],[-122.211,37.543],[-122.391,37.653],[-122.499,37.854],[-122.578,37.775],[-122.558,37.566],[-122.5,37.536],[-122.459,37.396],[-122.494,37.301],[-122.253,37.07],[-122.117,37.013],[-121.932,37.009],[-121.838,36.896],[-121.851,36.749],[-121.998,36.678],[-121.997,36.576],[-121.927,36.338],[-121.743,36.24],[-121.652,36.1],[-121.561,36.066],[-121.385,35.785],[-121.199,35.687],[-121.084,35.558],[-120.928,35.475],[-120.949,35.289],[-120.677,35.189],[-120.737,34.981],[-120.666,34.754],[-120.688,34.622],[-120.583,34.591],[-120.529,34.508],[-120.204,34.531],[-119.785,34.459],[-119.613,34.478],[-119.42,34.369],[-119.292,34.221],[-118.872,34.07],[-118.732,34.108],[-118.604,34.096],[-118.502,33.983],[-118.503,33.858],[-118.353,33.787],[-118.288,33.843],[-118.007,33.731],[-117.709,33.529],[-117.497,33.325],[-117.348,33.053],[-117.349,32.755],[-117.304,32.755],[-117.174,32.521],[-115.956,32.598],[-114.884,32.636],[-114.742,32.496],[-114.622,32.427],[-114.088,32.252],[-112.823,31.832],[-111.241,31.331],[-111.089,31.307],[-109.646,31.289],[-109.211,31.273],[-108.371,31.278],[-108.275,31.323],[-108.232,31.724],[-107.396,31.723],[-106.545,31.702],[-106.45,31.652],[-106.166,31.354],[-105.821,31.069],[-105.445,30.836],[-105.126,30.615],[-105.046,30.513],[-104.775,29.827],[-104.574,29.58],[-104.083,29.283],[-103.586,29.057],[-103.435,29.026],[-103.209,29.021],[-103.022,29.092],[-102.895,29.258],[-102.448,29.687],[-102.237,29.778],[-101.948,29.786],[-101.734,29.749],[-101.382,29.604],[-101.197,29.491],[-101.033,29.326],[-100.735,28.863],[-100.4,28.311],[-100.02,27.842],[-99.604,27.469],[-99.569,27.259],[-99.42,26.84],[-99.268,26.573],[-99.1,26.409],[-98.685,26.265],[-98.222,26.013],[-98.103,25.982],[-97.916,26.034],[-97.783,26.034],[-97.416,25.865],[-97.26,25.811]],[[-87.605,41.877],[-87.783,42.204],[-87.815,42.416],[-87.777,42.66],[-87.792,42.841],[-87.862,42.961],[-87.908,43.192],[-87.756,43.575],[-87.707,43.748],[-87.715,43.876],[-87.564,44.13],[-87.487,44.442],[-87.371,44.676],[-87.343,44.818],[-87.47,44.883],[-87.544,44.862],[-87.718,44.695],[-87.943,44.565],[-87.991,44.671],[-87.876,44.878],[-87.681,44.968],[-87.465,45.29],[-87.195,45.57],[-87.038,45.761],[-86.995,45.864],[-86.935,45.681],[-86.72,45.867],[-86.543,45.858],[-86.692,45.659],[-86.411,45.771],[-86.295,45.905],[-86.13,45.947],[-85.838,45.954],[-85.645,45.992],[-85.551,46.062],[-85.382,46.075],[-85.136,46.032],[-84.948,45.968],[-84.763,45.817],[-84.85,45.753],[-84.996,45.751],[-84.987,45.678],[-85.104,45.547],[-85.027,45.367],[-85.251,45.314],[-85.369,45.203],[-85.423,44.898],[-85.564,44.758],[-85.505,44.936],[-85.609,44.789],[-85.631,44.899],[-85.543,45.212],[-85.743,45.015],[-86.072,44.865],[-86.132,44.729],[-86.259,44.605],[-86.265,44.433],[-86.33,44.275],[-86.453,44.13],[-86.494,43.999],[-86.458,43.776],[-86.514,43.681],[-86.47,43.495],[-86.326,43.22],[-86.243,42.988],[-86.23,42.617],[-86.276,42.442],[-86.372,42.248],[-86.518,42.035],[-86.674,41.874],[-86.842,41.766],[-87.224,41.635],[-87.375,41.634],[-87.477,41.685],[-87.605,41.877]]],[[[-168.554,53.375],[-168.514,53.295],[-168.374,53.235],[-167.865,53.323],[-167.961,53.49],[-168.223,53.59],[-168.356,53.55],[-168.554,53.375]]],[[[-166.771,54.001],[-167.148,53.94],[-167.003,53.726],[-166.927,53.459],[-166.643,53.573],[-166.61,53.707],[-166.493,53.734],[-166.383,53.855],[-166.58,53.961],[-166.771,54.001]]],[[[-132.177,55.285],[-132.555,55.453],[-132.688,55.649],[-132.594,55.812],[-132.633,55.9],[-133.157,56.116],[-133.281,56.232],[-133.486,56.258],[-133.518,56.211],[-133.266,55.831],[-133.271,55.621],[-133.016,55.371],[-132.174,54.846],[-132.177,55.285]]],[[[-134.946,56.454],[-134.764,56.794],[-135.002,57.326],[-135.258,57.414],[-135.441,57.428],[-135.466,57.229],[-134.946,56.454]]],[[[-163.567,55.022],[-163.743,55.062],[-164.131,54.906],[-164.561,54.831],[-165.01,54.528],[-164.949,54.427],[-164.564,54.334],[-164.425,54.402],[-164.246,54.597],[-164.072,54.657],[-163.573,54.632],[-163.206,54.737],[-163.36,54.921],[-163.567,55.022]]],[[[-162.746,55.064],[-162.788,55.152],[-163.091,55.273],[-163.262,55.171],[-163.2,55.043],[-162.968,54.949],[-162.746,55.064]]],[[[-160.391,55.562],[-160.356,55.657],[-160.676,55.765],[-161.318,55.879],[-161.609,55.845],[-161.81,55.783],[-162.224,55.498],[-162.585,55.389],[-162.546,55.145],[-162.218,55.132],[-161.696,55.377],[-161.575,55.479],[-161.09,55.561],[-160.867,55.575],[-160.528,55.542],[-160.391,55.562]]],[[[-170.968,63.652],[-171.229,63.651],[-171.739,63.75],[-171.972,63.729],[-172.052,63.6],[-171.728,63.457],[-171.323,63.486],[-170.966,63.459],[-170.629,63.366],[-169.903,63.075],[-169.666,63.24],[-169.119,63.241],[-169.333,63.397],[-170.109,63.56],[-170.482,63.688],[-170.968,63.652]]],[[[-154.342,57.487],[-154.585,57.364],[-154.661,57.234],[-154.593,57.145],[-154.16,56.982],[-153.878,56.941],[-153.67,56.969],[-153.492,57.051],[-153.271,57.264],[-153.177,57.407],[-152.912,57.49],[-152.378,57.518],[-152.438,57.614],[-152.679,57.765],[-153.178,57.825],[-153.396,57.804],[-153.425,57.64],[-153.731,57.427],[-154.189,57.631],[-154.342,57.487]]],[[[-136.418,58.111],[-136.596,57.905],[-136.237,57.727],[-135.816,57.454],[-135.822,57.756],[-135.543,57.722],[-135.147,57.599],[-135.115,57.675],[-135.325,58.093],[-135.672,58.044],[-136.025,58.215],[-136.3,58.18],[-136.418,58.111]]],[[[-141.059,69.595],[-141.704,69.734],[-142.802,70.09],[-143.308,70.197],[-144.36,70.133],[-145.273,70.116],[-145.607,70.192],[-146.183,70.268],[-147.724,70.327],[-148.741,70.494],[-149.286,70.539],[-150.639,70.475],[-151.144,70.482],[-151.726,70.535],[-151.915,70.496],[-152.137,70.534],[-152.49,70.695],[-152.651,70.819],[-152.971,70.934],[-154.461,70.993],[-155.1,71.077],[-155.475,70.852],[-156.138,70.928],[-156.145,71.083],[-155.973,71.145],[-156.043,71.223],[-156.474,71.354],[-156.905,71.346],[-157.318,71.158],[-157.812,70.971],[-158.855,70.884],[-159.369,70.899],[-160.24,70.858],[-160.248,70.766],[-159.91,70.604],[-159.905,70.427],[-160.717,70.456],[-161.188,70.44],[-161.697,70.331],[-162.177,70.284],[-162.511,70.184],[-162.879,69.999],[-163.511,69.504],[-163.714,69.224],[-164.067,69.065],[-164.89,68.935],[-165.336,68.904],[-166.297,68.88],[-166.335,68.661],[-166.844,68.405],[-165.94,68.16],[-164.513,67.797],[-164.044,67.589],[-163.826,67.448],[-163.739,67.218],[-162.599,67.161],[-161.936,67.088],[-161.796,66.749],[-161.218,66.728],[-160.343,66.597],[-160.032,66.568],[-160.125,66.339],[-160.585,66.316],[-161.261,66.396],[-161.627,66.226],[-161.979,66.116],[-162.275,66.071],[-162.759,66.063],[-163.37,66.106],[-163.843,66.178],[-163.782,66.538],[-164.463,66.596],[-165.521,66.366],[-165.997,66.203],[-167.024,65.959],[-167.73,65.863],[-168.18,65.694],[-166.999,65.492],[-166.139,65.355],[-165.663,65.246],[-165.864,65.166],[-166.604,65.15],[-166.669,65.085],[-166.586,64.73],[-166.348,64.637],[-165.741,64.559],[-165.171,64.546],[-164.6,64.619],[-163.883,64.591],[-163.025,64.442],[-162.802,64.471],[-162.137,64.789],[-161.291,64.964],[-160.902,64.813],[-160.79,64.64],[-160.944,64.525],[-161.361,64.51],[-161.373,64.466],[-161.006,64.158],[-160.89,63.857],[-160.974,63.642],[-161.133,63.563],[-161.911,63.526],[-162.474,63.41],[-162.97,63.103],[-163.309,63.038],[-163.968,63.2],[-164.292,63.25],[-164.467,63.171],[-164.878,62.821],[-165.03,62.65],[-165.431,62.43],[-165.579,62.139],[-165.802,62.039],[-165.834,61.834],[-166.19,61.749],[-165.898,61.27],[-165.423,61.264],[-165.143,61.18],[-164.539,60.95],[-164.302,60.943],[-164.058,61.042],[-163.895,61.042],[-163.689,60.923],[-163.52,60.706],[-163.627,60.601],[-163.938,60.614],[-164.845,60.816],[-164.996,60.619],[-165.128,60.542],[-165.048,60.416],[-164.594,60.208],[-164.208,59.902],[-164.027,59.798],[-163.536,59.841],[-163.354,59.931],[-163.022,59.967],[-162.378,60.163],[-161.989,59.712],[-161.925,59.518],[-162.06,59.289],[-162.004,58.827],[-161.938,58.723],[-161.646,58.682],[-161.117,58.746],[-160.828,58.898],[-160.84,58.96],[-160.431,59.002],[-159.814,58.941],[-159.584,58.811],[-159.366,58.632],[-159.11,58.488],[-158.856,58.454],[-158.866,58.612],[-158.973,58.77],[-158.912,58.874],[-158.517,58.999],[-158.291,58.73],[-157.987,58.717],[-157.139,58.856],[-157.155,58.67],[-157.242,58.491],[-157.554,58.27],[-157.665,57.933],[-157.665,57.604],[-157.785,57.508],[-158.125,57.343],[-158.451,57.213],[-158.662,57.076],[-158.671,56.843],[-158.617,56.748],[-159.249,56.781],[-159.776,56.582],[-160.114,56.323],[-160.457,56.2],[-160.607,56.043],[-160.607,55.962],[-160.169,55.807],[-159.614,55.889],[-159.077,55.992],[-158.738,56.19],[-158.527,56.449],[-157.98,56.654],[-157.747,56.77],[-156.993,56.915],[-156.496,57.1],[-156.451,57.175],[-156.685,57.401],[-156.369,57.566],[-155.903,57.717],[-155.598,57.896],[-154.953,58.035],[-154.649,58.076],[-154.404,58.249],[-154.214,58.428],[-153.964,58.552],[-153.682,58.642],[-153.489,58.794],[-153.455,58.877],[-153.664,58.98],[-154.127,59.042],[-154.298,59.117],[-154.282,59.249],[-153.976,59.519],[-153.71,59.644],[-153.152,59.743],[-152.899,59.896],[-152.819,60.132],[-152.878,60.279],[-152.561,60.384],[-152.19,60.658],[-151.731,60.785],[-151.342,60.954],[-151.084,61.151],[-150.882,61.193],[-150.781,61.292],[-150.311,61.314],[-149.317,60.929],[-149.425,60.859],[-149.913,60.914],[-150.437,60.906],[-150.828,60.8],[-151.16,60.66],[-151.23,60.471],[-151.415,60.254],[-151.783,59.995],[-151.785,59.946],[-151.49,59.711],[-151.448,59.538],[-151.772,59.357],[-151.881,59.163],[-151.388,59.213],[-150.922,59.414],[-150.501,59.616],[-150.021,59.714],[-149.581,59.985],[-149.326,60.027],[-149.062,60],[-148.7,59.904],[-148.494,59.904],[-148.301,60.106],[-148.258,60.281],[-148.336,60.413],[-148.84,60.545],[-148.728,60.727],[-148.466,60.868],[-148.493,61.064],[-148.189,61.1],[-147.94,61.206],[-147.638,61.052],[-147.27,60.94],[-146.578,60.836],[-145.998,60.662],[-145.893,60.516],[-145.493,60.384],[-145.138,60.454],[-145.003,60.552],[-144.811,60.315],[-144.406,60.093],[-144.053,60.051],[-143.084,60.074],[-142.425,60.02],[-141.958,60.041],[-141.747,60.132],[-141.439,60.091],[-141.385,59.897],[-140.905,59.786],[-140.428,59.76],[-140.133,59.767],[-139.573,59.9],[-139.4,59.831],[-139.307,59.706],[-139.367,59.63],[-139.785,59.518],[-139.2,59.277],[-138.78,59.181],[-138.446,59.162],[-138.201,59.031],[-137.577,58.604],[-137.085,58.447],[-136.356,58.524],[-136.37,58.62],[-136.939,58.943],[-136.39,58.841],[-136.148,58.903],[-135.738,58.47],[-135.3,58.374],[-135.326,58.581],[-135.515,58.973],[-135.469,59.34],[-135.309,59.347],[-135.144,59.168],[-135.046,58.905],[-134.83,58.561],[-134.38,58.376],[-134.123,58.239],[-133.84,57.999],[-133.64,57.965],[-133.474,57.842],[-133.641,57.739],[-133.597,57.643],[-133.341,57.377],[-133.4,57.219],[-132.871,57.016],[-132.559,56.702],[-132.271,56.506],[-132.101,56.349],[-132.279,56.132],[-132.256,55.85],[-132.032,55.894],[-131.964,55.966],[-131.767,56.01],[-131.191,56.035],[-131.101,55.913],[-130.892,55.769],[-130.695,55.465],[-130.773,55.066],[-130.546,54.91],[-130.413,55.021],[-130.065,55.102],[-130.003,55.289],[-130.18,55.638],[-130.106,55.993],[-130.287,56.107],[-131.199,56.451],[-131.725,56.605],[-131.955,56.782],[-132.707,57.629],[-133.503,58.424],[-133.869,58.685],[-134.791,59.214],[-134.949,59.359],[-135.115,59.581],[-135.258,59.67],[-135.632,59.703],[-135.855,59.646],[-136.184,59.422],[-136.735,59.121],[-137.116,59.028],[-137.223,58.882],[-137.649,59.185],[-138.621,59.778],[-138.778,59.91],[-138.856,60.084],[-139.005,60.258],[-139.338,60.285],[-140.429,60.23],[-140.807,60.263],[-140.895,60.389],[-140.935,60.86],[-140.947,61.835],[-140.927,63.786],[-140.916,64.768],[-140.974,66.026],[-140.997,67.077],[-141.014,68.093],[-141.013,69.378],[-141.059,69.595]]]]},"properties":{"NAME":"United States of America","SUBJECTO":"United States of America","PARTOF":"United States of America","BORDERPRECISION":3}},
{"type":"Feature","geometry":{"type":"MultiPolygon","coordinates":[[[[13.012,37.525],[13.868,37.157],[14.216,37.049],[14.622,36.776],[15.027,36.745],[15.221,37],[15.301,37.058],[15.116,37.287],[15.112,37.459],[15.181,37.682],[15.473,38.11],[15.387,38.206],[14.766,38.058],[14.134,37.973],[13.81,37.966],[13.628,38.03],[13.322,38.221],[13.066,38.067],[12.783,38.117],[12.664,38.072],[12.517,37.919],[12.454,37.766],[12.532,37.639],[12.637,37.582],[13.012,37.525]]],[[[8.374,39.308],[8.417,39.212],[8.696,38.996],[8.82,38.977],[8.931,39.054],[9.063,39.22],[9.296,39.233],[9.479,39.144],[9.648,39.457],[9.698,39.693],[9.631,40.096],[9.696,40.314],[9.788,40.442],[9.794,40.564],[9.591,40.903],[9.306,41.184],[8.918,40.94],[8.766,40.863],[8.241,40.855],[8.159,40.785],[8.202,40.663],[8.428,40.465],[8.488,40.209],[8.508,39.946],[8.465,39.64],[8.374,39.308]]],[[[13.564,45.726],[13.535,45.801],[13.592,45.964],[13.441,46.004],[13.606,46.132],[13.522,46.216],[13.389,46.216],[13.344,46.285],[13.621,46.421],[13.569,46.51],[13.354,46.561],[12.952,46.597],[12.362,46.709],[12.218,46.884],[12.075,46.928],[11.74,46.752],[11.908,46.414],[11.571,46.245],[11.571,45.975],[11.233,46.009],[11.166,45.739],[10.93,45.84],[10.795,45.638],[10.66,45.807],[10.525,45.739],[10.457,46.212],[10.558,46.313],[10.558,46.718],[10.396,46.887],[10.339,46.748],[10.372,46.566],[10.23,46.589],[10.151,46.662],[10.024,46.621],[9.987,46.498],[10.097,46.439],[9.995,46.252],[9.885,46.403],[9.674,46.38],[9.545,46.312],[9.441,46.375],[9.377,46.534],[9.21,46.498],[9.218,46.348],[9.027,46.175],[9.019,45.934],[8.891,45.866],[8.718,46.007],[8.762,46.089],[8.622,46.121],[8.382,46.284],[8.375,46.471],[8.025,46.289],[8.071,46.193],[7.914,45.999],[7.79,45.927],[7.507,46.003],[7.225,45.911],[6.955,45.939],[6.91,46.13],[6.807,46.394],[6.726,46.408],[6.515,46.405],[6.389,46.34],[6.384,46.342],[6.108,46.126],[5.941,46.176],[5.935,46.026],[5.86,46.026],[5.947,45.816],[5.897,45.742],[5.91,45.507],[5.848,45.52],[5.823,45.396],[5.947,45.26],[6.058,45.223],[6.033,45.334],[6.219,45.347],[6.28,45.199],[6.507,45.116],[6.665,44.955],[6.943,44.869],[7.003,44.72],[6.925,44.715],[6.783,44.548],[6.87,44.349],[6.787,44.297],[6.836,44.112],[6.935,44.136],[6.997,44.05],[6.886,43.902],[6.923,43.815],[7.355,43.902],[7.397,43.764],[7.553,43.867],[7.98,43.965],[8.186,44.126],[8.672,44.417],[8.897,44.437],[9.692,44.22],[9.909,44.11],[10.137,43.905],[10.292,43.705],[10.488,43.236],[10.743,42.851],[11.105,42.549],[11.497,42.376],[11.963,42.005],[12.395,41.73],[12.642,41.531],[12.977,41.371],[13.271,41.314],[13.498,41.302],[13.797,41.193],[13.942,40.998],[14.051,40.768],[14.24,40.853],[14.37,40.851],[14.495,40.73],[14.334,40.594],[14.743,40.705],[14.951,40.551],[14.992,40.372],[14.899,40.241],[15.027,40.212],[15.432,39.989],[15.516,40.066],[15.666,40.092],[15.757,39.934],[15.825,39.661],[15.99,39.428],[16.083,39.012],[16.177,38.931],[16.212,38.778],[16.152,38.701],[15.99,38.735],[15.827,38.623],[15.933,38.54],[15.791,38.296],[15.627,38.233],[15.627,38.004],[15.785,37.91],[16.053,37.931],[16.331,38.321],[16.572,38.457],[16.522,38.725],[16.613,38.827],[16.798,38.926],[17.095,38.915],[17.181,39.022],[17.121,39.086],[17.107,39.28],[17.149,39.422],[16.532,39.698],[16.535,39.832],[16.624,39.968],[16.604,40.09],[16.728,40.184],[16.949,40.481],[17.084,40.525],[17.243,40.496],[17.204,40.398],[17.402,40.292],[17.619,40.288],[17.85,40.243],[17.968,40.167],[18.017,39.948],[18.365,39.747],[18.523,40.094],[18.384,40.308],[18.06,40.514],[18.034,40.597],[16.946,41.094],[16.42,41.279],[15.991,41.406],[15.873,41.502],[15.989,41.635],[16.198,41.746],[16.187,41.841],[16.013,41.904],[15.449,41.857],[14.922,41.972],[14.739,42.047],[14.72,42.142],[14.519,42.23],[14.405,42.353],[14.093,42.61],[13.915,42.873],[13.792,43.123],[13.732,43.374],[13.601,43.535],[12.697,43.935],[12.345,44.301],[12.274,44.673],[12.476,44.787],[12.523,44.883],[12.322,45.042],[12.313,45.178],[12.176,45.214],[12.28,45.402],[12.483,45.462],[12.448,45.394],[12.899,45.558],[13.105,45.582],[13.156,45.727],[13.368,45.694],[13.438,45.638],[13.564,45.726]]],[[[6.777,46.473],[6.746,46.487],[6.776,46.473],[6.777,46.473]]]]},"properties":{"NAME":"Italy","SUBJECTO":"Italy","PARTOF":"Italy","BORDERPRECISION":3}},
{"type":"Feature","geometry":{"type":"Polygon","coordinates":[[[26.48,48.586],[26.219,49.134],[26.255,49.75],[25.671,49.76],[25.505,49.844],[25.38,50.047],[25.203,50.155],[25.152,50.335],[24.404,50.634],[24.063,50.621],[23.116,50.385],[22.483,50.372],[22.394,50.68],[21.908,50.812],[21.157,50.376],[20.811,50.361],[20.271,50.104],[19.923,50.185],[19.311,50.268],[18.769,50.177],[18.748,50.046],[18.549,49.962],[18.188,50.021],[18.048,50.103],[17.882,50.03],[17.751,50.036],[17.746,50.249],[17.597,50.211],[17.679,50.338],[17.36,50.336],[17.014,50.477],[16.886,50.488],[16.884,50.423],[17.012,50.287],[16.827,50.233],[16.728,50.149],[16.585,50.181],[16.451,50.352],[16.204,50.463],[16.443,50.623],[16.353,50.705],[16.001,50.656],[16.003,50.732],[15.877,50.716],[15.818,50.797],[15.472,50.833],[15.309,50.906],[15.267,51.023],[15.009,51.056],[14.997,50.917],[14.829,50.917],[14.765,50.865],[14.61,50.898],[14.596,51.023],[14.458,51.077],[14.262,51.045],[14.389,50.947],[14.146,50.865],[13.911,50.844],[13.855,50.767],[13.524,50.757],[13.473,50.659],[13.233,50.664],[13.189,50.561],[13.018,50.556],[12.982,50.474],[12.784,50.474],[12.594,50.384],[12.462,50.398],[12.235,50.241],[12.368,50.046],[12.554,50.002],[12.484,49.889],[12.448,49.706],[12.536,49.563],[12.861,49.366],[12.945,49.398],[13.203,49.166],[13.397,49.09],[13.48,48.999],[13.578,49.037],[13.745,48.94],[13.947,48.655],[13.64,48.538],[13.384,48.594],[13.367,48.442],[13.294,48.365],[12.858,48.232],[12.694,48.129],[12.936,47.873],[12.848,47.74],[12.998,47.734],[13.023,47.662],[12.942,47.483],[12.744,47.564],[12.7,47.69],[12.446,47.662],[12.358,47.724],[12.163,47.709],[12.122,47.628],[11.56,47.613],[11.503,47.536],[11.36,47.53],[11.34,47.471],[11.17,47.424],[10.903,47.415],[10.835,47.545],[10.613,47.585],[10.388,47.579],[10.403,47.455],[10.2,47.301],[10.103,47.301],[10.138,47.389],[10.021,47.406],[10.026,47.48],[9.737,47.616],[9.665,47.556],[9.752,47.511],[9.539,47.487],[9.584,47.409],[9.465,47.286],[9.561,47.156],[9.521,47.069],[9.801,47.042],[9.804,46.977],[10.052,46.868],[10.312,47.017],[10.409,46.965],[10.396,46.887],[10.558,46.718],[10.558,46.313],[10.457,46.212],[10.525,45.739],[10.66,45.807],[10.795,45.638],[10.93,45.84],[11.166,45.739],[11.233,46.009],[11.571,45.975],[11.571,46.245],[11.908,46.414],[11.74,46.752],[12.075,46.928],[12.218,46.884],[12.362,46.709],[12.952,46.597],[13.354,46.561],[13.569,46.51],[13.621,46.421],[13.344,46.285],[13.389,46.216],[13.522,46.216],[13.606,46.132],[13.441,46.004],[13.592,45.964],[13.535,45.801],[13.564,45.726],[13.673,45.715],[13.8,45.566],[13.595,45.523],[13.527,45.454],[13.629,45.074],[13.895,44.759],[13.991,44.783],[14.06,44.895],[14.189,44.943],[14.354,45.323],[14.624,45.275],[14.946,44.927],[14.907,44.723],[14.989,44.54],[15.286,44.329],[15.548,44.229],[15.149,44.24],[15.412,43.935],[15.913,43.652],[16.059,43.433],[16.367,43.513],[16.549,43.461],[16.64,43.39],[16.992,43.323],[17.075,43.223],[17.534,42.929],[17.609,43.071],[17.294,43.269],[17.259,43.445],[17.013,43.555],[16.842,43.716],[16.712,43.771],[16.701,43.847],[16.536,44.007],[16.385,44.043],[16.27,44.198],[16.194,44.193],[16.224,44.329],[15.958,44.68],[15.757,44.786],[15.802,44.856],[15.767,45.047],[15.828,45.203],[16.023,45.208],[16.139,45.072],[16.345,45.002],[16.511,45.208],[16.832,45.188],[16.892,45.243],[17.169,45.157],[17.284,45.178],[17.515,45.107],[17.666,45.117],[17.857,45.047],[17.987,45.122],[18.148,45.072],[18.258,45.122],[18.54,45.052],[18.585,45.092],[18.781,44.992],[18.841,44.851],[19.052,44.856],[19.147,44.906],[19.353,44.891],[19.58,44.885],[19.656,44.696],[19.958,44.734],[20.184,44.923],[20.411,44.696],[20.977,44.81],[21.583,44.793],[21.592,44.708],[21.859,44.681],[22.133,44.511],[22.296,44.692],[22.41,44.75],[22.343,44.986],[22.478,45.729],[23.018,45.864],[23.255,46.066],[23.558,45.897],[23.795,46.066],[24.065,46.1],[24.402,45.897],[24.942,45.965],[25.516,45.796],[25.448,46.302],[25.651,46.404],[25.853,46.674],[26.191,46.809],[26.292,47.214],[25.685,47.619],[25.246,47.686],[25.381,47.855],[25.786,47.956],[26.123,47.855],[26.123,48.125],[26.36,48.125],[26.09,48.608],[26.48,48.586]]]},"properties":{"NAME":"Austria Hungary","SUBJECTO":"Austria Hungary","PARTOF":"Austria Hungary","BORDERPRECISION":3}},
{"type":"Feature","geometry":{"type":"MultiPolygon","coordinates":[[[[14.698,44.948],[14.814,44.977],[14.704,45.068],[14.596,45.232],[14.433,45.072],[14.698,44.948]]],[[[14.466,44.809],[14.426,44.985],[14.32,45.176],[14.275,45.103],[14.357,45.039],[14.387,44.906],[14.294,44.907],[14.389,44.695],[14.484,44.608],[14.466,44.809]]],[[[14.825,44.762],[14.759,44.839],[14.659,44.795],[14.837,44.705],[14.825,44.762]]],[[[14.517,44.473],[14.335,44.707],[14.367,44.59],[14.517,44.473]]]]},"properties":{"NAME":null,"SUBJECTO":null,"PARTOF":null,"BORDERPRECISION":3}},
{"type":"Feature","geometry":{"type":"Polygon","coordinates":[[[-71.189,11.912],[-71.061,12.061],[-71.13,12.213],[-71.437,12.422],[-71.698,12.428],[-71.909,12.351],[-72.059,12.237],[-72.184,11.988],[-72.38,11.81],[-72.761,11.695],[-72.975,11.561],[-73.082,11.446],[-73.362,11.325],[-74,11.343],[-74.12,11.4],[-74.219,11.368],[-74.309,11.12],[-74.323,10.922],[-74.449,10.77],[-74.548,10.969],[-74.767,11.061],[-75.033,10.953],[-75.226,10.825],[-75.45,10.628],[-75.543,10.411],[-75.573,10.119],[-75.652,9.769],[-75.605,9.598],[-75.703,9.426],[-76.01,9.381],[-76.158,9.311],[-76.383,8.98],[-76.764,8.693],[-76.842,8.559],[-76.851,8.464],[-76.702,8.115],[-76.858,7.93],[-76.964,8.019],[-77.063,8.247],[-77.242,8.476],[-77.495,8.661],[-77.678,8.961],[-77.967,9.215],[-78.266,9.386],[-78.612,9.48],[-78.967,9.473],[-78.998,9.543],[-79.333,9.574],[-79.5,9.638],[-80.124,9.224],[-80.356,9.203],[-80.962,8.865],[-81.168,8.828],[-81.495,8.865],[-81.674,9.058],[-81.784,8.966],[-82.066,8.977],[-82.23,9.047],[-82.238,9.215],[-82.326,9.445],[-82.56,9.583],[-82.593,9.528],[-82.808,9.611],[-82.907,9.519],[-82.913,9.113],[-82.684,8.975],[-82.863,8.809],[-82.807,8.57],[-82.975,8.404],[-82.866,8.321],[-82.957,8.047],[-82.795,8.27],[-82.654,8.321],[-82.384,8.321],[-82.189,8.201],[-81.757,8.146],[-81.664,8.165],[-81.562,7.824],[-81.197,7.64],[-81.117,7.943],[-81.007,7.784],[-80.85,7.409],[-80.899,7.336],[-80.814,7.27],[-80.661,7.251],[-80.406,7.299],[-80.212,7.475],[-80.103,7.456],[-79.976,7.492],[-79.971,7.558],[-80.051,7.732],[-80.403,8.059],[-80.425,8.192],[-80.269,8.377],[-80.119,8.39],[-79.712,8.616],[-79.749,8.721],[-79.717,8.883],[-79.545,8.932],[-79.321,9.04],[-79.068,9.034],[-78.862,8.948],[-78.803,8.828],[-78.754,8.874],[-78.652,8.745],[-78.592,8.813],[-78.506,8.686],[-78.491,8.565],[-78.381,8.395],[-78.184,8.413],[-78.045,8.552],[-78.002,8.34],[-77.946,8.266],[-77.794,8.179],[-78.148,8.235],[-78.247,8.197],[-78.327,8.089],[-78.265,7.886],[-78.067,7.543],[-77.897,7.172],[-77.733,6.994],[-77.4,6.67],[-77.322,6.544],[-77.338,6.429],[-77.494,6.194],[-77.475,6.092],[-77.22,5.876],[-77.181,5.788],[-77.241,5.692],[-77.462,5.628],[-77.5,5.514],[-77.334,5.126],[-77.267,4.739],[-77.307,4.504],[-77.445,4.179],[-77.412,4.097],[-77.161,3.913],[-77.106,3.792],[-77.399,3.315],[-77.602,2.882],[-77.802,2.577],[-77.987,2.475],[-78.073,2.494],[-78.468,2.467],[-78.61,2.365],[-78.648,2.175],[-78.492,1.921],[-78.575,1.774],[-78.785,1.825],[-79.014,1.774],[-79.062,1.678],[-78.981,1.551],[-78.943,1.381],[-78.27,1.019],[-77.626,0.724],[-77.524,0.623],[-77.449,0.401],[-77.29,0.262],[-76.85,0.138],[-76.549,0.165],[-76.148,0.345],[-76.09,0.32],[-75.771,0.036],[-75.562,-0.09],[-75.526,-0.14],[-75.108,-0.189],[-74.705,-0.377],[-74.474,-0.573],[-74.38,-0.718],[-74.287,-0.997],[-73.605,-1.464],[-73.457,-1.933],[-73.292,-1.996],[-73.077,-2.013],[-72.999,-2.146],[-73.001,-2.324],[-72.959,-2.451],[-72.701,-2.52],[-72.234,-2.523],[-72.011,-2.509],[-71.859,-2.438],[-71.656,-2.246],[-71.42,-2.436],[-71.242,-2.517],[-70.923,-2.318],[-70.694,-2.412],[-70.052,-2.822],[-70.068,-2.911],[-70.588,-3.791],[-70.314,-3.751],[-70.207,-3.808],[-69.948,-4.124],[-69.878,-4.187],[-69.817,-4.333],[-69.901,-4.379],[-69.363,-4.135],[-69.231,-3.476],[-67.978,-3.41],[-67.846,-3.081],[-67.253,-2.553],[-66.66,-2.817],[-67.055,0.941],[-66.85,1.011],[-66.939,1.208],[-67.051,1.798],[-67.113,1.995],[-67.18,2.071],[-67.539,2.603],[-67.768,2.824],[-67.552,3.06],[-67.223,3.336],[-67.278,3.462],[-67.497,3.754],[-67.813,4.305],[-67.886,4.667],[-67.935,5.143],[-67.869,5.29],[-67.698,5.52],[-67.66,5.971],[-67.476,6.208],[-67.766,6.244],[-68.661,6.143],[-69.238,6.006],[-69.303,6.006],[-69.552,6.265],[-69.934,6.714],[-70.018,6.828],[-70.306,6.973],[-70.541,7.054],[-71.066,7.032],[-71.589,6.978],[-71.812,6.97],[-71.991,7.084],[-72.184,7.331],[-72.364,7.469],[-72.409,7.628],[-72.307,8.137],[-72.353,8.315],[-72.738,8.968],[-72.878,9.24],[-73.05,9.233],[-73.156,9.188],[-73.337,9.199],[-73.017,9.735],[-72.909,10.06],[-72.832,10.385],[-72.386,11.176],[-72.113,11.191],[-72.055,11.369],[-72.076,11.592],[-72.051,11.722],[-71.865,11.812],[-71.624,11.882],[-71.246,11.959],[-71.189,11.912]]]},"properties":{"NAME":"Colombia","SUBJECTO":"Colombia","PARTOF":"Colombia","BORDERPRECISION":3}},
{"type":"Feature","geometry":{"type":"Polygon","coordinates":[[[27.496,42.418],[27.502,42.516],[27.654,42.684],[27.836,42.736],[27.87,42.8],[27.887,43.064],[28.035,43.392],[28.187,43.45],[28.446,43.476],[28.51,43.743],[28.208,43.797],[27.603,43.948],[27.371,44.05],[27.239,44.069],[26.937,44.235],[26.684,44.253],[26.406,44.154],[25.549,43.807],[25.378,43.781],[24.755,43.938],[24.62,43.944],[24.31,43.826],[24.156,43.813],[23.638,43.99],[23.411,43.991],[22.944,43.895],[22.923,43.98],[23.028,44.124],[22.694,44.263],[22.374,43.939],[22.293,43.804],[22.318,43.681],[22.637,43.149],[22.449,42.801],[22.377,42.713],[24.218,42.281],[26.885,42.299],[27.496,42.418]]]},"properties":{"NAME":"Bulgaria","SUBJECTO":"Bulgaria","PARTOF":"Bulgaria","BORDERPRECISION":3}},
{"type":"Feature","geometry":{"type":"MultiPolygon","coordinates":[[[[24.716,35.035],[24.693,34.94],[25.591,35.016],[25.742,35.009],[25.899,35.045],[26.16,35.024],[26.243,35.145],[26.274,35.313],[26.099,35.216],[25.935,35.213],[25.789,35.137],[25.668,35.187],[25.714,35.327],[25.512,35.295],[25.014,35.362],[24.997,35.421],[24.769,35.428],[24.388,35.373],[24.23,35.391],[24.22,35.449],[24.073,35.496],[24.153,35.564],[24.082,35.612],[23.957,35.528],[23.743,35.562],[23.697,35.698],[23.671,35.572],[23.529,35.57],[23.467,35.318],[23.568,35.255],[23.786,35.263],[24.013,35.21],[24.324,35.208],[24.69,35.092],[24.716,35.035]]],[[[22.492,40.498],[22.701,40.577],[22.77,40.667],[22.852,40.651],[22.864,40.535],[22.748,40.482],[22.96,40.315],[23.141,40.266],[23.276,40.05],[23.261,39.971],[23.597,39.934],[23.592,40.002],[23.436,40.045],[23.259,40.229],[23.292,40.287],[23.596,40.192],[23.796,39.987],[23.907,39.997],[23.869,40.161],[23.652,40.229],[23.627,40.345],[23.775,40.393],[24.048,40.308],[24.055,40.261],[24.221,40.145],[24.295,40.176],[23.924,40.451],[23.785,40.477],[23.635,40.773],[23.748,40.804],[23.886,40.733],[24.025,40.746],[24.219,40.83],[24.354,40.971],[24.505,40.984],[24.519,40.873],[24.701,40.878],[25.019,41.017],[25.046,40.952],[25.301,40.896],[25.993,40.852],[26.021,40.669],[26.124,40.603],[26.455,40.584],[26.556,40.498],[26.195,40.303],[26.214,40.161],[26.141,40.045],[26.255,40.082],[26.376,40.213],[26.514,40.282],[26.614,40.398],[26.889,40.525],[27.264,40.667],[27.313,40.79],[27.474,40.963],[27.932,40.958],[28.026,41.026],[28.173,41.058],[28.596,40.947],[28.828,40.915],[28.964,40.989],[29.081,41.201],[29.012,41.255],[28.371,41.433],[28.104,41.593],[28.018,41.753],[28.026,41.882],[27.918,41.978],[27.913,42.078],[27.738,42.247],[27.608,42.417],[27.496,42.418],[26.885,42.299],[24.218,42.281],[22.377,42.713],[22.338,42.665],[21.09,42.47],[21.052,42.772],[20.363,42.857],[20.192,42.737],[20.051,42.757],[19.991,42.702],[20.097,42.616],[20.047,42.488],[19.813,42.509],[19.656,42.244],[19.607,41.762],[19.619,41.559],[19.499,41.524],[19.417,41.345],[19.53,41.218],[19.445,40.965],[19.527,40.866],[19.339,40.589],[19.494,40.403],[19.484,40.296],[19.38,40.324],[19.369,40.26],[19.804,40.017],[20.029,39.814],[20.091,39.603],[20.212,39.405],[20.341,39.315],[20.924,39.925],[21.165,39.866],[21.392,40.319],[22.033,40.319],[22.033,40.621],[22.26,40.659],[22.335,40.508],[22.492,40.498]]],[[[33.484,34.796],[33.539,34.944],[33.733,34.909],[33.792,34.957],[33.925,34.953],[33.773,35.129],[33.78,35.208],[34.048,35.408],[34.458,35.645],[34.217,35.574],[33.907,35.437],[33.539,35.332],[33.374,35.306],[33.077,35.319],[32.795,35.361],[32.819,35.282],[32.745,35.114],[32.483,35.153],[32.301,35.016],[32.144,35.043],[32.199,34.861],[32.271,34.814],[32.271,34.72],[32.603,34.615],[32.784,34.625],[32.817,34.539],[32.915,34.541],[32.915,34.636],[33.131,34.68],[33.484,34.796]]],[[[32.648,29.852],[32.737,29.694],[32.814,29.478],[32.944,29.198],[33.178,28.996],[33.331,28.551],[33.504,28.329],[33.856,28.025],[34.058,27.79],[34.241,27.759],[34.322,27.829],[34.399,28.096],[34.549,28.732],[34.764,29.247],[34.985,29.467],[35.095,29.343],[35.026,28.949],[34.886,28.357],[34.799,28.23],[34.764,28.097],[35.112,28.072],[35.436,27.73],[35.595,27.514],[35.831,27.095],[36.312,26.423],[36.669,26.017],[37.005,25.535],[37.218,25.167],[37.269,24.97],[37.201,24.658],[37.419,24.398],[37.557,24.271],[37.782,24.215],[37.988,24.114],[38.329,23.835],[38.49,23.613],[38.915,22.87],[39.056,22.572],[39.102,22.4],[39.103,22],[39.167,21.219],[39.527,20.692],[39.764,20.407],[40.336,20.097],[40.694,19.869],[40.82,19.685],[41.033,19.285],[41.399,18.441],[41.629,18.047],[42.009,17.737],[42.207,17.515],[42.535,17.071],[42.764,16.645],[42.884,15.985],[42.764,15.667],[42.796,15.47],[43.053,14.607],[43.207,14.079],[43.348,13.851],[43.384,13.565],[43.303,13.241],[43.341,13.127],[43.484,12.93],[43.841,12.664],[44.063,12.614],[44.441,12.64],[44.681,12.825],[44.789,12.806],[44.964,12.825],[45.193,12.934],[45.411,13.09],[45.263,13.826],[45.704,16.176],[45.557,17.204],[41.923,20.767],[41.812,21.713],[41.07,22.263],[40.857,24.988],[39.756,25.428],[37.644,27.356],[37.364,27.957],[36.593,29.787],[36.525,31.162],[37.212,33.566],[38.036,34.597],[39.342,34.597],[40.029,34.391],[44.083,30.337],[44.839,29.993],[45.87,29.856],[46.905,29.438],[46.744,29.225],[46.509,28.97],[47.439,28.829],[47.589,28.551],[47.672,28.443],[48.469,26.695],[49.395,26.078],[49.704,24.41],[50.569,23.854],[50.775,24.154],[50.968,24.436],[50.778,24.471],[50.607,24.68],[50.619,24.871],[50.429,25.184],[50.382,25.461],[50.214,25.588],[50.147,25.536],[50.011,25.835],[49.937,25.956],[49.992,26.045],[50.076,26.312],[49.934,26.483],[49.984,26.596],[50.09,26.611],[50.122,26.738],[49.931,26.934],[49.533,27.01],[49.427,27.131],[49.322,27.162],[49.152,27.372],[49.244,27.479],[49.132,27.536],[48.855,27.523],[48.752,27.872],[48.588,28.094],[48.463,28.386],[48.129,29.268],[47.992,29.277],[47.804,29.185],[47.614,29.272],[47.845,29.503],[47.996,29.49],[47.911,29.89],[48.028,29.973],[48.212,29.948],[48.554,29.995],[48.547,30.049],[48.39,30.149],[48.081,30.395],[48.107,30.669],[48.033,30.878],[47.689,30.882],[47.673,31.028],[47.698,31.289],[47.787,31.569],[47.793,31.797],[47.742,31.905],[47.612,32.031],[47.264,32.302],[47.068,32.396],[46.508,32.812],[46.268,32.824],[46.124,32.772],[46.09,32.842],[46.105,33.21],[45.646,33.639],[45.506,33.797],[45.565,34.274],[45.671,34.617],[46.184,35.058],[45.995,35.401],[46.001,35.515],[46.211,35.784],[45.73,35.832],[45.388,35.926],[45.359,36.015],[45.105,36.503],[44.795,37.132],[44.784,37.27],[44.66,37.286],[44.471,37.455],[44.427,37.644],[44.492,37.754],[44.301,37.804],[44.205,37.867],[44.361,38.166],[44.464,38.292],[44.447,38.385],[44.318,38.476],[44.269,38.429],[44.128,38.703],[44.183,38.872],[44.065,39.173],[44.082,39.295],[44.345,39.414],[44.349,39.609],[44.453,39.673],[44.637,39.662],[44.67,39.757],[44.448,39.96],[43.812,40.014],[43.685,40.109],[43.67,40.295],[43.859,40.66],[43.847,40.75],[43.475,41.087],[42.878,41.546],[42.694,41.564],[42.25,41.369],[42.029,41.4],[41.484,41.437],[41.293,41.286],[40.61,41.028],[40.361,40.963],[40.007,40.956],[39.663,41],[39.37,41.064],[39.139,41.044],[38.651,40.922],[38.314,40.921],[37.822,41.01],[37.253,41.028],[36.817,41.29],[36.641,41.315],[36.383,41.238],[36.161,41.353],[35.958,41.686],[35.678,41.621],[35.411,41.627],[35.286,41.671],[35.099,41.806],[35.002,42.043],[34.663,41.876],[34.304,41.894],[33.556,41.983],[33.155,41.95],[32.688,41.846],[32.419,41.749],[31.666,41.395],[31.386,41.285],[31.404,41.164],[31.218,41.054],[30.745,41.04],[30.256,41.185],[30.138,41.132],[29.578,41.153],[29.161,41.216],[29.015,40.979],[29.29,40.807],[29.32,40.741],[29.883,40.746],[29.713,40.694],[29.525,40.688],[28.902,40.62],[28.778,40.525],[28.873,40.472],[29.084,40.456],[29.052,40.335],[28.478,40.395],[27.908,40.351],[28.006,40.451],[27.808,40.504],[27.679,40.461],[27.83,40.345],[27.764,40.287],[27.526,40.297],[27.329,40.356],[27.272,40.451],[27.056,40.43],[26.996,40.372],[26.765,40.377],[26.482,40.187],[26.403,40.176],[26.32,39.992],[26.186,39.997],[26.128,39.879],[26.142,39.661],[26.085,39.604],[26.064,39.456],[26.139,39.44],[26.804,39.567],[26.958,39.548],[26.602,39.256],[26.704,39.25],[26.708,39.182],[26.871,39.056],[26.79,39.024],[26.785,38.94],[26.937,38.925],[27.035,38.821],[26.966,38.77],[26.709,38.699],[26.696,38.641],[26.829,38.583],[26.82,38.527],[26.997,38.4],[26.742,38.278],[26.469,38.445],[26.392,38.219],[26.393,38.104],[26.512,38.066],[26.679,38.105],[26.961,37.946],[27.14,37.889],[27.18,37.774],[27.123,37.494],[27.16,37.36],[27.365,37.329],[27.493,37.24],[27.526,37.131],[27.269,37.042],[27.308,36.921],[27.999,36.909],[28.051,36.833],[27.912,36.699],[28.014,36.527],[28.267,36.712],[28.47,36.738],[28.814,36.535],[29.002,36.695],[29.298,36.173],[29.472,36.091],[29.662,36.078],[30.166,36.188],[30.28,36.118],[30.395,36.118],[30.473,36.188],[30.54,36.647],[30.594,36.762],[30.905,36.794],[31.371,36.712],[31.902,36.497],[32.335,36.128],[32.64,36.008],[32.904,35.977],[33.171,35.971],[33.753,36.147],[33.836,36.107],[33.954,36.16],[33.952,36.252],[34.103,36.38],[34.485,36.627],[34.662,36.648],[35.071,36.488],[35.221,36.388],[35.495,36.443],[35.506,36.559],[35.672,36.606],[35.891,36.771],[36.082,36.622],[36.095,36.482],[35.817,36.301],[35.665,36.134],[35.719,36.092],[35.856,35.835],[35.74,35.69],[35.733,35.585],[35.607,35.418],[35.796,35.271],[35.841,35.043],[35.809,35.014],[35.751,34.747],[35.873,34.422],[35.821,34.344],[35.716,34.312],[35.532,34.119],[35.492,33.831],[35.43,33.744],[35.349,33.744],[35.356,33.64],[35.208,33.334],[35.132,33.232],[35.089,33.069],[34.972,32.938],[34.957,32.705],[34.843,32.671],[34.759,32.301],[34.599,31.818],[34.501,31.621],[34.195,31.238],[33.917,31.07],[33.558,30.968],[33.13,31.052],[33.021,31.132],[32.769,30.952],[32.597,30.964],[32.648,29.852]]],[[[24.293,31.923],[24.034,31.937],[23.714,32.076],[23.153,32.139],[23.027,32.253],[23.007,32.482],[22.923,32.558],[22.543,32.722],[22.216,32.791],[21.673,32.816],[21.054,32.63],[20.516,32.388],[20.366,32.298],[20.068,32.037],[19.961,31.795],[19.942,31.611],[19.992,31.351],[20.117,31.071],[20.117,30.957],[19.982,30.722],[19.664,30.442],[19.323,30.257],[19.125,30.199],[18.915,30.205],[18.537,30.414],[17.957,30.768],[17.709,30.895],[17.422,30.996],[16.984,31.097],[16.783,31.128],[16.318,31.165],[16.013,31.228],[15.843,31.285],[15.533,31.551],[15.358,31.805],[15.241,32.173],[15.164,32.275],[15.01,32.363],[14.791,32.363],[14.433,32.464],[14.157,32.679],[13.459,32.78],[13.187,32.792],[12.799,32.734],[12.565,32.74],[12.117,32.879],[11.471,33.144],[11.501,32.338],[10.454,31.782],[10.526,30.801],[10.09,30.365],[9.327,30.147],[11.353,28.641],[11.427,27.68],[10.022,25.536],[10.244,24.723],[11.057,24.649],[11.279,24.353],[11.797,24.131],[13.128,25.018],[14.089,24.575],[13.793,22.874],[14.606,22.505],[18.599,23.614],[20.152,27.606],[21.039,28.494],[21.556,28.567],[22.148,28.494],[23.257,27.606],[24.81,27.015],[24.736,28.346],[25.327,28.789],[25.253,29.898],[24.292,30.49],[24.293,31.923]]]]},"properties":{"NAME":"Ottoman Empire","SUBJECTO":"Ottoman Empire","PARTOF":"Ottoman Empire","BORDERPRECISION":3}},
{"type":"Feature","geometry":{"type":"MultiPolygon","coordinates":[[[[25.873,36.356],[25.789,36.405],[25.713,36.35],[25.873,36.356]]],[[[25.493,36.423],[25.371,36.497],[25.318,36.399],[25.386,36.319],[25.493,36.331],[25.493,36.423]]],[[[25.949,36.911],[25.835,36.783],[26.086,36.899],[26.025,36.96],[25.949,36.911]]],[[[24.588,36.869],[24.299,36.753],[24.466,36.649],[24.679,36.759],[24.588,36.869]]],[[[24.877,36.68],[24.824,36.637],[24.945,36.57],[24.976,36.637],[24.877,36.68]]],[[[25.196,36.674],[25.166,36.741],[25.059,36.619],[25.196,36.674]]],[[[25.295,36.808],[25.265,36.704],[25.386,36.637],[25.432,36.698],[25.295,36.808]]],[[[24.444,37.099],[24.535,37.117],[24.428,37.208],[24.444,37.099]]],[[[24.383,37.571],[24.398,37.667],[24.299,37.661],[24.261,37.541],[24.383,37.571]]],[[[24.36,37.305],[24.489,37.396],[24.398,37.468],[24.36,37.305]]],[[[25.044,37.378],[24.945,37.51],[24.862,37.529],[24.846,37.366],[25.044,37.378]]],[[[25.272,37.565],[24.763,38.003],[24.656,37.901],[24.923,37.691],[25.318,37.402],[25.47,37.438],[25.272,37.565]]],[[[24.786,36.948],[24.717,37.051],[24.649,37.014],[24.679,36.905],[24.786,36.948]]],[[[25.31,37.002],[25.31,37.196],[25.151,37.172],[24.938,36.96],[25.113,36.941],[25.31,37.002]]],[[[25.607,37.124],[25.538,37.22],[25.341,37.087],[25.455,36.923],[25.599,37.026],[25.607,37.124]]],[[[23.242,39.044],[23.014,38.961],[22.87,38.837],[23.121,38.867],[23.463,38.624],[23.638,38.523],[23.661,38.404],[24.025,38.386],[24.314,37.985],[24.527,37.967],[24.588,38.153],[24.292,38.195],[24.208,38.552],[24.132,38.653],[23.79,38.719],[23.242,39.044]]],[[[22.492,40.498],[22.335,40.508],[22.26,40.659],[22.033,40.621],[22.033,40.319],[21.392,40.319],[21.165,39.866],[20.924,39.925],[20.341,39.315],[20.678,39.08],[20.901,39.062],[21.007,39.113],[21.16,39.005],[21.007,38.871],[20.893,38.896],[20.772,38.851],[21.172,38.348],[21.364,38.412],[21.826,38.464],[22.334,38.427],[22.876,38.205],[23.116,38.157],[22.899,37.998],[22.747,37.953],[21.997,38.251],[21.906,38.27],[21.714,38.135],[21.44,38.18],[21.228,37.905],[21.296,37.727],[21.517,37.536],[21.614,37.415],[21.627,37.307],[21.531,37.115],[21.588,36.981],[21.781,36.823],[21.984,37.02],[22.191,36.855],[22.39,36.524],[22.524,36.722],[22.674,36.754],[22.983,36.615],[22.887,37.047],[22.793,37.139],[22.813,37.212],[22.726,37.289],[22.639,37.492],[22.642,37.585],[22.713,37.543],[22.942,37.518],[23.025,37.48],[22.971,37.385],[23.11,37.347],[23.185,37.427],[23.418,37.469],[23.312,37.548],[23.322,37.637],[23.151,37.59],[23.049,37.643],[23.04,37.858],[22.898,37.9],[22.981,37.958],[23.419,38.068],[23.496,38.068],[23.634,37.879],[23.734,37.858],[23.836,37.685],[23.918,37.685],[23.987,37.763],[23.88,38.115],[23.961,38.21],[23.804,38.347],[23.556,38.352],[23.494,38.483],[23.356,38.49],[23.191,38.61],[23.169,38.667],[22.984,38.667],[22.899,38.767],[22.723,38.793],[22.49,38.877],[22.784,38.94],[22.871,39.024],[22.835,39.166],[22.72,39.287],[22.851,39.366],[22.981,39.329],[23.1,39.187],[23.052,39.103],[23.236,39.203],[23.074,39.413],[22.813,39.603],[22.754,39.818],[22.695,39.834],[22.467,40.118],[22.49,40.231],[22.602,40.397],[22.492,40.498]]]]},"properties":{"NAME":"Greece","SUBJECTO":"Greece","PARTOF":"Greece","BORDERPRECISION":3}},
{"type":"Feature","geometry":{"type":"MultiPolygon","coordinates":[[[[27.781,35.89],[27.843,35.914],[28.141,36.211],[28.238,36.431],[28.107,36.419],[27.909,36.34],[27.72,36.166],[27.733,35.911],[27.781,35.89]]],[[[26.97,36.924],[27.046,36.944],[26.986,37.044],[26.882,37.069],[26.97,36.924]]],[[[26.971,36.672],[26.971,36.736],[27.329,36.843],[27.341,36.885],[27.177,36.889],[26.922,36.761],[26.971,36.672]]],[[[26.887,37.097],[26.855,37.183],[26.769,37.169],[26.887,37.097]]]]},"properties":{"NAME":null,"SUBJECTO":null,"PARTOF":null,"BORDERPRECISION":3}},
{"type":"Feature","geometry":{"type":"Polygon","coordinates":[[[14.562,35.82],[14.51,35.925],[14.375,35.991],[14.333,35.895],[14.424,35.819],[14.562,35.82]]]},"properties":{"NAME":"Malta","SUBJECTO":"Malta","PARTOF":"Malta","BORDERPRECISION":3}},
{"type":"Feature","geometry":{"type":"MultiPolygon","coordinates":[[[[6.743,46.489],[6.511,46.516],[6.347,46.461],[6.171,46.296],[6.148,46.207],[6.278,46.35],[6.361,46.348],[6.389,46.34],[6.515,46.405],[6.726,46.408],[6.857,46.385],[6.832,46.467],[6.776,46.473],[6.743,46.489]]],[[[8.983,47.68],[9.178,47.664],[9.539,47.487],[9.752,47.511],[9.665,47.556],[9.502,47.646],[9.348,47.661],[9.043,47.818],[9.216,47.671],[9.118,47.679],[8.987,47.743],[8.983,47.68]]]]},"properties":{"NAME":null,"SUBJECTO":null,"PARTOF":null,"BORDERPRECISION":3}},
{"type":"Feature","geometry":{"type":"Polygon","coordinates":[[[61.57,25.04],[61.813,25.053],[62.45,25.163],[63.018,25.157],[63.404,25.165],[63.65,25.337],[64.059,25.401],[64.238,25.211],[64.425,25.173],[64.851,25.206],[65.216,25.27],[65.769,25.309],[66.3,25.495],[66.432,25.489],[66.621,25.317],[66.701,25.114],[66.648,24.905],[66.702,24.752],[67,24.715],[67.154,24.652],[67.204,24.588],[67.316,24.093],[67.486,23.928],[67.692,23.814],[68.047,23.764],[68.072,23.675],[68.373,23.326],[68.791,23.029],[69.107,22.899],[69.665,22.789],[70.046,22.777],[70.381,22.861],[70.411,22.753],[70.176,22.479],[69.969,22.351],[69.769,22.288],[69.492,22.249],[69.014,22.305],[68.894,22.286],[69.126,21.969],[69.752,21.398],[70.21,20.948],[70.467,20.777],[70.855,20.651],[71.024,20.657],[71.303,20.772],[71.529,20.824],[71.894,20.99],[72.121,21.155],[72.256,21.353],[72.289,21.55],[72.256,21.632],[72.131,21.746],[72.127,21.829],[72.233,22.02],[72.319,22.115],[72.696,22.129],[72.666,21.849],[72.715,21.436],[72.766,21.15],[72.931,20.954],[73.113,20.827],[73.11,20.687],[72.864,20.312],[72.759,20.058],[72.783,19.95],[72.853,19.245],[73.064,18.032],[73.409,16.559],[73.573,16.038],[73.841,15.39],[74.402,14.42],[74.734,13.683],[74.962,12.877],[75.211,12.102],[75.652,11.423],[76.075,10.554],[76.385,9.748],[76.538,9.119],[76.662,8.884],[76.704,8.706],[77.341,8.053],[77.484,8.028],[77.663,8.143],[77.9,8.258],[78.065,8.385],[78.136,8.5],[78.181,8.811],[78.314,8.996],[78.66,9.124],[78.798,9.13],[79.16,9.277],[78.938,9.436],[78.927,9.493],[79.072,9.76],[79.222,10.192],[79.306,10.256],[79.79,10.251],[79.826,10.359],[79.732,11.153],[79.711,11.445],[79.769,11.731],[80.224,12.831],[80.313,13.104],[80.32,13.333],[80.076,13.669],[80.17,13.892],[80.162,14.254],[80.087,14.946],[80.089,15.175],[80.163,15.391],[80.3,15.646],[80.46,15.773],[80.736,15.837],[80.963,15.723],[81.088,15.827],[81.253,16.226],[81.369,16.347],[81.597,16.303],[81.789,16.329],[82.081,16.463],[82.235,16.647],[82.267,16.857],[82.354,17.086],[82.546,17.226],[83.077,17.5],[83.381,17.711],[83.685,18.083],[83.988,18.207],[84.263,18.456],[84.659,18.933],[84.907,19.181],[85.113,19.442],[85.379,19.605],[85.715,19.698],[85.909,19.724],[86.119,19.807],[86.632,20.204],[86.638,20.319],[86.775,20.469],[86.926,20.691],[86.844,20.875],[86.796,21.136],[86.937,21.288],[87.641,21.563],[87.867,21.697],[88.053,21.939],[88.122,21.863],[88.248,21.596],[88.377,21.577],[88.454,21.736],[88.568,21.895],[88.657,21.857],[88.723,21.54],[88.881,21.515],[89.026,21.547],[88.995,21.629],[89.072,21.774],[89.234,21.655],[89.457,21.942],[89.579,21.701],[89.67,21.72],[89.796,21.832],[89.87,22.133],[90,21.93],[90,22.561],[91.081,22.561],[91.41,22.721],[91.571,22.543],[91.846,21.909],[91.946,21.363],[92.176,20.887],[92.403,20.614],[92.663,20.405],[92.827,20.424],[92.921,20.374],[92.894,20.113],[93.066,19.993],[93.248,20.038],[93.334,20.025],[93.724,19.594],[93.815,19.258],[93.675,19.251],[93.458,19.174],[93.695,19.01],[93.839,18.953],[93.966,19.194],[94.054,19.061],[94.42,18.141],[94.465,17.664],[94.465,17.264],[94.392,16.908],[94.143,16.215],[94.144,16.006],[94.304,15.949],[94.416,16.076],[94.54,16.134],[94.819,16.21],[94.753,15.937],[94.828,15.842],[94.973,15.836],[95.125,15.995],[95.22,16.002],[95.223,15.805],[95.33,15.678],[95.552,15.875],[95.714,16.155],[96.469,16.513],[96.663,16.697],[96.734,16.888],[96.77,17.333],[96.882,17.346],[96.983,17.244],[97.215,16.94],[97.352,16.527],[97.573,16.445],[97.611,16.096],[97.664,15.791],[97.742,15.01],[97.823,14.616],[97.979,14.235],[98.199,13.645],[98.486,13.112],[98.597,12.737],[98.677,12.051],[98.588,11.822],[98.59,11.695],[98.637,11.657],[98.867,11.645],[98.738,11.435],[98.684,11.086],[98.605,10.863],[98.398,10.564],[98.432,10.202],[98.593,10.12],[98.637,10.289],[99.092,11.054],[99.547,11.755],[99.581,11.889],[99.317,12.44],[99.098,12.972],[99.134,13.372],[99.094,13.671],[99.003,13.886],[98.73,14.158],[98.487,14.372],[98.217,15.019],[98.137,15.19],[98.503,15.382],[98.58,15.472],[98.476,16.005],[98.533,16.106],[98.736,16.209],[98.824,16.318],[98.75,16.47],[98.46,16.938],[98.393,17.084],[97.902,17.513],[97.788,17.575],[97.737,17.969],[97.706,18.051],[97.373,18.449],[97.275,18.504],[97.372,20.78],[97.773,21.366],[98.196,21.608],[97.695,23.88],[97.531,23.892],[97.531,24.013],[97.631,24.274],[97.524,24.8],[97.802,25.183],[97.888,25.272],[98.107,25.394],[98.382,25.63],[98.575,25.955],[98.734,26.343],[98.725,26.737],[98.637,27.479],[98.572,27.542],[98.345,27.528],[98.216,27.546],[98.118,27.685],[98.009,28.091],[97.83,28.286],[97.603,28.412],[97.478,28.392],[97.341,28.239],[97.34,28.182],[97.06,28.219],[96.731,28.299],[96.435,28.336],[96.255,28.385],[96.317,28.506],[96.476,28.71],[96.455,28.881],[96.133,29.203],[95.929,29.38],[95.309,29.002],[95.139,28.982],[94.701,29.125],[94.572,29.201],[94.412,29.162],[94.166,29.027],[93.669,28.701],[93.296,28.584],[93.051,28.418],[92.546,27.92],[92.367,27.798],[92.046,27.701],[91.693,27.686],[91.608,27.641],[91.595,27.464],[91.742,27.331],[91.883,27.3],[91.999,27.193],[92.006,27.066],[91.909,26.805],[91.162,26.75],[90,26.779],[90,26.719],[89.834,26.685],[89.405,26.791],[89.154,26.828],[88.868,26.908],[88.761,27.13],[88.803,27.181],[88.707,27.479],[88.731,27.866],[88.668,27.948],[88.564,27.979],[88.197,27.876],[88.214,27.866],[88.071,27.523],[88.039,27.129],[88.232,26.757],[88.092,26.445],[87.941,26.467],[87.632,26.407],[87.51,26.445],[87.349,26.385],[87.17,26.437],[87.049,26.601],[86.777,26.467],[86.395,26.631],[86.071,26.697],[85.901,26.593],[85.76,26.705],[85.775,26.854],[85.634,26.883],[85.371,26.757],[85.093,26.876],[84.965,27.003],[84.666,27.07],[84.711,27.27],[84.648,27.375],[84.358,27.404],[84.136,27.538],[83.874,27.382],[83.657,27.501],[83.431,27.501],[83.324,27.375],[83.187,27.464],[82.812,27.538],[82.73,27.717],[82.488,27.687],[82.025,27.955],[81.921,27.881],[81.362,28.186],[81.225,28.424],[80.909,28.491],[80.609,28.706],[80.399,28.669],[80.116,28.84],[80.098,28.952],[80.197,29.145],[80.336,29.324],[80.317,29.502],[80.417,29.622],[80.413,29.785],[80.54,29.837],[81.021,30.247],[80.634,30.514],[80.565,30.485],[80.225,30.596],[80.277,30.76],[79.792,31.02],[79.629,30.968],[79.281,31.348],[79.109,31.459],[78.894,31.318],[78.805,31.348],[78.761,31.541],[78.858,31.638],[78.735,31.802],[78.782,32.002],[78.521,32.27],[78.451,32.583],[78.804,32.672],[78.819,32.508],[78.971,32.389],[79.136,32.412],[79.565,32.702],[79.4,33.014],[79.447,33.2],[79.141,33.245],[79.08,33.362],[78.757,33.405],[78.625,33.504],[78.575,34.018],[78.807,34.2],[78.509,34.498],[78.144,34.547],[77.846,35.243],[77.846,35.475],[77.62,35.406],[77.417,35.513],[76.815,35.56],[76.561,35.757],[76.434,35.886],[76.326,35.886],[76.092,35.798],[75.89,36.023],[75.754,36.055],[75.895,36.287],[75.891,36.512],[75.628,36.769],[75.347,36.765],[75.22,36.707],[75.218,36.912],[74.836,36.986],[74.709,36.891],[74.521,37.005],[74.454,36.941],[74.293,36.939],[74.088,36.805],[73.938,36.807],[73.786,36.727],[73.495,36.791],[72.89,36.786],[72.373,36.718],[72.134,36.586],[71.76,36.323],[71.65,36.334],[71.325,36.052],[71.329,35.908],[71.514,35.786],[71.518,35.634],[71.623,35.557],[71.569,35.34],[71.659,35.125],[71.513,34.934],[71.277,34.774],[71.097,34.62],[71.038,34.493],[71.139,34.278],[71.154,34.138],[71.023,34.023],[70.792,33.927],[70.478,33.944],[70.03,33.999],[69.87,33.941],[70.191,33.606],[70.249,33.48],[70.289,33.283],[70.199,33.168],[70.057,33.117],[69.827,33.103],[69.64,33.051],[69.508,32.949],[69.407,32.758],[69.278,32.382],[69.206,31.798],[69.053,31.626],[68.947,31.587],[68.496,31.756],[68.243,31.767],[67.992,31.658],[67.829,31.536],[67.684,31.224],[67.57,31.186],[67.337,31.222],[67.048,31.24],[66.921,31.207],[66.652,31.009],[66.467,30.843],[66.382,30.69],[66.277,30.296],[66.233,29.889],[66.202,29.807],[66.091,29.736],[65.611,29.613],[64.645,29.449],[64.089,29.395],[63.637,29.455],[63.48,29.455],[62.946,29.356],[62.369,29.385],[61.984,29.49],[61.503,29.602],[61.22,29.689],[60.82,29.833],[61.181,29.346],[61.501,28.865],[61.659,28.657],[61.972,28.481],[62.487,28.306],[62.671,28.205],[62.747,28.034],[62.797,27.431],[62.88,27.254],[63.173,27.23],[63.257,27.104],[63.241,26.666],[63.156,26.551],[63.062,26.518],[62.612,26.484],[62.298,26.368],[61.941,26.156],[61.813,25.984],[61.673,25.628],[61.57,25.04]]]},"properties":{"NAME":"British Raj","SUBJECTO":"United Kingdom","PARTOF":"British Raj","BORDERPRECISION":3}},
{"type":"Feature","geometry":{"type":"MultiPolygon","coordinates":[[[[18.148,56.912],[18.302,56.937],[18.391,57.13],[18.712,57.242],[18.788,57.448],[18.809,57.704],[19.033,57.827],[19.005,57.909],[18.725,57.923],[18.467,57.812],[18.111,57.519],[18.173,57.142],[18.257,57.032],[18.148,56.912]]],[[[20.344,79.796],[21.971,79.783],[21.655,79.478],[20.983,79.361],[20.998,79.191],[23.821,79.147],[24.416,79.312],[25.337,79.403],[26.067,79.574],[27.197,79.944],[26.949,80.114],[26.254,80.199],[25.351,80.149],[25.034,80.167],[24.783,80.38],[24.421,80.437],[23.944,80.32],[23.498,80.097],[23.115,80.096],[23.077,80.241],[23.216,80.611],[22.826,80.473],[22.587,80.269],[22.198,80.123],[21.881,80.277],[21.476,80.315],[20.974,80.275],[20.524,80.322],[19.915,80.633],[19.068,80.165],[18.696,80.087],[18.331,79.882],[19.218,79.74],[20.344,79.796]]],[[[13.397,79.434],[13.283,79.487],[13.252,79.801],[12.458,79.754],[12,79.771],[11.284,79.707],[10.919,79.545],[11.335,79.207],[11.545,79.172],[12.157,79.315],[12.525,79.059],[11.76,78.88],[12.075,78.696],[13.062,78.347],[13.618,78.269],[14.353,78.428],[14.819,78.718],[15.084,78.781],[15.48,78.649],[16.617,78.467],[15.921,78.265],[14.337,78.027],[13.905,78],[14.131,77.766],[14.893,77.785],[16.418,77.901],[16.712,77.789],[16.287,77.615],[15.482,77.553],[14.778,77.535],[14.485,77.371],[15.099,77.115],[15.946,76.887],[16.663,76.727],[16.913,76.719],[17.267,76.813],[17.28,76.983],[17.485,77.248],[17.829,77.489],[18.389,77.542],[18.787,77.94],[19.116,78.455],[19.429,78.587],[20.321,78.685],[20.908,78.809],[20.684,78.915],[19.932,79.108],[19.152,79.231],[18.549,79.56],[18.016,79.362],[17.722,79.487],[17.834,79.809],[17.571,79.89],[16.995,79.898],[16.326,80.025],[15.917,79.842],[16.082,79.528],[16.389,79.235],[16.133,79.136],[15.774,79.242],[14.81,79.804],[14.317,79.722],[14.159,79.364],[13.397,79.434]]],[[[31.054,69.64],[30.735,69.752],[30.361,69.767],[29.729,69.698],[29.556,69.833],[29.08,69.961],[28.73,70.136],[29.735,70.115],[30.252,70.131],[30.799,70.308],[30.754,70.43],[30.462,70.537],[30.041,70.544],[29.741,70.605],[28.984,70.857],[28.795,70.865],[28.389,70.572],[28.29,70.372],[27.875,70.425],[28.019,70.609],[27.985,70.717],[28.308,70.949],[28.211,71.018],[27.516,70.97],[27.131,70.577],[26.934,70.469],[26.617,70.392],[26.607,70.915],[26.263,70.791],[25.574,70.367],[25.263,70.107],[25.074,70.144],[25.122,70.435],[25.231,70.558],[25.832,70.898],[25.389,70.905],[24.849,70.827],[24.571,70.741],[24.208,70.472],[23.827,70.479],[23.508,70.279],[23.204,69.943],[22.746,70.171],[22.306,70.216],[21.908,69.804],[21.609,69.963],[21.412,70.015],[21.103,69.818],[20.734,69.779],[20.553,69.522],[20.197,69.318],[20.358,69.71],[20.158,69.748],[19.821,69.37],[19.58,69.181],[19.289,69.211],[18.985,69.315],[18.553,69.247],[18.319,69.359],[18.097,69.058],[17.566,68.974],[17.407,68.772],[17.04,68.659],[16.855,68.558],[17.126,68.416],[17.033,68.338],[16.719,68.311],[16.522,68.341],[16.649,68.046],[16.412,67.874],[16.233,67.911],[16.071,68.045],[15.92,68.049],[15.854,67.925],[15.572,67.821],[15.762,67.676],[15.385,67.464],[14.976,67.523],[14.569,67.329],[14.778,67.217],[14.639,67.123],[14.373,67.093],[14.055,66.975],[13.747,66.922],[13.992,66.687],[13.592,66.657],[13.383,66.679],[13.169,66.458],[13.403,66.349],[13.581,66.188],[13.152,66.136],[13.087,65.88],[12.709,65.909],[12.479,65.617],[12.284,65.435],[12.496,65.384],[12.526,65.109],[12.112,65.13],[11.896,64.913],[11.407,64.617],[11.508,64.517],[11.364,64.416],[11.214,64.416],[10.997,64.494],[10.066,64.056],[9.87,63.876],[9.832,63.684],[9.441,63.498],[9.216,63.284],[8.957,63.404],[8.606,63.325],[8.472,63.176],[8.258,63.054],[8.231,62.841],[7.989,62.94],[7.606,62.904],[7.088,62.91],[6.982,62.846],[7.102,62.705],[7.547,62.599],[7.289,62.486],[6.613,62.583],[6.533,62.336],[6.308,62.286],[6.053,62.335],[5.824,62.179],[5.565,62.15],[5.426,62.009],[5.528,61.933],[5.834,61.819],[5.149,61.741],[5.101,61.699],[5.141,61.39],[5.018,61.305],[5.12,61.137],[5.387,61.026],[5.109,60.906],[4.98,60.689],[5.075,60.592],[5.255,60.564],[5.456,60.592],[5.551,60.509],[5.262,60.327],[5.096,60.264],[5.279,60.125],[5.525,60.168],[5.894,60.161],[5.806,59.949],[5.543,59.824],[5.694,59.753],[5.91,59.753],[6.185,59.824],[5.97,59.711],[5.667,59.676],[5.646,59.586],[5.449,59.658],[5.419,59.515],[5.383,59.711],[5.087,59.509],[5.177,59.307],[5.529,59.266],[5.717,59.337],[5.68,59.509],[5.8,59.432],[5.816,59.313],[6.113,59.527],[6.076,59.42],[5.877,59.313],[6.02,59.254],[6.238,59.284],[5.772,59.076],[6.094,58.798],[5.794,58.916],[5.666,58.822],[5.627,58.964],[5.475,58.976],[5.531,58.881],[5.4,58.715],[5.615,58.455],[5.874,58.432],[6.231,58.278],[6.652,58.172],[6.479,58.09],[6.644,58.042],[6.726,58.137],[6.874,58.078],[6.959,57.972],[8.154,58.09],[8.175,58.172],[8.922,58.538],[9.372,58.786],[9.346,58.845],[9.698,58.999],[9.938,58.94],[10.172,58.987],[10.211,59.07],[10.43,59.26],[10.407,59.497],[10.57,59.581],[10.634,59.45],[10.549,59.379],[10.657,59.224],[10.829,59.106],[11.112,59.165],[11.179,59.07],[11.039,58.91],[11.14,58.851],[11.221,58.308],[11.407,58.331],[11.431,58.202],[11.614,58.247],[11.802,58.178],[11.61,57.807],[11.766,57.673],[11.881,57.509],[11.877,57.325],[12.005,57.325],[12.289,56.88],[12.526,56.78],[12.657,56.611],[12.786,56.617],[12.872,56.512],[12.805,56.401],[12.615,56.436],[12.652,56.296],[12.414,56.243],[12.699,55.905],[12.986,55.667],[12.859,55.533],[12.888,55.452],[12.802,55.353],[13.302,55.301],[13.823,55.422],[14.117,55.347],[14.286,55.515],[14.126,55.667],[14.259,55.899],[14.492,56.018],[14.605,55.981],[14.653,56.121],[15.221,56.08],[15.497,56.167],[15.771,56.033],[16.031,56.353],[16.376,56.822],[16.395,57.074],[16.494,57.279],[16.659,57.443],[16.55,57.545],[16.607,57.666],[16.477,57.702],[16.46,57.895],[16.725,57.889],[16.774,58.038],[16.744,58.312],[16.513,58.428],[16.443,58.634],[17.081,58.65],[17.083,58.748],[17.357,58.743],[17.582,58.893],[17.623,59.1],[17.739,59.11],[17.766,58.872],[17.94,58.908],[18.016,59.038],[18.372,59.157],[18.273,59.287],[18.598,59.297],[18.515,59.401],[17.978,59.328],[17.862,59.24],[17.584,59.271],[17.575,59.214],[17.358,59.245],[17.266,59.339],[17,59.359],[16.776,59.479],[16.408,59.447],[16.523,59.583],[16.724,59.531],[16.786,59.577],[17.071,59.546],[17.368,59.468],[17.73,59.416],[17.795,59.364],[18.03,59.359],[18.639,59.567],[18.868,59.712],[19.044,59.712],[19.037,59.863],[18.893,59.926],[18.804,60.108],[18.417,60.182],[18.224,60.323],[17.931,60.59],[17.706,60.554],[17.605,60.638],[17.188,60.674],[17.318,60.753],[17.146,60.953],[17.15,61.198],[17.065,61.538],[17.163,61.63],[17.387,61.658],[17.497,62.088],[17.387,62.201],[17.29,62.441],[17.718,62.357],[17.936,62.548],[17.868,62.789],[18.303,62.789],[18.487,62.981],[18.785,63.138],[19.076,63.202],[19.318,63.445],[19.465,63.481],[19.67,63.389],[20.701,63.818],[21.049,64.219],[21.386,64.385],[21.237,64.521],[20.921,64.714],[21.329,64.894],[21.489,65.017],[21.277,65.212],[21.522,65.372],[21.819,65.38],[21.957,65.446],[22.202,65.715],[22.646,65.935],[23.204,65.681],[23.844,65.798],[23.948,65.797],[23.749,66.04],[23.656,66.28],[23.881,66.641],[23.868,66.817],[23.686,67.125],[23.458,67.412],[23.488,67.834],[23.141,68.085],[22.913,68.188],[22.201,68.281],[21.712,68.413],[21.133,68.709],[20.791,68.932],[21.246,69.228],[21.406,69.273],[21.625,69.237],[22.46,68.694],[22.701,68.635],[23.336,68.616],[24.082,68.717],[24.801,68.429],[25.063,68.595],[25.625,68.807],[25.746,69.258],[25.863,69.454],[26.118,69.644],[26.507,69.812],[27.909,69.888],[28.415,69.694],[28.717,69.642],[29.113,69.486],[29.133,69.366],[28.74,68.95],[28.697,68.696],[29.007,68.832],[29.463,69.134],[29.924,69.355],[30.27,69.409],[30.641,69.418],[31.054,69.64]],[[14.005,59.068],[13.975,58.865],[13.8,58.722],[13.358,58.617],[13.24,58.515],[13.041,58.604],[12.624,58.382],[12.335,58.374],[12.329,58.434],[12.607,58.617],[12.525,58.661],[12.469,58.935],[12.557,58.819],[12.708,59.036],[12.818,59.082],[13.041,59.014],[13.122,58.921],[13.244,58.93],[13.103,59.274],[13.143,59.342],[13.628,59.39],[13.752,59.331],[14.046,59.314],[13.931,59.09],[14.005,59.068]]]]},"properties":{"NAME":"Sweden–Norway","SUBJECTO":"Sweden–Norway","PARTOF":"Sweden–Norway","BORDERPRECISION":3}},
{"type":"Feature","geometry":{"type":"Polygon","coordinates":[[[-4.153,53.226],[-4.047,53.303],[-4.222,53.322],[-4.277,53.398],[-4.416,53.425],[-4.569,53.388],[-4.567,53.273],[-4.351,53.124],[-4.153,53.226]]]},"properties":{"NAME":null,"SUBJECTO":null,"PARTOF":null,"BORDERPRECISION":3}},
{"type":"Feature","geometry":{"type":"Polygon","coordinates":[[[-5.104,55.439],[-5.084,55.553],[-5.155,55.673],[-5.295,55.717],[-5.4,55.601],[-5.34,55.475],[-5.104,55.439]]]},"properties":{"NAME":null,"SUBJECTO":null,"PARTOF":null,"BORDERPRECISION":3}},
{"type":"Feature","geometry":{"type":"Polygon","coordinates":[[[-6.122,55.879],[-6.142,55.934],[-6.45,55.849],[-6.473,55.67],[-6.325,55.781],[-6.251,55.767],[-6.327,55.589],[-6.274,55.573],[-6.025,55.681],[-6.122,55.879]]]},"properties":{"NAME":null,"SUBJECTO":null,"PARTOF":null,"BORDERPRECISION":3}},
{"type":"Feature","geometry":{"type":"Polygon","coordinates":[[[-5.947,55.83],[-5.746,56.064],[-5.711,56.15],[-5.968,56.024],[-6.079,55.906],[-6.071,55.808],[-5.947,55.83]]]},"properties":{"NAME":null,"SUBJECTO":null,"PARTOF":null,"BORDERPRECISION":3}},
{"type":"Feature","geometry":{"type":"Polygon","coordinates":[[[-7.467,56.941],[-7.376,56.979],[-7.446,57.056],[-7.559,56.951],[-7.467,56.941]]]},"properties":{"NAME":null,"SUBJECTO":null,"PARTOF":null,"BORDERPRECISION":3}},
{"type":"Feature","geometry":{"type":"Polygon","coordinates":[[[-7.223,57.337],[-7.425,57.382],[-7.381,57.109],[-7.23,57.095],[-7.288,57.322],[-7.223,57.337]]]},"properties":{"NAME":null,"SUBJECTO":null,"PARTOF":null,"BORDERPRECISION":3}},
{"type":"Feature","geometry":{"type":"Polygon","coordinates":[[[-7.269,57.399],[-7.205,57.461],[-7.351,57.489],[-7.269,57.399]]]},"properties":{"NAME":null,"SUBJECTO":null,"PARTOF":null,"BORDERPRECISION":3}},
{"type":"Feature","geometry":{"type":"Polygon","coordinates":[[[-7.189,57.687],[-7.491,57.646],[-7.543,57.596],[-7.154,57.509],[-7.066,57.633],[-7.189,57.687]]]},"properties":{"NAME":null,"SUBJECTO":null,"PARTOF":null,"BORDERPRECISION":3}},
{"type":"Feature","geometry":{"type":"Polygon","coordinates":[[[-7.006,57.881],[-6.994,57.919],[-7.074,57.896],[-7.006,57.881]]]},"properties":{"NAME":null,"SUBJECTO":null,"PARTOF":null,"BORDERPRECISION":3}},
{"type":"Feature","geometry":{"type":"Polygon","coordinates":[[[-6.802,58.203],[-6.854,58.25],[-6.873,58.206],[-6.802,58.203]]]},"properties":{"NAME":null,"SUBJECTO":null,"PARTOF":null,"BORDERPRECISION":3}},
{"type":"Feature","geometry":{"type":"Polygon","coordinates":[[[-6.204,58.356],[-6.253,58.512],[-6.55,58.363],[-6.818,58.28],[-6.75,58.185],[-6.86,58.108],[-7.032,58.238],[-7.128,58.135],[-7.114,57.987],[-6.83,57.901],[-7.12,57.814],[-6.961,57.727],[-6.735,57.826],[-6.666,57.927],[-6.474,57.94],[-6.354,58.033],[-6.396,58.105],[-6.204,58.356]]]},"properties":{"NAME":null,"SUBJECTO":null,"PARTOF":null,"BORDERPRECISION":3}},
{"type":"Feature","geometry":{"type":"Polygon","coordinates":[[[-2.918,58.732],[-2.899,58.838],[-3.037,58.818],[-2.918,58.732]]]},"properties":{"NAME":null,"SUBJECTO":null,"PARTOF":null,"BORDERPRECISION":3}},
{"type":"Feature","geometry":{"type":"Polygon","coordinates":[[[-3.231,58.776],[-3.136,58.804],[-3.336,58.927],[-3.431,58.871],[-3.231,58.776]]]},"properties":{"NAME":null,"SUBJECTO":null,"PARTOF":null,"BORDERPRECISION":3}},
{"type":"Feature","geometry":{"type":"Polygon","coordinates":[[[-2.793,58.951],[-2.947,58.998],[-3.077,59.122],[-3.35,59.11],[-3.346,58.966],[-3.195,58.911],[-2.97,58.939],[-2.824,58.879],[-2.793,58.951]]]},"properties":{"NAME":null,"SUBJECTO":null,"PARTOF":null,"BORDERPRECISION":3}},
{"type":"Feature","geometry":{"type":"Polygon","coordinates":[[[-2.681,59.196],[-2.39,59.28],[-2.593,59.291],[-2.681,59.196]]]},"properties":{"NAME":null,"SUBJECTO":null,"PARTOF":null,"BORDERPRECISION":3}},
{"type":"Feature","geometry":{"type":"Polygon","coordinates":[[[-2.89,59.295],[-3.074,59.324],[-3.003,59.264],[-2.89,59.295]]]},"properties":{"NAME":null,"SUBJECTO":null,"PARTOF":null,"BORDERPRECISION":3}},
{"type":"Feature","geometry":{"type":"Polygon","coordinates":[[[-1.296,60.491],[-1.302,60.637],[-1.61,60.474],[-1.446,60.461],[-1.32,60.356],[-1.667,60.3],[-1.655,60.226],[-1.449,60.151],[-1.291,60.241],[-1.26,60.124],[-1.378,59.906],[-1.26,59.862],[-1.212,60.103],[-1.126,60.152],[-1.041,60.447],[-1.296,60.491]]]},"properties":{"NAME":null,"SUBJECTO":null,"PARTOF":null,"BORDERPRECISION":3}},
{"type":"Feature","geometry":{"type":"Polygon","coordinates":[[[-1.029,60.496],[-0.997,60.725],[-1.177,60.637],[-1.14,60.489],[-1.029,60.496]]]},"properties":{"NAME":null,"SUBJECTO":null,"PARTOF":null,"BORDERPRECISION":3}},
{"type":"Feature","geometry":{"type":"Polygon","coordinates":[[[-0.82,60.689],[-0.768,60.829],[-0.878,60.844],[-0.966,60.688],[-0.82,60.689]]]},"properties":{"NAME":null,"SUBJECTO":null,"PARTOF":null,"BORDERPRECISION":3}},
{"type":"Feature","geometry":{"type":"MultiPolygon","coordinates":[[[[-6.655,61.389],[-6.709,61.558],[-6.889,61.645],[-6.958,61.599],[-6.846,61.468],[-6.655,61.389]]],[[[-6.604,61.822],[-6.909,61.901],[-6.652,61.743],[-6.604,61.822]]],[[[-7.05,62.068],[-7.231,62.16],[-7.426,62.145],[-7.378,62.065],[-7.202,62.019],[-7.05,62.068]]],[[[-6.707,61.937],[-6.719,62.029],[-7.192,62.308],[-7.232,62.172],[-6.707,61.937]]],[[[-6.657,62.092],[-6.598,62.194],[-6.958,62.339],[-7.06,62.314],[-6.922,62.167],[-6.657,62.092]]],[[[-6.419,62.184],[-6.389,62.255],[-6.574,62.35],[-6.518,62.169],[-6.419,62.184]]]]},"properties":{"NAME":null,"SUBJECTO":null,"PARTOF":null,"BORDERPRECISION":3}},
{"type":"Feature","geometry":{"type":"Polygon","coordinates":[[[-4.778,54.056],[-4.624,54.069],[-4.394,54.186],[-4.308,54.301],[-4.368,54.417],[-4.527,54.367],[-4.714,54.214],[-4.778,54.056]]]},"properties":{"NAME":null,"SUBJECTO":null,"PARTOF":null,"BORDERPRECISION":3}},
{"type":"Feature","geometry":{"type":"Polygon","coordinates":[[[129.716,28.451],[129.69,28.498],[129.257,28.321],[129.143,28.255],[129.369,28.116],[129.512,28.295],[129.716,28.451]]]},"properties":{"NAME":null,"SUBJECTO":null,"PARTOF":null,"BORDERPRECISION":3}},
{"type":"Feature","geometry":{"type":"Polygon","coordinates":[[[129.963,29.957],[129.942,30],[129.935,29.967],[129.963,29.957]]]},"properties":{"NAME":null,"SUBJECTO":null,"PARTOF":null,"BORDERPRECISION":3}},
{"type":"Feature","geometry":{"type":"Polygon","coordinates":[[[129.896,29.874],[129.855,29.848],[129.923,29.825],[129.896,29.874]]]},"properties":{"NAME":null,"SUBJECTO":null,"PARTOF":null,"BORDERPRECISION":3}},
{"type":"Feature","geometry":{"type":"Polygon","coordinates":[[[130.906,30.355],[130.97,30.391],[131.074,30.689],[131.054,30.84],[130.945,30.683],[130.947,30.57],[130.869,30.47],[130.906,30.355]]]},"properties":{"NAME":null,"SUBJECTO":null,"PARTOF":null,"BORDERPRECISION":3}},
{"type":"Feature","geometry":{"type":"Polygon","coordinates":[[[130.559,30.236],[130.649,30.288],[130.672,30.373],[130.511,30.459],[130.387,30.397],[130.44,30.253],[130.559,30.236]]]},"properties":{"NAME":null,"SUBJECTO":null,"PARTOF":null,"BORDERPRECISION":3}},
{"type":"Feature","geometry":{"type":"Polygon","coordinates":[[[121.735,25.139],[121.611,25.258],[121.481,25.272],[121.339,25.132],[121.195,25.11],[121.002,25.002],[120.872,24.74],[120.698,24.601],[120.116,23.631],[120.148,23.327],[120.056,23.153],[120.136,23.023],[120.239,22.661],[120.346,22.504],[120.573,22.366],[120.675,22.182],[120.698,21.946],[120.824,21.928],[120.882,22.039],[120.879,22.341],[120.97,22.568],[121.079,22.709],[121.168,22.762],[121.356,23.087],[121.453,23.327],[121.596,23.9],[121.605,24.081],[121.745,24.286],[121.781,24.426],[121.84,24.476],[121.844,24.606],[121.8,24.757],[121.817,24.848],[121.999,25.011],[121.882,25.115],[121.735,25.139]]]},"properties":{"NAME":null,"SUBJECTO":null,"PARTOF":null,"BORDERPRECISION":3}},
{"type":"Feature","geometry":{"type":"Polygon","coordinates":[[[128.901,32.643],[128.813,32.792],[128.649,32.778],[128.61,32.612],[128.742,32.589],[128.901,32.643]]]},"properties":{"NAME":null,"SUBJECTO":null,"PARTOF":null,"BORDERPRECISION":3}},
{"type":"Feature","geometry":{"type":"Polygon","coordinates":[[[123.871,24.252],[123.937,24.357],[123.767,24.414],[123.679,24.316],[123.871,24.252]]]},"properties":{"NAME":null,"SUBJECTO":null,"PARTOF":null,"BORDERPRECISION":3}},
{"type":"Feature","geometry":{"type":"Polygon","coordinates":[[[125.356,24.777],[125.262,24.879],[125.252,24.738],[125.444,24.731],[125.356,24.777]]]},"properties":{"NAME":null,"SUBJECTO":null,"PARTOF":null,"BORDERPRECISION":3}},
{"type":"Feature","geometry":{"type":"Polygon","coordinates":[[[124.262,24.457],[124.095,24.439],[124.122,24.345],[124.23,24.338],[124.262,24.457]]]},"properties":{"NAME":null,"SUBJECTO":null,"PARTOF":null,"BORDERPRECISION":3}},
{"type":"Feature","geometry":{"type":"Polygon","coordinates":[[[128.253,26.639],[128.331,26.752],[128.247,26.84],[128.105,26.695],[127.991,26.637],[127.908,26.689],[127.876,26.621],[127.959,26.544],[127.801,26.442],[127.721,26.436],[127.744,26.307],[127.64,26.209],[127.653,26.083],[127.813,26.156],[127.779,26.237],[127.836,26.419],[127.946,26.451],[128.253,26.639]]]},"properties":{"NAME":null,"SUBJECTO":null,"PARTOF":null,"BORDERPRECISION":3}},
{"type":"Feature","geometry":{"type":"Polygon","coordinates":[[[126.762,26.387],[126.694,26.371],[126.781,26.298],[126.762,26.387]]]},"properties":{"NAME":null,"SUBJECTO":null,"PARTOF":null,"BORDERPRECISION":3}},
{"type":"Feature","geometry":{"type":"Polygon","coordinates":[[[128.951,27.676],[129.03,27.774],[128.954,27.906],[128.899,27.898],[128.897,27.726],[128.951,27.676]]]},"properties":{"NAME":null,"SUBJECTO":null,"PARTOF":null,"BORDERPRECISION":3}},
{"type":"Feature","geometry":{"type":"Polygon","coordinates":[[[128.609,27.359],[128.696,27.449],[128.524,27.414],[128.609,27.359]]]},"properties":{"NAME":null,"SUBJECTO":null,"PARTOF":null,"BORDERPRECISION":3}},
{"type":"Feature","geometry":{"type":"Polygon","coordinates":[[[129.992,28.282],[130.027,28.366],[129.918,28.287],[129.992,28.282]]]},"properties":{"NAME":null,"SUBJECTO":null,"PARTOF":null,"BORDERPRECISION":3}},
{"type":"Feature","geometry":{"type":"Polygon","coordinates":[[[129.336,28.075],[129.224,28.184],[129.219,28.098],[129.336,28.075]]]},"properties":{"NAME":null,"SUBJECTO":null,"PARTOF":null,"BORDERPRECISION":3}},
{"type":"Feature","geometry":{"type":"Polygon","coordinates":[[[129.733,29.61],[129.753,29.648],[129.71,29.652],[129.733,29.61]]]},"properties":{"NAME":null,"SUBJECTO":null,"PARTOF":null,"BORDERPRECISION":3}},
{"type":"Feature","geometry":{"type":"MultiPolygon","coordinates":[[[[10.142,54.337],[10.065,54.434],[9.865,54.411],[9.978,54.49],[9.987,54.592],[9.864,54.726],[9.421,54.976],[9.518,55.129],[9.544,55.351],[9.704,55.483],[9.811,55.437],[9.897,55.28],[10.099,55.188],[10.153,55.084],[10.498,55.029],[10.74,55.067],[10.835,55.294],[10.744,55.497],[10.627,55.617],[10.6,55.483],[10.426,55.439],[10.485,55.532],[10.31,55.617],[9.905,55.506],[9.738,55.534],[9.69,55.605],[9.976,55.62],[10.007,55.73],[10.147,55.765],[10.23,55.951],[10.175,56.076],[10.442,56.151],[10.496,56.034],[10.751,56.097],[10.889,56.369],[10.826,56.443],[10.314,56.469],[10.23,56.605],[10.216,56.85],[9.835,56.89],[9.37,56.882],[9.322,56.719],[9.312,56.481],[9.136,56.46],[9.003,56.657],[8.869,56.616],[8.675,56.358],[8.309,56.479],[8.183,56.431],[8.117,56.092],[8.317,55.849],[8.32,55.768],[8.125,55.636],[8.035,55.476],[8.214,55.399],[8.319,55.481],[8.481,55.349],[8.56,55.356],[8.645,55.069],[8.596,54.761],[8.951,54.419],[8.852,54.332],[8.554,54.275],[8.581,54.194],[8.884,54.229],[9.056,54.349],[9.26,54.305],[9.449,54.189],[9.674,54.189],[9.739,54.276],[9.885,54.254],[10.142,54.337]]],[[[9.927,54.862],[10.067,54.873],[9.966,55.012],[9.793,55.075],[9.632,55.047],[9.794,55.015],[9.781,54.91],[9.927,54.862]]],[[[10.801,54.991],[10.652,54.837],[10.715,54.725],[10.959,55.144],[10.801,54.991]]],[[[11.858,54.689],[11.845,54.77],[11.657,54.904],[11.564,54.822],[11.276,54.95],[11.014,54.896],[11.032,54.756],[11.246,54.712],[11.456,54.619],[11.579,54.663],[11.785,54.64],[11.858,54.689]]],[[[12.12,54.806],[12.104,54.89],[11.847,54.956],[11.709,54.937],[11.899,54.719],[11.872,54.651],[11.979,54.567],[11.963,54.685],[12.12,54.806]]],[[[11.065,54.534],[11.021,54.439],[11.313,54.407],[11.243,54.496],[11.065,54.534]]],[[[8.359,57.023],[8.183,56.798],[8.471,56.597],[8.778,56.798],[8.847,56.986],[9.079,57.037],[9.334,57.023],[9.503,56.975],[10.257,57.006],[10.333,57.171],[10.463,57.242],[10.451,57.458],[10.401,57.506],[10.558,57.745],[10.39,57.661],[10.29,57.672],[9.849,57.582],[9.449,57.228],[9.302,57.166],[8.661,57.104],[8.534,57.141],[8.359,57.023]]],[[[11.907,55.021],[11.97,54.954],[12.077,54.995],[12.43,55.245],[12.158,55.379],[12.409,55.548],[12.469,55.711],[12.444,55.968],[12.088,55.967],[12.053,55.703],[11.962,55.581],[11.728,55.662],[11.568,55.885],[11.296,55.675],[11.102,55.634],[11.285,55.189],[11.585,55.162],[11.767,55.176],[11.907,55.021]]],[[[14.764,55.306],[14.678,55.102],[15.043,54.995],[15.149,55.129],[14.764,55.306]]]]},"properties":{"NAME":"Denmark","SUBJECTO":"Denmark","PARTOF":"Denmark","BORDERPRECISION":3}},
{"type":"Feature","geometry":{"type":"Polygon","coordinates":[[[103.255,14.337],[103.471,14.354],[103.621,14.411],[104.156,14.35],[104.393,14.382],[104.652,14.364],[104.921,14.315],[105.057,14.239],[105.42,14.527],[105.474,14.725],[105.473,15.15],[105.403,15.378],[105.214,15.695],[104.773,16.27],[104.659,16.479],[104.61,16.644],[104.584,17.33],[104.389,17.614],[104.079,17.911],[103.95,18.151],[103.928,18.278],[103.808,18.347],[103.406,18.434],[103.225,18.439],[103.096,18.235],[103.006,17.993],[102.661,17.845],[102.02,18.121],[101.865,18.107],[101.337,17.577],[101.17,17.392],[100.954,17.454],[100.888,17.6],[100.901,17.822],[100.954,18.02],[101.192,18.726],[101.229,18.91],[101.118,19.5],[101.097,19.551],[100.911,19.531],[100.691,19.44],[100.5,19.439],[100.417,19.509],[100.387,19.674],[100.435,20.036],[100.431,20.226],[100.377,20.302],[100.245,20.384],[100.001,20.459],[100.35,20.746],[100.549,21.008],[100.788,21.282],[101.014,21.442],[100.945,21.55],[100.895,21.721],[100.612,21.535],[100.321,21.464],[100.21,21.501],[100.04,21.621],[99.887,21.957],[99.755,22.127],[99.311,22.106],[99.209,22.149],[99.156,22.308],[99.484,23.021],[99.469,23.141],[99.234,23.185],[98.985,23.151],[98.894,23.297],[98.769,24.09],[98.699,24.146],[98.483,24.139],[98.137,24.099],[97.768,23.9],[97.695,23.88],[98.196,21.608],[97.773,21.366],[97.372,20.78],[97.275,18.504],[97.373,18.449],[97.706,18.051],[97.737,17.969],[97.788,17.575],[97.902,17.513],[98.393,17.084],[98.46,16.938],[98.75,16.47],[98.824,16.318],[98.736,16.209],[98.533,16.106],[98.476,16.005],[98.58,15.472],[98.503,15.382],[98.137,15.19],[98.217,15.019],[98.487,14.372],[98.73,14.158],[99.003,13.886],[99.094,13.671],[99.134,13.372],[99.098,12.972],[99.317,12.44],[99.581,11.889],[99.547,11.755],[99.092,11.054],[98.637,10.289],[98.593,10.12],[98.633,10.101],[98.502,9.719],[98.251,8.937],[98.177,8.6],[98.195,8.327],[98.292,8.156],[98.39,8.219],[98.545,8.264],[98.75,8.087],[98.889,8.017],[99.025,7.871],[99.119,7.643],[99.294,7.319],[99.468,7.339],[99.572,7.263],[99.64,7.066],[99.611,6.939],[99.663,6.71],[99.834,6.539],[99.969,6.507],[100.154,6.603],[100.222,6.521],[100.159,6.34],[100.36,6.417],[100.617,6.422],[100.665,6.212],[100.867,6.159],[100.984,6.052],[101.027,5.856],[100.931,5.677],[100.984,5.569],[101.076,5.531],[101.186,5.709],[101.312,5.835],[101.451,5.761],[101.473,5.546],[101.763,5.586],[101.812,5.845],[102.035,6.002],[102.074,6.154],[101.68,6.464],[101.56,6.74],[101.428,6.828],[101.217,6.802],[100.975,6.853],[100.615,6.979],[100.54,7.049],[100.345,7.44],[100.287,7.772],[100.302,7.887],[100.208,8.325],[100.132,8.532],[100.009,8.49],[99.866,8.712],[99.902,8.922],[99.898,9.068],[99.837,9.226],[99.724,9.258],[99.546,9.194],[99.298,9.162],[99.196,9.238],[99.119,9.371],[99.071,9.898],[99.186,10.489],[99.501,11.246],[99.763,11.78],[99.895,12.079],[99.834,12.524],[99.977,12.842],[100.023,12.994],[99.93,13.261],[100.04,13.395],[100.24,13.49],[100.474,13.51],[100.585,13.472],[100.909,13.447],[100.957,13.365],[100.871,12.806],[100.872,12.679],[101.023,12.673],[101.329,12.559],[101.587,12.661],[101.724,12.655],[101.919,12.585],[102.324,12.186],[102.53,12.148],[102.612,12.096],[102.688,12.26],[102.664,12.333],[102.445,12.655],[102.346,12.947],[102.335,13.233],[102.368,13.404],[102.36,13.508],[102.668,13.851],[102.848,14.093],[103.083,14.291],[103.255,14.337]]]},"properties":{"NAME":"Rattanakosin Kingdom","SUBJECTO":"Rattanakosin Kingdom","PARTOF":"Rattanakosin Kingdom","BORDERPRECISION":3}},
{"type":"Feature","geometry":{"type":"MultiPolygon","coordinates":[[[[126.599,33.233],[126.843,33.308],[126.941,33.454],[126.793,33.551],[126.634,33.532],[126.317,33.453],[126.184,33.353],[126.171,33.262],[126.261,33.194],[126.331,33.226],[126.599,33.233]]],[[[126.739,34.279],[126.731,34.364],[126.646,34.325],[126.739,34.279]]],[[[127.161,34.414],[127.246,34.466],[127.132,34.474],[127.161,34.414]]],[[[126.18,34.351],[126.347,34.405],[126.383,34.472],[126.239,34.57],[126.102,34.425],[126.18,34.351]]],[[[128.081,34.828],[128.008,34.908],[127.973,34.852],[128.081,34.828]]],[[[127.962,34.798],[127.88,34.929],[127.822,34.843],[127.857,34.724],[128.044,34.695],[128.076,34.8],[127.962,34.798]]],[[[128.743,34.788],[128.711,34.977],[128.502,34.887],[128.592,34.837],[128.594,34.698],[128.743,34.788]]],[[[126.421,36.399],[126.379,36.586],[126.325,36.56],[126.336,36.439],[126.421,36.399]]],[[[130.876,37.45],[130.919,37.545],[130.807,37.518],[130.876,37.45]]],[[[124.134,39.843],[124.209,39.738],[124.443,39.573],[124.548,39.541],[124.688,39.605],[124.922,39.619],[125.207,39.485],[125.296,39.364],[125.028,38.816],[125.294,38.689],[125.269,38.568],[124.929,38.465],[124.736,38.28],[124.694,38.14],[124.77,37.936],[125.077,37.771],[125.182,37.656],[125.269,37.485],[125.562,37.836],[125.741,37.785],[125.909,37.511],[126.053,37.601],[126.21,37.754],[126.419,37.592],[126.514,37.597],[126.53,37.681],[126.659,37.555],[126.656,37.411],[126.722,37.328],[126.862,37.263],[126.659,37.249],[126.661,37.156],[126.869,37.176],[126.753,37.049],[126.922,36.917],[126.992,36.911],[126.846,36.752],[126.823,36.914],[126.761,36.97],[126.62,36.973],[126.499,37.05],[126.514,36.941],[126.414,36.933],[126.401,36.852],[126.289,36.786],[126.304,36.962],[126.184,36.878],[126.124,36.709],[126.273,36.717],[126.293,36.582],[126.347,36.74],[126.497,36.724],[126.527,36.599],[126.464,36.575],[126.544,36.136],[126.674,36.005],[126.62,35.889],[126.788,35.895],[126.752,35.778],[126.479,35.64],[126.488,35.584],[126.651,35.595],[126.492,35.51],[126.378,35.312],[126.361,35.18],[126.459,35.091],[126.416,35.02],[126.345,35.152],[126.248,35.11],[126.318,34.932],[126.434,34.964],[126.371,34.789],[126.511,34.776],[126.54,34.873],[126.66,34.813],[126.494,34.751],[126.62,34.624],[126.451,34.648],[126.417,34.596],[126.328,34.735],[126.267,34.683],[126.288,34.59],[126.463,34.485],[126.478,34.345],[126.6,34.3],[126.772,34.583],[126.801,34.463],[126.889,34.412],[127.01,34.602],[127.329,34.743],[127.353,34.693],[127.242,34.569],[127.202,34.633],[127.14,34.516],[127.244,34.511],[127.315,34.444],[127.51,34.579],[127.364,34.751],[127.522,34.857],[127.554,34.656],[127.641,34.617],[127.748,34.727],[127.774,34.844],[127.639,34.814],[127.576,34.887],[127.767,34.96],[127.864,34.94],[128.021,34.986],[128.056,34.931],[128.204,34.888],[128.329,34.949],[128.336,34.871],[128.452,34.846],[128.501,35.008],[128.378,35.036],[128.573,35.17],[128.735,35.093],[128.979,35.085],[129.137,35.112],[129.237,35.19],[129.281,35.301],[129.439,35.476],[129.584,35.989],[129.564,36.077],[129.463,35.995],[129.387,36.036],[129.382,36.309],[129.439,36.406],[129.417,36.617],[129.472,36.692],[129.428,36.879],[129.434,37.059],[129.342,37.257],[129.066,37.624],[129.05,37.686],[128.858,37.859],[128.641,38.117],[128.364,38.625],[128.307,38.589],[128.27,38.42],[127.956,38.694],[127.405,39.075],[127.277,39.222],[127.441,39.624],[127.672,39.866],[127.931,39.956],[128.236,39.97],[128.447,40.066],[129.015,40.528],[129.177,40.63],[129.478,40.682],[129.561,41.073],[129.631,41.278],[129.591,41.47],[129.641,41.656],[129.825,41.861],[130.435,42.277],[130.36,42.454],[130.226,42.651],[129.966,42.957],[129.74,42.898],[129.568,42.737],[129.464,42.417],[129.035,42.177],[128.756,42.061],[128.514,42.053],[128.31,42.077],[128.16,42.134],[127.984,42.108],[127.861,41.998],[127.849,41.845],[128.098,41.449],[127.861,41.378],[127.423,41.356],[127.194,41.425],[126.972,41.539],[126.849,41.718],[126.648,41.71],[126.474,41.652],[126.166,41.189],[125.879,40.945],[125.415,40.7],[124.725,40.428],[124.491,40.28],[124.304,40.081],[124.134,39.843]]]]},"properties":{"NAME":"Korea","SUBJECTO":"Korea","PARTOF":"Korea","BORDERPRECISION":3}},
{"type":"Feature","geometry":{"type":"MultiPolygon","coordinates":[[[[14.145,53.826],[14.07,53.918],[13.778,54.044],[13.828,53.83],[14.029,53.865],[14.145,53.826]]],[[[14.473,53.877],[14.227,53.91],[14.248,53.816],[14.459,53.819],[14.473,53.877]]],[[[9.665,47.556],[9.737,47.616],[10.026,47.48],[10.021,47.406],[10.138,47.389],[10.103,47.301],[10.2,47.301],[10.403,47.455],[10.388,47.579],[10.613,47.585],[10.835,47.545],[10.903,47.415],[11.17,47.424],[11.34,47.471],[11.36,47.53],[11.503,47.536],[11.56,47.613],[12.122,47.628],[12.163,47.709],[12.358,47.724],[12.446,47.662],[12.7,47.69],[12.744,47.564],[12.942,47.483],[13.023,47.662],[12.998,47.734],[12.848,47.74],[12.936,47.873],[12.694,48.129],[12.858,48.232],[13.294,48.365],[13.367,48.442],[13.384,48.594],[13.64,48.538],[13.947,48.655],[13.745,48.94],[13.578,49.037],[13.48,48.999],[13.397,49.09],[13.203,49.166],[12.945,49.398],[12.861,49.366],[12.536,49.563],[12.448,49.706],[12.484,49.889],[12.554,50.002],[12.368,50.046],[12.235,50.241],[12.462,50.398],[12.594,50.384],[12.784,50.474],[12.982,50.474],[13.018,50.556],[13.189,50.561],[13.233,50.664],[13.473,50.659],[13.524,50.757],[13.855,50.767],[13.911,50.844],[14.146,50.865],[14.389,50.947],[14.262,51.045],[14.458,51.077],[14.596,51.023],[14.61,50.898],[14.765,50.865],[14.829,50.917],[14.997,50.917],[15.009,51.056],[15.267,51.023],[15.309,50.906],[15.472,50.833],[15.818,50.797],[15.877,50.716],[16.003,50.732],[16.001,50.656],[16.353,50.705],[16.443,50.623],[16.204,50.463],[16.451,50.352],[16.585,50.181],[16.728,50.149],[16.827,50.233],[17.012,50.287],[16.884,50.423],[16.886,50.488],[17.014,50.477],[17.36,50.336],[17.679,50.338],[17.597,50.211],[17.746,50.249],[17.751,50.036],[17.882,50.03],[18.048,50.103],[18.188,50.021],[18.549,49.962],[18.748,50.046],[18.769,50.177],[18.646,50.645],[18.14,50.988],[18.113,51.771],[18.14,51.825],[18.005,51.879],[17.897,52.176],[18.086,52.392],[18.464,52.392],[18.599,52.5],[18.518,52.554],[18.518,52.662],[18.653,52.716],[18.572,52.824],[18.761,52.932],[18.842,53.067],[18.95,53.04],[18.991,53.131],[19.285,53.165],[19.423,53.113],[19.492,53.165],[19.579,53.079],[20.011,53.044],[20.097,53.182],[20.477,53.131],[20.702,53.321],[21.117,53.269],[22.807,53.808],[22.74,53.95],[22.699,54.415],[22.662,54.571],[22.724,54.733],[22.824,54.787],[22.794,54.902],[22.584,55.009],[21.684,55.353],[21.276,55.861],[20.945,56.07],[20.996,56.024],[21.018,55.634],[21.216,55.344],[21.143,55.256],[21.224,55.111],[21.113,55.089],[21.192,54.96],[21.137,54.845],[20.985,54.812],[19.943,54.85],[19.863,54.752],[19.833,54.531],[19.938,54.608],[20.006,54.547],[20.327,54.564],[20.189,54.522],[19.733,54.31],[19.328,54.161],[19.23,54.167],[19.318,54.272],[19.758,54.459],[19.255,54.277],[18.965,54.228],[18.673,54.255],[18.513,54.316],[18.454,54.525],[18.338,54.603],[18.363,54.669],[18.76,54.536],[18.279,54.724],[17.658,54.685],[16.976,54.549],[16.473,54.415],[16.115,54.2],[15.898,54.128],[15.312,54.071],[15.08,54.003],[14.467,53.91],[14.473,53.877],[14.565,53.694],[14.433,53.594],[14.19,53.625],[14.177,53.683],[14.01,53.673],[13.78,53.775],[13.738,54.03],[13.668,54.084],[13.431,54.03],[13.064,54.194],[12.943,54.347],[12.765,54.27],[12.653,54.321],[12.041,54.097],[11.565,54.035],[11.408,53.859],[11.202,53.857],[11.151,53.938],[10.859,53.877],[10.717,53.964],[11.016,54.097],[11.073,54.22],[11.039,54.313],[10.649,54.259],[10.446,54.292],[10.34,54.362],[10.142,54.337],[9.885,54.254],[9.739,54.276],[9.674,54.189],[9.449,54.189],[9.26,54.305],[9.056,54.349],[8.884,54.229],[8.779,54.132],[8.946,54.015],[8.819,53.969],[8.857,53.867],[9.125,53.79],[8.848,53.75],[8.54,53.801],[8.429,53.612],[8.502,53.449],[8.189,53.531],[8.261,53.439],[8.175,53.322],[8.029,53.373],[8.099,53.444],[7.969,53.638],[7.166,53.592],[7.037,53.51],[6.981,53.317],[7.19,53.23],[7.16,53.164],[7.228,52.967],[7.073,52.804],[7.035,52.624],[6.778,52.64],[6.714,52.476],[6.912,52.416],[6.997,52.443],[7.069,52.366],[7.068,52.219],[6.882,52.126],[6.825,51.956],[6.68,51.888],[6.381,51.82],[6.211,51.88],[5.979,51.804],[5.948,51.722],[6.117,51.64],[6.222,51.389],[6.089,51.198],[6.176,51.144],[5.964,51.024],[6.074,50.867],[6,50.742],[6.155,50.662],[6.281,50.498],[6.298,50.287],[6.109,50.117],[6.137,49.982],[6.321,49.842],[6.531,49.798],[6.511,49.669],[6.399,49.604],[6.433,49.445],[6.777,49.177],[6.954,49.202],[6.975,49.137],[7.423,49.183],[7.465,49.099],[7.67,49.059],[7.886,49.065],[8.158,48.978],[7.729,48.616],[7.681,48.359],[7.536,48.191],[7.543,48.024],[7.446,47.709],[7.507,47.604],[7.628,47.564],[7.751,47.616],[7.873,47.573],[8.128,47.644],[8.253,47.594],[8.412,47.604],[8.332,47.693],[8.651,47.783],[8.659,47.715],[8.983,47.68],[8.987,47.743],[9.118,47.679],[9.216,47.671],[9.043,47.818],[9.348,47.661],[9.502,47.646],[9.665,47.556]]]]},"properties":{"NAME":"Germany","SUBJECTO":"Germany","PARTOF":"Germany","BORDERPRECISION":3}},
{"type":"Feature","geometry":{"type":"MultiPolygon","coordinates":[[[[142.697,47.362],[142.615,47.46],[142.49,47.902],[142.527,48.162],[142.646,48.658],[142.854,49.128],[143.153,49.259],[143.598,49.234],[143.973,49.058],[144.54,48.753],[144.038,49.509],[143.633,50.235],[143.341,50.886],[143.074,51.268],[142.944,51.617],[142.945,51.961],[143.033,52.312],[143.143,52.511],[143.139,52.856],[143.057,53.062],[142.864,53.341],[142.675,53.54],[142.214,53.3],[141.767,53.272],[141.69,53.166],[141.841,52.96],[141.811,52.628],[141.598,52.217],[141.643,51.813],[142.017,51.431],[142.112,51.22],[142.153,50.89],[142.085,50.304],[142.083,49.708],[142.049,49.355],[141.921,48.943],[141.74,48.807],[141.768,48.701],[141.978,48.285],[142.036,47.959],[141.811,47.676],[141.732,47.471],[141.909,47.073],[141.623,46.558],[141.708,46.14],[141.898,45.915],[142.188,46.323],[142.327,46.563],[142.514,46.7],[142.615,46.713],[143.004,46.577],[143.303,46.011],[143.445,46.572],[143.236,46.863],[142.993,46.954],[142.697,47.362]]],[[[56.151,71.271],[55.721,71.642],[55.52,72.11],[55.518,72.478],[55.623,72.651],[55.822,72.754],[56.136,72.786],[56.272,72.857],[56.509,73.174],[55.816,73.307],[54.736,73.258],[54.144,73.146],[53.502,73.137],[53.08,72.907],[52.611,72.74],[53.198,72.631],[53.089,72.473],[52.584,72.128],[52.351,72.041],[51.76,72.079],[51.482,71.845],[51.534,71.658],[51.815,71.48],[52.121,71.465],[52.55,71.59],[53.234,71.514],[54.308,71.206],[54.321,71.09],[53.715,70.927],[53.729,70.765],[54.032,70.719],[54.694,70.744],[54.998,70.522],[55.266,70.561],[55.679,70.707],[56.059,70.731],[57.238,70.691],[57.251,70.818],[56.379,71.132],[56.151,71.271]]],[[[56.652,74.693],[56.269,74.612],[55.965,74.603],[55.619,74.417],[55.946,74.265],[55.885,74.105],[55.188,74.104],[54.894,74.063],[54.018,73.734],[54.479,73.519],[54.664,73.472],[54.994,73.536],[55.757,73.577],[56.265,73.515],[56.96,73.357],[57.33,73.485],[57.823,73.781],[57.799,73.924],[57.405,74.052],[57.671,74.188],[58.191,74.085],[58.733,74.287],[58.882,74.391],[58.603,74.504],[58.851,74.689],[59.772,74.659],[60.009,74.675],[60.623,74.935],[60.334,75.033],[60.463,75.156],[60.887,75.247],[61.833,75.357],[62.661,75.499],[64.6,75.76],[66.548,75.98],[67.722,76.175],[68.571,76.394],[68.937,76.606],[68.867,76.766],[68.457,76.927],[66.442,76.83],[65.926,76.507],[65.087,76.455],[64.105,76.344],[63.673,76.326],[62.593,76.165],[61.819,76.289],[61.303,76.238],[60.949,75.961],[60.617,75.894],[60.043,75.918],[59.018,75.799],[58.559,75.682],[58.17,75.532],[57.729,75.291],[57.226,75.331],[56.995,75.273],[56.303,74.871],[56.652,74.693]]],[[[-174.371,66.944],[-174.378,66.7],[-174.091,66.524],[-174.068,66.435],[-174.193,66.288],[-174.635,66.405],[-175.101,66.765],[-175.006,66.957],[-175.189,67.313],[-175.514,67.669],[-175.991,67.847],[-177.709,68.292],[-178.129,68.374],[-178.891,68.642],[-180,68.98],[-180,65.259],[-179.581,65.812],[-179.379,65.996],[-178.975,66.051],[-178.697,65.832],[-178.627,65.686],[-178.654,65.54],[-178.116,65.482],[-177.512,65.52],[-177.126,65.623],[-176.783,65.638],[-176.529,65.61],[-176.137,65.457],[-175.993,65.268],[-176.071,65.188],[-175.952,65.006],[-175.827,64.934],[-175.301,64.726],[-175.187,64.849],[-174.379,64.619],[-174.261,64.461],[-173.724,64.383],[-173.545,64.419],[-173.077,64.384],[-173.025,64.506],[-173.25,64.896],[-173.165,64.968],[-172.437,65.02],[-172.411,65.173],[-172.562,65.515],[-172.853,65.631],[-173.043,65.806],[-172.724,65.763],[-172.184,65.589],[-171.73,65.611],[-171.2,65.561],[-171.606,65.809],[-171.669,65.889],[-170.976,65.678],[-170.613,66.038],[-170.449,66.053],[-169.987,66.01],[-169.832,66.025],[-170.066,66.178],[-170.473,66.295],[-171.227,66.603],[-171.958,66.956],[-172.378,67.014],[-172.829,66.961],[-173.432,67.034],[-173.875,67.159],[-174.337,67.077],[-174.371,66.944]]],[[[60.546,69.799],[60.477,69.916],[59.815,70.125],[59.334,70.361],[59.019,70.477],[58.632,70.326],[58.783,70.213],[58.409,70.25],[58.609,70.137],[58.571,70.078],[59.018,69.854],[58.959,69.941],[59.404,69.89],[59.611,69.814],[59.602,69.712],[60.186,69.68],[60.546,69.799]]],[[[50.182,69.096],[50.329,69.117],[50.104,69.281],[49.313,69.496],[49.019,69.51],[48.582,69.425],[48.275,69.23],[48.226,68.883],[48.59,68.729],[48.776,68.723],[49.436,68.809],[49.678,68.873],[49.959,69.076],[50.182,69.096]]],[[[143.142,73.641],[142.577,73.82],[142.004,73.92],[141.086,73.871],[140.823,73.744],[140.679,73.592],[140.281,73.457],[139.771,73.443],[139.677,73.366],[140.009,73.354],[140.425,73.433],[140.809,73.446],[141.632,73.305],[142.643,73.258],[143.185,73.203],[143.506,73.23],[143.436,73.403],[143.532,73.442],[143.142,73.641]]],[[[147.166,75.361],[146.639,75.42],[146.772,75.501],[146.489,75.592],[146.358,75.558],[146.072,75.233],[147.097,75.003],[147.659,74.951],[148.234,74.792],[148.704,74.76],[149.72,74.762],[149.778,74.797],[150.63,74.89],[150.645,75.002],[150.953,75.139],[150.684,75.157],[150.473,75.091],[150.148,75.219],[149.326,75.284],[148.79,75.212],[148.446,75.277],[148.563,75.381],[148.388,75.416],[147.331,75.429],[147.166,75.361]]],[[[140.119,74.025],[140.449,73.902],[141.047,74.011],[141.117,74.168],[140.874,74.271],[140.317,74.263],[140.114,74.201],[140.119,74.025]]],[[[139.768,75.974],[139.191,76.072],[138.87,76.22],[138.562,76.192],[138.45,76.061],[138.34,76.148],[138.003,76.019],[137.45,75.955],[137.441,75.871],[137.715,75.784],[137.182,75.78],[137.072,75.725],[137.29,75.596],[137.131,75.423],[137.414,75.406],[137.172,75.332],[136.868,75.361],[137.141,75.132],[137.782,74.981],[137.866,74.857],[138.139,74.778],[139.232,74.66],[139.494,74.759],[139.465,74.932],[139.647,74.979],[140.066,74.821],[142.171,75.004],[142.357,74.934],[141.968,74.933],[142.351,74.824],[142.699,74.894],[143.431,74.887],[143.707,74.939],[143.58,75.012],[142.612,75.1],[142.151,75.382],[142.23,75.655],[142.447,75.711],[142.902,75.718],[143.011,75.592],[142.512,75.462],[142.493,75.367],[142.926,75.129],[143.342,75.07],[143.551,75.091],[144.019,75.026],[144.348,75.044],[144.942,75.269],[144.664,75.335],[144.754,75.436],[145.393,75.511],[145.154,75.605],[144.826,75.638],[143.901,75.837],[143.56,75.866],[143.161,75.807],[142.656,75.846],[141.763,76.1],[141.357,76.181],[141.531,76.015],[140.957,76.033],[140.865,75.737],[141.061,75.645],[140.911,75.609],[140.431,75.644],[140.546,75.764],[140.16,75.801],[139.787,75.892],[139.768,75.974]]],[[[-178.23,71.476],[-178.569,71.564],[-179.034,71.598],[-179.305,71.551],[-179.629,71.577],[-180,71.536],[-180,70.997],[-179.486,70.912],[-179.251,70.911],[-178.819,70.98],[-177.939,71.037],[-177.62,71.117],[-177.441,71.235],[-178.23,71.476]]],[[[71.276,73.283],[70.999,73.289],[71.247,73.454],[70.931,73.516],[70.241,73.465],[69.958,73.376],[70.063,73.263],[69.866,73.033],[70.101,73.015],[70.894,73.128],[71.677,73.177],[71.475,73.341],[71.276,73.283]]],[[[179.785,70.94],[180,70.997],[180,71.536],[179.604,71.453],[178.872,71.217],[178.618,71.05],[178.791,70.796],[179.096,70.867],[179.678,70.896],[179.785,70.94]]],[[[18.769,50.177],[19.311,50.268],[19.923,50.185],[20.271,50.104],[20.811,50.361],[21.157,50.376],[21.908,50.812],[22.394,50.68],[22.483,50.372],[23.116,50.385],[24.063,50.621],[24.404,50.634],[25.152,50.335],[25.203,50.155],[25.38,50.047],[25.505,49.844],[25.671,49.76],[26.255,49.75],[26.219,49.134],[26.48,48.586],[26.989,48.681],[27.108,48.644],[27.108,48.833],[27.486,48.671],[27.486,48.752],[27.648,48.752],[27.706,48.44],[27.882,48.338],[28.013,48.309],[28.115,48.218],[28.347,48.23],[28.302,48.133],[28.427,48.097],[28.908,47.818],[29.116,47.283],[29.427,46.816],[30.066,46.28],[30.433,46.176],[30.833,46.577],[31.087,46.636],[31.538,46.701],[31.781,46.702],[31.951,46.865],[32.189,46.592],[31.926,46.41],[32.114,46.216],[32.202,46.17],[32.516,46.126],[33.333,46.166],[33.528,46.134],[33.639,45.927],[33.539,45.875],[33.192,45.79],[32.902,45.673],[32.503,45.445],[32.643,45.381],[33.013,45.381],[33.398,45.253],[33.517,45.124],[33.559,44.936],[33.395,44.6],[33.66,44.524],[34.014,44.492],[34.135,44.537],[34.372,44.757],[34.614,44.841],[35.067,44.862],[35.387,45.082],[35.6,45.102],[35.865,45.031],[36.265,45.097],[36.367,45.161],[36.521,45.388],[36.323,45.44],[35.85,45.445],[35.317,45.321],[35.063,45.34],[34.99,45.45],[35.008,45.612],[34.127,46.064],[33.839,46.193],[34.064,46.265],[34.496,46.279],[34.692,46.253],[34.907,46.273],[35.046,46.358],[35.212,46.637],[35.416,46.495],[35.624,46.521],[35.851,46.664],[36.354,46.776],[36.865,46.809],[37.193,46.894],[37.422,47.077],[37.859,47.104],[39.16,47.269],[39.282,47.074],[38.723,46.878],[38.401,46.721],[37.867,46.655],[37.757,46.603],[37.97,46.441],[38.265,46.319],[38.459,46.079],[38.227,46.02],[37.99,46.007],[37.868,45.793],[37.706,45.578],[37.661,45.345],[37.461,45.312],[37.228,45.312],[36.96,45.227],[37.318,44.924],[37.474,44.692],[37.622,44.673],[37.774,44.745],[37.88,44.719],[38.109,44.494],[38.277,44.423],[38.556,44.385],[38.924,44.212],[39.459,43.833],[40.252,43.268],[40.557,43.147],[40.969,43.077],[41.123,43.019],[41.41,42.788],[41.503,42.608],[41.652,42.121],[41.68,41.793],[41.521,41.466],[41.484,41.437],[42.029,41.4],[42.25,41.369],[42.694,41.564],[42.878,41.546],[43.957,42.591],[44.053,42.559],[44.297,42.612],[44.414,42.729],[44.669,42.761],[44.872,42.666],[44.978,42.772],[45.201,42.676],[45.297,42.676],[45.478,42.549],[45.808,42.538],[45.861,42.474],[45.754,42.251],[46.042,42.049],[46.286,41.985],[46.499,41.964],[46.556,41.878],[46.659,41.889],[46.669,41.815],[46.85,41.836],[46.914,41.751],[47.222,41.57],[47.35,41.442],[47.35,41.304],[47.616,41.261],[47.818,41.198],[47.988,41.219],[48.224,41.471],[47.249,42.785],[47.195,43.376],[47.493,43.583],[47.565,43.844],[47.332,44.186],[47.224,44.204],[47.143,44.339],[46.999,44.356],[46.846,44.446],[46.81,44.536],[46.873,44.68],[47.17,44.86],[47.394,45.175],[47.556,45.453],[47.655,45.543],[47.601,45.66],[47.673,45.75],[47.871,45.678],[48.303,45.768],[48.635,45.975],[48.77,45.885],[48.833,45.921],[48.833,46.083],[49.058,46.137],[49.238,46.263],[49.535,46.542],[49.948,46.56],[50.272,46.685],[50.632,46.91],[50.82,46.919],[51.117,47.063],[51.369,47.09],[51.791,47.009],[51.935,46.892],[52.142,46.838],[52.376,46.874],[52.556,46.982],[53.023,46.919],[53.185,46.865],[53.284,46.676],[53.122,46.497],[53.257,46.317],[53.149,45.957],[53.05,45.831],[52.835,45.642],[52.844,45.507],[53.059,45.453],[53.284,45.328],[53.059,45.337],[52.61,45.4],[51.998,45.382],[51.845,45.436],[51.63,45.355],[51.513,45.373],[51.378,45.175],[51.342,45.058],[51.216,45.04],[51.099,44.878],[51.189,44.77],[51.486,44.626],[51.576,44.554],[51.333,44.482],[50.874,44.626],[50.542,44.644],[50.335,44.563],[50.326,44.365],[50.389,44.294],[50.703,44.258],[50.955,44.204],[50.991,44.078],[51.171,43.718],[51.369,43.556],[51.459,43.385],[51.423,43.17],[51.738,43.179],[51.881,43.053],[52.07,42.828],[52.295,42.873],[52.376,42.801],[52.583,42.828],[52.763,42.756],[52.835,42.648],[52.754,42.558],[52.673,42.279],[52.52,42.073],[52.601,41.938],[52.559,41.758],[52.683,41.694],[52.692,41.531],[52.855,41.387],[52.97,41.138],[52.932,41.378],[52.999,41.684],[52.941,41.77],[53.066,42.029],[53.267,42.086],[53.736,42.134],[53.985,42.106],[54.024,42.048],[54.024,41.857],[54.119,41.78],[54.167,41.483],[54.359,41.387],[54.751,41.138],[54.828,40.985],[54.818,40.88],[54.608,40.813],[54.455,40.918],[54.368,40.899],[54.455,40.717],[54.416,40.659],[54.225,40.726],[54.11,40.678],[53.842,40.64],[53.765,40.87],[53.65,40.88],[53.612,40.745],[53.439,40.803],[53.257,40.765],[53.056,41.052],[52.903,40.563],[52.826,40.468],[52.845,40.18],[52.989,39.931],[53.047,39.998],[53.19,39.96],[53.506,39.998],[53.688,39.979],[53.516,39.778],[53.554,39.654],[53.669,39.644],[53.813,39.548],[53.794,39.491],[53.545,39.539],[53.372,39.52],[53.315,39.567],[53.209,39.405],[53.248,39.299],[53.334,39.385],[53.66,39.318],[53.775,39.136],[54.033,38.993],[54.071,38.897],[53.937,38.571],[53.937,38.159],[53.88,38.025],[54.015,37.348],[54.214,37.337],[54.467,37.396],[54.676,37.531],[54.956,37.825],[55.17,37.973],[55.356,38.038],[55.63,38.052],[55.981,38.035],[56.131,38.048],[56.363,38.202],[56.517,38.261],[57.225,38.188],[58.642,38.704],[59.839,39.165],[61.59,39.349],[63.34,38.889],[64.814,38.244],[65.725,37.49],[65.979,37.358],[66.677,37.241],[67.515,37.214],[67.622,37.157],[67.856,36.853],[67.965,36.834],[68.184,36.899],[68.445,37.053],[68.707,37.182],[68.853,37.183],[69.136,37.076],[69.308,37.084],[69.537,37.282],[69.567,37.505],[69.698,37.531],[70.022,37.457],[70.221,37.528],[70.315,37.63],[70.334,37.936],[70.53,38.129],[70.59,38.292],[70.719,38.365],[70.961,38.347],[71.22,38.145],[71.149,37.876],[71.367,37.918],[71.444,37.834],[71.387,37.37],[71.303,37.17],[71.467,36.752],[71.524,36.714],[71.848,36.716],[72.183,36.939],[72.448,36.968],[72.714,37.186],[72.067,39.13],[71.46,39.13],[71.46,39.738],[72.241,39.912],[72.849,40.606],[73.196,40.519],[73.885,39.88],[74.009,39.963],[74.648,40.28],[75.43,40.61],[75.592,40.624],[75.701,40.337],[75.856,40.312],[76.084,40.377],[76.482,40.437],[76.602,40.546],[76.811,40.899],[77.02,41.112],[77.128,41.125],[77.689,41.019],[77.896,41.027],[78.111,41.073],[78.401,41.228],[78.688,41.543],[78.871,41.679],[79.071,41.744],[79.673,41.901],[80.109,42],[80.256,42.084],[80.279,42.154],[80.202,42.628],[80.211,42.808],[80.355,42.989],[80.673,43.234],[80.772,43.382],[80.719,43.594],[80.433,44.075],[80.42,44.686],[80.202,44.749],[80.037,44.722],[79.932,44.805],[80.06,45.038],[80.237,45.123],[81.046,45.237],[81.69,45.357],[81.915,45.274],[82.425,45.167],[82.602,45.2],[82.777,45.375],[82.72,45.504],[82.44,45.735],[82.501,45.923],[82.827,46.553],[83.06,47.067],[83.252,47.295],[84.336,47.054],[84.967,47.019],[85.29,47.046],[85.478,47.093],[85.678,47.269],[85.749,47.445],[85.653,47.762],[85.609,48.1],[85.762,48.361],[85.954,48.486],[86.494,48.528],[86.624,48.555],[86.762,48.653],[86.783,48.992],[86.908,49.11],[87.152,49.177],[87.758,49.2],[87.938,49.253],[88.297,49.444],[88.567,49.537],[89.191,49.573],[89.462,49.639],[89.796,49.816],[90,50.128],[90,50.307],[91.102,50.46],[91.782,50.674],[92.16,50.755],[92.589,50.712],[93.008,50.641],[93.323,50.621],[94.21,51.32],[93.567,52.349],[95.187,53.796],[95.866,53.796],[97.319,52.826],[97.61,52.148],[98.918,52.037],[99.295,51.946],[99.758,51.903],[101.011,51.672],[101.772,51.425],[102.117,51.361],[102.182,51.269],[102.184,51.026],[102.266,50.809],[102.45,50.606],[102.639,50.456],[103.378,50.217],[103.681,50.166],[104.797,50.409],[105.155,50.443],[106.323,50.417],[106.668,50.314],[107.549,49.827],[108.058,49.686],[108.424,49.518],[109.017,49.404],[109.424,49.296],[110.2,49.241],[111.378,49.319],[112.524,49.462],[112.761,49.535],[113.033,49.654],[113.235,49.831],[113.574,50.055],[114.098,50.274],[114.523,50.296],[114.856,50.226],[115.194,49.998],[115.347,49.94],[115.734,49.864],[116.286,49.998],[116.566,50.006],[116.984,49.845],[117.491,49.586],[117.842,49.634],[118.94,49.972],[119.291,50.125],[119.346,50.23],[119.322,50.368],[119.164,50.524],[119.182,50.702],[119.372,50.893],[119.86,51.488],[120.129,51.733],[120.746,52.007],[120.821,52.364],[120.773,52.476],[120.564,52.614],[120.313,52.626],[119.943,52.591],[119.997,52.704],[120.702,53.185],[121.188,53.32],[122.022,53.384],[122.399,53.439],[123.353,53.51],[123.869,53.413],[124.336,53.197],[124.643,53.112],[125.267,53.169],[125.509,53.157],[125.853,52.947],[126.186,52.518],[126.676,51.445],[127.099,50.731],[127.516,49.874],[127.712,49.699],[127.94,49.609],[128.501,49.456],[129.187,49.342],[130.384,48.964],[130.476,48.9],[130.807,47.933],[130.925,47.732],[132.269,47.778],[132.969,48.016],[133.58,48.155],[134.112,48.249],[134.518,48.264],[134.628,48.213],[134.71,47.921],[134.717,47.694],[134.462,47.511],[134.165,47.335],[134.034,47.016],[133.909,46.614],[133.667,46.135],[133.385,45.649],[132.989,45.144],[132.778,44.988],[132.531,45.032],[131.918,45.241],[131.74,45.259],[130.991,44.817],[130.969,44.567],[131.118,44.163],[131.147,43.868],[131.133,43.419],[131.089,43.361],[131.14,43.227],[131.069,43.079],[130.84,42.885],[130.226,42.651],[130.36,42.454],[130.435,42.277],[131.065,42.749],[131.357,42.994],[131.584,43.213],[131.865,43.29],[131.675,43.027],[131.883,43.072],[132.182,43.195],[132.333,42.964],[132.485,42.88],[132.594,42.9],[132.827,42.862],[132.953,42.67],[133.312,42.779],[134.139,42.993],[134.569,43.212],[134.962,43.515],[135.156,43.721],[135.415,44.037],[135.693,44.224],[136.034,44.398],[136.179,44.547],[136.285,44.753],[136.494,44.966],[137.721,45.997],[137.985,46.269],[138.352,46.873],[138.949,47.322],[139.047,47.615],[139.214,47.811],[140.081,48.503],[140.328,49.358],[140.372,49.691],[140.457,50.104],[140.323,50.518],[140.405,50.827],[140.73,51.441],[141.126,51.872],[141.257,52.103],[141.161,52.209],[140.939,52.262],[141.091,52.587],[141.032,52.726],[140.828,52.825],[141.09,52.985],[141.121,53.052],[140.894,53.197],[140.702,53.277],[140.321,53.536],[140.102,53.802],[139.806,53.961],[139.378,54.08],[138.417,54.092],[138.409,53.805],[138.234,53.572],[137.979,53.465],[137.239,53.457],[137.071,53.489],[137.122,53.589],[137.383,53.81],[137.041,53.862],[136.77,53.695],[136.487,53.655],[136.351,53.701],[136.344,53.888],[136.492,54.455],[136.196,54.475],[135.726,54.407],[135.095,54.433],[134.902,54.559],[134.894,54.72],[134.985,54.854],[135.27,55.029],[136.119,55.421],[136.521,55.59],[137.229,55.983],[137.602,56.24],[138.346,56.804],[138.867,57.124],[139.294,57.336],[140.029,57.644],[140.5,58.171],[140.587,58.239],[141.35,58.501],[141.591,58.728],[141.924,58.941],[142.358,59.141],[142.846,59.273],[143.303,59.267],[144.39,59.31],[144.846,59.283],[145.404,59.326],[145.496,59.209],[145.513,59.037],[145.653,58.975],[145.957,58.983],[146.054,59.251],[146.307,59.286],[147,59.191],[147.352,59.233],[147.919,59.261],[148.416,59.097],[148.63,59.194],[148.747,59.297],[148.728,59.476],[149.045,59.587],[149.38,59.608],[149.73,59.595],[150.12,59.389],[150.279,59.362],[150.663,59.432],[151.14,59.44],[151.524,59.344],[151.857,59.056],[151.056,58.924],[151.007,58.793],[151.354,58.691],[151.691,58.753],[152.191,58.926],[152.504,58.769],[152.828,58.948],[153.14,59.01],[153.454,58.949],[153.924,58.922],[154.387,59.04],[154.906,59.103],[154.753,59.281],[154.182,59.301],[153.944,59.397],[153.943,59.569],[154.092,59.776],[154.316,59.983],[154.693,60.199],[155.152,60.394],[155.734,60.555],[155.667,60.778],[155.851,60.883],[156.418,61.121],[156.381,61.205],[156.423,61.401],[156.825,61.563],[157.098,61.633],[158.841,61.784],[159.106,61.707],[159.231,61.546],[159.455,61.561],[159.966,61.765],[160.118,61.751],[160.149,61.66],[159.857,61.302],[159.744,61.1],[159.816,60.981],[160.236,60.947],[160.007,60.591],[160.119,60.564],[160.645,60.718],[161.536,61.187],[162.235,61.51],[162.749,61.609],[162.711,61.763],[163.009,62.178],[162.99,62.326],[163.34,62.411],[164.138,62.533],[165.067,62.436],[165.286,62.288],[165.055,62.26],[164.277,62.223],[164.008,62.131],[163.926,61.955],[163.942,61.737],[163.576,61.33],[163.831,61.233],[163.793,61.128],[163.445,60.89],[163.329,60.695],[162.381,60.464],[161.818,60.268],[161.701,60.074],[161.535,59.942],[160.844,59.554],[159.649,58.954],[159.586,58.803],[159.393,58.61],[159.104,58.425],[158.326,58.027],[157.962,57.883],[157.511,57.745],[156.777,57.58],[156.878,57.363],[156.558,56.947],[156.236,56.757],[155.703,56.37],[155.628,56.268],[155.506,55.64],[155.453,55.276],[155.465,54.92],[155.583,54.552],[155.707,54.065],[155.711,53.805],[155.942,53.193],[156.038,52.781],[156.175,52.609],[156.333,52.272],[156.362,51.914],[156.475,51.604],[156.564,51.234],[156.696,50.958],[156.825,51.004],[157.21,51.229],[157.898,51.666],[158.258,52.017],[158.39,52.203],[158.462,52.587],[158.461,52.826],[158.788,52.959],[159.32,53.126],[159.592,53.134],[159.897,53.241],[159.905,53.4],[159.683,53.579],[159.633,53.706],[159.695,53.859],[159.931,54.086],[160.404,54.368],[160.683,54.448],[161.136,54.409],[161.567,54.423],[161.876,54.564],[162.008,54.738],[161.939,54.845],[161.647,54.985],[161.503,55.287],[161.609,55.557],[161.861,55.861],[162.318,56.24],[162.522,56.349],[162.722,56.342],[162.547,56.105],[162.555,56.011],[162.771,55.917],[163.009,55.944],[163.166,56.106],[163.172,56.384],[163.098,56.56],[162.744,56.6],[162.613,56.803],[162.512,57.033],[162.593,57.17],[162.932,57.374],[163.128,57.552],[163.078,57.626],[162.826,57.701],[162.204,57.679],[161.989,57.72],[161.8,57.863],[161.804,58.102],[161.938,58.259],[162.22,58.486],[162.907,58.891],[162.753,58.966],[162.835,59.056],[163.255,59.29],[163.1,59.359],[163.043,59.462],[163.106,59.579],[163.389,59.814],[163.767,59.884],[164.111,60.078],[164.328,59.961],[164.442,59.74],[164.585,59.665],[164.882,59.734],[164.933,59.962],[165.415,60.115],[165.78,60.354],[165.956,60.311],[166.203,60.353],[165.945,59.771],[166.027,59.709],[166.868,60.173],[167.104,60.271],[168.211,60.433],[168.671,60.455],[169.154,60.435],[169.456,60.296],[169.614,60.012],[169.877,59.875],[170.06,59.882],[170.273,60.013],[170.337,60.277],[170.52,60.34],[171.072,60.452],[171.248,60.654],[172,60.858],[172.108,60.983],[172.492,61.263],[172.918,61.278],[173.126,61.369],[173.343,61.552],[173.481,61.601],[173.927,61.616],[174.25,61.715],[174.542,61.891],[175.173,61.969],[176.549,62.38],[176.832,62.676],[177.19,62.67],[177.135,62.55],[177.291,62.487],[178.25,62.383],[178.452,62.32],[178.738,62.299],[179.049,62.391],[179.242,62.526],[179.288,62.815],[178.932,62.765],[179.004,62.97],[178.939,63.083],[178.714,63.154],[178.501,63.38],[178.344,63.458],[178.078,63.429],[178.403,63.664],[178.288,63.913],[178.177,64.005],[178.147,64.157],[177.813,64.047],[178.011,64.192],[177.535,64.09],[177.193,64.21],[177.082,64.303],[177.082,64.517],[176.753,64.571],[176.468,64.409],[175.9,64.547],[176.156,64.678],[175.965,64.904],[176.18,64.868],[176.332,64.773],[176.712,64.782],[177.135,64.927],[177.026,64.844],[177.251,64.856],[177.374,64.761],[177.427,64.607],[178.004,64.548],[178.726,64.606],[179.016,64.773],[179.309,64.786],[180,64.953],[180,65.069],[180,68.98],[178.965,69.229],[178.629,69.259],[177.705,69.49],[177.079,69.534],[176.546,69.623],[176.192,69.713],[175.611,69.779],[174.574,69.785],[173.637,69.761],[173.008,69.692],[172.908,69.835],[172.359,69.909],[170.452,70.019],[170.056,69.611],[170.431,69.559],[170.905,69.034],[170.833,68.922],[170.089,68.779],[169.389,68.717],[169.113,68.784],[168.986,68.963],[168.592,69.112],[168.1,69.232],[167.32,69.659],[166.7,69.432],[166.309,69.378],[164.636,69.413],[164.318,69.465],[164.054,69.66],[163.722,69.674],[163.038,69.545],[161.961,69.528],[161.416,69.354],[161.171,69.159],[160.862,69.083],[160.674,69.27],[160.682,69.578],[160.392,69.616],[159.673,69.652],[159.444,69.765],[159.573,69.999],[159.628,70.22],[159.466,70.395],[159.229,70.547],[158.934,70.623],[158.409,70.814],[157.396,70.928],[156.043,70.987],[155.049,70.939],[153.404,70.728],[152.791,70.681],[152.134,70.664],[151.899,70.733],[151.645,70.894],[151.48,71.086],[151.119,71.255],[150.694,71.347],[149.715,71.438],[148.711,71.629],[149.722,71.895],[149.53,72.027],[148.698,72.166],[148.159,72.196],[146.915,72.202],[146.186,71.842],[145.746,71.694],[145.1,71.576],[144.801,71.591],[144.881,71.723],[145.678,71.927],[145.815,72.098],[145.665,72.161],[145.21,72.121],[144.82,72.143],[145.6,72.426],[144.562,72.456],[142.2,72.679],[141.294,72.787],[140.589,72.495],[140.215,72.432],[139.312,72.383],[138.969,72.211],[139.339,72.164],[139.848,72.236],[139.739,71.838],[139.826,71.628],[139.744,71.404],[139.159,71.418],[138.675,71.618],[138.446,71.61],[138.119,71.47],[138.175,71.362],[137.855,71.13],[137.63,71.075],[136.765,71.406],[136.227,71.513],[135.861,71.543],[135.511,71.512],[134.623,71.301],[134.241,71.262],[133.744,71.323],[133.138,71.453],[132.791,71.592],[132.684,71.801],[132.554,71.809],[132.284,71.661],[131.792,71.188],[131.413,70.864],[131.055,70.687],[130.779,70.678],[130.172,70.815],[129.355,71.176],[128.432,71.755],[128.17,71.832],[127.418,72.142],[127.121,72.212],[126.225,72.249],[126.216,72.382],[127.314,72.714],[128.525,72.952],[128.499,73.126],[127.72,73.402],[127.097,73.416],[126.487,73.383],[125.717,73.398],[124.818,73.658],[124.222,73.697],[123.41,73.481],[123.515,73.172],[122.882,72.753],[122.243,72.909],[121.7,72.9],[120.579,72.835],[119.417,72.967],[118.498,73.036],[118.338,73.186],[118.46,73.519],[117.535,73.549],[116.671,73.619],[115.611,73.625],[114.934,73.56],[114.187,73.551],[113.547,73.201],[113.312,73.383],[113.308,73.613],[113.222,73.748],[112.997,73.78],[112.477,73.659],[111.762,73.658],[111.215,73.768],[110.944,73.943],[110.551,74.038],[110.29,73.942],[110.178,73.798],[110.4,73.743],[110.442,73.568],[109.991,73.44],[108.75,73.263],[107.804,73.143],[107.25,73.134],[106.502,73.061],[106.087,72.855],[105.6,72.744],[105.279,72.752],[106.208,73.259],[107.266,73.522],[108.34,73.691],[110.055,74.254],[111.587,74.731],[112.111,74.78],[112.577,74.886],[113.625,75.273],[113.113,75.494],[113.723,75.869],[113.533,76.094],[112.822,76.059],[112.589,76.259],[112.057,76.451],[111.427,76.568],[110.548,76.642],[109.94,76.633],[109.656,76.691],[108.86,76.648],[108.244,76.646],[107.771,76.401],[107.666,76.443],[106.404,76.432],[106.537,76.567],[107.071,76.771],[107.16,76.949],[106.243,76.913],[105.528,76.98],[104.705,76.928],[104.485,76.995],[104.782,77.149],[105.47,77.329],[105.45,77.449],[105.063,77.569],[103.947,77.592],[103.393,77.558],[102.39,77.375],[101.69,77.203],[101.166,77.006],[101.112,76.853],[101.389,76.625],[100.83,76.455],[99.983,76.437],[99.774,76.285],[99.779,76.059],[99.467,75.967],[98.716,76.074],[98.289,76.057],[97.116,75.871],[96.658,75.853],[95.982,75.902],[96.139,76.086],[95.967,76.169],[94.694,76.184],[93.592,75.881],[92.671,75.763],[91.635,75.653],[90,75.602],[90,75.559],[89.285,75.466],[87.922,75.06],[87.487,74.961],[86.958,74.782],[86.814,74.435],[86.978,74.299],[87.541,74.1],[87.691,73.9],[87.57,73.772],[87.14,73.604],[86.124,73.451],[86.326,73.634],[86.757,73.787],[86.492,73.874],[85.856,73.825],[85.001,73.576],[84.829,73.6],[84.616,73.743],[83.977,73.67],[83.02,73.612],[81.877,73.602],[80.838,73.553],[80.501,73.425],[80.464,73.314],[80.829,73.014],[80.844,72.58],[80.982,72.447],[81.585,72.354],[82.026,72.245],[82.321,72.222],[82.436,72.051],[83.202,71.826],[83.561,71.624],[83.168,71.182],[83.657,70.598],[83.677,70.46],[83.036,70.245],[83.076,70.582],[82.804,70.819],[82.675,70.842],[82.502,70.711],[82.196,70.358],[82.046,70.419],[82.104,70.856],[82.215,71.204],[82.88,71.491],[82.818,71.646],[82.491,71.568],[81.671,71.574],[80.828,71.767],[80.339,72.008],[79.703,72.178],[79.223,72.271],[78.647,72.262],[78.086,72.175],[78.126,71.848],[77.79,71.777],[77.275,71.815],[77.075,71.892],[76.457,71.868],[76.333,71.72],[76.607,71.518],[76.866,71.449],[78.137,71.374],[78.372,71.251],[78.609,70.85],[78.105,70.841],[77.736,71.025],[77.002,71.063],[75.671,71.199],[75.284,71.446],[75.221,71.648],[75.297,71.897],[75.583,72.171],[75.666,72.414],[75.617,72.625],[75.016,72.719],[75.075,72.42],[74.921,72.029],[74.587,71.872],[74.137,71.755],[73.591,71.707],[73.217,71.458],[73.271,71.373],[73.698,71.141],[74.189,70.673],[74.25,70.573],[74.122,70.366],[73.791,70.052],[73.654,69.756],[73.908,69.275],[73.915,69.154],[74.318,69.163],[74.902,69.081],[75.598,69.21],[76.538,69.084],[77.03,68.98],[77.406,68.936],[77.636,68.816],[77.978,68.145],[77.514,67.973],[77.483,67.803],[77.689,67.758],[77.946,67.774],[78.536,67.612],[78.478,67.479],[78.089,67.411],[77.505,67.432],[77.091,67.528],[76.955,67.653],[77.108,68.114],[77.04,68.464],[76.661,68.672],[76.328,68.776],[75.537,68.775],[74.916,68.706],[74.505,68.593],[74.395,68.347],[74.669,68.102],[74.771,67.849],[74.742,67.686],[74.353,67.404],[73.985,67.263],[73.69,66.865],[73.165,66.644],[72.557,66.496],[72.209,66.173],[71.794,66.158],[71.26,66.223],[70.983,66.2],[70.474,66.236],[69.767,66.33],[69.435,66.424],[69.173,66.548],[69.085,66.688],[69.355,66.739],[69.792,66.755],[70.121,66.719],[70.84,66.551],[71.544,66.714],[71.4,66.949],[71.93,67.156],[72.485,67.438],[72.838,67.646],[72.988,67.794],[73.175,68.166],[73.394,68.382],[73.309,68.517],[72.846,68.635],[72.643,68.807],[72.526,69.069],[72.551,69.656],[72.437,70.187],[72.774,70.455],[72.68,70.824],[72.555,70.977],[72.136,71.278],[71.798,71.432],[71.898,71.587],[72.498,71.962],[72.655,72.118],[72.845,72.495],[72.853,72.644],[72.714,72.77],[72.455,72.824],[71.976,72.8],[71.663,72.831],[70.214,72.733],[69.343,72.834],[69.057,72.645],[68.812,72.095],[68.551,71.822],[68.316,71.635],[67.823,71.417],[67.155,71.23],[66.98,71.214],[66.818,71.105],[66.67,70.866],[66.775,70.736],[67.285,70.706],[67.398,70.599],[67.422,70.223],[67.277,70.071],[66.965,69.956],[66.799,69.744],[66.884,69.623],[67.779,69.557],[68.106,69.429],[68.094,69.136],[68.258,68.941],[68.512,68.837],[69.109,68.83],[69.003,68.695],[68.488,68.224],[68.215,68.201],[66.584,68.886],[65.355,69.183],[64.873,69.228],[63.923,69.459],[63.412,69.549],[62.281,69.705],[61.03,69.741],[60.849,69.71],[60.369,69.468],[60.986,69.003],[60.934,68.815],[60.756,68.673],[60.512,68.59],[60.079,68.619],[59.925,68.581],[59.892,68.402],[59.762,68.297],[59.502,68.289],[59.12,68.393],[59.062,68.497],[59.346,68.7],[59.199,68.774],[58.77,68.856],[58.409,68.833],[57.959,68.705],[57.526,68.495],[57.024,68.449],[56.54,68.553],[56.195,68.567],[55.335,68.483],[55.126,68.401],[54.996,68.207],[54.752,68.05],[54.576,68.161],[54.38,68.161],[53.626,68.048],[53.317,68.136],[53.396,68.3],[53.782,68.338],[53.808,68.607],[53.889,68.787],[53.502,68.816],[53.006,68.681],[52.939,68.471],[52.72,68.351],[52.463,68.299],[52.337,68.336],[52.245,68.545],[51.831,68.409],[51.139,68.266],[50.496,68.153],[49.63,67.936],[49.186,67.839],[48.635,67.652],[48.081,67.562],[47.953,67.377],[47.706,66.89],[47.571,66.816],[46.402,66.719],[46.077,66.762],[45.715,66.85],[45.386,67.099],[44.957,67.231],[44.871,67.312],[45.093,67.542],[45.463,67.639],[46.634,67.701],[46.439,67.908],[46.162,68.108],[45.863,68.383],[45.58,68.443],[44.668,68.389],[44.012,68.492],[43.853,68.469],[43.822,68.327],[44.169,68.097],[44.261,67.83],[44.216,67.718],[43.704,67.266],[43.838,67.163],[44.219,67.09],[44.362,66.906],[44.384,66.612],[44.122,66.267],[44.029,66.011],[43.876,66.011],[43.241,66.251],[42.211,66.41],[42.133,66.388],[41.623,66.065],[41.354,65.955],[40.681,65.794],[39.951,65.581],[39.823,65.436],[39.979,65.153],[40.366,64.858],[40.462,64.75],[40.44,64.564],[40.322,64.463],[39.997,64.541],[39.622,64.476],[39.193,64.511],[38.253,64.703],[37.604,64.853],[37.102,65.068],[36.884,65.068],[36.569,64.765],[36.997,64.407],[37.262,64.314],[37.668,64.343],[37.88,64.308],[38.054,64.129],[38.054,63.986],[37.945,63.85],[37.591,63.807],[37.411,63.749],[36.988,63.841],[36.421,63.876],[36.24,63.919],[36.015,64.197],[35.623,64.254],[35.082,64.288],[34.885,64.367],[34.773,64.682],[34.426,65.107],[34.293,65.396],[34.601,65.484],[34.726,65.615],[34.726,65.797],[34.544,66.001],[34.258,66.11],[33.844,66.182],[33.47,66.313],[32.971,66.583],[32.754,66.649],[32.425,66.891],[32.219,66.994],[32.644,67.046],[32.991,66.988],[33.158,66.914],[33.437,66.702],[34.153,66.63],[35.168,66.412],[35.772,66.259],[36.505,66.172],[37.422,66.094],[38.048,66.007],[38.782,66.001],[39.19,66.039],[39.978,66.201],[40.345,66.319],[40.836,66.561],[41.147,66.782],[41.255,66.937],[41.209,67.069],[41.017,67.202],[40.951,67.335],[40.973,67.534],[40.826,67.66],[39.918,67.94],[38.668,68.146],[38.406,68.243],[37.689,68.63],[37.246,68.793],[36.018,69.024],[35.437,69.15],[34.934,69.149],[33.818,69.192],[33.628,69.215],[33.316,69.071],[33.281,69.342],[32.596,69.424],[32.352,69.514],[32.191,69.642],[32.072,69.883],[31.782,69.777],[31.331,69.663],[31.054,69.64],[30.641,69.418],[30.27,69.409],[29.924,69.355],[29.463,69.134],[29.007,68.832],[28.697,68.696],[28.74,68.95],[29.133,69.366],[29.113,69.486],[28.717,69.642],[28.415,69.694],[27.909,69.888],[26.507,69.812],[26.118,69.644],[25.863,69.454],[25.746,69.258],[25.625,68.807],[25.063,68.595],[24.801,68.429],[24.082,68.717],[23.336,68.616],[22.701,68.635],[22.46,68.694],[21.625,69.237],[21.406,69.273],[21.246,69.228],[20.791,68.932],[21.133,68.709],[21.712,68.413],[22.201,68.281],[22.913,68.188],[23.141,68.085],[23.488,67.834],[23.458,67.412],[23.686,67.125],[23.868,66.817],[23.881,66.641],[23.656,66.28],[23.749,66.04],[23.948,65.797],[24.215,65.786],[24.591,65.583],[25.104,65.54],[25.252,65.417],[25.133,65.076],[25.352,64.939],[25.325,64.802],[24.932,64.816],[24.47,64.636],[24.094,64.377],[23.58,64.082],[22.826,63.581],[22.704,63.581],[22.569,63.723],[22.476,63.602],[22.429,63.395],[22.292,63.203],[22.075,63.103],[21.666,63.187],[21.495,63.123],[21.546,62.974],[21.481,62.889],[21.195,62.761],[21.062,62.612],[21.034,62.477],[21.338,62.344],[21.346,62.167],[21.211,61.871],[21.405,61.702],[21.561,61.485],[21.498,61.183],[21.427,61.015],[21.443,60.694],[21.56,60.512],[21.747,60.408],[21.931,60.381],[22.221,60.259],[22.421,60.293],[22.392,60.121],[22.625,60.201],[23.005,60.209],[22.882,60.056],[22.982,59.932],[23.201,59.818],[23.665,59.836],[23.961,59.932],[23.979,59.881],[24.281,59.938],[24.421,59.87],[24.516,59.989],[24.969,60.087],[24.993,60.03],[25.146,60.11],[25.45,60.138],[25.581,60.262],[25.846,60.115],[25.89,60.236],[26.323,60.27],[26.443,60.333],[26.552,60.571],[26.526,60.396],[26.613,60.348],[26.922,60.316],[26.946,60.376],[27.178,60.442],[27.406,60.345],[27.474,60.426],[28.011,60.511],[28.522,60.623],[28.551,60.533],[28.435,60.337],[28.569,60.198],[28.969,60.109],[29.511,60.145],[29.687,60.131],[29.953,59.986],[30.127,59.806],[29.963,59.737],[29.765,59.736],[29.414,59.86],[29.076,59.908],[28.796,59.672],[28.663,59.644],[28.444,59.734],[28.309,59.664],[28.266,59.562],[28.094,59.665],[27.942,59.648],[27.897,59.534],[28.016,59.454],[27.894,59.346],[27.702,59.298],[27.265,59.338],[26.999,59.318],[26.862,59.372],[26.343,59.447],[25.721,59.46],[25.49,59.42],[25.449,59.494],[25.248,59.362],[24.751,59.448],[24.714,59.352],[24.538,59.323],[24.342,59.369],[24.282,59.284],[24.03,59.235],[24.032,59.176],[23.416,59.119],[23.457,59.005],[23.338,58.972],[23.432,58.858],[23.361,58.767],[23.512,58.581],[23.69,58.665],[23.671,58.241],[23.908,58.224],[24.058,58.112],[24.331,58.308],[24.497,58.213],[24.414,58.106],[24.416,57.948],[24.236,57.728],[24.346,57.16],[24.266,57.03],[24.158,56.975],[23.768,56.866],[23.414,56.892],[23.215,56.981],[23.071,57.261],[22.881,57.334],[22.585,57.509],[22.564,57.616],[21.677,57.464],[21.46,57.25],[21.34,57.177],[21.324,56.854],[21.022,56.684],[20.965,56.609],[20.916,56.097],[20.945,56.07],[21.276,55.861],[21.684,55.353],[22.584,55.009],[22.794,54.902],[22.824,54.787],[22.724,54.733],[22.662,54.571],[22.699,54.415],[22.74,53.95],[22.807,53.808],[21.117,53.269],[20.702,53.321],[20.477,53.131],[20.097,53.182],[20.011,53.044],[19.579,53.079],[19.492,53.165],[19.423,53.113],[19.285,53.165],[18.991,53.131],[18.95,53.04],[18.842,53.067],[18.761,52.932],[18.572,52.824],[18.653,52.716],[18.518,52.662],[18.518,52.554],[18.599,52.5],[18.464,52.392],[18.086,52.392],[17.897,52.176],[18.005,51.879],[18.14,51.825],[18.113,51.771],[18.14,50.988],[18.646,50.645],[18.769,50.177]],[[30.293,61.005],[29.825,61.216],[29.891,61.295],[30.079,61.243],[30.174,61.314],[30.239,61.515],[30.466,61.487],[30.852,61.775],[31.026,61.714],[31.098,61.62],[31.365,61.627],[31.576,61.437],[31.637,61.463],[31.899,61.324],[32.527,61.118],[32.593,60.998],[32.765,60.886],[32.844,60.712],[32.944,60.643],[32.841,60.497],[32.6,60.533],[32.677,60.392],[32.612,60.245],[32.5,60.177],[32.26,60.154],[32.196,60.195],[31.843,60.248],[31.699,60.236],[31.548,60.072],[31.567,59.967],[31.455,59.907],[31.043,59.951],[31.145,60.006],[31.109,60.146],[30.957,60.264],[30.724,60.562],[30.534,60.63],[30.528,60.812],[30.293,61.005]],[[78.823,46.795],[78.991,46.749],[79.084,46.81],[79.222,46.72],[79.217,46.61],[79.095,46.582],[79.023,46.447],[78.89,46.37],[78.465,46.392],[78.462,46.313],[78.317,46.35],[78.161,46.319],[78.018,46.343],[77.817,46.439],[77.726,46.407],[77.429,46.5],[77.104,46.454],[76.742,46.532],[76.238,46.555],[76.033,46.512],[75.867,46.536],[75.611,46.507],[75.404,46.61],[75.448,46.498],[75.278,46.515],[75.212,46.427],[75.093,46.461],[74.888,46.377],[74.771,46.108],[74.55,46.006],[74.278,46.004],[74.303,45.79],[74.245,45.74],[74.289,45.651],[74.101,45.537],[74.083,45.352],[74.151,45.317],[74.12,45],[74.017,45.013],[73.981,45.204],[73.84,45.264],[73.615,45.513],[73.465,45.582],[73.444,45.657],[73.532,45.734],[73.451,45.78],[73.56,45.816],[73.737,46.013],[73.646,46.15],[73.775,46.206],[73.982,46.186],[73.95,46.288],[74.094,46.428],[74.28,46.47],[74.524,46.623],[74.625,46.752],[74.939,46.817],[75.089,46.814],[75.201,46.759],[75.427,46.738],[75.826,46.818],[76.203,46.78],[76.496,46.636],[76.668,46.673],[76.793,46.631],[77.082,46.625],[77.175,46.556],[77.266,46.611],[77.69,46.659],[78.136,46.595],[78.297,46.469],[78.397,46.658],[78.476,46.625],[78.63,46.747],[78.761,46.724],[78.823,46.795]],[[109.955,55.672],[109.861,55.575],[109.857,55.446],[109.744,55.14],[109.765,55.04],[109.607,54.676],[109.544,54.629],[109.49,54.38],[109.556,54.154],[109.5,54.061],[109.244,53.869],[109.178,53.638],[109.009,53.668],[109.061,53.831],[108.994,53.869],[108.836,53.807],[108.532,53.513],[108.842,53.587],[108.989,53.45],[108.931,53.344],[108.768,53.281],[108.661,53.302],[108.302,53.109],[108.335,53.038],[108.234,52.946],[107.948,52.78],[107.763,52.714],[107.387,52.648],[106.938,52.475],[106.752,52.317],[106.497,52.383],[106.314,52.323],[106.187,51.956],[105.967,51.774],[105.798,51.701],[105.435,51.614],[105.065,51.557],[104.826,51.49],[104.39,51.5],[104.156,51.535],[103.817,51.634],[103.713,51.694],[103.791,51.732],[104.133,51.769],[104.537,51.784],[104.721,51.849],[105.165,51.906],[105.57,52.108],[105.86,52.387],[106.06,52.512],[106.452,52.656],[106.881,52.973],[106.774,53.022],[107.072,53.241],[107.535,53.439],[107.627,53.611],[108.062,53.849],[108.224,53.976],[108.473,54.277],[108.593,54.492],[108.786,54.672],[108.933,54.898],[109.171,55.194],[109.213,55.405],[109.193,55.536],[109.576,55.771],[109.847,55.755],[109.955,55.672]],[[36.406,61.411],[36.395,61.206],[36.279,61.114],[35.88,60.948],[35.829,60.867],[35.551,60.938],[35.45,61.023],[35.184,61.005],[34.796,61.096],[34.838,61.194],[34.974,61.212],[35.231,61.165],[35.078,61.151],[35.142,61.077],[35.583,61.034],[35.611,61.197],[35.457,61.356],[35.154,61.485],[34.63,61.654],[34.315,61.869],[34.562,61.824],[34.537,61.999],[34.255,62.169],[34.257,62.262],[33.978,62.408],[34.027,62.512],[34.328,62.264],[34.343,62.199],[34.653,62.109],[34.609,62.339],[34.696,62.365],[34.547,62.498],[34.641,62.489],[35.029,62.078],[35.165,62.081],[35.052,62.212],[35.341,62.149],[35.554,62.236],[35.54,62.354],[35.352,62.523],[34.943,62.643],[34.839,62.591],[34.621,62.712],[34.48,62.874],[34.533,62.916],[34.91,62.815],[35.464,62.604],[35.74,62.52],[35.823,62.352],[35.689,62.04],[36.247,61.493],[36.406,61.411]]],[[[107.438,53.103],[107.767,53.267],[107.744,53.399],[107.584,53.283],[106.995,53.107],[106.963,53.023],[107.438,53.103]]],[[[35.274,61.87],[35.347,61.998],[35.252,62.08],[35.16,61.859],[35.274,61.87]]]]},"properties":{"NAME":"Russian Empire","SUBJECTO":"Russian Empire","PARTOF":"Russian Empire","BORDERPRECISION":3}},
{"type":"Feature","geometry":{"type":"Polygon","coordinates":[[[-170.55,-14.298],[-170.537,-14.289],[-170.561,-14.288],[-170.55,-14.298]]]},"properties":{"NAME":"American Samoa","SUBJECTO":"American Samoa","PARTOF":"American Samoa","BORDERPRECISION":3}},
{"type":"Feature","geometry":{"type":"Polygon","coordinates":[[[-170.749,-14.374],[-170.57,-14.253],[-170.682,-14.258],[-170.826,-14.325],[-170.749,-14.374]]]},"properties":{"NAME":"American Samoa","SUBJECTO":"American Samoa","PARTOF":"American Samoa","BORDERPRECISION":3}},
{"type":"Feature","geometry":{"type":"Polygon","coordinates":[[[-169.509,-14.277],[-169.446,-14.227],[-169.537,-14.238],[-169.509,-14.277]]]},"properties":{"NAME":"American Samoa","SUBJECTO":"American Samoa","PARTOF":"American Samoa","BORDERPRECISION":3}},
{"type":"Feature","geometry":{"type":"Polygon","coordinates":[[[-169.631,-14.191],[-169.622,-14.169],[-169.641,-14.172],[-169.631,-14.191]]]},"properties":{"NAME":"American Samoa","SUBJECTO":"American Samoa","PARTOF":"American Samoa","BORDERPRECISION":3}},
{"type":"Feature","geometry":{"type":"Polygon","coordinates":[[[-169.687,-14.192],[-169.661,-14.183],[-169.683,-14.167],[-169.687,-14.192]]]},"properties":{"NAME":"American Samoa","SUBJECTO":"American Samoa","PARTOF":"American Samoa","BORDERPRECISION":3}},
{"type":"Feature","geometry":{"type":"Polygon","coordinates":[[[-178.706,-20.671],[-178.731,-20.646],[-178.733,-20.669],[-178.706,-20.671]]]},"properties":{"NAME":"Fiji","SUBJECTO":"Fiji","PARTOF":"Fiji","BORDERPRECISION":3}},
{"type":"Feature","geometry":{"type":"Polygon","coordinates":[[[-178.204,-19.827],[-178.222,-19.851],[-178.198,-19.836],[-178.204,-19.827]]]},"properties":{"NAME":"Fiji","SUBJECTO":"Fiji","PARTOF":"Fiji","BORDERPRECISION":3}},
{"type":"Feature","geometry":{"type":"Polygon","coordinates":[[[-178.393,-19.131],[-178.425,-19.178],[-178.397,-19.185],[-178.393,-19.131]]]},"properties":{"NAME":"Fiji","SUBJECTO":"Fiji","PARTOF":"Fiji","BORDERPRECISION":3}},
{"type":"Feature","geometry":{"type":"Polygon","coordinates":[[[179.758,-19.13],[179.74,-19.182],[179.797,-19.184],[179.758,-19.13]]]},"properties":{"NAME":"Fiji","SUBJECTO":"Fiji","PARTOF":"Fiji","BORDERPRECISION":3}},
{"type":"Feature","geometry":{"type":"Polygon","coordinates":[[[-178.546,-19.182],[-178.551,-19.118],[-178.597,-19.156],[-178.546,-19.182]]]},"properties":{"NAME":"Fiji","SUBJECTO":"Fiji","PARTOF":"Fiji","BORDERPRECISION":3}},
{"type":"Feature","geometry":{"type":"Polygon","coordinates":[[[178.172,-19.071],[178.303,-18.999],[178.337,-19.051],[178.498,-19.009],[178.468,-18.956],[178.345,-18.926],[178.182,-18.982],[177.956,-19.141],[178.094,-19.163],[178.172,-19.071]]]},"properties":{"NAME":"Fiji","SUBJECTO":"Fiji","PARTOF":"Fiji","BORDERPRECISION":3}},
{"type":"Feature","geometry":{"type":"Polygon","coordinates":[[[-178.937,-18.989],[-178.933,-18.937],[-178.972,-18.953],[-178.937,-18.989]]]},"properties":{"NAME":"Fiji","SUBJECTO":"Fiji","PARTOF":"Fiji","BORDERPRECISION":3}},
{"type":"Feature","geometry":{"type":"Polygon","coordinates":[[[-179.857,-19.012],[-179.84,-18.951],[-179.803,-18.986],[-179.789,-18.937],[-179.845,-18.923],[-179.857,-19.012]]]},"properties":{"NAME":"Fiji","SUBJECTO":"Fiji","PARTOF":"Fiji","BORDERPRECISION":3}},
{"type":"Feature","geometry":{"type":"Polygon","coordinates":[[[178.502,-18.935],[178.522,-18.86],[178.477,-18.883],[178.502,-18.935]]]},"properties":{"NAME":"Fiji","SUBJECTO":"Fiji","PARTOF":"Fiji","BORDERPRECISION":3}},
{"type":"Feature","geometry":{"type":"Polygon","coordinates":[[[-178.499,-18.675],[-178.473,-18.658],[-178.507,-18.635],[-178.499,-18.675]]]},"properties":{"NAME":"Fiji","SUBJECTO":"Fiji","PARTOF":"Fiji","BORDERPRECISION":3}},
{"type":"Feature","geometry":{"type":"Polygon","coordinates":[[[179.97,-18.549],[179.84,-18.572],[179.913,-18.642],[179.97,-18.549]]]},"properties":{"NAME":"Fiji","SUBJECTO":"Fiji","PARTOF":"Fiji","BORDERPRECISION":3}},
{"type":"Feature","geometry":{"type":"Polygon","coordinates":[[[177.663,-18.59],[177.652,-18.51],[177.619,-18.538],[177.663,-18.59]]]},"properties":{"NAME":"Fiji","SUBJECTO":"Fiji","PARTOF":"Fiji","BORDERPRECISION":3}},
{"type":"Feature","geometry":{"type":"Polygon","coordinates":[[[178.15,-18.407],[178.127,-18.354],[178.109,-18.408],[178.15,-18.407]]]},"properties":{"NAME":"Fiji","SUBJECTO":"Fiji","PARTOF":"Fiji","BORDERPRECISION":3}},
{"type":"Feature","geometry":{"type":"Polygon","coordinates":[[[-178.748,-18.201],[-178.843,-18.211],[-178.765,-18.248],[-178.748,-18.201]]]},"properties":{"NAME":"Fiji","SUBJECTO":"Fiji","PARTOF":"Fiji","BORDERPRECISION":3}},
{"type":"Feature","geometry":{"type":"Polygon","coordinates":[[[179.368,-18.088],[179.308,-17.948],[179.246,-18.036],[179.336,-18.121],[179.368,-18.088]]]},"properties":{"NAME":"Fiji","SUBJECTO":"Fiji","PARTOF":"Fiji","BORDERPRECISION":3}},
{"type":"Feature","geometry":{"type":"Polygon","coordinates":[[[-179.002,-17.94],[-179.068,-17.933],[-178.996,-17.99],[-179.002,-17.94]]]},"properties":{"NAME":"Fiji","SUBJECTO":"Fiji","PARTOF":"Fiji","BORDERPRECISION":3}},
{"type":"Feature","geometry":{"type":"Polygon","coordinates":[[[-178.298,-17.885],[-178.34,-17.956],[-178.239,-17.926],[-178.298,-17.885]]]},"properties":{"NAME":"Fiji","SUBJECTO":"Fiji","PARTOF":"Fiji","BORDERPRECISION":3}},
{"type":"Feature","geometry":{"type":"Polygon","coordinates":[[[179.417,-17.851],[179.416,-17.788],[179.386,-17.794],[179.417,-17.851]]]},"properties":{"NAME":"Fiji","SUBJECTO":"Fiji","PARTOF":"Fiji","BORDERPRECISION":3}},
{"type":"Feature","geometry":{"type":"Polygon","coordinates":[[[-179.282,-17.76],[-179.313,-17.726],[-179.331,-17.772],[-179.282,-17.76]]]},"properties":{"NAME":"Fiji","SUBJECTO":"Fiji","PARTOF":"Fiji","BORDERPRECISION":3}},
{"type":"Feature","geometry":{"type":"Polygon","coordinates":[[[178.828,-17.624],[178.757,-17.643],[178.772,-17.754],[178.853,-17.705],[178.828,-17.624]]]},"properties":{"NAME":"Fiji","SUBJECTO":"Fiji","PARTOF":"Fiji","BORDERPRECISION":3}},
{"type":"Feature","geometry":{"type":"Polygon","coordinates":[[[-179.128,-17.45],[-179.179,-17.433],[-179.162,-17.478],[-179.128,-17.45]]]},"properties":{"NAME":"Fiji","SUBJECTO":"Fiji","PARTOF":"Fiji","BORDERPRECISION":3}},
{"type":"Feature","geometry":{"type":"Polygon","coordinates":[[[178.693,-18.025],[178.621,-17.894],[178.591,-17.636],[178.281,-17.403],[178.193,-17.301],[178.171,-17.342],[177.959,-17.409],[177.82,-17.365],[177.51,-17.509],[177.388,-17.633],[177.43,-17.762],[177.257,-17.874],[177.248,-17.956],[177.333,-18.119],[177.516,-18.153],[177.864,-18.264],[178.155,-18.257],[178.273,-18.147],[178.532,-18.092],[178.588,-18.135],[178.693,-18.025]]]},"properties":{"NAME":"Fiji","SUBJECTO":"Fiji","PARTOF":"Fiji","BORDERPRECISION":3}},
{"type":"Feature","geometry":{"type":"Polygon","coordinates":[[[177.112,-17.314],[177.158,-17.265],[177.1,-17.271],[177.112,-17.314]]]},"properties":{"NAME":"Fiji","SUBJECTO":"Fiji","PARTOF":"Fiji","BORDERPRECISION":3}},
{"type":"Feature","geometry":{"type":"Polygon","coordinates":[[[-179.153,-17.247],[-179.153,-17.282],[-179.121,-17.259],[-179.153,-17.247]]]},"properties":{"NAME":"Fiji","SUBJECTO":"Fiji","PARTOF":"Fiji","BORDERPRECISION":3}},
{"type":"Feature","geometry":{"type":"Polygon","coordinates":[[[179.419,-17.243],[179.357,-17.259],[179.383,-17.4],[179.45,-17.303],[179.419,-17.243]]]},"properties":{"NAME":"Fiji","SUBJECTO":"Fiji","PARTOF":"Fiji","BORDERPRECISION":3}},
{"type":"Feature","geometry":{"type":"Polygon","coordinates":[[[-179.011,-17.182],[-178.986,-17.318],[-178.922,-17.198],[-179.011,-17.182]]]},"properties":{"NAME":"Fiji","SUBJECTO":"Fiji","PARTOF":"Fiji","BORDERPRECISION":3}},
{"type":"Feature","geometry":{"type":"Polygon","coordinates":[[[177.187,-17.117],[177.199,-17.17],[177.281,-17.052],[177.187,-17.117]]]},"properties":{"NAME":"Fiji","SUBJECTO":"Fiji","PARTOF":"Fiji","BORDERPRECISION":3}},
{"type":"Feature","geometry":{"type":"Polygon","coordinates":[[[178.277,-16.825],[178.338,-16.835],[178.33,-16.796],[178.277,-16.825]]]},"properties":{"NAME":"Fiji","SUBJECTO":"Fiji","PARTOF":"Fiji","BORDERPRECISION":3}},
{"type":"Feature","geometry":{"type":"Polygon","coordinates":[[[179.882,-16.964],[180,-16.966],[180,-16.787],[179.882,-16.964]]]},"properties":{"NAME":"Fiji","SUBJECTO":"Fiji","PARTOF":"Fiji","BORDERPRECISION":3}},
{"type":"Feature","geometry":{"type":"Polygon","coordinates":[[[-179.93,-16.71],[-180,-16.787],[-180,-16.966],[-179.821,-16.781],[-179.868,-16.679],[-179.93,-16.71]]]},"properties":{"NAME":"Fiji","SUBJECTO":"Fiji","PARTOF":"Fiji","BORDERPRECISION":3}},
{"type":"Feature","geometry":{"type":"Polygon","coordinates":[[[177.558,-16.722],[177.431,-16.844],[177.522,-16.79],[177.558,-16.722]]]},"properties":{"NAME":"Fiji","SUBJECTO":"Fiji","PARTOF":"Fiji","BORDERPRECISION":3}},
{"type":"Feature","geometry":{"type":"Polygon","coordinates":[[[179.887,-16.66],[179.943,-16.652],[179.948,-16.613],[179.887,-16.66]]]},"properties":{"NAME":"Fiji","SUBJECTO":"Fiji","PARTOF":"Fiji","BORDERPRECISION":3}},
{"type":"Feature","geometry":{"type":"Polygon","coordinates":[[[179.988,-16.538],[180,-16.538],[180,-16.494],[179.986,-16.502],[179.988,-16.538]]]},"properties":{"NAME":"Fiji","SUBJECTO":"Fiji","PARTOF":"Fiji","BORDERPRECISION":3}},
{"type":"Feature","geometry":{"type":"Polygon","coordinates":[[[-180,-16.494],[-180,-16.538],[-179.927,-16.519],[-179.894,-16.435],[-180,-16.494]]]},"properties":{"NAME":"Fiji","SUBJECTO":"Fiji","PARTOF":"Fiji","BORDERPRECISION":3}},
{"type":"Feature","geometry":{"type":"Polygon","coordinates":[[[179.898,-16.237],[180,-16.173],[180,-16.155],[179.771,-16.204],[179.503,-16.274],[179.401,-16.349],[179.401,-16.413],[179.224,-16.397],[178.982,-16.47],[178.708,-16.675],[178.595,-16.642],[178.478,-16.759],[178.492,-16.806],[178.625,-16.836],[178.69,-16.992],[178.796,-16.984],[178.81,-16.908],[178.907,-16.855],[179.019,-16.927],[179.053,-16.801],[179.206,-16.705],[179.349,-16.732],[179.332,-16.802],[179.572,-16.801],[179.663,-16.74],[179.779,-16.727],[179.871,-16.773],[179.951,-16.736],[179.887,-16.671],[179.874,-16.637],[179.952,-16.508],[179.852,-16.509],[179.569,-16.758],[179.479,-16.701],[179.592,-16.54],[179.757,-16.442],[179.898,-16.237]]]},"properties":{"NAME":"Fiji","SUBJECTO":"Fiji","PARTOF":"Fiji","BORDERPRECISION":3}},
{"type":"Feature","geometry":{"type":"Polygon","coordinates":[[[-169.894,-19.146],[-169.782,-19.063],[-169.813,-18.972],[-169.885,-18.963],[-169.953,-19.07],[-169.894,-19.146]]]},"properties":{"NAME":"Niue","SUBJECTO":"Niue","PARTOF":"Niue","BORDERPRECISION":3}},
{"type":"Feature","geometry":{"type":"Polygon","coordinates":[[[-174.975,-21.366],[-174.917,-21.454],[-174.911,-21.306],[-174.975,-21.366]]]},"properties":{"NAME":"Tonga","SUBJECTO":"Tonga","PARTOF":"Tonga","BORDERPRECISION":3}},
{"type":"Feature","geometry":{"type":"Polygon","coordinates":[[[-175.123,-21.135],[-175.152,-21.176],[-175.361,-21.103],[-175.324,-21.174],[-175.118,-21.26],[-175.052,-21.162],[-175.123,-21.135]]]},"properties":{"NAME":"Tonga","SUBJECTO":"Tonga","PARTOF":"Tonga","BORDERPRECISION":3}},
{"type":"Feature","geometry":{"type":"Polygon","coordinates":[[[-174.795,-20.239],[-174.785,-20.272],[-174.76,-20.237],[-174.795,-20.239]]]},"properties":{"NAME":"Tonga","SUBJECTO":"Tonga","PARTOF":"Tonga","BORDERPRECISION":3}},
{"type":"Feature","geometry":{"type":"Polygon","coordinates":[[[-174.405,-19.888],[-174.414,-19.927],[-174.389,-19.901],[-174.405,-19.888]]]},"properties":{"NAME":"Tonga","SUBJECTO":"Tonga","PARTOF":"Tonga","BORDERPRECISION":3}},
{"type":"Feature","geometry":{"type":"Polygon","coordinates":[[[-174.354,-19.806],[-174.319,-19.822],[-174.323,-19.764],[-174.354,-19.806]]]},"properties":{"NAME":"Tonga","SUBJECTO":"Tonga","PARTOF":"Tonga","BORDERPRECISION":3}},
{"type":"Feature","geometry":{"type":"Polygon","coordinates":[[[-175.086,-19.783],[-175.042,-19.788],[-175.082,-19.706],[-175.086,-19.783]]]},"properties":{"NAME":"Tonga","SUBJECTO":"Tonga","PARTOF":"Tonga","BORDERPRECISION":3}},
{"type":"Feature","geometry":{"type":"Polygon","coordinates":[[[-174.307,-19.741],[-174.266,-19.75],[-174.262,-19.691],[-174.307,-19.741]]]},"properties":{"NAME":"Tonga","SUBJECTO":"Tonga","PARTOF":"Tonga","BORDERPRECISION":3}},
{"type":"Feature","geometry":{"type":"Polygon","coordinates":[[[-175.034,-19.687],[-175.018,-19.691],[-175.006,-19.652],[-175.034,-19.687]]]},"properties":{"NAME":"Tonga","SUBJECTO":"Tonga","PARTOF":"Tonga","BORDERPRECISION":3}},
{"type":"Feature","geometry":{"type":"Polygon","coordinates":[[[-174.274,-19.643],[-174.242,-19.643],[-174.28,-19.593],[-174.274,-19.643]]]},"properties":{"NAME":"Tonga","SUBJECTO":"Tonga","PARTOF":"Tonga","BORDERPRECISION":3}},
{"type":"Feature","geometry":{"type":"Polygon","coordinates":[[[-174.667,-18.826],[-174.63,-18.823],[-174.646,-18.786],[-174.667,-18.826]]]},"properties":{"NAME":"Tonga","SUBJECTO":"Tonga","PARTOF":"Tonga","BORDERPRECISION":3}},
{"type":"Feature","geometry":{"type":"Polygon","coordinates":[[[-174.09,-18.703],[-174.067,-18.706],[-174.069,-18.682],[-174.09,-18.703]]]},"properties":{"NAME":"Tonga","SUBJECTO":"Tonga","PARTOF":"Tonga","BORDERPRECISION":3}},
{"type":"Feature","geometry":{"type":"Polygon","coordinates":[[[-174.033,-18.716],[-174.015,-18.705],[-174.044,-18.687],[-174.033,-18.716]]]},"properties":{"NAME":"Tonga","SUBJECTO":"Tonga","PARTOF":"Tonga","BORDERPRECISION":3}},
{"type":"Feature","geometry":{"type":"Polygon","coordinates":[[[-174.128,-18.703],[-174.085,-18.666],[-174.124,-18.678],[-174.128,-18.703]]]},"properties":{"NAME":"Tonga","SUBJECTO":"Tonga","PARTOF":"Tonga","BORDERPRECISION":3}},
{"type":"Feature","geometry":{"type":"Polygon","coordinates":[[[-173.987,-18.684],[-173.911,-18.638],[-173.939,-18.569],[-174.07,-18.639],[-173.987,-18.684]]]},"properties":{"NAME":"Tonga","SUBJECTO":"Tonga","PARTOF":"Tonga","BORDERPRECISION":3}},
{"type":"Feature","geometry":{"type":"Polygon","coordinates":[[[-175.645,-15.629],[-175.609,-15.571],[-175.685,-15.594],[-175.645,-15.629]]]},"properties":{"NAME":"Tonga","SUBJECTO":"Tonga","PARTOF":"Tonga","BORDERPRECISION":3}},
{"type":"Feature","geometry":{"type":"Polygon","coordinates":[[[-178.043,-14.319],[-178.186,-14.232],[-178.134,-14.318],[-178.043,-14.319]]]},"properties":{"NAME":"Wallis and Futuna Islands","SUBJECTO":"Wallis and Futuna Islands","PARTOF":"Wallis and Futuna Islands","BORDERPRECISION":3}},
{"type":"Feature","geometry":{"type":"Polygon","coordinates":[[[-176.161,-13.353],[-176.121,-13.263],[-176.191,-13.287],[-176.161,-13.353]]]},"properties":{"NAME":"Wallis and Futuna Islands","SUBJECTO":"Wallis and Futuna Islands","PARTOF":"Wallis and Futuna Islands","BORDERPRECISION":3}},
{"type":"Feature","geometry":{"type":"Polygon","coordinates":[[[-171.43,-14.02],[-171.619,-13.879],[-171.822,-13.808],[-172.028,-13.839],[-172.048,-13.914],[-171.911,-14.013],[-171.648,-14.05],[-171.442,-14.058],[-171.43,-14.02]]]},"properties":{"NAME":"Samoa","SUBJECTO":"Samoa","PARTOF":"Samoa","BORDERPRECISION":3}},
{"type":"Feature","geometry":{"type":"Polygon","coordinates":[[[-172.286,-13.486],[-172.361,-13.461],[-172.78,-13.54],[-172.533,-13.801],[-172.211,-13.805],[-172.168,-13.691],[-172.286,-13.486]]]},"properties":{"NAME":"Samoa","SUBJECTO":"Samoa","PARTOF":"Samoa","BORDERPRECISION":3}},
{"type":"Feature","geometry":{"type":"Polygon","coordinates":[[[-109.241,-27.133],[-109.221,-27.096],[-109.366,-27.063],[-109.449,-27.193],[-109.241,-27.133]]]},"properties":{"NAME":"Rapa Nui","SUBJECTO":"Chile","PARTOF":"Rapa Nui","BORDERPRECISION":3}},
{"type":"Feature","geometry":{"type":"MultiPolygon","coordinates":[[[[113.95,22.303],[113.836,22.214],[114.022,22.228],[114.046,22.34],[113.95,22.303]]],[[[114.029,22.508],[113.901,22.407],[113.925,22.367],[114.144,22.331],[114.099,22.217],[114.134,22.172],[114.329,22.272],[114.413,22.437],[114.309,22.554],[114.166,22.561],[114.029,22.508]]]]},"properties":{"NAME":"Hong Kong","SUBJECTO":"United Kingdom","PARTOF":null,"BORDERPRECISION":3}},
{"type":"Feature","geometry":{"type":"Polygon","coordinates":[[[107.876,21.462],[107.787,21.526],[107.378,21.575],[107.098,21.649],[106.673,21.926],[106.551,22.091],[106.507,22.325],[106.72,22.663],[106.695,22.834],[106.588,22.929],[106.238,22.908],[105.941,22.931],[105.594,23.037],[105.313,23.296],[105.179,23.251],[104.945,23.103],[104.631,22.854],[104.478,22.783],[104.115,22.73],[103.397,22.707],[103.248,22.655],[102.985,22.47],[102.839,22.513],[102.57,22.69],[102.417,22.695],[102.185,22.637],[101.662,22.392],[101.554,22.284],[101.535,22.138],[101.597,21.871],[101.699,21.707],[101.753,21.472],[101.704,21.319],[101.584,21.224],[101.238,21.26],[101.014,21.442],[100.788,21.282],[100.549,21.008],[100.35,20.746],[100.001,20.459],[100.245,20.384],[100.377,20.302],[100.431,20.226],[100.435,20.036],[100.387,19.674],[100.417,19.509],[100.5,19.439],[100.691,19.44],[100.911,19.531],[101.097,19.551],[101.118,19.5],[101.229,18.91],[101.192,18.726],[100.954,18.02],[100.901,17.822],[100.888,17.6],[100.954,17.454],[101.17,17.392],[101.337,17.577],[101.865,18.107],[102.02,18.121],[102.661,17.845],[103.006,17.993],[103.096,18.235],[103.225,18.439],[103.406,18.434],[103.808,18.347],[103.928,18.278],[103.95,18.151],[104.079,17.911],[104.389,17.614],[104.584,17.33],[104.61,16.644],[104.659,16.479],[104.773,16.27],[105.214,15.695],[105.403,15.378],[105.473,15.15],[105.474,14.725],[105.42,14.527],[105.057,14.239],[104.921,14.315],[104.652,14.364],[104.393,14.382],[104.142,14.348],[103.783,14.378],[103.255,14.337],[103.083,14.291],[102.848,14.093],[102.435,13.538],[102.368,13.404],[102.335,13.233],[102.346,12.947],[102.445,12.655],[102.664,12.333],[102.736,12.117],[102.671,12.038],[102.963,11.368],[103.04,10.898],[103.192,10.905],[103.4,11.039],[103.525,11.058],[103.652,10.88],[103.67,10.766],[103.525,10.524],[103.607,10.474],[103.831,10.474],[104.003,10.538],[104.16,10.519],[104.272,10.399],[104.428,10.285],[104.765,10.177],[104.979,9.981],[104.987,9.822],[104.89,9.695],[104.822,9.472],[104.742,8.494],[104.907,8.475],[105.026,8.52],[105.208,8.654],[105.503,9.029],[105.691,9.125],[105.927,9.189],[106.118,9.335],[106.229,9.552],[106.335,9.52],[106.482,9.552],[106.656,9.743],[106.749,10.067],[106.704,10.448],[106.773,10.639],[107.036,10.436],[107.266,10.348],[107.412,10.367],[107.673,10.527],[107.939,10.807],[108.164,10.966],[108.353,11.043],[108.582,11.088],[108.696,11.145],[108.897,11.343],[109.073,11.635],[109.048,11.934],[109.091,12.118],[109.068,12.487],[109.175,12.709],[109.307,12.906],[109.071,14.17],[108.918,14.792],[108.786,15.091],[108.499,15.363],[108.363,15.623],[108.236,16.08],[108.095,16.252],[107.809,16.283],[107.692,16.371],[107.115,16.955],[106.622,17.328],[106.433,17.55],[106.394,17.665],[106.364,18.007],[105.864,18.489],[105.653,18.743],[105.533,18.844],[105.707,19.283],[105.843,19.702],[105.965,19.881],[106.042,19.938],[106.381,20.11],[106.772,20.638],[106.746,20.816],[106.807,20.905],[107.374,20.881],[107.466,20.976],[107.418,21.186],[107.876,21.462]]]},"properties":{"NAME":"French Indochina","SUBJECTO":"France","PARTOF":"French Indochina","BORDERPRECISION":3}}
]}