{"type":"FeatureCollection", "features": [
{"type":"Feature","geometry":{"type":"Polygon","coordinates":[[[5.82,49.51],[6.43,49.45],[6.11,50.12],[5.82,49.51]]]},"properties":{"NAME":"Luxembourg","SUBJECTO":"Luxembourg","PARTOF":"Luxembourg"}},
{"type":"Feature","geometry":{"type":"MultiPolygon","coordinates":[[[[137.31,37.43],[136.64,37.17],[136.67,36.67],[135.36,35.32],[135.16,35.65],[133.01,35.25],[132.66,35.38],[130.78,33.97],[131.99,33.8],[132.48,34.13],[134.43,34.63],[135.32,34.47],[135.06,33.69],[135.76,33.34],[136.2,34],[137.25,34.48],[138.15,34.53],[138.68,34.99],[140,35.5],[139.83,34.84],[140.83,35.68],[140.56,35.97],[140.96,36.96],[140.87,37.92],[141.5,38.42],[142,39.67],[141.47,40.51],[141.44,41.27],[140.77,41.26],[139.92,40.57],[140.03,39.48],[139.2,37.92],[138.32,37.21],[137.05,36.67],[137.31,37.43]]],[[[132.47,32.76],[132.7,32.55],[133.52,33.39],[134,33.15],[134.54,34.01],[133.81,34.18],[132.78,33.91],[132.12,33.35],[132.47,32.76]]],[[[130.55,30.97],[131.32,31.51],[131.83,32.69],[131.67,33.31],[130.86,33.68],[129.34,33.15],[129.85,32.59],[130.5,32.56],[130.06,31.97],[130.55,30.97]]],[[[139.98,41.5],[141.16,41.75],[140.25,42.23],[141.93,42.5],[143.21,41.93],[143.85,42.77],[145.45,43.17],[145.06,43.79],[143.51,44.16],[141.88,45.44],[141.52,45.18],[141.71,43.91],[141.3,43.19],[140.6,43.33],[139.71,42.48],[139.98,41.5]]]]},"properties":{"NAME":"Imperial Japan","SUBJECTO":"Imperial Japan","PARTOF":"Imperial Japan"}},
{"type":"Feature","geometry":{"type":"Polygon","coordinates":[[[91.61,27.64],[91.15,28.03],[89.86,28.27],[88.8,27.18],[88.87,26.91],[90,26.78],[91.91,26.81],[91.61,27.64]]]},"properties":{"NAME":"Bhutan","SUBJECTO":"Bhutan","PARTOF":"Bhutan"}},
{"type":"Feature","geometry":{"type":"MultiPolygon","coordinates":[[[[-66.91,17.94],[-65.97,18.03],[-65.95,18.47],[-67.06,18.55],[-66.91,17.94]]],[[[-82.18,22.37],[-80.78,22.1],[-79.73,21.67],[-78.73,21.62],[-78.45,20.97],[-77.29,20.7],[-77.66,19.9],[-75.52,19.91],[-74.17,20.19],[-75.6,21.01],[-77.34,21.51],[-78.17,22.12],[-79.33,22.4],[-79.76,22.76],[-81.43,23.14],[-82.96,23.03],[-84.26,22.54],[-84.21,21.83],[-82.85,22.64],[-82.18,22.37]]]]},"properties":{"NAME":"Spain","SUBJECTO":"Spain","PARTOF":"Spain"}},
{"type":"Feature","geometry":{"type":"Polygon","coordinates":[[[-71.78,19.77],[-73.47,19.84],[-72.77,19.53],[-72.75,18.51],[-74.3,18.7],[-73.86,18.11],[-73.47,18.32],[-71.98,18.26],[-71.68,18],[-71.78,19.77]]]},"properties":{"NAME":"Haiti","SUBJECTO":"Haiti","PARTOF":"Haiti"}},
{"type":"Feature","geometry":{"type":"Polygon","coordinates":[[[-71.68,18],[-71.4,17.7],[-71.06,18.35],[-68.37,18.58],[-70.88,19.93],[-71.78,19.77],[-71.68,18]]]},"properties":{"NAME":"Dominican Republic","SUBJECTO":"Dominican Republic","PARTOF":"Dominican Republic"}},
{"type":"Feature","geometry":{"type":"MultiPolygon","coordinates":[[[[120.36,14.53],[120.47,14.8],[121.29,14.34],[120.51,14.11],[121.01,13.66],[121.62,13.9],[122.39,13.3],[122.49,13.88],[123.24,13.03],[123.82,12.98],[122.67,14.27],[121.73,14.11],[121.24,15.31],[121.44,15.92],[122.06,16.33],[122.4,17.11],[122.07,17.44],[122.05,18.45],[120.56,18.43],[120.2,16.04],[119.76,16.36],[119.77,15.47],[120.36,14.53]]],[[[121.09,12.2],[121.3,13.13],[120.34,13.39],[121.09,12.2]]],[[[125.32,11.12],[125.25,12.29],[124.26,12.42],[125.32,11.12]]],[[[121.87,10.47],[122.9,11.15],[121.99,11.76],[121.87,10.47]]],[[[118.86,10.02],[119.56,10.5],[119.21,11.13],[118.86,10.02]]],[[[122.94,9.05],[123.31,10.74],[122.92,10.85],[122.4,9.48],[122.94,9.05]]],[[[117.27,8.45],[118.5,9.48],[118.51,9.92],[117.54,9.05],[117.27,8.45]]],[[[126.05,6.61],[126.32,7.15],[126.27,8.43],[125.43,9.78],[125.46,9.05],[124.67,8.43],[123.66,8.01],[123.49,8.5],[122.09,7.78],[121.99,6.87],[122.46,7.69],[123.02,7.48],[123.46,7.79],[124.07,7.26],[123.97,6.34],[124.8,5.79],[125.53,5.94],[125.28,6.59],[125.61,7.24],[126.05,6.61]]]]},"properties":{"NAME":"Philippines","SUBJECTO":"Philippines","PARTOF":"Philippines"}},
{"type":"Feature","geometry":{"type":"MultiPolygon","coordinates":[[[[-78.04,25.18],[-78.19,24.62],[-77.72,24.51],[-78.04,25.18]]],[[[-77.74,17.93],[-76.43,18.12],[-77.77,18.51],[-78.32,18.35],[-77.74,17.93]]],[[[-61.22,10.69],[-61.81,10.72],[-61.21,10.12],[-61.22,10.69]]],[[[-6.33,53.79],[-5.66,54.32],[-6.02,55.09],[-8.35,55.1],[-8.59,54.2],[-9.89,54.33],[-10.16,53.37],[-9.31,53.12],[-10.22,51.76],[-9.82,51.43],[-6.41,52.21],[-6.04,52.89],[-6.33,53.79]]],[[[0.27,53.13],[-0.3,54.03],[-1.39,54.68],[-1.72,55.45],[-3.29,55.97],[-2.72,56.18],[-1.94,57.4],[-4.15,57.55],[-3.17,58.52],[-5.35,58.09],[-5.06,57.75],[-6.04,56.47],[-5.27,56.54],[-5.57,55.75],[-4.71,56.13],[-5.11,54.79],[-3.15,54.84],[-2.91,53.27],[-3.96,53.21],[-4.29,52.2],[-5,51.7],[-3.07,51.18],[-4.28,51.19],[-5.78,50.13],[-5.28,49.96],[-3.52,50.62],[-1.1,50.82],[0.19,50.73],[1.36,51.35],[0.25,51.45],[1.51,52.03],[1.38,52.81],[0.01,52.79],[0.27,53.13]]]]},"properties":{"NAME":"United Kingdom of Great Britain and Ireland","SUBJECTO":"United Kingdom of Great Britain and Ireland","PARTOF":"United Kingdom of Great Britain and Ireland"}},
{"type":"Feature","geometry":{"type":"Polygon","coordinates":[[[-87.4,13.03],[-87.69,13.02],[-85.84,11.08],[-83.75,10.88],[-83.91,11.25],[-83.66,13.71],[-83.42,15],[-84.36,14.64],[-84.83,14.77],[-85.74,13.86],[-86.69,13.77],[-86.69,13.34],[-87.4,13.03]]]},"properties":{"NAME":"Nicaragua","SUBJECTO":"Nicaragua","PARTOF":"Nicaragua"}},
{"type":"Feature","geometry":{"type":"Polygon","coordinates":[[[-82.56,9.58],[-83.75,10.88],[-85.84,11.08],[-85.78,10.14],[-85.09,9.58],[-83.61,9.15],[-83.66,8.67],[-83.09,8.65],[-82.96,8.05],[-82.56,9.58]]]},"properties":{"NAME":"Costa Rica","SUBJECTO":"Costa Rica","PARTOF":"Costa Rica"}},
{"type":"Feature","geometry":{"type":"Polygon","coordinates":[[[80.56,5.93],[81.2,6.08],[81.87,7.08],[80.66,9.3],[80.18,9.45],[79.71,8.93],[79.85,7.06],[80.22,6.06],[80.56,5.93]]]},"properties":{"NAME":"Ceylon","SUBJECTO":"Ceylon","PARTOF":"Ceylon"}},
{"type":"Feature","geometry":{"type":"MultiPolygon","coordinates":[[[[175.31,-37.32],[174.22,-35.34],[172.63,-34.56],[174.76,-37.3],[174.95,-37.93],[174.65,-38.98],[173.8,-39.42],[175.35,-40.3],[174.9,-41.3],[175.37,-41.66],[176.01,-41.26],[177.16,-39.85],[177.02,-39.45],[178.41,-38.77],[178.57,-37.92],[177.53,-38.2],[176.13,-37.8],[175.84,-37.03],[175.31,-37.32]]],[[[172.06,-43.92],[173.01,-43.84],[172.44,-43.51],[174.23,-42.01],[174.06,-41.29],[173.26,-41.54],[172.44,-40.75],[172.09,-41.71],[171.46,-41.99],[171.02,-42.89],[168.42,-44.22],[167.14,-45.2],[166.55,-45.97],[168.42,-46.65],[169.4,-46.71],[170.61,-45.95],[171.38,-44.34],[172.06,-43.92]]]]},"properties":{"NAME":"M?ori","SUBJECTO":"M?ori","PARTOF":"M?ori"}},
{"type":"Feature","geometry":{"type":"Polygon","coordinates":[[[-24.22,65.53],[-21.95,65.38],[-21.98,64.95],[-23.61,64.75],[-21.49,64.38],[-22.37,63.77],[-18.64,63.32],[-16.53,63.78],[-13.69,64.78],[-13.65,65.5],[-16.39,66.45],[-16.92,65.98],[-18.68,66.09],[-21.08,65.21],[-21.24,65.88],[-22.68,66.39],[-24.22,65.53]]]},"properties":{"NAME":"Iceland","SUBJECTO":"Denmark","PARTOF":"Denmark"}},
{"type":"Feature","geometry":{"type":"Polygon","coordinates":[[[2.52,51.09],[2.88,50.68],[5.82,49.51],[6.11,50.12],[6,50.74],[4.79,51.49],[3.78,51.39],[2.52,51.09]]]},"properties":{"NAME":"Belgium","SUBJECTO":"Belgium","PARTOF":"Belgium"}},
{"type":"Feature","geometry":{"type":"MultiPolygon","coordinates":[[[[-14.51,28.05],[-13.88,28.2],[-13.78,28.88],[-14.51,28.05]]],[[[-17.29,28.28],[-16.64,28.05],[-16.08,28.54],[-17.29,28.28]]],[[[-8.81,41.89],[-6.71,41.96],[-6.14,41.53],[-6.8,41.09],[-6.88,39.7],[-7.43,39.52],[-6.93,38.96],[-7.39,38.29],[-6.84,38.1],[-7.49,37.21],[-6.63,37.02],[-5.66,36.01],[-4.45,36.72],[-2.24,36.73],[-1.82,37.29],[-0.87,37.76],[0.17,38.74],[-0.39,39.43],[0.88,41.02],[2.08,41.3],[3.13,41.86],[3.09,42.37],[1.36,42.41],[-0.17,42.65],[-1.91,43.31],[-3.42,43.38],[-5.98,43.71],[-7.64,43.72],[-9.27,43.05],[-8.64,42.42],[-8.81,41.89]]]]},"properties":{"NAME":"Spain","SUBJECTO":"Spain","PARTOF":"Spain"}},
{"type":"Feature","geometry":{"type":"Polygon","coordinates":[[[-7.49,37.21],[-6.84,38.1],[-7.39,38.29],[-6.93,38.96],[-7.43,39.52],[-6.88,39.7],[-6.8,41.09],[-6.14,41.53],[-6.71,41.96],[-8.81,41.89],[-8.69,40.99],[-9.52,38.69],[-8.85,38.5],[-8.99,36.99],[-7.49,37.21]]]},"properties":{"NAME":"Portugal","SUBJECTO":"Portugal","PARTOF":"Portugal"}},
{"type":"Feature","geometry":{"type":"Polygon","coordinates":[[[61.22,35.58],[60.42,34.08],[60.85,33.48],[60.54,32.99],[60.79,31.58],[61.78,30.91],[60.82,29.83],[62.37,29.38],[64.09,29.39],[66.09,29.74],[66.47,30.84],[67.68,31.22],[68.24,31.77],[69.21,31.8],[69.51,32.95],[70.29,33.28],[69.87,33.94],[70.79,33.93],[71.66,35.13],[71.32,36.05],[72.37,36.72],[73.79,36.73],[74.52,37],[74.73,37.21],[74.14,37.37],[72.71,37.19],[71.85,36.72],[71.3,37.17],[71.44,37.83],[70.72,38.36],[70.02,37.46],[69.31,37.08],[67.86,36.85],[67.52,37.21],[65.72,37.49],[64.83,37.15],[64.54,36.34],[63.12,35.79],[62.68,35.27],[61.22,35.58]]]},"properties":{"NAME":"Afghanistan","SUBJECTO":"Afghanistan","PARTOF":"Afghanistan"}},
{"type":"Feature","geometry":{"type":"Polygon","coordinates":[[[-88.94,15.9],[-88.24,17.01],[-88.12,18.39],[-88.32,18.49],[-89.15,17.83],[-89.25,15.9],[-88.94,15.9]]]},"properties":{"NAME":"Belize","SUBJECTO":"Belize","PARTOF":"Belize"}},
{"type":"Feature","geometry":{"type":"Polygon","coordinates":[[[-92.16,14.54],[-91.24,13.95],[-90,13.87],[-89.38,14.47],[-89.18,15.1],[-88.27,15.75],[-88.94,15.9],[-89.25,15.9],[-89.15,17.83],[-91.01,17.84],[-91.08,16.92],[-90,16.82],[-90,16.1],[-91.76,16.1],[-92.24,15.28],[-92.16,14.54]]]},"properties":{"NAME":"Guatemala","SUBJECTO":"Guatemala","PARTOF":"Guatemala"}},
{"type":"Feature","geometry":{"type":"Polygon","coordinates":[[[-83.42,15],[-84.65,15.93],[-88.27,15.75],[-89.18,15.1],[-89.38,14.47],[-87.77,13.5],[-87.4,13.03],[-86.69,13.34],[-86.69,13.77],[-85.74,13.86],[-84.83,14.77],[-84.36,14.64],[-83.42,15]]]},"properties":{"NAME":"Honduras","SUBJECTO":"Honduras","PARTOF":"Honduras"}},
{"type":"Feature","geometry":{"type":"Polygon","coordinates":[[[-90,13.87],[-89.99,13.68],[-87.95,13.17],[-87.77,13.5],[-89.38,14.47],[-90,13.87]]]},"properties":{"NAME":"El Salvador","SUBJECTO":"El Salvador","PARTOF":"El Salvador"}},
{"type":"Feature","geometry":{"type":"MultiPolygon","coordinates":[[[[100.16,6.34],[100.66,3.9],[101.34,2.78],[103.43,1.38],[104.18,1.39],[103.31,3.03],[103.34,4.81],[102.33,6.1],[102.07,6.15],[101.76,5.59],[100.62,6.42],[100.16,6.34]]],[[[114.07,4.46],[112.76,3.01],[111.37,2.6],[110.82,1.24],[109.52,1.82],[110.55,0.73],[111.56,0.76],[112.62,1.46],[113.68,1.15],[114.66,1.6],[115.04,2.74],[115.53,3.17],[115.71,4.16],[117.56,3.98],[118.39,4.37],[118.11,4.94],[119.04,5.17],[118.38,5.64],[117.37,5.79],[117.51,6.39],[116.6,6.9],[115.72,5.47],[114.96,4.88],[115.16,4.31],[114.43,4],[114.07,4.46]]]]},"properties":{"NAME":"Malaya","SUBJECTO":"Malaya","PARTOF":"Malaya"}},
{"type":"Feature","geometry":{"type":"Polygon","coordinates":[[[-56.71,1.89],[-55.79,1.73],[-56.07,2.18],[-54.86,2.48],[-54.39,2.26],[-53.98,3.36],[-54.37,4.69],[-53.84,5.69],[-54.57,5.96],[-56.75,6],[-57.07,5.84],[-57.25,4.95],[-57.76,4.91],[-58,3.96],[-57.25,3.26],[-56.71,1.89]]]},"properties":{"NAME":"Dutch Guiana","SUBJECTO":"Dutch Guiana","PARTOF":"Dutch Guiana"}},
{"type":"Feature","geometry":{"type":"Polygon","coordinates":[[[-51.62,4.22],[-53.03,5.43],[-53.84,5.69],[-54.37,4.69],[-53.98,3.36],[-54.39,2.26],[-52.85,2.09],[-51.62,4.22]]]},"properties":{"NAME":"French Guiana","SUBJECTO":"French Guiana","PARTOF":"French Guiana"}},
{"type":"Feature","geometry":{"type":"MultiPolygon","coordinates":[[[[149.55,-6.41],[151.8,-5.71],[152.27,-4.78],[151.54,-4.41],[151.59,-4.9],[150.29,-5.71],[149.87,-5.4],[149.41,-5.74],[148.42,-5.88],[149.55,-6.41]]],[[[140.95,-9.27],[142.61,-9.38],[143.33,-9],[142.25,-8.31],[143.44,-8.36],[143.36,-8.13],[144.38,-7.76],[145.82,-8.1],[146.65,-9.28],[147.87,-10.18],[149.78,-10.41],[150.49,-10.74],[150.42,-10.29],[148.59,-9.16],[148.03,-8.25],[147.38,-7.8],[146.91,-6.89],[147.74,-6.74],[147.38,-6.12],[145.59,-5.42],[145.73,-5],[143.45,-3.61],[140.87,-2.79],[140.95,-6.38],[140.95,-9.27]]]]},"properties":{"NAME":"Papua New Guinea","SUBJECTO":"Papua New Guinea","PARTOF":"Papua New Guinea"}},
{"type":"Feature","geometry":{"type":"Polygon","coordinates":[[[128.82,-24.94],[128.72,-31.92],[131.28,-31.63],[131.99,-32.07],[133.84,-32.34],[134.63,-33.27],[135.71,-35.21],[136.11,-34.53],[137.07,-33.95],[137.87,-32.75],[138.17,-33.19],[136.95,-35.47],[137.68,-35.33],[138.1,-34.36],[138.57,-34.93],[138.35,-35.87],[139.37,-35.61],[140.01,-37.64],[141.06,-38.38],[141.02,-34],[140.98,-28.86],[140.95,-25.87],[137.88,-25.92],[137.9,-24.94],[128.82,-24.94]]]},"properties":{"NAME":"South Australia (UK)","SUBJECTO":"South Australia (UK)","PARTOF":"South Australia (UK)"}},
{"type":"Feature","geometry":{"type":"Polygon","coordinates":[[[-58.34,-34.22],[-56.34,-35],[-54.62,-34.92],[-53.41,-33.88],[-53.24,-32.94],[-53.89,-32.05],[-55.87,-31.17],[-56.75,-30.25],[-57.58,-30.4],[-58.12,-32.14],[-58.02,-32.96],[-58.34,-34.22]]]},"properties":{"NAME":"Uruguay","SUBJECTO":"Uruguay","PARTOF":"Uruguay"}},
{"type":"Feature","geometry":{"type":"Polygon","coordinates":[[[7.16,53.16],[5.39,53.14],[5.76,52.33],[4.64,52.76],[3.78,51.39],[4.79,51.49],[6,50.74],[5.98,51.8],[6.82,51.96],[7.16,53.16]]]},"properties":{"NAME":"Netherlands","SUBJECTO":"Netherlands","PARTOF":"Netherlands"}},
{"type":"Feature","geometry":{"type":"Polygon","coordinates":[[[88.2,27.88],[86.45,27.95],[85.14,28.34],[82.2,30.09],[82.14,30.37],[81.02,30.25],[80.41,29.79],[80.1,28.95],[81.36,28.19],[83.32,27.37],[84.14,27.54],[85.37,26.76],[86.78,26.47],[88.09,26.44],[88.2,27.88]]]},"properties":{"NAME":"Nepal","SUBJECTO":"Nepal","PARTOF":"Nepal"}},
{"type":"Feature","geometry":{"type":"Polygon","coordinates":[[[114.07,4.46],[114.43,4],[115.16,4.31],[114.96,4.88],[114.07,4.46]]]},"properties":{"NAME":"Brunei","SUBJECTO":"Brunei","PARTOF":"Brunei"}},
{"type":"Feature","geometry":{"type":"MultiPolygon","coordinates":[[[[140.87,-2.79],[139.59,-2.38],[137.85,-1.61],[137.08,-2.25],[136.27,-2.42],[135.25,-3.54],[134.28,-2.85],[133.91,-1.01],[132.25,-0.53],[131.21,-1.02],[131.06,-1.54],[131.82,-1.67],[132.22,-2.34],[133.86,-2.25],[133.78,-2.72],[133.12,-2.6],[132.72,-2.93],[132.02,-2.82],[132.75,-3.4],[132.93,-4.27],[133.4,-3.99],[133.75,-3.19],[133.86,-3.77],[134.78,-4.31],[137.39,-5.12],[137.82,-5.43],[139.16,-7.73],[138.92,-8.32],[139.98,-8.24],[140.95,-9.27],[140.95,-6.38],[140.87,-2.79]]],[[[130.78,-3.88],[130.37,-3.13],[129.74,-2.98],[128.04,-3.06],[128.38,-3.55],[128.91,-3.25],[129.49,-3.6],[129.91,-3.39],[130.78,-3.88]]],[[[126.66,-3.88],[127.11,-3.72],[126.73,-3.23],[126.11,-3.3],[126.66,-3.88]]],[[[138.18,-8.55],[138.89,-7.78],[138.19,-7.68],[137.68,-8.46],[138.18,-8.55]]],[[[122.95,-8.38],[121.43,-8.72],[120.57,-8.39],[119.85,-8.57],[119.94,-8.94],[121.69,-9],[122.95,-8.38]]],[[[117.94,-8.54],[117.82,-8.81],[116.96,-8.53],[116.66,-9.06],[118.97,-8.88],[118.86,-8.48],[117.69,-8.27],[117.94,-8.54]]],[[[115.07,-8.78],[115.5,-8.47],[114.46,-8.33],[115.07,-8.78]]],[[[103.71,-0.02],[102.47,0.62],[101.87,1.43],[101.06,2.08],[100.46,2.12],[99.86,2.9],[98.15,4.07],[98.17,4.38],[97.38,5.18],[96.19,5.15],[95.19,5.41],[95.56,4.53],[96.39,3.65],[96.72,3.7],[97.51,2.74],[97.6,2.25],[98.6,1.71],[99.11,0.22],[99.7,-0.15],[100.65,-1.63],[100.81,-2.34],[102.11,-3.6],[102.46,-4.18],[103.52,-5],[104.57,-6.07],[104.56,-5.6],[105.19,-5.54],[105.64,-5.93],[105.71,-4.1],[105.94,-3.21],[105.44,-2.6],[104.61,-2.58],[104.81,-2.16],[104.3,-1.36],[103.24,-0.66],[103.71,-0.02]]],[[[127.63,-0.02],[128.3,-1.02],[127.86,0.1],[128.63,1.02],[128.55,1.45],[127.69,0.92],[127.8,1.9],[127.42,0.98],[127.63,-0.02]]],[[[106.55,-3.18],[106.64,-2.71],[106.04,-2.2],[105.86,-1.63],[105.2,-2.11],[105.81,-2.38],[106.55,-3.18]]],[[[105.18,-6.87],[106.55,-7.16],[106.32,-7.43],[108.16,-7.86],[109.04,-7.72],[110.78,-8.32],[112.41,-8.49],[113.07,-8.35],[114.33,-8.78],[113.95,-7.82],[112.68,-7.72],[112.27,-7.03],[111.04,-6.85],[110.81,-6.53],[110.03,-7.04],[108.56,-6.92],[108.17,-6.36],[107.77,-6.45],[105.93,-6.03],[105.63,-6.76],[105.18,-6.87]]],[[[123.49,-10.35],[124.15,-10.2],[125.21,-9.4],[126.87,-8.81],[127.04,-8.48],[125.08,-8.77],[123.67,-9.75],[123.49,-10.35]]],[[[120.28,-10.38],[120.58,-10.1],[119.79,-9.46],[118.9,-9.68],[120.28,-10.38]]],[[[117.56,3.98],[115.71,4.16],[115.53,3.17],[115.04,2.74],[114.66,1.6],[113.68,1.15],[112.62,1.46],[111.56,0.76],[110.55,0.73],[109.52,1.82],[109.28,1.88],[108.81,0.81],[109.18,-0.87],[109.94,-1.64],[110.1,-3.08],[110.8,-3.17],[111.59,-2.8],[111.74,-3.65],[112.58,-3.42],[112.8,-2.97],[113.61,-3.61],[114.1,-3.35],[114.58,-4.3],[115.57,-3.8],[116.35,-2.42],[116.05,-1.93],[117.05,-0.93],[117.37,-1],[117.32,-0.14],[117.86,0.87],[118.77,0.82],[117.7,1.9],[117.83,2.31],[117.07,3.51],[117.56,3.98]]],[[[119.69,-0.02],[119.6,-0.88],[119.2,-1.43],[119.17,-2.18],[118.68,-2.9],[118.79,-3.66],[119.46,-3.81],[119.48,-5.8],[120.25,-5.59],[120.14,-3.08],[121,-3.05],[120.88,-3.72],[121.51,-4.24],[121.39,-4.79],[121.87,-4.96],[122.65,-4.51],[122.19,-3.85],[122.26,-3.21],[121.26,-2.1],[122.22,-1.65],[122.98,-0.72],[122,-1.11],[121.46,-0.99],[121.06,-1.55],[120.51,-1.45],[119.87,-0.46],[120.34,0.36],[124.23,0.3],[124.86,1.05],[122.73,0.67],[120.77,1.14],[119.91,0.54],[119.69,-0.02]]]]},"properties":{"NAME":"Netherlands Indies","SUBJECTO":"Netherlands","PARTOF":"Netherlands"}},
{"type":"Feature","geometry":{"type":"MultiPolygon","coordinates":[[[[-26.79,71.56],[-25.29,71.57],[-23.75,70.59],[-21.71,70.39],[-21.9,71.5],[-25.07,72.63],[-27.36,72.86],[-27.44,73.29],[-24.08,73.76],[-22.82,73.33],[-20.33,73.42],[-21.76,74.31],[-19.72,74.21],[-20.62,74.95],[-19.19,75.44],[-19.57,76.11],[-22.38,76.64],[-18.06,76.81],[-19.18,77.82],[-21.77,77.77],[-19.76,78.87],[-19.05,80.43],[-16.44,80.45],[-12.71,81.62],[-16.47,81.9],[-23.34,80.62],[-22.06,81.96],[-32.6,81.97],[-22.59,82.42],[-26.42,83.34],[-32.51,83.58],[-45.21,82.97],[-44.68,81.73],[-49.65,82.48],[-49.94,81.68],[-53.77,82.24],[-60.04,81.88],[-61.11,81.18],[-67.14,80.56],[-64.62,79.95],[-65.48,79.16],[-72.38,78.53],[-69.69,77.56],[-66.8,77.78],[-67.74,77.19],[-71.18,77.26],[-68.38,76.78],[-69.04,76.29],[-66.56,75.93],[-63.65,76.38],[-58.64,75.79],[-54.56,72.87],[-55.63,71.73],[-55.01,71.33],[-53.32,71.89],[-51.72,71.59],[-50.82,70.25],[-52.37,70.67],[-53.67,70.36],[-50.57,69.87],[-50.95,68.54],[-52.84,68.51],[-50.49,67.97],[-50.48,67.48],[-52.81,67.77],[-53.1,65.87],[-52.08,65.37],[-51.8,64.23],[-50.14,64.74],[-51.37,63.73],[-49.86,62.97],[-50.05,62.31],[-49.12,62.1],[-48.92,61.42],[-47.63,60.6],[-45.46,60.89],[-45.62,60.6],[-43.01,59.83],[-42.27,62.19],[-43.23,62.68],[-41.83,62.69],[-41.38,63.52],[-40.52,63.78],[-41.48,64.27],[-40.35,64.53],[-39.99,65.53],[-38.47,65.65],[-38.04,66.4],[-37.15,66.32],[-37.58,65.55],[-34.43,66.38],[-32.96,67.64],[-26.96,68.5],[-22.16,70.06],[-24.58,70.3],[-27.47,70.21],[-28.38,70.46],[-26.79,71.56]]],[[[-53.55,69.28],[-52.08,69.77],[-54.59,70.24],[-53.55,69.28]]]]},"properties":{"NAME":"Greenland","SUBJECTO":"Denmark","PARTOF":"Denmark"}},
{"type":"Feature","geometry":{"type":"MultiPolygon","coordinates":[[[[-76.13,44.33],[-74.78,45.01],[-71.53,44.96],[-70.59,45.29],[-69.05,47.46],[-67.7,47.04],[-67.56,45.77],[-67.19,45.25],[-65.76,45.29],[-64.28,45.92],[-64.46,45.39],[-66.19,44.49],[-65.47,43.52],[-63.9,44.57],[-63.56,44.51],[-60.96,45.3],[-61.94,45.92],[-62.39,45.72],[-64.53,46.27],[-64.98,47.33],[-64.66,47.78],[-65.61,47.66],[-66.47,48.1],[-65.21,48.12],[-64.32,48.95],[-66.03,49.17],[-69.25,48.12],[-71.04,46.74],[-69.51,48.46],[-68.31,49.23],[-67.32,49.43],[-66.37,50.31],[-61.64,50.28],[-60.14,50.41],[-58.52,51.38],[-56.96,51.49],[-55.66,52.19],[-55.77,53.16],[-58.08,54.08],[-60.25,53.28],[-60.14,53.68],[-57.43,54.58],[-59.69,55.15],[-60.57,55.07],[-60.47,55.66],[-61.93,56.27],[-62.33,56.77],[-61.48,57.1],[-64.67,60.18],[-65.56,59.58],[-65.93,58.42],[-68,58.17],[-68.57,58.78],[-69.73,58.56],[-69.34,59.21],[-70.03,60.88],[-73.39,62.35],[-75.69,62.22],[-77.36,62.52],[-78,62.1],[-77.46,61.53],[-78.18,60.74],[-77.39,60.69],[-77.21,59.75],[-78.47,58.71],[-76.77,57.66],[-76.44,56.81],[-77.23,55.61],[-79.55,54.69],[-78.49,52.26],[-78.82,51.16],[-79.34,50.84],[-81.75,52.17],[-82.34,52.98],[-82.2,54.97],[-84.47,55.17],[-87.47,55.91],[-90,57.18],[-92.48,56.98],[-93.07,58.55],[-94.68,58.88],[-94.75,59.95],[-93.42,61.86],[-91.89,62.6],[-92.29,62.92],[-90,62.95],[-90,63.3],[-92.35,63.58],[-93.32,63.97],[-90,63.61],[-89.97,64.19],[-88.38,64.06],[-87.16,65.06],[-88.17,65.13],[-90,65.97],[-87.79,65.35],[-85.99,66.16],[-86.74,66.57],[-83.74,66.31],[-81.5,67.07],[-81.29,67.5],[-82.69,68.7],[-81.48,69.19],[-84.31,69.83],[-85.38,69.7],[-84.56,68.99],[-85.4,68.76],[-86.49,67.38],[-87.33,67.17],[-88.32,67.81],[-87.86,68.28],[-88.91,69.23],[-90,68.37],[-90,69.49],[-92.67,69.74],[-91.66,70.29],[-94.42,71.88],[-96.7,70.84],[-96.13,69.94],[-94.04,69.55],[-93.41,68.54],[-95.32,68.06],[-95.26,67.03],[-96.26,67.32],[-96.21,68.07],[-97.83,68.4],[-97.26,67.6],[-98.89,67.82],[-101.91,67.71],[-105.64,68.35],[-107.66,67.96],[-107.13,66.96],[-110.53,67.92],[-112.5,67.69],[-115.56,67.9],[-114.11,68.35],[-115.29,68.89],[-117.83,69.01],[-122.33,69.88],[-125.19,69.41],[-127.94,70.08],[-132.71,68.87],[-133.72,68.92],[-130.05,69.97],[-131.06,70.16],[-133.65,69.51],[-136.04,69.34],[-135.5,68.72],[-141.06,69.6],[-140.97,66.03],[-140.93,63.79],[-140.89,60.39],[-139.01,60.26],[-137.22,58.88],[-135.26,59.67],[-133.5,58.42],[-131.72,56.61],[-130.11,55.99],[-130,55.29],[-130,53.94],[-128.89,53.42],[-128.06,52.5],[-127.04,52.46],[-127.46,51.02],[-124.94,50.6],[-124.47,49.81],[-123.21,49.62],[-122.9,49.07],[-121.05,49.05],[-115.16,49.06],[-110.67,49.05],[-104.26,49.06],[-100.46,49.04],[-94.82,49.05],[-94.83,49.49],[-93.71,48.57],[-91.68,48.04],[-90,48.25],[-89.62,47.97],[-88.12,48.73],[-88.09,49],[-86.38,48.73],[-85.8,47.97],[-85.03,47.94],[-84.37,46.87],[-84.74,46.47],[-83.82,46.15],[-83.61,46.27],[-80.76,45.97],[-79.71,44.74],[-80.22,44.5],[-81.3,45.22],[-81.81,43.32],[-82.3,43.03],[-83.06,42.03],[-82.48,41.96],[-81.44,42.59],[-79.05,42.85],[-79.14,43.22],[-79.79,43.3],[-79.15,43.77],[-77.18,43.84],[-76.13,44.33]]],[[[-98.61,68.86],[-96.21,68.54],[-95.51,68.81],[-97.74,69.83],[-99.37,68.97],[-98.61,68.86]]],[[[-100.76,72.24],[-98.94,71.39],[-97.28,71.65],[-96.35,72.5],[-98.39,73.13],[-96.94,73.79],[-100.93,73.86],[-99.96,73.26],[-100.83,72.75],[-102.67,72.85],[-100.76,72.24]]],[[[-95.61,73.32],[-95.06,72.28],[-94.27,72.85],[-92,72.84],[-90,74],[-95.07,74.06],[-95.61,73.32]]],[[[-125.46,49.17],[-123.9,48.47],[-123.86,49.16],[-124.72,49.49],[-125.72,50.41],[-127.85,50.86],[-128.34,50.67],[-125.46,49.17]]],[[[-132.73,54.07],[-133,53.65],[-132.09,53.4],[-132.73,54.07]]],[[[-111.64,72.73],[-114.47,72.63],[-114.65,73.35],[-117.22,72.86],[-118.99,72.03],[-115.74,71.3],[-118.5,71.05],[-117.76,70.72],[-113.76,70.74],[-111.54,70.33],[-117.57,69.99],[-115.91,69.35],[-113.92,69.25],[-113.15,68.6],[-110.45,68.65],[-107.54,69.06],[-106.85,69.45],[-104.19,68.9],[-101.81,69.14],[-103.36,69.64],[-101.06,70.03],[-103.86,70.7],[-105.31,72.65],[-108.18,73.38],[-107.53,72.02],[-108.99,72.73],[-111.73,72.33],[-111.64,72.73]]],[[[-124.58,71.9],[-123.47,71.2],[-120.84,71.53],[-120.45,72.3],[-115.65,73.63],[-117.34,74.17],[-119.56,74.16],[-121.24,74.58],[-124.91,74.44],[-124.06,73.87],[-125.9,72.15],[-124.58,71.9]]],[[[-114.95,76.44],[-115.15,75.76],[-117.4,75.41],[-115.19,75.15],[-112.81,75.42],[-111.37,75.1],[-114.22,74.84],[-112.2,74.5],[-109.07,75.13],[-105.77,75.23],[-105.5,75.85],[-108.16,76.01],[-108.97,76.87],[-110.38,76.43],[-109.14,75.71],[-111.39,75.66],[-114.95,76.44]]],[[[-122.28,76.15],[-120.45,75.95],[-118.74,76.94],[-116.24,76.78],[-116.36,77.58],[-119.7,77.31],[-122.66,76.54],[-122.28,76.15]]],[[[-103.23,78.27],[-99.05,77.94],[-99.89,78.66],[-105.45,79.4],[-103.23,78.27]]],[[[-61.05,46.66],[-61.41,46.05],[-60.51,45.66],[-60.17,46.31],[-61.07,45.99],[-60.26,46.94],[-61.05,46.66]]],[[[-57.97,49.08],[-58.14,48.6],[-59.32,47.96],[-59.16,47.67],[-54.78,47.71],[-55.83,47.13],[-55.41,46.95],[-54.21,47.8],[-54.13,47.11],[-53.07,46.73],[-52.73,47.45],[-53.58,47.74],[-54.13,48.84],[-53.51,49.28],[-55.11,49.28],[-56.66,50.06],[-55.42,51.43],[-56.15,51.47],[-57.36,50.6],[-58.13,49.5],[-57.97,49.08]]],[[[-87.1,63.54],[-85.6,63.75],[-85.46,63.21],[-82.73,64.08],[-82.2,63.69],[-80.18,63.72],[-81.87,63.99],[-82.11,64.64],[-85.56,65.86],[-86.06,64.14],[-87.1,63.54]]],[[[-77.11,67.85],[-75.77,67.3],[-75.12,68.11],[-77.11,67.85]]],[[[-71.54,63.36],[-69.16,62.42],[-65.94,61.79],[-66.33,62.32],[-68.48,63.34],[-67.77,63.8],[-64.77,62.48],[-65.04,64.41],[-66.6,64.77],[-68.38,66.28],[-66.91,66.59],[-65.03,65.95],[-64.84,65.38],[-63.35,65.02],[-63.38,65.93],[-61.21,66.64],[-63.93,67.41],[-64.83,67.95],[-66.74,67.93],[-68.67,68.72],[-68.53,69.25],[-66.67,69.19],[-68.47,70.56],[-70.29,70.62],[-72.53,71.63],[-73.28,71.16],[-75.32,72.55],[-78.36,72.58],[-78.57,71.93],[-81.04,72.38],[-80.49,73.04],[-82.7,73.78],[-84.86,73.35],[-85.5,72.61],[-84.29,72.26],[-86.33,71.99],[-86.66,73.1],[-85.25,73.78],[-86.89,73.83],[-89.1,73.2],[-90,71.54],[-87.17,71.02],[-89.15,70.97],[-87.95,70.38],[-80.83,69.71],[-81.01,70.18],[-78.71,70.01],[-80.49,70.81],[-79.1,70.66],[-73.18,68.3],[-72.3,67.26],[-74.28,66.06],[-73.42,65.53],[-75.79,65.2],[-77.36,65.38],[-78.1,64.51],[-76.53,64.23],[-74.56,64.78],[-73.16,64.57],[-71.54,63.36]]],[[[-90,75.97],[-90,76.59],[-93.08,76.53],[-91.87,74.79],[-88.14,74.57],[-80.35,74.62],[-79.5,75.28],[-83.56,75.9],[-86.18,75.41],[-89.04,75.46],[-90,75.97]]],[[[-90,82.02],[-89.24,80.86],[-85.19,81.32],[-85.5,80.62],[-78.96,81.03],[-82.26,80.05],[-86.17,80.28],[-83.91,79.26],[-81.6,78.75],[-85.81,78.91],[-84.93,77.35],[-86.44,77.82],[-89.42,76.61],[-85.04,76.41],[-81.38,76.65],[-80.81,76.24],[-78.21,76.55],[-78.37,78.03],[-76.14,78.07],[-74.96,79.12],[-77.24,79.58],[-71.45,79.85],[-66.48,81.3],[-67.59,81.96],[-63.92,82.01],[-62.43,82.63],[-70.58,83.18],[-81.52,82.69],[-80.09,81.97],[-84.95,82.38],[-90,82.02]]],[[[-100.1,75.76],[-99.94,75.08],[-98,75.16],[-97.82,76.48],[-101.75,76.54],[-102.15,75.64],[-100.1,75.76]]],[[[-96.81,76.92],[-93.94,76.4],[-94.2,76.9],[-96.81,76.92]]],[[[-98.34,78.8],[-97.46,78.1],[-95.1,78.44],[-98.34,78.8]]],[[[-88.34,80.12],[-92.02,81.26],[-96.59,80.09],[-95.04,79.4],[-93.18,79.53],[-92.7,78.43],[-89.12,78.34],[-85.76,79.38],[-88.34,80.12]]]]},"properties":{"NAME":"Canada","SUBJECTO":"Canada","PARTOF":"Canada"}},
{"type":"Feature","geometry":{"type":"MultiPolygon","coordinates":[[[[-73.11,-72.75],[-70.02,-72.67],[-68.63,-72.05],[-68.4,-71.13],[-70.33,-68.96],[-72.39,-69.26],[-71.8,-69.74],[-72.11,-71.05],[-75.28,-71.67],[-74.35,-72.21],[-72.03,-71.82],[-73.11,-72.75]]],[[[-102.55,-72.13],[-97.14,-72.67],[-95.91,-72.36],[-97.22,-71.82],[-101.16,-71.82],[-102.55,-72.13]]],[[[-55.18,-80.94],[-44.83,-80.32],[-44.21,-78.39],[-48.85,-78.08],[-50.86,-78.7],[-51.71,-79.78],[-53.87,-79.94],[-55.18,-80.94]]],[[[-164.06,-79.36],[-160.43,-79.97],[-158.8,-79.67],[-162.59,-78.82],[-164.06,-79.36]]],[[[169.77,-83.42],[158.14,-80.32],[159.84,-79.16],[163.64,-78.66],[166.75,-78.6],[162.33,-76.96],[162.35,-75.11],[165.19,-74.67],[164.62,-74.17],[167.58,-73.48],[168.9,-73.54],[170.73,-71.9],[167.63,-70.87],[162.49,-70.31],[160.6,-70.22],[157.31,-69.16],[151.09,-68.89],[150.89,-68.54],[146.88,-68],[145.59,-67.22],[141.16,-66.72],[134.21,-66.18],[130.27,-66.25],[129.01,-67.03],[126.8,-66.88],[126.41,-66.37],[125.13,-66.79],[122.46,-66.65],[118.29,-67.07],[115.68,-66.41],[114.44,-66.49],[113.01,-65.76],[110.61,-66.06],[109.4,-66.71],[102.63,-65.93],[100.88,-66.08],[99.12,-66.89],[98.66,-66.63],[95.72,-66.53],[90,-66.61],[88.65,-66.76],[88.3,-66.07],[87.22,-66.99],[85.52,-66.92],[81.81,-67.3],[78.26,-68.38],[76.87,-69.31],[75.4,-69.47],[71.92,-70.55],[69.53,-72.4],[68.21,-72.4],[67.36,-71.71],[69.07,-70.59],[67.51,-70.46],[68.95,-69.89],[69.77,-68.64],[69.37,-67.84],[62.81,-67.61],[56.63,-66.94],[57.1,-66.52],[55.14,-65.96],[52.45,-65.99],[50.01,-66.59],[50.27,-67.14],[48.31,-67.02],[48.85,-67.43],[42.56,-68.11],[39.65,-68.93],[39.46,-69.7],[38.33,-70.03],[33.54,-68.54],[32.75,-69.35],[23.71,-70.59],[17.6,-70.08],[12.66,-70.32],[11.11,-70.86],[8.49,-70.08],[0.68,-71.32],[-6.32,-71.42],[-7.2,-70.89],[-8.82,-71.82],[-9.75,-71.05],[-12.33,-71.68],[-11.83,-72.32],[-16.4,-73.44],[-17.09,-73.91],[-14.45,-74.06],[-17.17,-74.76],[-18.4,-75.69],[-23.58,-75.92],[-30.23,-76.84],[-33.16,-77.39],[-36.41,-78.62],[-36.41,-79.16],[-29.57,-79.22],[-28.91,-80.48],[-38.03,-80.94],[-43.83,-81.79],[-52.25,-82.02],[-58.97,-83.18],[-60.21,-82.33],[-67.93,-81.48],[-78.83,-80.01],[-76.43,-79.86],[-77.98,-79.09],[-82.92,-79.16],[-84.16,-78.24],[-79.14,-78.93],[-78.29,-78.31],[-80.76,-78.24],[-80.69,-77.57],[-74.5,-78.08],[-73.57,-77.48],[-75.82,-77.46],[-78.6,-76.61],[-77.82,-75.99],[-75.93,-76.48],[-70.56,-76.69],[-64.46,-75.69],[-61.37,-73.91],[-60.83,-72.75],[-61.68,-70.82],[-63.84,-68.65],[-65.15,-68.5],[-65.38,-67.34],[-63.84,-66.49],[-62.76,-66.65],[-62.37,-65.8],[-61.13,-64.87],[-57.27,-63.71],[-57.43,-63.25],[-64.23,-65.25],[-66.85,-66.8],[-67.86,-67.57],[-67.08,-68.65],[-68.78,-69.81],[-67.08,-71.82],[-67.63,-72.75],[-75.58,-73.75],[-78.52,-73.72],[-80.99,-73.25],[-81.77,-74.02],[-86.32,-73.25],[-93.97,-73.17],[-96.52,-73.33],[-99.79,-73],[-103.25,-73.56],[-100.05,-75.31],[-105.64,-75.07],[-106.8,-75.38],[-110.56,-75.3],[-110.43,-74.29],[-113.43,-74.69],[-114.15,-73.93],[-114.99,-74.45],[-120.17,-74.53],[-123.57,-74.84],[-127.12,-74.68],[-128.98,-74.91],[-134.77,-74.64],[-140.57,-75.26],[-149.61,-76.34],[-147.13,-76.53],[-146.15,-77.46],[-149.99,-77.73],[-154.17,-77.12],[-158.03,-77.27],[-158.19,-77.81],[-154.55,-79.12],[-148.6,-79.67],[-145.67,-80.52],[-148.84,-81.37],[-154.48,-81.06],[-152.08,-82.6],[-152,-84.38],[-138.82,-85.01],[-148.76,-85.07],[-156.56,-85.46],[-167.23,-84.76],[-180,-84.31],[-180,-90],[180,-90],[180,-84.3],[172.58,-83.84],[169.77,-83.42]]]]},"properties":{"NAME":null,"SUBJECTO":null,"PARTOF":null}},
{"type":"Feature","geometry":{"type":"MultiPolygon","coordinates":[[[[2.52,51.09],[1.59,50.82],[1.55,50.23],[-0.24,49.29],[-1.94,49.71],[-1.46,48.68],[-2.79,48.59],[-3.09,48.87],[-4.76,48.55],[-3.95,47.9],[-2,47.04],[-1.08,46.01],[-1.56,43.52],[-1.91,43.31],[-0.17,42.65],[1.36,42.41],[3.09,42.37],[3.07,42.94],[4.08,43.49],[5.83,43.02],[7.4,43.76],[6.92,43.82],[6.94,44.87],[5.82,45.4],[5.94,46.18],[6.92,47.51],[7.51,47.6],[8.16,48.98],[6.43,49.45],[5.82,49.51],[2.88,50.68],[2.52,51.09]]],[[[9.43,42.79],[8.61,42.49],[8.73,41.56],[9.17,41.35],[9.43,42.79]]]]},"properties":{"NAME":"France","SUBJECTO":"France","PARTOF":"France"}},
{"type":"Feature","geometry":{"type":"Polygon","coordinates":[[[10.4,46.89],[9.54,47.49],[8.98,47.68],[7.51,47.6],[6.92,47.51],[5.94,46.18],[6.38,46.34],[6.75,46.49],[6.78,46.47],[6.81,46.39],[6.96,45.94],[8.38,46.28],[8.89,45.87],[10.4,46.89]]]},"properties":{"NAME":"Switzerland","SUBJECTO":"Switzerland","PARTOF":"Switzerland"}},
{"type":"Feature","geometry":{"type":"Polygon","coordinates":[[[-59.4,8.16],[-60.1,6.56],[-58.7,2.77],[-57.88,2.85],[-57.9,1.59],[-56.71,1.89],[-57.25,3.26],[-58,3.96],[-57.76,4.91],[-57.25,4.95],[-57.07,5.84],[-58.01,6.79],[-58.51,6.56],[-58.62,7.5],[-59.4,8.16]]]},"properties":{"NAME":"British Guiana","SUBJECTO":"British Guiana","PARTOF":"British Guiana"}},
{"type":"Feature","geometry":{"type":"MultiPolygon","coordinates":[[[[-50.22,-1.74],[-48.89,-1.42],[-48.4,-0.39],[-49.14,-0.2],[-50.5,-0.26],[-50.65,-1.27],[-50.22,-1.74]]],[[[-66.85,1.01],[-66.13,0.64],[-65.6,0.99],[-65.36,0.56],[-63.88,1.88],[-63.33,2.06],[-60.52,2.19],[-58.85,1.15],[-57.9,1.59],[-57.88,2.85],[-58.7,2.77],[-60.1,6.56],[-59.4,8.16],[-60.21,8.56],[-61.76,8.58],[-60.79,9.39],[-61.53,9.85],[-62.38,10.01],[-62.7,10.76],[-64.07,10.63],[-64.88,10.14],[-66.48,10.68],[-67.98,10.54],[-68.69,11.38],[-69.63,11.54],[-69.97,12.23],[-70.34,12],[-69.75,11.53],[-71.55,10.95],[-71.04,9.39],[-71.6,9.09],[-72.11,9.9],[-71.69,10.77],[-71.99,11.61],[-71.19,11.91],[-72.05,11.72],[-73.34,9.2],[-72.88,9.24],[-72.35,8.32],[-72.36,7.47],[-71.81,6.97],[-70.54,7.05],[-70.02,6.83],[-69.3,6.01],[-67.48,6.21],[-67.94,5.14],[-67.81,4.3],[-67.22,3.34],[-67.77,2.82],[-67.11,1.99],[-66.85,1.01]]]]},"properties":{"NAME":"Venezuela","SUBJECTO":"Venezuela","PARTOF":"Venezuela"}},
{"type":"Feature","geometry":{"type":"Polygon","coordinates":[[[-72.92,-9.04],[-66.47,-9.91],[-65.31,-9.82],[-65.27,-11.37],[-64.26,-12.47],[-63.61,-12.51],[-62.08,-13.1],[-61.63,-13.63],[-60.36,-13.9],[-60.21,-15.85],[-60.03,-16.33],[-58.33,-16.37],[-58.4,-17.13],[-57.6,-18.04],[-57.78,-19.17],[-58.14,-19.81],[-57.75,-20.69],[-57.81,-22.15],[-56.38,-22.14],[-55.62,-22.45],[-55.35,-23.78],[-54.22,-24.12],[-54.58,-25.74],[-53.94,-25.66],[-53.62,-26.27],[-53.73,-27.22],[-54.75,-27.69],[-55.65,-28.46],[-57.58,-30.4],[-56.75,-30.25],[-55.87,-31.17],[-53.89,-32.05],[-53.24,-32.94],[-53.41,-33.88],[-52.35,-32.68],[-52.04,-31.56],[-51.45,-31.02],[-51.23,-30.27],[-50.58,-30.42],[-51.48,-31.82],[-50.47,-30.74],[-49.94,-29.63],[-48.94,-28.7],[-48.56,-27.68],[-48.72,-25.43],[-46.21,-23.88],[-45.46,-23.86],[-44.56,-22.99],[-41.96,-22.92],[-41.93,-22.55],[-40.98,-22.09],[-40.93,-21.28],[-39.69,-19.41],[-39.67,-18.23],[-39.14,-17.77],[-38.95,-16],[-39.13,-14.32],[-38.8,-12.63],[-38.27,-12.89],[-37.64,-11.95],[-37.19,-10.84],[-35.6,-9.63],[-35.11,-8.66],[-34.89,-7.61],[-35.46,-5.27],[-37.18,-4.95],[-38.79,-3.6],[-40.23,-2.85],[-41.1,-2.97],[-42.32,-2.82],[-43.33,-2.43],[-44.59,-3.15],[-44.46,-2.27],[-44.8,-1.74],[-47.24,-0.68],[-48.04,-0.82],[-48.39,-1.41],[-49.42,-2.36],[-49.29,-1.79],[-50.64,-1.88],[-50.98,-1.11],[-52.02,-1.57],[-51.53,-0.43],[-50.65,0.27],[-49.88,1.21],[-49.97,1.73],[-50.69,2.22],[-51.21,4.07],[-51.62,4.22],[-52.85,2.09],[-54.39,2.26],[-54.86,2.48],[-56.07,2.18],[-55.79,1.73],[-56.71,1.89],[-57.9,1.59],[-58.85,1.15],[-60.52,2.19],[-63.33,2.06],[-63.88,1.88],[-65.36,0.56],[-65.6,0.99],[-66.13,0.64],[-66.85,1.01],[-67.06,0.94],[-66.66,-2.82],[-67.25,-2.55],[-67.98,-3.41],[-69.23,-3.48],[-69.36,-4.14],[-69.9,-4.38],[-70.55,-4.27],[-72.77,-5.14],[-73.19,-6.08],[-73.06,-6.52],[-73.78,-7.04],[-73.84,-7.58],[-72.92,-9.04]]]},"properties":{"NAME":"Kingdom of Brazil","SUBJECTO":"Kingdom of Brazil","PARTOF":"Kingdom of Brazil"}},
{"type":"Feature","geometry":{"type":"Polygon","coordinates":[[[-80.23,-3.47],[-80.26,-4.41],[-79.69,-4.46],[-79.29,-5.01],[-77.41,-4.33],[-77.34,-4.79],[-75.69,-5.06],[-73.59,-4.44],[-72.88,-3.39],[-71.06,-3.94],[-70.59,-3.79],[-70.05,-2.82],[-70.92,-2.32],[-72.96,-2.45],[-73.61,-1.46],[-74.47,-0.57],[-76.15,0.35],[-76.85,0.14],[-77.63,0.72],[-78.94,1.38],[-80.09,0.82],[-80.34,-0.66],[-80.97,-1.03],[-80.74,-2.12],[-80.36,-2.73],[-79.81,-2.17],[-79.76,-2.8],[-80.23,-3.47]]]},"properties":{"NAME":"Ecuador","SUBJECTO":"Ecuador","PARTOF":"Ecuador"}},
{"type":"Feature","geometry":{"type":"Polygon","coordinates":[[[-2.19,35.05],[-3.01,35.39],[-4.59,35.15],[-5.57,35.86],[-5.93,35.73],[-7,33.87],[-8.31,33.34],[-9.22,32.58],[-9.81,31.29],[-9.66,29.95],[-10.34,29.15],[-11.58,28.23],[-12.87,27.86],[-13.12,27.55],[-8.64,27.57],[-8.59,28.64],[-7.17,29.48],[-6.42,29.47],[-4.91,30.43],[-3.73,30.89],[-3.78,31.56],[-2.82,31.99],[-1.23,31.99],[-1.08,32.45],[-1.68,33.26],[-1.74,34.61],[-2.19,35.05]]]},"properties":{"NAME":"Morocco","SUBJECTO":"Morocco","PARTOF":"Morocco"}},
{"type":"Feature","geometry":{"type":"Polygon","coordinates":[[[-88.32,18.49],[-87.88,18.38],[-87.65,20.19],[-86.94,20.98],[-87.2,21.53],[-88.33,21.59],[-90.3,21.05],[-90.44,19.95],[-90.8,19.25],[-91.7,18.82],[-94.24,18.24],[-96.01,18.93],[-97.5,21.19],[-97.88,22.33],[-97.82,24.21],[-97.26,25.81],[-99.1,26.41],[-99.6,27.47],[-101.03,29.33],[-101.73,29.75],[-102.45,29.69],[-103.02,29.09],[-103.59,29.06],[-104.57,29.58],[-105.13,30.61],[-106.54,31.7],[-108.23,31.72],[-108.37,31.28],[-111.09,31.31],[-114.62,32.43],[-114.88,32.64],[-117.17,32.52],[-115.6,29.69],[-114.07,28.42],[-114.48,27.78],[-115.05,27.85],[-114.48,27.24],[-113.29,26.81],[-112.41,26.19],[-112.17,25.01],[-110.22,23.4],[-110,22.89],[-109.52,23.19],[-110.8,24.88],[-111.59,26.76],[-111.91,26.66],[-112.87,28.33],[-114.68,30.14],[-114.97,31.13],[-114.84,31.82],[-113.05,31.14],[-112.65,29.92],[-111.69,28.5],[-110.6,27.86],[-110.38,27.21],[-109.13,26.29],[-109.26,25.65],[-108.01,24.98],[-105.54,22.28],[-105.29,20.67],[-105.69,20.4],[-104.95,19.44],[-103.49,18.35],[-101.99,18.03],[-101.22,17.42],[-98.86,16.6],[-97.88,16.05],[-96.33,15.75],[-95.13,16.3],[-94.08,16.11],[-92.16,14.54],[-92.24,15.28],[-91.76,16.1],[-90,16.1],[-90,16.82],[-91.08,16.92],[-91.01,17.84],[-89.15,17.83],[-88.32,18.49]]]},"properties":{"NAME":"Mexico","SUBJECTO":"Mexico","PARTOF":"Mexico"}},
{"type":"Feature","geometry":{"type":"Polygon","coordinates":[[[107.88,21.46],[107.1,21.65],[106.51,22.33],[106.59,22.93],[105.31,23.3],[104.48,22.78],[101.97,22.53],[102.99,20.94],[103.61,20.68],[104.13,20.94],[104.72,20.2],[103.9,19.31],[104.81,18.72],[106.64,16.48],[107.11,16.17],[107.39,14.56],[107.51,13.42],[107.38,12.35],[105.84,11.58],[105.83,11.2],[106.7,10.45],[107.41,10.37],[108.7,11.15],[109.07,11.64],[109.31,12.91],[108.79,15.09],[108.24,16.08],[106.43,17.55],[106.36,18.01],[105.53,18.84],[105.84,19.7],[106.81,20.91],[107.37,20.88],[107.88,21.46]]]},"properties":{"NAME":"Annam","SUBJECTO":"Annam","PARTOF":"Annam"}},
{"type":"Feature","geometry":{"type":"Polygon","coordinates":[[[31.73,-26.15],[31.66,-27.04],[32.83,-27.13],[32.9,-26.37],[32.5,-26.07],[33.35,-25.3],[34.88,-24.72],[35.43,-24.23],[35.51,-22.18],[35.26,-22.27],[34.7,-20.57],[34.73,-19.86],[35.91,-19.03],[37.28,-17.71],[39.47,-16.72],[40.39,-15.74],[40.85,-14.58],[40.62,-14.48],[40.53,-12.58],[40.31,-11.34],[40.52,-10.55],[39.06,-11.21],[39.53,-12.24],[39.74,-13.71],[39.64,-15.29],[39.22,-15.71],[37.64,-16.02],[36.39,-16.97],[35.55,-16.97],[33.81,-15.73],[32.89,-15.36],[32.63,-15.83],[33.09,-16.4],[34.27,-17.62],[34.37,-18.22],[33.97,-18.96],[33.67,-20.32],[33.97,-23.23],[33.47,-24.53],[31.76,-25.64],[31.73,-26.15]]]},"properties":{"NAME":"Mozambique","SUBJECTO":"Portugal","PARTOF":"Mozambique"}},
{"type":"Feature","geometry":{"type":"Polygon","coordinates":[[[16.33,-28.56],[16.79,-29.14],[18.18,-31.81],[18.23,-32.9],[17.87,-32.99],[18.46,-33.83],[18.29,-34.25],[19.18,-34.42],[19.88,-34.99],[20.26,-34.62],[21.67,-34.51],[22.68,-34.1],[24.43,-34.33],[25.62,-33.92],[26.66,-33.85],[28.92,-32.3],[29.97,-31.27],[29.16,-30.85],[28.69,-29.97],[27.88,-30.05],[26.89,-30.57],[26.38,-30.42],[25.75,-30.55],[24.17,-29.55],[23.54,-29.15],[22.6,-29.66],[21.99,-28.59],[21.54,-28.24],[20.74,-28.74],[19.84,-28.44],[19.13,-28.95],[17.71,-28.87],[17.01,-28.07],[16.33,-28.56]]]},"properties":{"NAME":"Cape Colony","SUBJECTO":"Cape Colony","PARTOF":"Cape Colony"}},
{"type":"Feature","geometry":{"type":"Polygon","coordinates":[[[28.69,-29.97],[29.16,-30.85],[29.97,-31.27],[31.33,-29.51],[31.01,-28.7],[30.39,-28.5],[29.09,-28.5],[28.69,-29.97]]]},"properties":{"NAME":"Natal","SUBJECTO":"Natal","PARTOF":"Natal"}},
{"type":"Feature","geometry":{"type":"Polygon","coordinates":[[[28.69,-29.97],[29.09,-28.5],[28.9,-28.51],[27.22,-29.18],[26.38,-30.42],[26.89,-30.57],[27.88,-30.05],[28.69,-29.97]]]},"properties":{"NAME":"Basutoland","SUBJECTO":"Basutoland","PARTOF":"Basutoland"}},
{"type":"Feature","geometry":{"type":"Polygon","coordinates":[[[32.3,-28.13],[31.26,-27.64],[30.69,-27.58],[30.24,-27.55],[30.39,-28.5],[31.01,-28.7],[31.33,-29.51],[32.23,-28.74],[32.3,-28.13]]]},"properties":{"NAME":"Zululand","SUBJECTO":"Zululand","PARTOF":"Zululand"}},
{"type":"Feature","geometry":{"type":"Polygon","coordinates":[[[32.3,-28.13],[32.83,-27.13],[31.66,-27.04],[31.26,-27.64],[32.3,-28.13]]]},"properties":{"NAME":null,"SUBJECTO":null,"PARTOF":null}},
{"type":"Feature","geometry":{"type":"Polygon","coordinates":[[[31.26,-27.64],[31.66,-27.04],[31.73,-26.15],[31.26,-25.69],[30.62,-26.26],[30.56,-26.84],[30.69,-27.58],[31.26,-27.64]]]},"properties":{"NAME":"Swaziland","SUBJECTO":"Swaziland","PARTOF":"Swaziland"}},
{"type":"Feature","geometry":{"type":"Polygon","coordinates":[[[28.9,-28.51],[29.38,-27.54],[29.3,-26.98],[28.42,-26.5],[27.13,-26.66],[27.21,-26.98],[25.61,-27.22],[25.13,-27.54],[24.65,-28.99],[24.17,-29.55],[25.75,-30.55],[26.38,-30.42],[27.22,-29.18],[28.9,-28.51]]]},"properties":{"NAME":"Orange Free State","SUBJECTO":"Orange Free State","PARTOF":"Orange Free State"}},
{"type":"Feature","geometry":{"type":"Polygon","coordinates":[[[30.69,-27.58],[30.56,-26.84],[29.3,-26.98],[29.38,-27.54],[28.9,-28.51],[29.09,-28.5],[30.39,-28.5],[30.24,-27.55],[30.69,-27.58]]]},"properties":{"NAME":null,"SUBJECTO":null,"PARTOF":null}},
{"type":"Feature","geometry":{"type":"Polygon","coordinates":[[[25.13,-27.54],[25.61,-27.22],[27.21,-26.98],[27.13,-26.66],[28.42,-26.5],[29.3,-26.98],[30.56,-26.84],[30.62,-26.26],[31.26,-25.69],[31.86,-24.82],[31.86,-22.41],[31.54,-21.85],[29.46,-21.53],[29.14,-22.01],[28.5,-22.01],[26.53,-23.32],[26.42,-24.19],[25.37,-24.74],[25.05,-26.1],[25.13,-27.54]]]},"properties":{"NAME":"Transvaal","SUBJECTO":"Transvaal","PARTOF":"Transvaal"}},
{"type":"Feature","geometry":{"type":"Polygon","coordinates":[[[24.17,-29.55],[24.65,-28.99],[25.13,-27.54],[23.92,-27.18],[23.28,-27.3],[21.99,-28.59],[22.6,-29.66],[23.54,-29.15],[24.17,-29.55]]]},"properties":{"NAME":"Griqualand West","SUBJECTO":"Griqualand West","PARTOF":"Griqualand West"}},
{"type":"Feature","geometry":{"type":"Polygon","coordinates":[[[27.96,-18.39],[26.42,-18.6],[25.6,-19.67],[25.76,-20.29],[26.78,-20.6],[27.96,-19.83],[28.99,-19.47],[29.2,-18.85],[27.96,-18.39]]]},"properties":{"NAME":"Ndebele","SUBJECTO":"Ndebele","PARTOF":"Ndebele"}},
{"type":"Feature","geometry":{"type":"Polygon","coordinates":[[[27.5,-22.24],[27.5,-21.47],[27.04,-21.47],[25.4,-22.09],[25.09,-22.55],[25.86,-23.27],[27.5,-22.24]]]},"properties":{"NAME":"Ngwato","SUBJECTO":"Ngwato","PARTOF":"Ngwato"}},
{"type":"Feature","geometry":{"type":"Polygon","coordinates":[[[27.48,-16.88],[27.88,-16.02],[28.03,-14.96],[27.63,-14.41],[26.56,-14],[25.37,-13.86],[23.91,-14.3],[23.09,-15.46],[23.22,-16.81],[24.11,-17.65],[24.9,-17.81],[26.42,-17.62],[27.48,-16.88]]]},"properties":{"NAME":"Lozi","SUBJECTO":"Lozi","PARTOF":"Lozi"}},
{"type":"Feature","geometry":{"type":"Polygon","coordinates":[[[39.06,-11.21],[40.52,-10.55],[39.66,-9.8],[39.27,-7.8],[39.57,-7.04],[38.92,-6.34],[39.27,-4.78],[40.92,-2.08],[41.61,-1.59],[43.33,0.41],[41.65,1.2],[40.91,0.02],[39.88,0.02],[39.95,-1.02],[37.74,-2.34],[37.66,-3.38],[38.25,-3.9],[37.96,-4.86],[37.96,-6.78],[36.18,-7.44],[36.04,-8.55],[38.33,-9.07],[39.06,-11.21]]]},"properties":{"NAME":"Sultinate of Zanzibar","SUBJECTO":"Sultinate of Zanzibar","PARTOF":"Sultinate of Zanzibar"}},
{"type":"Feature","geometry":{"type":"Polygon","coordinates":[[[33.81,-15.73],[34.14,-14.78],[33.67,-13.47],[32.5,-12.53],[31.75,-12.76],[30.67,-13.61],[29.96,-14.88],[30.2,-16.1],[30.95,-16.71],[32.36,-16.8],[33.09,-16.4],[32.63,-15.83],[32.89,-15.36],[33.81,-15.73]]]},"properties":{"NAME":"Shona","SUBJECTO":"Shona","PARTOF":"Shona"}},
{"type":"Feature","geometry":{"type":"Polygon","coordinates":[[[24.37,-13.65],[25.5,-13.04],[26.06,-11.87],[25.03,-10.83],[24.23,-10.88],[22.91,-11.49],[22.44,-12.1],[22.63,-13.56],[23.66,-13.84],[24.37,-13.65]]]},"properties":{"NAME":"Barotse","SUBJECTO":"Barotse","PARTOF":"Barotse"}},
{"type":"Feature","geometry":{"type":"Polygon","coordinates":[[[32.88,1.53],[33.35,1.9],[32.69,2.66],[31.37,2.33],[30.24,0.87],[29.82,0.78],[30.01,-0.16],[30.9,-0.45],[31.65,0.73],[32.88,1.53]]]},"properties":{"NAME":"Bunyoro","SUBJECTO":"Bunyoro","PARTOF":"Bunyoro"}},
{"type":"Feature","geometry":{"type":"Polygon","coordinates":[[[31.14,-1.48],[32.1,-1.47],[33.32,-0.11],[32.88,1.53],[31.65,0.73],[30.9,-0.45],[30.82,-1.11],[31.14,-1.48]]]},"properties":{"NAME":"Buganda","SUBJECTO":"Buganda","PARTOF":"Buganda"}},
{"type":"Feature","geometry":{"type":"Polygon","coordinates":[[[26.78,-11.82],[27.19,-12.35],[28.72,-12.64],[29.19,-11.94],[30.66,-11.52],[31.3,-10.94],[31.13,-9.23],[29.01,-8.18],[27.43,-8.29],[26.72,-10.82],[26.78,-11.82]]]},"properties":{"NAME":"Yeke","SUBJECTO":"Yeke","PARTOF":"Yeke"}},
{"type":"Feature","geometry":{"type":"Polygon","coordinates":[[[29.42,-4.47],[29.54,-6.41],[30.3,-7.12],[31.07,-8.59],[32.3,-8.29],[33.18,-7.41],[34.18,-5.41],[33.01,-5.06],[33.01,-4.77],[31.07,-4.24],[30.66,-3.71],[30.25,-4.3],[29.42,-4.47]]]},"properties":{"NAME":"Mirambo Unyanyembe Ukimbu","SUBJECTO":"Mirambo Unyanyembe Ukimbu","PARTOF":"Mirambo Unyanyembe Ukimbu"}},
{"type":"Feature","geometry":{"type":"Polygon","coordinates":[[[30.66,-3.71],[30.72,-3.18],[30.19,-3.01],[29.31,-3.89],[29.42,-4.47],[30.25,-4.3],[30.66,-3.71]]]},"properties":{"NAME":"Burundi","SUBJECTO":"Burundi","PARTOF":"Burundi"}},
{"type":"Feature","geometry":{"type":"Polygon","coordinates":[[[32.83,-3.01],[31.19,-3.12],[31.3,-4.06],[32.65,-4.42],[33.77,-3.77],[33.71,-3.24],[32.83,-3.01]]]},"properties":{"NAME":"Nguni","SUBJECTO":"Nguni","PARTOF":"Nguni"}},
{"type":"Feature","geometry":{"type":"Polygon","coordinates":[[[30.82,-1.11],[30.13,-1.24],[29.48,-1.89],[29.66,-2.54],[30.42,-2.71],[31.07,-2.36],[31.14,-1.48],[30.82,-1.11]]]},"properties":{"NAME":"Rwanda","SUBJECTO":"Rwanda","PARTOF":"Rwanda"}},
{"type":"Feature","geometry":{"type":"Polygon","coordinates":[[[27.66,-6.35],[28.84,-6.35],[28.72,-5.3],[28.19,-5.06],[28.13,-4.47],[29.01,-3.65],[28.78,-3.01],[27.31,-2.65],[27.25,-1.07],[26.37,0.28],[25.9,0.34],[23.25,-0.71],[22.78,-1.36],[23.67,-2.18],[24.72,-3.83],[24.43,-4.71],[24.58,-5.25],[25.25,-6.18],[26.25,-6.53],[27.66,-6.35]]]},"properties":{"NAME":"Sultanate of Utetera","SUBJECTO":"Sultanate of Utetera","PARTOF":"Sultanate of Utetera"}},
{"type":"Feature","geometry":{"type":"Polygon","coordinates":[[[25.25,-6.18],[24.49,-6.82],[24.31,-7.47],[24.66,-8.47],[25.49,-8.65],[27.13,-8.29],[27.66,-6.94],[27.66,-6.35],[26.25,-6.53],[25.25,-6.18]]]},"properties":{"NAME":"Lunda","SUBJECTO":"Lunda","PARTOF":"Lunda"}},
{"type":"Feature","geometry":{"type":"Polygon","coordinates":[[[24.58,-5.25],[23.84,-5.53],[23.61,-6.41],[24.49,-6.82],[25.25,-6.18],[24.58,-5.25]]]},"properties":{"NAME":"Luba","SUBJECTO":"Luba","PARTOF":"Luba"}},
{"type":"Feature","geometry":{"type":"Polygon","coordinates":[[[22.73,-4.77],[22.31,-3.83],[21.38,-3.65],[20.91,-4.12],[20.73,-5.53],[21.2,-6.71],[21.55,-6.94],[22.26,-6.59],[22.78,-5.36],[22.73,-4.77]]]},"properties":{"NAME":"Kuba","SUBJECTO":"Kuba","PARTOF":"Kuba"}},
{"type":"Feature","geometry":{"type":"Polygon","coordinates":[[[12.3,-14.56],[14.42,-12.66],[14.68,-11.76],[14.37,-9.64],[14.33,-8.23],[14.09,-7.71],[13.02,-7.61],[13.48,-8.42],[13.15,-9.06],[13.64,-10.3],[13.81,-11.66],[13.34,-12.65],[12.59,-13.46],[12.3,-14.56]]]},"properties":{"NAME":"Angola (Portugal)","SUBJECTO":"Portugal","PARTOF":"Portugal"}},
{"type":"Feature","geometry":{"type":"Polygon","coordinates":[[[14.42,-12.66],[15.21,-12.64],[16.15,-13.05],[16.21,-10.88],[16.09,-9.82],[14.37,-9.64],[14.68,-11.76],[14.42,-12.66]]]},"properties":{"NAME":"Ovimbundu","SUBJECTO":"Ovimbundu","PARTOF":"Ovimbundu"}},
{"type":"Feature","geometry":{"type":"Polygon","coordinates":[[[16.09,-9.82],[16.91,-9.94],[17.62,-9.29],[16.91,-8.06],[15.56,-7.73],[14.97,-7.71],[14.09,-7.71],[14.33,-8.23],[14.37,-9.64],[16.09,-9.82]]]},"properties":{"NAME":"Mbailundu","SUBJECTO":"Mbailundu","PARTOF":"Mbailundu"}},
{"type":"Feature","geometry":{"type":"Polygon","coordinates":[[[14.97,-7.71],[15.09,-7.41],[14.57,-6.28],[14.03,-5.12],[13.42,-4.56],[12.56,-4.3],[11.85,-4.71],[12.37,-6.26],[13.02,-7.61],[14.09,-7.71],[14.97,-7.71]]]},"properties":{"NAME":"Congo","SUBJECTO":"France","PARTOF":"Congo"}},
{"type":"Feature","geometry":{"type":"Polygon","coordinates":[[[14.57,-6.28],[15.38,-5.77],[16.03,-4.77],[16.35,-4.45],[16.68,-4.12],[15.97,-3.09],[15.09,-2.89],[14.38,-3.18],[13.42,-4.56],[14.03,-5.12],[14.57,-6.28]]]},"properties":{"NAME":"Teke","SUBJECTO":"Teke","PARTOF":"Teke"}},
{"type":"Feature","geometry":{"type":"Polygon","coordinates":[[[15.56,-7.73],[16.03,-4.77],[15.38,-5.77],[14.57,-6.28],[15.09,-7.41],[14.97,-7.71],[15.56,-7.73]]]},"properties":{"NAME":null,"SUBJECTO":null,"PARTOF":null}},
{"type":"Feature","geometry":{"type":"Polygon","coordinates":[[[16.91,-8.06],[17.56,-7.71],[17.44,-7.12],[18.09,-5.83],[17.73,-5.12],[16.35,-4.45],[16.03,-4.77],[15.56,-7.73],[16.91,-8.06]]]},"properties":{"NAME":"Yaka","SUBJECTO":"Yaka","PARTOF":"Yaka"}},
{"type":"Feature","geometry":{"type":"Polygon","coordinates":[[[54.98,17.02],[55.56,17.94],[56.26,17.98],[56.74,18.69],[57.84,19.03],[57.81,20.17],[58.51,20.42],[59.84,22.28],[58.63,23.46],[57.15,23.98],[56.41,24.82],[56.28,25.46],[56.01,25.14],[56.13,24.1],[57.73,22.73],[58.38,21.98],[57.44,21.01],[56.43,19.63],[56.13,18.89],[54.88,18.16],[54.98,17.02]]]},"properties":{"NAME":"Oman","SUBJECTO":"Oman","PARTOF":"Oman"}},
{"type":"Feature","geometry":{"type":"Polygon","coordinates":[[[56.13,24.1],[54.96,23.45],[51.51,23.37],[50.77,24.15],[50.57,23.85],[49.7,24.41],[49.4,26.08],[48.47,26.7],[47.44,28.83],[46.51,28.97],[46.91,29.44],[44.08,30.34],[40.03,34.39],[38.04,34.6],[37.21,33.57],[36.52,31.16],[36.59,29.79],[37.64,27.36],[39.76,25.43],[40.86,24.99],[41.07,22.26],[41.81,21.71],[41.92,20.77],[45.56,17.2],[45.7,16.18],[45.26,13.83],[45.41,13.09],[46.6,13.4],[48.04,14.05],[48.96,14.22],[49.33,14.63],[51.31,15.25],[52.14,15.69],[52.89,16.61],[54.08,17.02],[54.98,17.02],[54.88,18.16],[56.13,18.89],[56.43,19.63],[57.44,21.01],[58.38,21.98],[57.73,22.73],[56.13,24.1]]]},"properties":{"NAME":"Arabia","SUBJECTO":"Arabia","PARTOF":"Arabia"}},
{"type":"Feature","geometry":{"type":"Polygon","coordinates":[[[56.28,25.46],[56.37,26.24],[54.35,24.15],[53.69,23.99],[51.29,24.28],[50.97,24.44],[50.77,24.15],[51.51,23.37],[54.96,23.45],[56.13,24.1],[56.01,25.14],[56.28,25.46]]]},"properties":{"NAME":"Trucial Oman","SUBJECTO":"Trucial Oman","PARTOF":"Trucial Oman"}},
{"type":"Feature","geometry":{"type":"Polygon","coordinates":[[[50.97,24.44],[51.29,24.28],[51.59,25.61],[51.07,25.95],[50.97,24.44]]]},"properties":{"NAME":"Qatar","SUBJECTO":"Qatar","PARTOF":"Qatar"}},
{"type":"Feature","geometry":{"type":"Polygon","coordinates":[[[8.33,32.65],[7.73,33.2],[7.58,34.04],[8.22,34.58],[8.27,36.32],[8.64,36.89],[7.91,36.78],[6.32,37.09],[5.14,36.67],[3.74,36.84],[3.32,36.65],[1.06,36.46],[-0.09,35.74],[-1.15,35.63],[-2.19,35.05],[-1.74,34.61],[-1.68,33.26],[-1.08,32.45],[-1.23,31.99],[1.37,30.95],[4.81,33.26],[6.75,33.05],[8.33,32.65]]]},"properties":{"NAME":"Algeria (FR)","SUBJECTO":"France","PARTOF":"Algeria"}},
{"type":"Feature","geometry":{"type":"Polygon","coordinates":[[[12.5,12.22],[15.81,11.98],[16.49,12.01],[17.73,14.59],[17.73,15.99],[17.29,16.69],[17.19,18.25],[15.57,18.57],[15.2,17.28],[13.9,15.94],[13.4,15.81],[12.18,15.5],[11.6,14.06],[12.5,12.22]]]},"properties":{"NAME":"Kanem-Bornu","SUBJECTO":"Kanem-Bornu","PARTOF":"Kanem-Bornu"}},
{"type":"Feature","geometry":{"type":"Polygon","coordinates":[[[6.03,8.19],[3.46,8.34],[2.88,7.75],[3.24,7.31],[5.51,6.87],[6.17,7.39],[6.03,8.19]]]},"properties":{"NAME":"Ibadan","SUBJECTO":"Ibadan","PARTOF":"Ibadan"}},
{"type":"Feature","geometry":{"type":"Polygon","coordinates":[[[5.42,4.96],[6.1,5.19],[6.1,5.85],[5.22,6.29],[4.63,6.21],[5.45,5.48],[5.42,4.96]]]},"properties":{"NAME":"Benin","SUBJECTO":"Benin","PARTOF":"Benin"}},
{"type":"Feature","geometry":{"type":"Polygon","coordinates":[[[2.83,6.35],[4.07,6.44],[3.32,7.09],[2.83,6.35]]]},"properties":{"NAME":"Lagos","SUBJECTO":"Lagos","PARTOF":"Lagos"}},
{"type":"Feature","geometry":{"type":"Polygon","coordinates":[[[2.71,6.35],[2.72,6.88],[2.19,6.77],[2.17,6.29],[2.71,6.35]]]},"properties":{"NAME":"Cotonou","SUBJECTO":"Cotonou","PARTOF":"Cotonou"}},
{"type":"Feature","geometry":{"type":"Polygon","coordinates":[[[-0.12,5.57],[-0.77,6.24],[-1.86,5.9],[-2.72,5.04],[-2.03,4.7],[-0.12,5.57]]]},"properties":{"NAME":"Gold Coast (GB)","SUBJECTO":"Great Britain","PARTOF":"Gold Coast (GB)"}},
{"type":"Feature","geometry":{"type":"Polygon","coordinates":[[[-5.24,5.19],[-3.09,5.16],[-3.32,5.83],[-4.29,6.2],[-4.74,6.05],[-5.24,5.19]]]},"properties":{"NAME":"Ivory Coast","SUBJECTO":"Ivory Coast","PARTOF":"Ivory Coast"}},
{"type":"Feature","geometry":{"type":"Polygon","coordinates":[[[0.8,5.71],[0.24,6.88],[-0.99,7.48],[-1.82,7.29],[-2.31,7.29],[-2.5,6.47],[-2.8,5.19],[-2.72,5.04],[-1.86,5.9],[-0.77,6.24],[-0.12,5.57],[0.8,5.71]]]},"properties":{"NAME":"Asante","SUBJECTO":"Asante","PARTOF":"Asante"}},
{"type":"Feature","geometry":{"type":"Polygon","coordinates":[[[-12.31,7.65],[-11.57,8.53],[-11.38,9.54],[-12.24,9.84],[-13.18,9.09],[-13.21,8.35],[-12.31,7.65]]]},"properties":{"NAME":"Sierra Leone","SUBJECTO":"Sierra Leone","PARTOF":"Sierra Leone"}},
{"type":"Feature","geometry":{"type":"Polygon","coordinates":[[[-12.31,7.65],[-12.26,7.35],[-9.78,5.71],[-9.54,6.39],[-10.07,7.59],[-10.89,7.63],[-10.89,8.34],[-11.57,8.53],[-12.31,7.65]]]},"properties":{"NAME":"Liberia","SUBJECTO":"Liberia","PARTOF":"Liberia"}},
{"type":"Feature","geometry":{"type":"Polygon","coordinates":[[[-16.77,13.36],[-15.45,13.33],[-15,13.75],[-15.92,13.78],[-16.47,13.72],[-16.77,13.36]]]},"properties":{"NAME":"Gambia","SUBJECTO":"Gambia","PARTOF":"Gambia"}},
{"type":"Feature","geometry":{"type":"Polygon","coordinates":[[[-16.77,13.36],[-16.42,12.25],[-15.99,12.27],[-15.45,13.33],[-16.77,13.36]]]},"properties":{"NAME":"Portuguese Guinea","SUBJECTO":"Portuguese Guinea","PARTOF":"Portuguese Guinea"}},
{"type":"Feature","geometry":{"type":"Polygon","coordinates":[[[-16.13,17.3],[-16.86,15.3],[-17.43,14.81],[-16.47,13.72],[-15.92,13.78],[-16.02,14.17],[-15.9,15.4],[-15.33,15.55],[-12.78,13.84],[-12.09,14.11],[-12.09,14.83],[-12.32,15.61],[-12.72,16],[-16.13,17.3]]]},"properties":{"NAME":"Senegal (FR)","SUBJECTO":"France","PARTOF":"Senegal (FR)"}},
{"type":"Feature","geometry":{"type":"Polygon","coordinates":[[[-16.02,14.17],[-15.09,14.2],[-13.62,12.97],[-13.11,13],[-12.78,13.84],[-15.33,15.55],[-15.9,15.4],[-16.02,14.17]]]},"properties":{"NAME":"Futa Toro","SUBJECTO":"Futa Toro","PARTOF":"Futa Toro"}},
{"type":"Feature","geometry":{"type":"Polygon","coordinates":[[[-1.19,8.77],[-0.09,8.38],[1.22,8.66],[0.98,10.62],[-0.01,11.28],[1.36,13.02],[0.14,13.96],[-1.03,14.53],[-2.91,13.87],[-2.44,13.17],[-3.09,12.45],[-3.05,11.9],[-2.35,11.62],[-1.69,10.72],[-1.88,8.8],[-1.19,8.77]]]},"properties":{"NAME":"Mossi States","SUBJECTO":"Mossi States","PARTOF":"Mossi States"}},
{"type":"Feature","geometry":{"type":"Polygon","coordinates":[[[-14.41,12.7],[-14.51,11.62],[-13.15,10.68],[-12.25,10.63],[-12.3,11.57],[-13.15,12.37],[-14.41,12.7]]]},"properties":{"NAME":"Futa Jalon","SUBJECTO":"Futa Jalon","PARTOF":"Futa Jalon"}},
{"type":"Feature","geometry":{"type":"Polygon","coordinates":[[[7.09,6.73],[6.48,6.5],[6.52,5.28],[7.04,5.79],[7.7,5.79],[7.6,6.5],[7.09,6.73]]]},"properties":{"NAME":"Ato trading confederacy","SUBJECTO":"Ato trading confederacy","PARTOF":"Ato trading confederacy"}},
{"type":"Feature","geometry":{"type":"Polygon","coordinates":[[[9.37,1.17],[10.47,1.1],[10.98,1.99],[9.89,2.14],[9.37,1.17]]]},"properties":{"NAME":"Spanish Guinea","SUBJECTO":"Spanish Guinea","PARTOF":"Spanish Guinea"}},
{"type":"Feature","geometry":{"type":"Polygon","coordinates":[[[9.23,-1.39],[10.7,-0.59],[10.19,0.77],[9.63,0.89],[9.2,-0.63],[8.82,-0.9],[9.23,-1.39]]]},"properties":{"NAME":"Gabon","SUBJECTO":"Gabon","PARTOF":"Gabon"}},
{"type":"Feature","geometry":{"type":"Polygon","coordinates":[[[39.48,14.62],[37.65,14.48],[36.9,13.45],[35.12,12.79],[34.69,11.94],[35.12,11.47],[35.4,10.07],[35.73,9.93],[35.96,7.48],[36.57,7.3],[37.79,8.52],[38.5,10.16],[38.73,11.94],[41.17,12.51],[41.22,13.07],[40.23,13.49],[39.8,15.09],[39.48,14.62]]]},"properties":{"NAME":"Ethiopia","SUBJECTO":"Ethiopia","PARTOF":"Ethiopia"}},
{"type":"Feature","geometry":{"type":"Polygon","coordinates":[[[49.65,11.33],[47.39,11.16],[46.68,10.7],[45.91,10.83],[44.28,10.4],[43.37,11.46],[42.54,9.89],[42.19,9.77],[41.95,8.89],[43.01,8.83],[44.12,9.54],[45.36,9.77],[46.53,9.48],[47.41,9.66],[48.88,9.6],[49.64,9.89],[49.65,11.33]]]},"properties":{"NAME":"Harer (Egypt)","SUBJECTO":"Harer (Egypt)","PARTOF":"Harer (Egypt)"}},
{"type":"Feature","geometry":{"type":"Polygon","coordinates":[[[-54.58,-25.74],[-54.22,-24.12],[-55.35,-23.78],[-55.62,-22.45],[-56.38,-22.14],[-57.81,-22.15],[-62.61,-22.16],[-61.24,-23.62],[-59.81,-24.22],[-57.71,-25.34],[-58.66,-27.22],[-55.73,-27.45],[-54.82,-26.56],[-54.58,-25.74]]]},"properties":{"NAME":"Paraguay","SUBJECTO":"Paraguay","PARTOF":"Paraguay"}},
{"type":"Feature","geometry":{"type":"Polygon","coordinates":[[[62.49,28.31],[61.97,28.48],[61.66,28.66],[61.5,28.87],[60.82,29.83],[61.78,30.91],[60.79,31.58],[60.54,32.99],[60.85,33.48],[60.42,34.08],[61.22,35.58],[61.01,36.64],[60.35,36.61],[59.24,37.45],[57.23,38.19],[55.36,38.04],[54.02,37.35],[53.8,36.68],[51.8,36.43],[50.56,36.69],[50.04,37.22],[48.84,37.51],[48.82,38.31],[49.28,39.02],[49.81,40.58],[47.57,43.01],[47.49,43.58],[47.25,42.78],[48.22,41.47],[47.35,41.3],[44.98,42.77],[43.96,42.59],[42.88,41.55],[43.85,40.75],[43.81,40.01],[44.67,39.76],[44.08,39.29],[44.46,38.29],[44.21,37.87],[45.39,35.93],[46.21,35.78],[46.18,35.06],[45.67,34.62],[45.51,33.8],[47.79,31.8],[47.69,30.88],[48.55,29.99],[50.13,30.07],[51.35,28.04],[52.41,27.58],[52.89,27.05],[54.65,26.39],[55.9,27.1],[56.79,26.97],[57.25,25.79],[59.03,25.31],[60.48,25.3],[61.57,25.04],[61.67,25.63],[61.81,25.98],[63.24,26.67],[62.49,28.31]]]},"properties":{"NAME":"Persia","SUBJECTO":"Persia","PARTOF":"Persia"}},
{"type":"Feature","geometry":{"type":"Polygon","coordinates":[[[73.88,39.88],[72.85,40.61],[72.24,39.91],[71.46,39.74],[71.46,39.13],[72.07,39.13],[72.71,37.19],[74.14,37.37],[74.73,37.21],[75.01,37.47],[74.58,38.59],[73.68,38.86],[73.88,39.88]]]},"properties":{"NAME":"central Asian khanates","SUBJECTO":"central Asian khanates","PARTOF":"central Asian khanates"}},
{"type":"Feature","geometry":{"type":"MultiPolygon","coordinates":[[[[10.14,54.34],[9.42,54.98],[10.75,56.1],[10.22,56.85],[8.18,56.43],[8.88,54.23],[10.14,54.34]]],[[[8.36,57.02],[10.26,57.01],[10.56,57.75],[8.36,57.02]]],[[[11.91,55.02],[12.43,55.24],[11.1,55.63],[11.91,55.02]]]]},"properties":{"NAME":"Denmark","SUBJECTO":"Denmark","PARTOF":"Denmark"}},
{"type":"Feature","geometry":{"type":"MultiPolygon","coordinates":[[[[18.14,56.91],[19,57.91],[18.11,57.52],[18.14,56.91]]],[[[19.56,79.77],[21,79.19],[23.82,79.15],[27.2,79.94],[24.42,80.44],[22.2,80.12],[19.92,80.63],[19.56,79.77]]],[[[14.16,79.36],[11.28,79.71],[13.06,78.35],[16.62,78.47],[13.91,78],[16.66,76.73],[19.12,78.45],[20.91,78.81],[16.33,80.03],[16.39,79.23],[14.16,79.36]]],[[[31.05,69.64],[28.73,70.14],[30.46,70.54],[28.21,71.02],[26.62,70.39],[26.61,70.91],[23.83,70.48],[23.2,69.94],[22.31,70.22],[19.58,69.18],[18.32,69.36],[15.38,67.46],[13.75,66.92],[11.41,64.62],[9.22,63.28],[7.09,62.91],[5.15,61.74],[5.1,60.26],[5.89,60.16],[5.09,59.51],[6.24,59.28],[5.4,58.72],[6.96,57.97],[8.15,58.09],[10.41,59.5],[11.11,59.17],[11.22,58.31],[12.29,56.88],[12.8,55.35],[14.12,55.35],[14.65,56.12],[15.77,56.03],[16.66,57.44],[16.44,58.63],[18.37,59.16],[19.04,59.71],[17.93,60.59],[17.19,60.67],[17.29,62.44],[17.72,62.36],[21.39,64.38],[21.28,65.21],[22.65,65.93],[23.95,65.8],[23.49,67.83],[20.79,68.93],[24.8,68.43],[26.51,69.81],[29.11,69.49],[28.7,68.7],[31.05,69.64]],[[14,59.07],[12.62,58.38],[13.14,59.34],[14,59.07]]]]},"properties":{"NAME":"Sweden–Norway","SUBJECTO":"Sweden–Norway","PARTOF":"Sweden–Norway"}},
{"type":"Feature","geometry":{"type":"Polygon","coordinates":[[[26.16,48.94],[26.36,48.12],[25.25,47.69],[26.29,47.21],[25.45,46.3],[25.52,45.8],[23.25,46.07],[22.48,45.73],[22.41,44.75],[22.69,44.26],[25.38,43.78],[26.57,44.21],[28.03,43.39],[28.51,43.74],[28.69,44.49],[29.71,45.26],[29.63,45.75],[30.43,46.18],[29.43,46.82],[28.91,47.82],[26.16,48.94]]]},"properties":{"NAME":"Romania","SUBJECTO":"Romania","PARTOF":"Romania"}},
{"type":"Feature","geometry":{"type":"MultiPolygon","coordinates":[[[[24.69,34.94],[26.16,35.02],[23.53,35.57],[23.57,35.25],[24.69,34.94]]],[[[22.34,42.67],[22,41.98],[20.57,41.3],[21.03,40.73],[20.47,40.03],[21.17,39.87],[21.39,40.32],[22.49,40.5],[22.7,40.58],[23.63,40.71],[25.02,41.02],[25.43,41.6],[25.92,41.34],[28.1,41.59],[27.5,42.52],[28.03,43.39],[28.51,43.74],[26.57,44.21],[25.38,43.78],[22.69,44.26],[22.32,43.68],[22.34,42.67]]]]},"properties":{"NAME":"Bulgaria","SUBJECTO":"Bulgaria","PARTOF":"Bulgaria"}},
{"type":"Feature","geometry":{"type":"Polygon","coordinates":[[[20.36,42.86],[21.09,42.47],[22.34,42.67],[22.32,43.68],[22.69,44.26],[22.41,44.75],[19.66,44.7],[19.35,44.89],[19.51,43.58],[20.36,42.86]]]},"properties":{"NAME":"Serbia","SUBJECTO":"Serbia","PARTOF":"Serbia"}},
{"type":"Feature","geometry":{"type":"Polygon","coordinates":[[[19.51,43.58],[18.56,43.64],[18.22,42.65],[18.51,42.36],[19.61,41.76],[20.36,42.86],[19.51,43.58]]]},"properties":{"NAME":"Montenegro","SUBJECTO":"Montenegro","PARTOF":"Montenegro"}},
{"type":"Feature","geometry":{"type":"Polygon","coordinates":[[[17.53,42.93],[18.51,42.36],[18.22,42.65],[18.56,43.64],[19.51,43.58],[19.35,44.89],[16.89,45.24],[15.76,44.79],[17.53,42.93]]]},"properties":{"NAME":"Bosnia-Herzegovina","SUBJECTO":"Bosnia-Herzegovina","PARTOF":"Bosnia-Herzegovina"}},
{"type":"Feature","geometry":{"type":"MultiPolygon","coordinates":[[[[23.63,40.71],[22.7,40.58],[23.6,39.93],[23.63,40.71]]],[[[22.49,40.5],[21.39,40.32],[21.17,39.87],[20.47,40.03],[21.03,40.73],[20.57,41.3],[22,41.98],[22.34,42.67],[21.09,42.47],[20.36,42.86],[19.61,41.76],[19.37,40.26],[20.03,39.81],[21.17,38.35],[22.33,38.43],[21.23,37.9],[21.78,36.82],[22.98,36.61],[22.64,37.49],[23.42,37.47],[22.98,37.96],[23.99,37.76],[23.8,38.35],[22.49,38.88],[23.24,39.2],[22.49,40.5]]]]},"properties":{"NAME":"Greece","SUBJECTO":"Greece","PARTOF":"Greece"}},
{"type":"Feature","geometry":{"type":"Polygon","coordinates":[[[-155.95,19.99],[-155.78,18.95],[-154.92,19.56],[-155.93,20.28],[-155.95,19.99]]]},"properties":{"NAME":"Kingdom of Hawaii","SUBJECTO":"Kingdom of Hawaii","PARTOF":"Kingdom of Hawaii"}},
{"type":"Feature","geometry":{"type":"MultiPolygon","coordinates":[[[[108.56,19.06],[108.65,18.48],[109.43,18.1],[110.26,18.63],[110.89,19.71],[110.62,20.02],[109.55,19.91],[108.56,19.06]]],[[[124.13,39.84],[124.49,40.28],[125.88,40.95],[126.47,41.65],[128.1,41.45],[127.98,42.11],[128.76,42.06],[129.97,42.96],[130.23,42.65],[131.14,43.23],[130.99,44.82],[131.74,45.26],[132.78,44.99],[133.38,45.65],[134.17,47.33],[134.72,47.69],[134.11,48.25],[132.27,47.78],[130.92,47.73],[130.48,48.9],[127.71,49.7],[126.19,52.52],[125.51,53.16],[123.35,53.51],[121.19,53.32],[119.94,52.59],[120.75,52.01],[119.18,50.7],[119.29,50.12],[117.49,49.59],[116.57,50.01],[115.73,49.86],[114.1,50.27],[112.52,49.46],[109.42,49.3],[107.55,49.83],[106.32,50.42],[103.68,50.17],[102.64,50.46],[102.12,51.36],[101.01,51.67],[97.61,52.15],[97.32,52.83],[95.87,53.8],[95.19,53.8],[93.57,52.35],[94.21,51.32],[93.32,50.62],[92.16,50.76],[90,50.31],[89.8,49.82],[86.78,48.99],[85.61,48.1],[85.48,47.09],[83.25,47.29],[82.44,45.74],[82.43,45.17],[81.69,45.36],[80.24,45.12],[80.77,43.38],[80.21,42.81],[80.11,42],[78.87,41.68],[78.4,41.23],[77.02,41.11],[76.48,40.44],[75.59,40.62],[73.88,39.88],[73.68,38.86],[74.58,38.59],[75.01,37.47],[74.73,37.21],[74.52,37],[75.63,36.77],[75.75,36.05],[76.82,35.56],[77.85,35.47],[78.14,34.55],[78.81,34.2],[78.62,33.5],[79.45,33.2],[79.57,32.7],[78.45,32.58],[78.89,31.32],[81.02,30.25],[82.14,30.37],[82.2,30.09],[85.14,28.34],[86.45,27.95],[88.2,27.88],[88.73,27.87],[88.8,27.18],[89.86,28.27],[91.15,28.03],[91.61,27.64],[92.55,27.92],[93.05,28.42],[94.57,29.2],[95.31,29],[95.93,29.38],[96.46,28.88],[96.25,28.39],[98.01,28.09],[98.64,27.48],[98.73,26.34],[98.38,25.63],[97.52,24.8],[97.7,23.88],[98.77,24.09],[98.98,23.15],[99.47,23.14],[99.16,22.31],[99.76,22.13],[100.32,21.46],[100.89,21.72],[101.24,21.26],[101.75,21.47],[101.54,22.14],[101.97,22.53],[104.48,22.78],[105.31,23.3],[106.59,22.93],[106.51,22.33],[107.1,21.65],[107.88,21.46],[108.55,21.82],[109.61,21.06],[109.93,20.24],[110.43,20.44],[110.08,20.87],[110.57,21.23],[112.75,21.76],[113.72,22.48],[115.31,22.77],[115.71,22.64],[117.85,24.05],[119.47,25.77],[119.43,26.59],[120.35,27.18],[121.01,28.28],[121.36,28.39],[121.77,29.83],[121.16,30.19],[119.94,30.12],[121.57,30.71],[121.27,31.45],[121.61,31.83],[120.66,32.54],[119.97,34.14],[119.02,34.69],[119.06,35.04],[120.14,36.19],[120.86,36.58],[122.26,36.73],[122.39,37.3],[121.43,37.34],[120.66,37.74],[119.6,37.12],[118.95,37.08],[118.88,37.95],[117.59,38.28],[117.75,39.2],[118.98,39.22],[119.39,39.84],[120.27,40.15],[121.01,40.85],[122.11,40.35],[121.24,39.55],[121.66,39.33],[121.07,38.75],[123.04,39.67],[124.13,39.84]]]]},"properties":{"NAME":"Manchu Empire","SUBJECTO":"Manchu Empire","PARTOF":"Manchu Empire"}},
{"type":"Feature","geometry":{"type":"Polygon","coordinates":[[[50.11,-14.12],[49.39,-14.42],[47.2,-16.94],[47.48,-17.88],[46.59,-17.82],[46.32,-18.21],[46.48,-19.26],[45.87,-20.31],[46.14,-21.13],[45.66,-22.15],[45.92,-22.91],[47.64,-23.55],[48.65,-20.34],[49.34,-18.23],[49.42,-17.2],[49.9,-16.46],[49.6,-15.65],[50.19,-15.96],[50.5,-15.31],[50.11,-14.12]]]},"properties":{"NAME":"Imerina","SUBJECTO":"Imerina","PARTOF":"Imerina"}},
{"type":"Feature","geometry":{"type":"Polygon","coordinates":[[[50.11,-14.12],[49.82,-12.83],[49.18,-12.27],[48.86,-13.25],[46.46,-15.86],[44.45,-16.24],[43.97,-17.55],[44.59,-19.53],[44.47,-20.17],[43.5,-21.49],[43.29,-22.41],[43.83,-23.41],[43.67,-24.23],[44.04,-24.99],[45.21,-25.66],[46.86,-25.22],[47.26,-24.77],[47.64,-23.55],[45.92,-22.91],[45.66,-22.15],[46.14,-21.13],[45.87,-20.31],[46.48,-19.26],[46.32,-18.21],[46.59,-17.82],[47.48,-17.88],[47.2,-16.94],[49.39,-14.42],[50.11,-14.12]]]},"properties":{"NAME":"Madagascar","SUBJECTO":"Madagascar","PARTOF":"Madagascar"}},
{"type":"Feature","geometry":{"type":"Polygon","coordinates":[[[2.19,6.77],[2.42,7.85],[2.26,8.79],[1.43,8.68],[1.32,7.8],[0.65,7.63],[0.76,6.97],[1.32,7.08],[1.34,6.18],[2.17,6.29],[2.19,6.77]]]},"properties":{"NAME":"Dahomey","SUBJECTO":"Dahomey","PARTOF":"Dahomey"}},
{"type":"Feature","geometry":{"type":"Polygon","coordinates":[[[11.6,14.06],[11.11,16.15],[10.2,16.62],[9.44,17.01],[9.49,17.98],[7.82,18.73],[7.61,18.41],[6.37,18.63],[5.26,17.27],[4.92,16.85],[3.57,16.69],[2.43,15.32],[1.46,13.67],[2.37,13.38],[2.53,12.61],[4.8,10.95],[4.52,10.45],[4.69,9.29],[4.36,8.9],[6.03,8.19],[6.98,7.24],[8.52,7.53],[9.25,7.24],[9.62,7.83],[11.01,8.05],[11.81,9],[12.47,8.85],[13.06,10.24],[13.2,11.2],[12.5,12.22],[11.6,14.06]]]},"properties":{"NAME":"Sokoto Caliphate","SUBJECTO":"Sokoto Caliphate","PARTOF":"Sokoto Caliphate"}},
{"type":"Feature","geometry":{"type":"Polygon","coordinates":[[[1.46,13.67],[1.73,12.67],[0.76,11.5],[1.76,10.56],[1.54,8.96],[2.43,8.97],[4.69,9.29],[4.52,10.45],[4.8,10.95],[2.53,12.61],[2.37,13.38],[1.46,13.67]]]},"properties":{"NAME":"Borgu States","SUBJECTO":"Borgu States","PARTOF":"Borgu States"}},
{"type":"Feature","geometry":{"type":"Polygon","coordinates":[[[2.43,8.97],[3.46,8.34],[6.03,8.19],[4.36,8.9],[4.69,9.29],[2.43,8.97]]]},"properties":{"NAME":"Oyo","SUBJECTO":"Oyo","PARTOF":"Oyo"}},
{"type":"Feature","geometry":{"type":"Polygon","coordinates":[[[9.28,4.02],[9.34,5.25],[8.29,5.25],[8.26,4.75],[8.87,4.62],[9.28,4.02]]]},"properties":{"NAME":"Calabar","SUBJECTO":"Calabar","PARTOF":"Calabar"}},
{"type":"Feature","geometry":{"type":"Polygon","coordinates":[[[13.4,15.81],[11.8,17.14],[10.2,16.62],[11.11,16.15],[11.6,14.06],[12.18,15.5],[13.4,15.81]]]},"properties":{"NAME":"Sultanate of Damagaram","SUBJECTO":"Sultanate of Damagaram","PARTOF":"Sultanate of Damagaram"}},
{"type":"Feature","geometry":{"type":"Polygon","coordinates":[[[7.89,4.45],[7.07,5.31],[7.05,4.51],[7.89,4.45]]]},"properties":{"NAME":"Opobo","SUBJECTO":"Opobo","PARTOF":"Opobo"}},
{"type":"Feature","geometry":{"type":"Polygon","coordinates":[[[22.87,38.84],[24.03,38.39],[23.24,39.04],[22.87,38.84]]]},"properties":{"NAME":null,"SUBJECTO":null,"PARTOF":null}},
{"type":"Feature","geometry":{"type":"Polygon","coordinates":[[[24.66,37.9],[25.47,37.44],[24.76,38],[24.66,37.9]]]},"properties":{"NAME":null,"SUBJECTO":null,"PARTOF":null}},
{"type":"Feature","geometry":{"type":"Polygon","coordinates":[[[-61.69,17.02],[-61.83,17.16],[-61.89,17.03],[-61.69,17.02]]]},"properties":{"NAME":"Antigua and Barbuda","SUBJECTO":"Antigua and Barbuda","PARTOF":"Antigua and Barbuda"}},
{"type":"Feature","geometry":{"type":"Polygon","coordinates":[[[128.97,-14.92],[128.07,-15.38],[127.96,-14.7],[126.85,-13.78],[125.86,-14.69],[125.16,-14.8],[125.02,-15.64],[124.42,-15.66],[124.34,-16.26],[123.58,-16.39],[123.89,-16.91],[123.42,-17.58],[122.74,-16.58],[122.09,-17.4],[122.2,-18.24],[121.58,-18.7],[120.87,-19.68],[119.53,-20.14],[118.87,-20.07],[117.6,-20.76],[116.42,-20.84],[113.63,-22.57],[113.76,-23.48],[113.36,-24.28],[113.43,-24.87],[114.18,-26.02],[114.1,-26.54],[113.16,-26.43],[114.02,-27.63],[113.96,-28.03],[114.63,-28.9],[115.06,-30.8],[115.75,-32.21],[115.65,-33.37],[114.99,-33.75],[115.05,-34.42],[116.56,-35.19],[118.21,-35.09],[119.77,-34.12],[121.74,-33.96],[122.17,-34.18],[123.62,-33.92],[124.25,-33.14],[126.06,-32.43],[127.27,-32.38],[128.72,-31.92],[128.82,-24.94],[128.97,-14.92]]]},"properties":{"NAME":"Western Australia (UK)","SUBJECTO":"Western Australia (UK)","PARTOF":"Western Australia (UK)"}},
{"type":"Feature","geometry":{"type":"Polygon","coordinates":[[[141.02,-34],[141.06,-38.38],[141.9,-38.43],[143.36,-38.97],[144.75,-38.46],[144.97,-38.07],[145.54,-38.72],[146.53,-39.18],[148.04,-38.1],[148.75,-38.01],[148.21,-37.53],[148.4,-36.89],[147.71,-35.91],[144.73,-35.96],[143.14,-34.64],[142.09,-34.1],[141.02,-34]]]},"properties":{"NAME":"Victoria (UK)","SUBJECTO":"Victoria (UK)","PARTOF":"United Kingdom of Great Britain and Ireland"}},
{"type":"Feature","geometry":{"type":"Polygon","coordinates":[[[153.4,-28.13],[152.95,-27.34],[152.9,-25.63],[151.73,-24.16],[150.8,-23.6],[150.75,-22.81],[149.56,-22.43],[149.1,-21.06],[148.19,-20.17],[146.32,-19.08],[145.92,-18.26],[145.87,-17.19],[145.33,-16.49],[145.18,-15.05],[144.39,-14.37],[143.74,-14.47],[143.17,-12.12],[142.64,-11.09],[142.13,-11.16],[141.68,-12.47],[141.71,-15.23],[140.8,-17.56],[140.25,-17.8],[139.25,-17.43],[138.96,-16.99],[138.07,-16.7],[137.9,-24.94],[137.88,-25.92],[140.95,-25.87],[140.98,-28.86],[149.02,-28.88],[149.58,-28.42],[151.01,-28.56],[151.63,-29.02],[152,-28.39],[153.4,-28.13]]]},"properties":{"NAME":"Queensland (UK)","SUBJECTO":"Queensland (UK)","PARTOF":"Queensland (UK)"}},
{"type":"Feature","geometry":{"type":"Polygon","coordinates":[[[148.75,-38.01],[149.5,-37.93],[149.98,-37.35],[150.22,-35.69],[150.76,-35.25],[151.36,-33.52],[152.18,-32.88],[152.97,-31.42],[152.94,-30.7],[153.49,-28.84],[153.4,-28.13],[152,-28.39],[151.63,-29.02],[151.01,-28.56],[149.58,-28.42],[149.02,-28.88],[140.98,-28.86],[141.02,-34],[142.09,-34.1],[143.14,-34.64],[144.73,-35.96],[147.71,-35.91],[148.4,-36.89],[148.21,-37.53],[148.75,-38.01]]]},"properties":{"NAME":"New South Wales (UK)","SUBJECTO":"New South Wales (UK)","PARTOF":"New South Wales (UK)"}},
{"type":"Feature","geometry":{"type":"Polygon","coordinates":[[[137.9,-24.94],[138.07,-16.7],[136.69,-16.03],[135.39,-14.9],[135.88,-14.2],[135.83,-13.48],[136.47,-13.22],[136.86,-12.44],[135.44,-12.18],[134.94,-12.34],[133.56,-11.95],[132.38,-11.3],[132.75,-12.17],[131.54,-12.4],[131.18,-12.24],[130.46,-12.76],[130.27,-13.36],[129.43,-14.31],[129.85,-14.82],[129.63,-15.28],[128.97,-14.92],[128.82,-24.94],[137.9,-24.94]]]},"properties":{"NAME":"Northern Territory (UK)","SUBJECTO":"Northern Territory (UK)","PARTOF":"Northern Territory (UK)"}},
{"type":"Feature","geometry":{"type":"Polygon","coordinates":[[[-61.36,15.2],[-61.3,15.57],[-61.49,15.54],[-61.36,15.2]]]},"properties":{"NAME":"Dominica","SUBJECTO":"Dominica","PARTOF":"Dominica"}},
{"type":"Feature","geometry":{"type":"Polygon","coordinates":[[[-60.86,14.4],[-61.03,14.83],[-61.23,14.81],[-60.86,14.4]]]},"properties":{"NAME":"France","SUBJECTO":"France","PARTOF":"France"}},
{"type":"Feature","geometry":{"type":"Polygon","coordinates":[[[-62.17,16.67],[-62.18,16.81],[-62.24,16.71],[-62.17,16.67]]]},"properties":{"NAME":"Montserrat","SUBJECTO":"Montserrat","PARTOF":"Montserrat"}},
{"type":"Feature","geometry":{"type":"Polygon","coordinates":[[[-63.17,18.16],[-62.99,18.23],[-63.06,18.26],[-63.17,18.16]]]},"properties":{"NAME":"Anguilla","SUBJECTO":"Anguilla","PARTOF":"Anguilla"}},
{"type":"Feature","geometry":{"type":"Polygon","coordinates":[[[-62.7,17.34],[-62.78,17.29],[-62.62,17.24],[-62.7,17.34]]]},"properties":{"NAME":"Saint Kitts and Nevis","SUBJECTO":"Saint Kitts and Nevis","PARTOF":"Saint Kitts and Nevis"}},
{"type":"Feature","geometry":{"type":"Polygon","coordinates":[[[-64.76,17.77],[-64.9,17.68],[-64.67,17.71],[-64.76,17.77]]]},"properties":{"NAME":"United States Virgin Islands","SUBJECTO":"United States Virgin Islands","PARTOF":"United States Virgin Islands"}},
{"type":"Feature","geometry":{"type":"Polygon","coordinates":[[[-61.35,16.33],[-61.79,16.24],[-61.7,15.95],[-61.35,16.33]]]},"properties":{"NAME":"Guadeloupe","SUBJECTO":"Guadeloupe","PARTOF":"Guadeloupe"}},
{"type":"Feature","geometry":{"type":"Polygon","coordinates":[[[-68.97,12.2],[-68.83,12.05],[-68.82,12.16],[-68.97,12.2]]]},"properties":{"NAME":"Netherlands Antilles","SUBJECTO":"Netherlands Antilles","PARTOF":"Netherlands Antilles"}},
{"type":"Feature","geometry":{"type":"Polygon","coordinates":[[[-63.01,18.07],[-63.05,18.12],[-63.14,18.06],[-63.01,18.07]]]},"properties":{"NAME":"Saint Martin","SUBJECTO":"Saint Martin","PARTOF":"Saint Martin"}},
{"type":"Feature","geometry":{"type":"Polygon","coordinates":[[[-63.14,18.06],[-63.03,18.02],[-63.01,18.07],[-63.14,18.06]]]},"properties":{"NAME":"Saint Barthelemy","SUBJECTO":"Saint Barthelemy","PARTOF":"Saint Barthelemy"}},
{"type":"Feature","geometry":{"type":"Polygon","coordinates":[[[19.33,57.96],[19.1,57.98],[19.14,57.91],[19.33,57.96]]]},"properties":{"NAME":null,"SUBJECTO":null,"PARTOF":null}},
{"type":"Feature","geometry":{"type":"Polygon","coordinates":[[[146.71,-43.72],[147.82,-42.97],[148.32,-41.81],[148.27,-41.09],[146.38,-41.31],[144.78,-40.84],[145.18,-42.48],[145.72,-43.24],[146.71,-43.72]]]},"properties":{"NAME":null,"SUBJECTO":null,"PARTOF":null}},
{"type":"Feature","geometry":{"type":"MultiPolygon","coordinates":[[[[-72.28,41.12],[-73.59,40.92],[-74.01,40.58],[-72.54,40.83],[-72.28,41.12]]],[[[-97.26,25.81],[-97.64,26.85],[-96.83,28.16],[-96.72,28.71],[-95.6,28.8],[-94.43,29.54],[-93.45,29.77],[-91.24,29.32],[-89.03,29.12],[-89.38,29.87],[-90,30.04],[-89.23,30.41],[-87.77,30.26],[-86.39,30.47],[-85.3,29.66],[-83.89,30.05],[-82.65,28.91],[-82.84,27.84],[-81.74,25.92],[-81.1,25.13],[-80.31,25.24],[-80.05,26.55],[-80.61,28.56],[-81.41,30.07],[-81.51,30.73],[-80.58,32.5],[-79.35,33.11],[-78.62,33.81],[-77.96,33.93],[-76.95,35.03],[-75.73,35.88],[-76.28,37.06],[-76.22,37.94],[-76.54,38.79],[-75.67,37.9],[-75.04,38.5],[-75.62,39.67],[-74.86,38.99],[-74.15,39.77],[-74.29,40.63],[-72.85,41.29],[-70.3,41.76],[-71.05,42.36],[-69.92,43.91],[-69.25,43.99],[-68.78,44.63],[-67.17,44.71],[-67.19,45.25],[-67.56,45.77],[-67.7,47.04],[-69.05,47.46],[-70.59,45.29],[-71.53,44.96],[-74.78,45.01],[-76.13,44.33],[-76.17,43.63],[-76.86,43.27],[-79.14,43.22],[-79.05,42.85],[-80.07,42.15],[-82.37,41.41],[-83.45,41.75],[-83.06,42.03],[-82.3,43.03],[-82.84,44.03],[-83.59,43.67],[-83.43,45.27],[-84.63,45.75],[-83.82,46.15],[-84.74,46.47],[-85.1,46.75],[-86.73,46.44],[-88.46,46.92],[-87.88,47.46],[-89.31,46.88],[-90.88,46.6],[-90.83,46.94],[-92.11,46.73],[-89.62,47.97],[-90,48.25],[-91.68,48.04],[-93.71,48.57],[-94.83,49.49],[-94.82,49.05],[-100.46,49.04],[-104.26,49.06],[-110.67,49.05],[-115.16,49.06],[-121.05,49.05],[-122.9,49.07],[-122.35,48.08],[-124.68,48.39],[-123.99,45.76],[-124.63,43.01],[-124.15,41.58],[-124.36,40.33],[-123.8,39.03],[-121.93,37.01],[-121.93,36.34],[-120.68,35.19],[-120.53,34.51],[-118.6,34.1],[-117.5,33.33],[-117.17,32.52],[-114.88,32.64],[-114.62,32.43],[-111.09,31.31],[-108.37,31.28],[-108.23,31.72],[-106.54,31.7],[-105.13,30.61],[-104.57,29.58],[-103.59,29.06],[-103.02,29.09],[-102.45,29.69],[-101.73,29.75],[-101.03,29.33],[-99.6,27.47],[-99.1,26.41],[-97.26,25.81]],[[-87.61,41.88],[-87.91,43.19],[-87.34,44.82],[-87.94,44.56],[-87,45.86],[-85.38,46.07],[-85.03,45.37],[-86.07,44.87],[-86.49,44],[-86.23,42.62],[-87.22,41.63],[-87.61,41.88]]],[[[-132.18,55.28],[-133.52,56.21],[-133.27,55.62],[-132.17,54.85],[-132.18,55.28]]],[[[-163.57,55.02],[-165.01,54.53],[-163.21,54.74],[-163.57,55.02]]],[[[-160.39,55.56],[-161.32,55.88],[-162.58,55.39],[-160.39,55.56]]],[[[-170.97,63.65],[-169.9,63.08],[-169.33,63.4],[-170.97,63.65]]],[[[-154.34,57.49],[-153.88,56.94],[-152.38,57.52],[-153.4,57.8],[-154.34,57.49]]],[[[-136.42,58.11],[-135.82,57.45],[-135.32,58.09],[-136.42,58.11]]],[[[-141.06,69.6],[-143.31,70.2],[-145.27,70.12],[-149.29,70.54],[-152.14,70.53],[-152.97,70.93],[-160.24,70.86],[-162.88,70],[-164.07,69.06],[-166.3,68.88],[-166.84,68.41],[-164.51,67.8],[-163.74,67.22],[-160.03,66.57],[-162.28,66.07],[-164.46,66.6],[-168.18,65.69],[-165.66,65.25],[-166.59,64.73],[-163.03,64.44],[-161.29,64.96],[-161.13,63.56],[-163.31,63.04],[-164.29,63.25],[-166.19,61.75],[-165.9,61.27],[-163.52,60.71],[-165.13,60.54],[-164.03,59.8],[-162.38,60.16],[-161.94,58.72],[-159.81,58.94],[-157.14,58.86],[-157.67,57.6],[-160.46,56.2],[-160.17,55.81],[-156.5,57.1],[-156.68,57.4],[-154.65,58.08],[-153.45,58.88],[-154.28,59.25],[-152.9,59.9],[-152.88,60.28],[-150.31,61.31],[-149.32,60.93],[-151.16,60.66],[-151.78,59.99],[-151.39,59.21],[-149.33,60.03],[-147.94,61.21],[-145,60.55],[-144.41,60.09],[-140.13,59.77],[-137.09,58.45],[-136.15,58.9],[-133.47,57.84],[-133.4,57.22],[-132.1,56.35],[-132.26,55.85],[-131.19,56.03],[-130.55,54.91],[-130,55.29],[-130.11,55.99],[-131.72,56.61],[-133.5,58.42],[-135.26,59.67],[-137.22,58.88],[-139.01,60.26],[-140.89,60.39],[-140.93,63.79],[-140.97,66.03],[-141.06,69.6]]]]},"properties":{"NAME":"United States of America","SUBJECTO":"United States of America","PARTOF":"United States of America"}},
{"type":"Feature","geometry":{"type":"MultiPolygon","coordinates":[[[[13.01,37.52],[15.03,36.75],[15.39,38.21],[13.81,37.97],[13.32,38.22],[12.45,37.77],[13.01,37.52]]],[[[8.37,39.31],[9.48,39.14],[9.79,40.56],[9.31,41.18],[8.24,40.86],[8.37,39.31]]],[[[13.56,45.73],[13.57,46.51],[11.74,46.75],[11.17,45.74],[10.52,45.74],[10.4,46.89],[8.89,45.87],[8.38,46.28],[6.96,45.94],[6.81,46.39],[6.38,46.34],[5.94,46.18],[5.82,45.4],[6.94,44.87],[6.92,43.82],[7.4,43.76],[8.9,44.44],[9.91,44.11],[10.74,42.85],[12.64,41.53],[13.8,41.19],[14.9,40.24],[15.67,40.09],[16.21,38.78],[15.63,38.23],[16.05,37.93],[17.09,38.92],[16.53,39.7],[16.95,40.48],[17.85,40.24],[18.03,40.6],[15.87,41.5],[16.01,41.9],[14.92,41.97],[14.09,42.61],[13.6,43.53],[12.7,43.93],[12.18,45.21],[13.56,45.73]]]]},"properties":{"NAME":"Italy","SUBJECTO":"Italy","PARTOF":"Italy"}},
{"type":"Feature","geometry":{"type":"Polygon","coordinates":[[[14.47,44.81],[14.29,44.91],[14.48,44.61],[14.47,44.81]]]},"properties":{"NAME":null,"SUBJECTO":null,"PARTOF":null}},
{"type":"Feature","geometry":{"type":"Polygon","coordinates":[[[-71.19,11.91],[-71.44,12.42],[-73.36,11.32],[-74.22,11.37],[-75.45,10.63],[-75.7,9.43],[-76.76,8.69],[-76.86,7.93],[-78.27,9.39],[-79.5,9.64],[-80.96,8.86],[-82.23,9.05],[-82.56,9.58],[-82.96,8.05],[-82.38,8.32],[-81.12,7.94],[-80.66,7.25],[-79.98,7.49],[-80.4,8.06],[-79.07,9.03],[-78.38,8.39],[-77.9,7.17],[-77.4,6.67],[-77.5,5.51],[-77.11,3.79],[-77.8,2.58],[-78.47,2.47],[-78.94,1.38],[-77.63,0.72],[-76.85,0.14],[-76.15,0.35],[-74.47,-0.57],[-73.61,-1.46],[-72.96,-2.45],[-70.92,-2.32],[-70.05,-2.82],[-70.59,-3.79],[-69.9,-4.38],[-69.36,-4.14],[-69.23,-3.48],[-67.98,-3.41],[-67.25,-2.55],[-66.66,-2.82],[-67.06,0.94],[-66.85,1.01],[-67.11,1.99],[-67.77,2.82],[-67.22,3.34],[-67.81,4.3],[-67.94,5.14],[-67.48,6.21],[-69.3,6.01],[-70.02,6.83],[-70.54,7.05],[-71.81,6.97],[-72.36,7.47],[-72.35,8.32],[-72.88,9.24],[-73.34,9.2],[-72.05,11.72],[-71.19,11.91]]]},"properties":{"NAME":"Colombia","SUBJECTO":"Colombia","PARTOF":"Colombia"}},
{"type":"Feature","geometry":{"type":"Polygon","coordinates":[[[27.78,35.89],[28.24,36.43],[27.72,36.17],[27.78,35.89]]]},"properties":{"NAME":null,"SUBJECTO":null,"PARTOF":null}},
{"type":"Feature","geometry":{"type":"Polygon","coordinates":[[[14.56,35.82],[14.37,35.99],[14.33,35.89],[14.56,35.82]]]},"properties":{"NAME":"Malta","SUBJECTO":"Malta","PARTOF":"Malta"}},
{"type":"Feature","geometry":{"type":"Polygon","coordinates":[[[61.57,25.04],[64.42,25.17],[66.62,25.32],[66.7,24.75],[67.32,24.09],[69.11,22.9],[70.41,22.75],[69.97,22.35],[68.89,22.29],[70.21,20.95],[71.02,20.66],[72.12,21.16],[72.32,22.12],[72.7,22.13],[72.77,21.15],[73.11,20.83],[72.76,20.06],[73.06,18.03],[73.84,15.39],[74.73,13.68],[75.21,12.1],[76.08,10.55],[76.7,8.71],[77.34,8.05],[77.9,8.26],[78.31,9],[79.16,9.28],[79.22,10.19],[79.79,10.25],[79.71,11.44],[80.32,13.33],[80.09,15.18],[80.3,15.65],[80.96,15.72],[81.37,16.35],[82.23,16.65],[82.35,17.09],[84.26,18.46],[85.11,19.44],[86.12,19.81],[86.93,20.69],[86.8,21.14],[88.05,21.94],[88.38,21.58],[90,21.93],[90,22.56],[91.41,22.72],[92.18,20.89],[92.89,20.11],[93.33,20.03],[93.97,19.19],[94.42,18.14],[94.46,17.26],[94.14,16.01],[94.82,16.21],[95.33,15.68],[96.47,16.51],[96.88,17.35],[97.57,16.45],[97.82,14.62],[98.49,13.11],[98.87,11.65],[98.4,10.56],[98.59,10.12],[99.58,11.89],[99.1,12.97],[99,13.89],[98.14,15.19],[98.58,15.47],[98.82,16.32],[97.79,17.58],[97.27,18.5],[97.37,20.78],[98.2,21.61],[97.7,23.88],[97.52,24.8],[98.38,25.63],[98.73,26.34],[98.64,27.48],[98.01,28.09],[96.25,28.39],[96.46,28.88],[95.93,29.38],[95.31,29],[94.57,29.2],[93.05,28.42],[92.55,27.92],[91.61,27.64],[91.91,26.81],[90,26.78],[88.87,26.91],[88.8,27.18],[88.73,27.87],[88.2,27.88],[88.09,26.44],[86.78,26.47],[85.37,26.76],[84.14,27.54],[83.32,27.37],[81.36,28.19],[80.1,28.95],[80.41,29.79],[81.02,30.25],[78.89,31.32],[78.45,32.58],[79.57,32.7],[79.45,33.2],[78.62,33.5],[78.81,34.2],[78.14,34.55],[77.85,35.47],[76.82,35.56],[75.75,36.05],[75.63,36.77],[74.52,37],[73.79,36.73],[72.37,36.72],[71.32,36.05],[71.66,35.13],[70.79,33.93],[69.87,33.94],[70.29,33.28],[69.51,32.95],[69.21,31.8],[68.24,31.77],[67.68,31.22],[66.47,30.84],[66.09,29.74],[64.09,29.39],[62.37,29.38],[60.82,29.83],[61.5,28.87],[61.66,28.66],[61.97,28.48],[62.49,28.31],[63.24,26.67],[61.81,25.98],[61.67,25.63],[61.57,25.04]]]},"properties":{"NAME":"British Raj","SUBJECTO":"United Kingdom","PARTOF":"British Raj"}},
{"type":"Feature","geometry":{"type":"Polygon","coordinates":[[[20.98,18.32],[20.03,14.75],[23.11,12.15],[25.54,15.28],[24.45,17.76],[20.98,18.32]]]},"properties":{"NAME":"Wadai Empire","SUBJECTO":"Wadai Empire","PARTOF":"Wadai Empire"}},
{"type":"Feature","geometry":{"type":"Polygon","coordinates":[[[5.26,17.27],[4.02,18.57],[0.99,18.98],[0.71,16.24],[2.43,15.32],[3.57,16.69],[4.92,16.85],[5.26,17.27]]]},"properties":{"NAME":"Dendi Kingdom","SUBJECTO":"Dendi Kingdom","PARTOF":"Dendi Kingdom"}},
{"type":"Feature","geometry":{"type":"Polygon","coordinates":[[[-3.55,13.68],[-4.53,13.21],[-5.56,12.28],[-5.41,10.38],[-5.22,7.92],[-2.5,6.47],[-2.31,7.29],[-1.82,7.29],[-1.19,8.77],[-1.88,8.8],[-1.69,10.72],[-2.35,11.62],[-3.05,11.9],[-3.09,12.45],[-3.05,13.21],[-3.55,13.68]]]},"properties":{"NAME":"Kong Empire","SUBJECTO":"Kong Empire","PARTOF":"Kong Empire"}},
{"type":"Feature","geometry":{"type":"Polygon","coordinates":[[[-5.41,10.38],[-5.56,12.28],[-6.38,11.75],[-7.77,11.85],[-6.91,9.8],[-5.41,10.38]]]},"properties":{"NAME":"Wassoulou Empire","SUBJECTO":"Wassoulou Empire","PARTOF":"Wassoulou Empire"}},
{"type":"Feature","geometry":{"type":"Polygon","coordinates":[[[-12.32,15.61],[-10.99,15.44],[-9.38,16.06],[-7.07,15.91],[-5.11,16.61],[-3.6,16.49],[-2.97,15.09],[-3.55,13.68],[-3.05,13.21],[-3.09,12.45],[-2.44,13.17],[-2.91,13.87],[-1.03,14.53],[0.14,13.96],[1.36,13.02],[-0.01,11.28],[0.98,10.62],[1.22,8.66],[-0.09,8.38],[-1.19,8.77],[-1.82,7.29],[-0.99,7.48],[0.24,6.88],[0.8,5.71],[1.34,6.18],[1.32,7.08],[0.76,6.97],[0.65,7.63],[1.32,7.8],[1.43,8.68],[2.26,8.79],[2.42,7.85],[2.19,6.77],[2.72,6.88],[2.71,6.35],[2.83,6.35],[3.32,7.09],[4.07,6.44],[4.63,6.21],[5.22,6.29],[6.1,5.85],[6.1,5.19],[5.42,4.96],[6.09,4.33],[7.05,4.51],[7.07,5.31],[7.89,4.45],[8.26,4.75],[8.29,5.25],[9.34,5.25],[9.28,4.02],[9.92,2.82],[9.89,2.14],[10.98,1.99],[10.47,1.1],[9.37,1.17],[9.63,0.89],[10.19,0.77],[10.7,-0.59],[9.23,-1.39],[9.66,-2.42],[11.85,-4.71],[12.56,-4.3],[13.42,-4.56],[14.38,-3.18],[15.09,-2.89],[15.97,-3.09],[16.68,-4.12],[16.35,-4.45],[17.73,-5.12],[18.09,-5.83],[17.44,-7.12],[17.56,-7.71],[16.91,-8.06],[17.62,-9.29],[16.91,-9.94],[16.09,-9.82],[16.21,-10.88],[16.15,-13.05],[15.21,-12.64],[14.42,-12.66],[12.3,-14.56],[11.78,-15.87],[11.77,-17.6],[12.08,-18.49],[12.93,-19.74],[13.8,-21.44],[14.42,-22.27],[14.4,-23.07],[14.91,-25.02],[14.84,-25.62],[15.45,-27.62],[16.33,-28.56],[17.01,-28.07],[17.71,-28.87],[19.13,-28.95],[19.84,-28.44],[20.74,-28.74],[21.54,-28.24],[21.99,-28.59],[23.28,-27.3],[23.92,-27.18],[25.13,-27.54],[25.05,-26.1],[25.37,-24.74],[26.42,-24.19],[26.53,-23.32],[28.5,-22.01],[29.14,-22.01],[29.46,-21.53],[31.54,-21.85],[31.86,-22.41],[31.86,-24.82],[31.26,-25.69],[31.73,-26.15],[31.76,-25.64],[33.47,-24.53],[33.97,-23.23],[33.67,-20.32],[33.97,-18.96],[34.37,-18.22],[34.27,-17.62],[33.09,-16.4],[32.36,-16.8],[30.95,-16.71],[30.2,-16.1],[29.96,-14.88],[30.67,-13.61],[31.75,-12.76],[32.5,-12.53],[33.67,-13.47],[34.14,-14.78],[33.81,-15.73],[35.55,-16.97],[36.39,-16.97],[37.64,-16.02],[39.22,-15.71],[39.64,-15.29],[39.74,-13.71],[39.53,-12.24],[39.06,-11.21],[38.33,-9.07],[36.04,-8.55],[36.18,-7.44],[37.96,-6.78],[37.96,-4.86],[38.25,-3.9],[37.66,-3.38],[37.74,-2.34],[39.95,-1.02],[39.88,0.02],[40.91,0.02],[41.65,1.2],[43.33,0.41],[44.57,1.46],[45.54,1.97],[46.36,2.67],[48.47,5.2],[49.05,6.42],[50.78,9.37],[51.25,11.66],[50.7,11.95],[49.65,11.33],[49.64,9.89],[48.88,9.6],[47.41,9.66],[46.53,9.48],[45.36,9.77],[44.12,9.54],[43.01,8.83],[41.95,8.89],[42.19,9.77],[42.54,9.89],[43.37,11.46],[42.56,11.57],[43.47,12.1],[40.74,14.92],[39.9,15.5],[39.8,15.09],[40.23,13.49],[41.22,13.07],[41.17,12.51],[38.73,11.94],[38.5,10.16],[37.79,8.52],[36.57,7.3],[35.96,7.48],[35.73,9.93],[35.4,10.07],[35.12,11.47],[34.69,11.94],[35.12,12.79],[36.9,13.45],[37.65,14.48],[39.48,14.62],[39.11,14.71],[39.5,15.5],[38.96,17.2],[37.71,16.89],[36.82,17.11],[35.79,16.66],[34.98,15.78],[34.24,14.08],[33.83,11.86],[32.72,9.42],[32.35,7.05],[32.43,5.65],[32.2,4.76],[30.95,5.2],[30.43,6.39],[29.62,7.35],[29.32,9.27],[29.32,10.38],[29.62,11.78],[29.47,12.97],[27.77,14.3],[27.69,15.18],[28.21,16.15],[29.02,16.37],[28.65,18.22],[28.73,19.1],[29.32,21.54],[28.58,21.32],[28.51,22.06],[25.62,22.8],[24.81,24.72],[25.92,25.68],[25.62,26.57],[24.81,27.01],[23.26,27.61],[22.15,28.49],[21.04,28.49],[20.15,27.61],[18.6,23.61],[14.61,22.5],[13.79,22.87],[14.09,24.57],[13.13,25.02],[11.8,24.13],[11.06,24.65],[10.24,24.72],[10.02,25.54],[11.43,27.68],[11.35,28.64],[9.33,30.15],[8.93,32.11],[8.33,32.65],[6.75,33.05],[4.81,33.26],[1.37,30.95],[-1.23,31.99],[-2.82,31.99],[-3.78,31.56],[-3.73,30.89],[-4.91,30.43],[-6.42,29.47],[-7.17,29.48],[-8.59,28.64],[-8.64,27.57],[-13.12,27.55],[-13.63,26.59],[-14.37,26.12],[-14.82,24.73],[-15.71,23.87],[-16.35,22.49],[-16.98,21.6],[-16.35,20.52],[-15.98,18.18],[-16.13,17.3],[-12.72,16],[-12.32,15.61]],[[2.43,15.32],[0.71,16.24],[0.99,18.98],[4.02,18.57],[5.26,17.27],[6.37,18.63],[7.61,18.41],[7.82,18.73],[9.49,17.98],[9.44,17.01],[10.2,16.62],[11.8,17.14],[13.4,15.81],[13.9,15.94],[15.2,17.28],[15.57,18.57],[17.19,18.25],[17.29,16.69],[17.73,15.99],[17.73,14.59],[16.49,12.01],[15.81,11.98],[12.5,12.22],[13.2,11.2],[13.06,10.24],[12.47,8.85],[11.81,9],[11.01,8.05],[9.62,7.83],[9.25,7.24],[8.52,7.53],[6.98,7.24],[6.03,8.19],[6.17,7.39],[5.51,6.87],[3.24,7.31],[2.88,7.75],[3.46,8.34],[2.43,8.97],[1.54,8.96],[1.76,10.56],[0.76,11.5],[1.73,12.67],[1.46,13.67],[2.43,15.32]],[[7.09,6.73],[7.6,6.5],[7.7,5.79],[7.04,5.79],[6.52,5.28],[6.48,6.5],[7.09,6.73]],[[22.73,-4.77],[22.78,-5.36],[22.26,-6.59],[21.55,-6.94],[21.2,-6.71],[20.73,-5.53],[20.91,-4.12],[21.38,-3.65],[22.31,-3.83],[22.73,-4.77]],[[32.83,-3.01],[33.71,-3.24],[33.77,-3.77],[32.65,-4.42],[31.3,-4.06],[31.19,-3.12],[32.83,-3.01]],[[26.78,-11.82],[26.72,-10.82],[27.43,-8.29],[29.01,-8.18],[31.13,-9.23],[31.3,-10.94],[30.66,-11.52],[29.19,-11.94],[28.72,-12.64],[27.19,-12.35],[26.78,-11.82]],[[24.37,-13.65],[23.66,-13.84],[22.63,-13.56],[22.44,-12.1],[22.91,-11.49],[24.23,-10.88],[25.03,-10.83],[26.06,-11.87],[25.5,-13.04],[24.37,-13.65]],[[27.48,-16.88],[26.42,-17.62],[24.9,-17.81],[24.11,-17.65],[23.22,-16.81],[23.09,-15.46],[23.91,-14.3],[25.37,-13.86],[26.56,-14],[27.63,-14.41],[28.03,-14.96],[27.88,-16.02],[27.48,-16.88]],[[27.96,-18.39],[29.2,-18.85],[28.99,-19.47],[27.96,-19.83],[26.78,-20.6],[25.76,-20.29],[25.6,-19.67],[26.42,-18.6],[27.96,-18.39]],[[27.5,-22.24],[25.86,-23.27],[25.09,-22.55],[25.4,-22.09],[27.04,-21.47],[27.5,-21.47],[27.5,-22.24]],[[30.66,-3.71],[31.07,-4.24],[33.01,-4.77],[33.01,-5.06],[34.18,-5.41],[33.18,-7.41],[32.3,-8.29],[31.07,-8.59],[30.3,-7.12],[29.54,-6.41],[29.42,-4.47],[29.31,-3.89],[30.19,-3.01],[30.72,-3.18],[30.66,-3.71]],[[32.88,1.53],[33.32,-0.11],[32.1,-1.47],[31.14,-1.48],[31.07,-2.36],[30.42,-2.71],[29.66,-2.54],[29.48,-1.89],[30.13,-1.24],[30.82,-1.11],[30.9,-0.45],[30.01,-0.16],[29.82,0.78],[30.24,0.87],[31.37,2.33],[32.69,2.66],[33.35,1.9],[32.88,1.53]],[[27.66,-6.35],[27.66,-6.94],[27.13,-8.29],[25.49,-8.65],[24.66,-8.47],[24.31,-7.47],[24.49,-6.82],[23.61,-6.41],[23.84,-5.53],[24.58,-5.25],[24.43,-4.71],[24.72,-3.83],[23.67,-2.18],[22.78,-1.36],[23.25,-0.71],[25.9,0.34],[26.37,0.28],[27.25,-1.07],[27.31,-2.65],[28.78,-3.01],[29.01,-3.65],[28.13,-4.47],[28.19,-5.06],[28.72,-5.3],[28.84,-6.35],[27.66,-6.35]],[[20.98,18.32],[24.45,17.76],[25.54,15.28],[23.11,12.15],[20.03,14.75],[20.98,18.32]],[[22.81,7.99],[22.14,9.75],[23.28,10.79],[23.92,11.07],[25.96,9.38],[25,7.55],[22.81,7.99]]]},"properties":{"NAME":null,"SUBJECTO":null,"PARTOF":null}},
{"type":"Feature","geometry":{"type":"Polygon","coordinates":[[[-12.09,14.83],[-12.09,14.11],[-12.78,13.84],[-13.11,13],[-13.62,12.97],[-15.09,14.2],[-16.02,14.17],[-15.92,13.78],[-15,13.75],[-15.45,13.33],[-15.99,12.27],[-16.42,12.25],[-15.81,11.84],[-15.1,11.81],[-15.34,11.22],[-14.59,10.47],[-13.68,9.92],[-13.18,9.09],[-12.24,9.84],[-11.38,9.54],[-11.57,8.53],[-10.89,8.34],[-10.89,7.63],[-10.07,7.59],[-9.54,6.39],[-9.78,5.71],[-9.25,5.17],[-7.53,4.34],[-5.24,5.19],[-4.74,6.05],[-4.29,6.2],[-3.32,5.83],[-3.09,5.16],[-2.8,5.19],[-2.5,6.47],[-5.22,7.92],[-5.41,10.38],[-6.91,9.8],[-7.77,11.85],[-8.24,11.75],[-9.89,12.28],[-10.92,11.92],[-11.41,13.15],[-11.06,14.59],[-12.09,14.83]],[[-14.41,12.7],[-13.15,12.37],[-12.3,11.57],[-12.25,10.63],[-13.15,10.68],[-14.51,11.62],[-14.41,12.7]]]},"properties":{"NAME":null,"SUBJECTO":null,"PARTOF":null}},
{"type":"Feature","geometry":{"type":"Polygon","coordinates":[[[-12.09,14.83],[-11.06,14.59],[-11.41,13.15],[-10.92,11.92],[-9.89,12.28],[-8.24,11.75],[-7.77,11.85],[-6.38,11.75],[-5.56,12.28],[-4.53,13.21],[-3.55,13.68],[-2.97,15.09],[-3.6,16.49],[-5.11,16.61],[-7.07,15.91],[-9.38,16.06],[-10.99,15.44],[-12.32,15.61],[-12.09,14.83]]]},"properties":{"NAME":"Tukular Caliphate","SUBJECTO":"Tukular Caliphate","PARTOF":"Tukular Caliphate"}},
{"type":"Feature","geometry":{"type":"Polygon","coordinates":[[[22.81,7.99],[25,7.55],[25.96,9.38],[23.92,11.07],[23.28,10.79],[22.14,9.75],[22.81,7.99]]]},"properties":{"NAME":"Rabih az-Zubayr","SUBJECTO":"Rabih az-Zubayr","PARTOF":"Rabih az-Zubayr"}},
{"type":"Feature","geometry":{"type":"MultiPolygon","coordinates":[[[[32.65,29.85],[32.6,30.96],[31,31.47],[29.25,30.75],[26.14,31.49],[25.26,31.44],[24.29,31.92],[24.29,30.49],[25.25,29.9],[25.33,28.79],[24.74,28.35],[24.81,27.01],[25.62,26.57],[25.92,25.68],[24.81,24.72],[25.62,22.8],[28.51,22.06],[28.58,21.32],[29.32,21.54],[28.73,19.1],[28.65,18.22],[29.02,16.37],[28.21,16.15],[27.69,15.18],[27.77,14.3],[29.47,12.97],[29.62,11.78],[29.32,10.38],[29.32,9.27],[29.62,7.35],[30.43,6.39],[30.95,5.2],[32.2,4.76],[32.43,5.65],[32.35,7.05],[32.72,9.42],[33.83,11.86],[34.24,14.08],[34.98,15.78],[35.79,16.66],[36.82,17.11],[37.71,16.89],[38.96,17.2],[38.69,18],[37.4,18.92],[37.13,21.23],[36.66,22.17],[35.75,22.91],[35.19,24.4],[33.93,26.56],[33.35,27.91],[32.32,29.54],[32.65,29.85]]],[[[39.5,15.5],[39.11,14.71],[39.48,14.62],[39.8,15.09],[39.5,15.5]]]]},"properties":{"NAME":"Egypt","SUBJECTO":"Ottoman Empire","PARTOF":"Egypt"}},
{"type":"Feature","geometry":{"type":"MultiPolygon","coordinates":[[[[8.64,36.89],[8.27,36.32],[8.22,34.58],[7.58,34.04],[7.73,33.2],[8.33,32.65],[8.93,32.11],[9.33,30.15],[11.35,28.64],[11.43,27.68],[10.02,25.54],[10.24,24.72],[11.06,24.65],[11.8,24.13],[13.13,25.02],[14.09,24.57],[13.79,22.87],[14.61,22.5],[18.6,23.61],[20.15,27.61],[21.04,28.49],[22.15,28.49],[23.26,27.61],[24.81,27.01],[24.74,28.35],[25.33,28.79],[25.25,29.9],[24.29,30.49],[24.29,31.92],[23.15,32.14],[22.54,32.72],[21.67,32.82],[20.37,32.3],[19.94,31.61],[20.12,30.96],[18.92,30.2],[17.42,31],[15.84,31.29],[15.01,32.36],[14.16,32.68],[12.56,32.74],[10.41,33.63],[10.02,34.08],[11.13,35.24],[10.51,36.21],[11.02,37.07],[10.27,36.75],[9.42,37.28],[8.64,36.89]]],[[[33.79,34.96],[34.46,35.64],[32.14,35.04],[32.6,34.61],[33.79,34.96]]],[[[32.65,29.85],[33.33,28.55],[34.32,27.83],[34.76,29.25],[35.1,29.34],[34.76,28.1],[35.44,27.73],[37.22,25.17],[37.2,24.66],[38.33,23.83],[39.1,22.4],[39.17,21.22],[39.76,20.41],[40.69,19.87],[41.63,18.05],[42.76,16.65],[42.8,15.47],[43.38,13.57],[43.84,12.66],[44.44,12.64],[45.41,13.09],[45.26,13.83],[45.7,16.18],[45.56,17.2],[41.92,20.77],[41.81,21.71],[41.07,22.26],[40.86,24.99],[39.76,25.43],[37.64,27.36],[36.59,29.79],[36.52,31.16],[37.21,33.57],[38.04,34.6],[40.03,34.39],[44.08,30.34],[46.91,29.44],[46.51,28.97],[47.44,28.83],[48.47,26.7],[49.4,26.08],[49.7,24.41],[50.57,23.85],[50.77,24.15],[50.97,24.44],[49.94,25.96],[50.12,26.74],[48.86,27.52],[47.91,29.89],[48.55,29.99],[47.69,30.88],[47.79,31.8],[45.51,33.8],[45.67,34.62],[46.18,35.06],[46.21,35.78],[45.39,35.93],[44.21,37.87],[44.46,38.29],[44.08,39.29],[44.67,39.76],[43.81,40.01],[43.85,40.75],[42.88,41.55],[41.48,41.44],[40.36,40.96],[38.65,40.92],[36.38,41.24],[35.96,41.69],[33.56,41.98],[32.42,41.75],[30.74,41.04],[29.16,41.22],[29.05,40.33],[26.77,40.38],[26.14,39.44],[27.03,38.82],[26.39,38.1],[27.14,37.89],[27.31,36.92],[28.01,36.53],[29,36.69],[29.3,36.17],[30.47,36.19],[30.59,36.76],[31.37,36.71],[32.33,36.13],[33.17,35.97],[34.49,36.63],[35.22,36.39],[35.89,36.77],[35.87,34.42],[35.53,34.12],[34.5,31.62],[33.56,30.97],[32.6,30.96],[32.65,29.85]]],[[[25.02,41.02],[26.61,40.4],[27.47,40.96],[28.83,40.91],[29.08,41.2],[28.1,41.59],[25.92,41.34],[25.43,41.6],[25.02,41.02]]]]},"properties":{"NAME":"Ottoman Empire","SUBJECTO":"Ottoman Empire","PARTOF":"Ottoman Empire"}},
{"type":"Feature","geometry":{"type":"Polygon","coordinates":[[[-4.15,53.23],[-4.42,53.42],[-4.57,53.27],[-4.15,53.23]]]},"properties":{"NAME":null,"SUBJECTO":null,"PARTOF":null}},
{"type":"Feature","geometry":{"type":"Polygon","coordinates":[[[-5.1,55.44],[-5.3,55.72],[-5.34,55.47],[-5.1,55.44]]]},"properties":{"NAME":null,"SUBJECTO":null,"PARTOF":null}},
{"type":"Feature","geometry":{"type":"Polygon","coordinates":[[[-6.12,55.88],[-6.45,55.85],[-6.33,55.59],[-6.12,55.88]]]},"properties":{"NAME":null,"SUBJECTO":null,"PARTOF":null}},
{"type":"Feature","geometry":{"type":"Polygon","coordinates":[[[-5.95,55.83],[-5.71,56.15],[-5.97,56.02],[-5.95,55.83]]]},"properties":{"NAME":null,"SUBJECTO":null,"PARTOF":null}},
{"type":"Feature","geometry":{"type":"Polygon","coordinates":[[[-7.47,56.94],[-7.45,57.06],[-7.56,56.95],[-7.47,56.94]]]},"properties":{"NAME":null,"SUBJECTO":null,"PARTOF":null}},
{"type":"Feature","geometry":{"type":"Polygon","coordinates":[[[-7.22,57.34],[-7.42,57.38],[-7.38,57.11],[-7.22,57.34]]]},"properties":{"NAME":null,"SUBJECTO":null,"PARTOF":null}},
{"type":"Feature","geometry":{"type":"Polygon","coordinates":[[[-7.27,57.4],[-7.2,57.46],[-7.35,57.49],[-7.27,57.4]]]},"properties":{"NAME":null,"SUBJECTO":null,"PARTOF":null}},
{"type":"Feature","geometry":{"type":"Polygon","coordinates":[[[-7.19,57.69],[-7.54,57.6],[-7.15,57.51],[-7.19,57.69]]]},"properties":{"NAME":null,"SUBJECTO":null,"PARTOF":null}},
{"type":"Feature","geometry":{"type":"Polygon","coordinates":[[[-7.01,57.88],[-6.99,57.92],[-7.07,57.9],[-7.01,57.88]]]},"properties":{"NAME":null,"SUBJECTO":null,"PARTOF":null}},
{"type":"Feature","geometry":{"type":"Polygon","coordinates":[[[-6.8,58.2],[-6.85,58.25],[-6.87,58.21],[-6.8,58.2]]]},"properties":{"NAME":null,"SUBJECTO":null,"PARTOF":null}},
{"type":"Feature","geometry":{"type":"Polygon","coordinates":[[[-6.2,58.36],[-7.03,58.24],[-6.47,57.94],[-6.2,58.36]]]},"properties":{"NAME":null,"SUBJECTO":null,"PARTOF":null}},
{"type":"Feature","geometry":{"type":"Polygon","coordinates":[[[-2.92,58.73],[-2.9,58.84],[-3.04,58.82],[-2.92,58.73]]]},"properties":{"NAME":null,"SUBJECTO":null,"PARTOF":null}},
{"type":"Feature","geometry":{"type":"Polygon","coordinates":[[[-3.23,58.78],[-3.34,58.93],[-3.43,58.87],[-3.23,58.78]]]},"properties":{"NAME":null,"SUBJECTO":null,"PARTOF":null}},
{"type":"Feature","geometry":{"type":"Polygon","coordinates":[[[-2.79,58.95],[-3.35,59.11],[-3.19,58.91],[-2.79,58.95]]]},"properties":{"NAME":null,"SUBJECTO":null,"PARTOF":null}},
{"type":"Feature","geometry":{"type":"Polygon","coordinates":[[[-2.68,59.2],[-2.39,59.28],[-2.59,59.29],[-2.68,59.2]]]},"properties":{"NAME":null,"SUBJECTO":null,"PARTOF":null}},
{"type":"Feature","geometry":{"type":"Polygon","coordinates":[[[-2.89,59.3],[-3.07,59.32],[-3,59.26],[-2.89,59.3]]]},"properties":{"NAME":null,"SUBJECTO":null,"PARTOF":null}},
{"type":"Feature","geometry":{"type":"Polygon","coordinates":[[[-1.3,60.49],[-1.26,59.86],[-1.04,60.45],[-1.3,60.49]]]},"properties":{"NAME":null,"SUBJECTO":null,"PARTOF":null}},
{"type":"Feature","geometry":{"type":"Polygon","coordinates":[[[-1.03,60.5],[-1,60.72],[-1.18,60.64],[-1.03,60.5]]]},"properties":{"NAME":null,"SUBJECTO":null,"PARTOF":null}},
{"type":"Feature","geometry":{"type":"Polygon","coordinates":[[[-0.82,60.69],[-0.88,60.84],[-0.97,60.69],[-0.82,60.69]]]},"properties":{"NAME":null,"SUBJECTO":null,"PARTOF":null}},
{"type":"Feature","geometry":{"type":"Polygon","coordinates":[[[-6.71,61.94],[-7.19,62.31],[-7.23,62.17],[-6.71,61.94]]]},"properties":{"NAME":null,"SUBJECTO":null,"PARTOF":null}},
{"type":"Feature","geometry":{"type":"Polygon","coordinates":[[[-4.78,54.06],[-4.39,54.19],[-4.37,54.42],[-4.78,54.06]]]},"properties":{"NAME":null,"SUBJECTO":null,"PARTOF":null}},
{"type":"Feature","geometry":{"type":"Polygon","coordinates":[[[129.72,28.45],[129.14,28.25],[129.37,28.12],[129.72,28.45]]]},"properties":{"NAME":null,"SUBJECTO":null,"PARTOF":null}},
{"type":"Feature","geometry":{"type":"Polygon","coordinates":[[[129.96,29.96],[129.94,30],[129.94,29.97],[129.96,29.96]]]},"properties":{"NAME":null,"SUBJECTO":null,"PARTOF":null}},
{"type":"Feature","geometry":{"type":"Polygon","coordinates":[[[129.9,29.87],[129.85,29.85],[129.92,29.82],[129.9,29.87]]]},"properties":{"NAME":null,"SUBJECTO":null,"PARTOF":null}},
{"type":"Feature","geometry":{"type":"Polygon","coordinates":[[[130.91,30.35],[131.05,30.84],[130.87,30.47],[130.91,30.35]]]},"properties":{"NAME":null,"SUBJECTO":null,"PARTOF":null}},
{"type":"Feature","geometry":{"type":"Polygon","coordinates":[[[130.56,30.24],[130.67,30.37],[130.39,30.4],[130.56,30.24]]]},"properties":{"NAME":null,"SUBJECTO":null,"PARTOF":null}},
{"type":"Feature","geometry":{"type":"Polygon","coordinates":[[[121.73,25.14],[121,25],[120.12,23.63],[120.06,23.15],[120.7,21.95],[121.45,23.33],[121.84,24.48],[121.73,25.14]]]},"properties":{"NAME":"Taiwan","SUBJECTO":"Taiwan","PARTOF":"Taiwan"}},
{"type":"Feature","geometry":{"type":"Polygon","coordinates":[[[128.9,32.64],[128.65,32.78],[128.61,32.61],[128.9,32.64]]]},"properties":{"NAME":null,"SUBJECTO":null,"PARTOF":null}},
{"type":"Feature","geometry":{"type":"Polygon","coordinates":[[[123.87,24.25],[123.77,24.41],[123.68,24.32],[123.87,24.25]]]},"properties":{"NAME":null,"SUBJECTO":null,"PARTOF":null}},
{"type":"Feature","geometry":{"type":"Polygon","coordinates":[[[125.36,24.78],[125.26,24.88],[125.25,24.74],[125.36,24.78]]]},"properties":{"NAME":null,"SUBJECTO":null,"PARTOF":null}},
{"type":"Feature","geometry":{"type":"Polygon","coordinates":[[[124.26,24.46],[124.09,24.44],[124.23,24.34],[124.26,24.46]]]},"properties":{"NAME":null,"SUBJECTO":null,"PARTOF":null}},
{"type":"Feature","geometry":{"type":"Polygon","coordinates":[[[128.25,26.64],[128.25,26.84],[127.72,26.44],[128.25,26.64]]]},"properties":{"NAME":null,"SUBJECTO":null,"PARTOF":null}},
{"type":"Feature","geometry":{"type":"Polygon","coordinates":[[[126.76,26.39],[126.69,26.37],[126.78,26.3],[126.76,26.39]]]},"properties":{"NAME":null,"SUBJECTO":null,"PARTOF":null}},
{"type":"Feature","geometry":{"type":"Polygon","coordinates":[[[128.95,27.68],[129.03,27.77],[128.9,27.9],[128.95,27.68]]]},"properties":{"NAME":null,"SUBJECTO":null,"PARTOF":null}},
{"type":"Feature","geometry":{"type":"Polygon","coordinates":[[[128.61,27.36],[128.7,27.45],[128.52,27.41],[128.61,27.36]]]},"properties":{"NAME":null,"SUBJECTO":null,"PARTOF":null}},
{"type":"Feature","geometry":{"type":"Polygon","coordinates":[[[129.99,28.28],[130.03,28.37],[129.92,28.29],[129.99,28.28]]]},"properties":{"NAME":null,"SUBJECTO":null,"PARTOF":null}},
{"type":"Feature","geometry":{"type":"Polygon","coordinates":[[[129.34,28.08],[129.22,28.18],[129.22,28.1],[129.34,28.08]]]},"properties":{"NAME":null,"SUBJECTO":null,"PARTOF":null}},
{"type":"Feature","geometry":{"type":"Polygon","coordinates":[[[129.73,29.61],[129.75,29.65],[129.71,29.65],[129.73,29.61]]]},"properties":{"NAME":null,"SUBJECTO":null,"PARTOF":null}},
{"type":"Feature","geometry":{"type":"Polygon","coordinates":[[[65.72,37.49],[64.81,38.24],[63.34,38.89],[61.59,39.35],[59.84,39.16],[57.23,38.19],[59.24,37.45],[60.35,36.61],[61.01,36.64],[61.22,35.58],[62.68,35.27],[63.12,35.79],[64.54,36.34],[64.83,37.15],[65.72,37.49]]]},"properties":{"NAME":"Bokhara Khanate","SUBJECTO":"Bokhara Khanate","PARTOF":"Bokhara Khanate"}},
{"type":"Feature","geometry":{"type":"Polygon","coordinates":[[[13.67,54.57],[13.12,54.33],[13.39,54.22],[13.67,54.57]]]},"properties":{"NAME":null,"SUBJECTO":null,"PARTOF":null}},
{"type":"Feature","geometry":{"type":"Polygon","coordinates":[[[23.21,58.45],[21.83,58.51],[22.19,58.16],[23.21,58.45]]]},"properties":{"NAME":null,"SUBJECTO":null,"PARTOF":null}},
{"type":"Feature","geometry":{"type":"Polygon","coordinates":[[[22.95,58.84],[22.58,59.07],[22.48,58.7],[22.95,58.84]]]},"properties":{"NAME":null,"SUBJECTO":null,"PARTOF":null}},
{"type":"Feature","geometry":{"type":"Polygon","coordinates":[[[20.12,60.08],[20,60.05],[20.2,59.98],[20.12,60.08]]]},"properties":{"NAME":null,"SUBJECTO":null,"PARTOF":null}},
{"type":"Feature","geometry":{"type":"Polygon","coordinates":[[[20.3,60.12],[20.22,60.14],[20.26,60.05],[20.3,60.12]]]},"properties":{"NAME":null,"SUBJECTO":null,"PARTOF":null}},
{"type":"Feature","geometry":{"type":"Polygon","coordinates":[[[22.6,60],[22.74,60],[22.85,60.12],[22.84,60.19],[22.82,60.23],[22.44,60.21],[22.42,60.15],[22.42,60.11],[22.47,60.07],[22.47,60],[22.6,60]]]},"properties":{"NAME":null,"SUBJECTO":null,"PARTOF":null}},
{"type":"Feature","geometry":{"type":"Polygon","coordinates":[[[19.57,60.25],[19.54,60.13],[19.67,60.15],[19.57,60.25]]]},"properties":{"NAME":null,"SUBJECTO":null,"PARTOF":null}},
{"type":"Feature","geometry":{"type":"Polygon","coordinates":[[[20.07,60.3],[19.91,60.4],[19.77,60.08],[20.07,60.3]]]},"properties":{"NAME":null,"SUBJECTO":null,"PARTOF":null}},
{"type":"Feature","geometry":{"type":"Polygon","coordinates":[[[20.44,60.25],[20.37,60.27],[20.39,60.19],[20.44,60.25]]]},"properties":{"NAME":null,"SUBJECTO":null,"PARTOF":null}},
{"type":"Feature","geometry":{"type":"Polygon","coordinates":[[[15.77,68.62],[15.59,68.31],[16.54,68.76],[15.77,68.62]]]},"properties":{"NAME":null,"SUBJECTO":null,"PARTOF":null}},
{"type":"Feature","geometry":{"type":"Polygon","coordinates":[[[17.96,69.52],[16.88,69.22],[18,69.19],[17.96,69.52]]]},"properties":{"NAME":null,"SUBJECTO":null,"PARTOF":null}},
{"type":"Feature","geometry":{"type":"Polygon","coordinates":[[[50.12,69.04],[49.24,69.51],[48.8,68.72],[50.12,69.04]]]},"properties":{"NAME":null,"SUBJECTO":null,"PARTOF":null}},
{"type":"Feature","geometry":{"type":"Polygon","coordinates":[[[23.08,70.29],[23.54,70.61],[22.85,70.41],[23.08,70.29]]]},"properties":{"NAME":null,"SUBJECTO":null,"PARTOF":null}},
{"type":"Feature","geometry":{"type":"Polygon","coordinates":[[[-8.95,70.82],[-7.98,71.05],[-8,71.18],[-8.95,70.82]]]},"properties":{"NAME":null,"SUBJECTO":null,"PARTOF":null}},
{"type":"Feature","geometry":{"type":"Polygon","coordinates":[[[9.67,47.56],[11.17,47.42],[13,47.73],[12.69,48.13],[13.95,48.66],[12.54,49.56],[12.24,50.24],[14.39,50.95],[17.01,50.48],[17.75,50.04],[18.77,50.18],[18.14,50.99],[17.9,52.18],[19.28,53.17],[20.01,53.04],[22.81,53.81],[22.58,55.01],[20.95,56.07],[20.99,54.81],[19.33,54.16],[18.28,54.72],[14.47,53.88],[13.78,53.78],[12.94,54.35],[10.72,53.96],[10.14,54.34],[8.88,54.23],[8.5,53.45],[7.17,53.59],[7.16,53.16],[6.82,51.96],[5.98,51.8],[6,50.74],[6.11,50.12],[6.43,49.45],[8.16,48.98],[7.51,47.6],[8.98,47.68],[9.12,47.68],[9.22,47.67],[9.67,47.56]]]},"properties":{"NAME":"Germany","SUBJECTO":"Germany","PARTOF":"Germany"}},
{"type":"Feature","geometry":{"type":"Polygon","coordinates":[[[14.17,53.91],[13.78,54.04],[13.83,53.83],[14.17,53.91]]]},"properties":{"NAME":"Germany","SUBJECTO":"Germany","PARTOF":"Germany"}},
{"type":"Feature","geometry":{"type":"Polygon","coordinates":[[[18.77,50.18],[20.27,50.1],[21.91,50.81],[22.48,50.37],[24.4,50.63],[25.67,49.76],[26.25,49.75],[26.16,48.94],[28.91,47.82],[29.43,46.82],[30.43,46.18],[31.78,46.7],[32.2,46.17],[33.64,45.93],[32.5,45.45],[33.4,45.25],[33.4,44.6],[34.01,44.49],[36.52,45.39],[35.06,45.34],[33.84,46.19],[35.21,46.64],[39.16,47.27],[37.76,46.6],[38.46,46.08],[37.66,45.35],[36.96,45.23],[37.47,44.69],[38.92,44.21],[40.25,43.27],[41.41,42.79],[41.48,41.44],[42.88,41.55],[43.96,42.59],[44.98,42.77],[47.35,41.3],[48.22,41.47],[47.25,42.78],[47.49,43.58],[46.85,44.45],[47.67,45.75],[48.3,45.77],[49.53,46.54],[51.37,47.09],[53.19,46.87],[52.84,45.51],[51.51,45.37],[51.1,44.88],[51.58,44.55],[50.33,44.56],[52.07,42.83],[52.83,42.65],[52.52,42.07],[52.93,41.38],[53.07,42.03],[53.99,42.11],[54.75,41.14],[54.42,40.66],[53.26,40.76],[52.99,39.93],[54.07,38.9],[54.02,37.35],[55.36,38.04],[57.23,38.19],[59.84,39.16],[61.59,39.35],[63.34,38.89],[64.81,38.24],[65.72,37.49],[67.52,37.21],[67.86,36.85],[69.31,37.08],[70.02,37.46],[70.72,38.36],[71.44,37.83],[71.3,37.17],[71.85,36.72],[72.71,37.19],[72.07,39.13],[71.46,39.13],[71.46,39.74],[72.24,39.91],[72.85,40.61],[73.88,39.88],[75.59,40.62],[76.48,40.44],[77.02,41.11],[78.4,41.23],[78.87,41.68],[80.11,42],[80.21,42.81],[80.77,43.38],[80.24,45.12],[81.69,45.36],[82.43,45.17],[82.44,45.74],[83.25,47.29],[85.48,47.09],[85.61,48.1],[86.78,48.99],[89.8,49.82],[90,50.31],[92.16,50.76],[93.32,50.62],[94.21,51.32],[93.57,52.35],[95.19,53.8],[95.87,53.8],[97.32,52.83],[97.61,52.15],[101.01,51.67],[102.12,51.36],[102.64,50.46],[103.68,50.17],[106.32,50.42],[107.55,49.83],[109.42,49.3],[112.52,49.46],[114.1,50.27],[115.73,49.86],[116.57,50.01],[117.49,49.59],[119.29,50.12],[119.18,50.7],[120.75,52.01],[119.94,52.59],[121.19,53.32],[123.35,53.51],[125.51,53.16],[126.19,52.52],[127.71,49.7],[130.48,48.9],[130.92,47.73],[132.27,47.78],[134.11,48.25],[134.72,47.69],[134.17,47.33],[133.38,45.65],[132.78,44.99],[131.74,45.26],[130.99,44.82],[131.14,43.23],[130.23,42.65],[130.44,42.28],[131.58,43.21],[132.95,42.67],[134.14,42.99],[136.03,44.4],[137.72,46],[139.21,47.81],[140.08,48.5],[140.32,50.52],[141.26,52.1],[141.12,53.05],[139.38,54.08],[138.42,54.09],[137.98,53.46],[136.35,53.7],[136.49,54.46],[135.09,54.43],[134.99,54.85],[137.23,55.98],[140.03,57.64],[140.59,58.24],[142.85,59.27],[147.92,59.26],[149.05,59.59],[151.14,59.44],[152.19,58.93],[154.91,59.1],[153.94,59.57],[157.1,61.63],[160.15,61.66],[159.74,61.1],[160.64,60.72],[162.75,61.61],[162.99,62.33],[164.14,62.53],[163.33,60.69],[161.54,59.94],[158.33,58.03],[156.78,57.58],[155.63,56.27],[155.47,54.92],[156.04,52.78],[156.7,50.96],[157.9,51.67],[158.46,52.83],[159.9,53.24],[159.93,54.09],[162.01,54.74],[161.5,55.29],[163.1,56.56],[162.51,57.03],[163.13,57.55],[161.8,58.1],[162.91,58.89],[163.39,59.81],[164.58,59.66],[165.78,60.35],[166.03,59.71],[167.1,60.27],[169.15,60.43],[169.88,59.87],[172.49,61.26],[177.29,62.49],[178.74,62.3],[179.29,62.82],[178.15,64.16],[175.9,64.55],[177.13,64.93],[178.73,64.61],[180,64.95],[180,65.07],[180,68.98],[175.61,69.78],[173.01,69.69],[170.45,70.02],[170.83,68.92],[169.39,68.72],[167.32,69.66],[166.31,69.38],[164.05,69.66],[161.96,69.53],[160.86,69.08],[159.44,69.76],[158.41,70.81],[156.04,70.99],[152.13,70.66],[149.72,71.9],[146.92,72.2],[145.1,71.58],[145.6,72.43],[141.29,72.79],[139.85,72.24],[139.74,71.4],[137.63,71.08],[135.51,71.51],[134.24,71.26],[132.28,71.66],[131.05,70.69],[126.22,72.38],[128.52,72.95],[127.72,73.4],[124.22,73.7],[122.88,72.75],[118.5,73.04],[118.46,73.52],[111.76,73.66],[110.55,74.04],[109.99,73.44],[106.5,73.06],[113.63,75.27],[113.53,76.09],[111.43,76.57],[106.4,76.43],[107.16,76.95],[104.49,77],[105.06,77.57],[101.17,77.01],[101.39,76.62],[98.72,76.07],[90,75.6],[86.96,74.78],[87.69,73.9],[80.84,73.55],[80.98,72.45],[83.56,71.62],[83.68,70.46],[83.04,70.24],[81.67,71.57],[79.22,72.27],[77.79,71.78],[78.61,70.85],[75.67,71.2],[75.62,72.63],[73.22,71.46],[74.25,70.57],[73.91,69.15],[77.41,68.94],[77.98,68.15],[76.95,67.65],[76.33,68.78],[74.5,68.59],[74.74,67.69],[72.21,66.17],[69.77,66.33],[70.84,66.55],[72.84,67.65],[73.39,68.38],[72.53,69.07],[72.68,70.82],[71.8,71.43],[72.71,72.77],[69.34,72.83],[68.32,71.63],[66.82,71.11],[67.42,70.22],[66.88,69.62],[69.11,68.83],[68.22,68.2],[66.58,68.89],[62.28,69.71],[60.37,69.47],[60.99,69],[59.76,68.3],[58.77,68.86],[57.02,68.45],[55.34,68.48],[53.63,68.05],[53.89,68.79],[48.08,67.56],[47.57,66.82],[46.4,66.72],[44.87,67.31],[46.63,67.7],[45.86,68.38],[44.01,68.49],[43.7,67.27],[44.03,66.01],[42.21,66.41],[39.95,65.58],[40.32,64.46],[36.88,65.07],[37.94,63.85],[35.08,64.29],[34.29,65.4],[34.54,66],[32.22,66.99],[35.77,66.26],[39.19,66.04],[41.26,66.94],[40.83,67.66],[38.67,68.15],[37.25,68.79],[31.05,69.64],[28.7,68.7],[29.11,69.49],[26.51,69.81],[24.8,68.43],[20.79,68.93],[23.49,67.83],[23.95,65.8],[25.25,65.42],[24.47,64.64],[21.03,62.48],[21.56,60.51],[22.39,60.12],[22.62,60.2],[23.01,60.21],[23.2,59.82],[28.52,60.62],[29.08,59.91],[27.7,59.3],[25.45,59.49],[23.42,59.12],[23.67,58.24],[24.5,58.21],[24.35,57.16],[23.22,56.98],[22.56,57.62],[21.68,57.46],[20.95,56.07],[22.58,55.01],[22.81,53.81],[20.01,53.04],[19.28,53.17],[17.9,52.18],[18.14,50.99],[18.77,50.18]],[[60.52,46.73],[61.65,46.77],[61,46.08],[61.11,44.72],[60.08,43.61],[59.13,44],[58.37,43.74],[58.2,44.52],[58.82,45.93],[59.53,46.34],[60.61,46.13],[60.52,46.73]],[[83.68,48.35],[84.24,47.71],[83.04,48.25],[83.68,48.35]],[[78.58,46.72],[78.89,46.37],[75.4,46.61],[74.28,46],[74.12,45],[73.44,45.66],[74.63,46.75],[76.5,46.64],[78.58,46.72]],[[77.34,42.67],[78.3,42.59],[77.51,42.18],[76.26,42.33],[77.34,42.67]],[[27.99,57.87],[26.97,58.81],[27.75,58.91],[27.99,57.87]],[[30.44,60.9],[29.83,61.22],[30.85,61.78],[32.94,60.64],[31.45,59.91],[30.44,60.9]],[[38.69,58.21],[38.26,58.07],[37.64,59.16],[38.69,58.21]],[[48.66,54.04],[48.42,54.6],[49.36,55.34],[48.66,54.04]],[[29.69,62.14],[28.87,61.25],[27.27,61.32],[28.81,61.83],[27.55,62.41],[27.26,63.15],[28.15,62.93],[28.07,62.24],[29.69,62.14]],[[36.41,61.41],[35.83,60.87],[34.63,61.65],[34.64,62.49],[36.41,61.41]]]},"properties":{"NAME":"Russian Empire","SUBJECTO":"Russian Empire","PARTOF":"Russian Empire"}},
{"type":"Feature","geometry":{"type":"MultiPolygon","coordinates":[[[[-163.57,55.02],[-165.01,54.53],[-163.21,54.74],[-163.57,55.02]]],[[[142.61,47.46],[142.85,49.13],[143.6,49.23],[144.54,48.75],[142.94,51.62],[143.14,52.51],[142.67,53.54],[141.77,53.27],[141.64,51.81],[142.15,50.89],[142.05,49.35],[141.74,48.81],[142.04,47.96],[141.62,46.56],[141.9,45.91],[142.33,46.56],[143.44,46.57],[142.61,47.46]]],[[[-132.18,55.28],[-133.52,56.21],[-133.27,55.62],[-132.17,54.85],[-132.18,55.28]]],[[[-160.39,55.56],[-161.32,55.88],[-162.58,55.39],[-160.39,55.56]]],[[[-154.34,57.49],[-153.88,56.94],[-152.38,57.52],[-153.4,57.8],[-154.34,57.49]]],[[[-170.97,63.65],[-169.9,63.08],[-169.33,63.4],[-170.97,63.65]]],[[[-136.42,58.11],[-135.82,57.45],[-135.32,58.09],[-136.42,58.11]]],[[[55.72,71.64],[55.52,72.48],[56.51,73.17],[53.5,73.14],[51.48,71.84],[54.31,71.21],[55,70.52],[57.24,70.69],[55.72,71.64]]],[[[56.27,74.61],[54.02,73.73],[56.96,73.36],[58.85,74.69],[60.46,75.16],[66.55,75.98],[68.94,76.61],[59.02,75.8],[56.27,74.61]]],[[[-174.38,66.7],[-175.51,67.67],[-180,68.98],[-180,65.26],[-179.38,66],[-178.65,65.54],[-176.14,65.46],[-175.95,65.01],[-173.08,64.38],[-172.56,65.51],[-169.83,66.02],[-171.96,66.96],[-173.87,67.16],[-174.38,66.7]]]]},"properties":{"NAME":"Russian Empire","SUBJECTO":"Russian Empire","PARTOF":"Russian Empire"}},
{"type":"Feature","geometry":{"type":"Polygon","coordinates":[[[13.56,45.73],[13.9,44.76],[14.35,45.32],[15.15,44.24],[16.06,43.43],[17.53,42.93],[15.76,44.79],[16.89,45.24],[19.35,44.89],[19.66,44.7],[22.41,44.75],[22.48,45.73],[23.25,46.07],[25.52,45.8],[25.45,46.3],[26.29,47.21],[25.25,47.69],[26.36,48.12],[26.16,48.94],[26.25,49.75],[25.67,49.76],[24.4,50.63],[22.48,50.37],[21.91,50.81],[20.27,50.1],[18.77,50.18],[17.75,50.04],[17.01,50.48],[14.39,50.95],[12.24,50.24],[12.54,49.56],[13.95,48.66],[12.69,48.13],[13,47.73],[11.17,47.42],[9.67,47.56],[9.54,47.49],[10.4,46.89],[10.52,45.74],[11.17,45.74],[11.74,46.75],[13.57,46.51],[13.56,45.73]]]},"properties":{"NAME":"Austria Hungary","SUBJECTO":"Austria Hungary","PARTOF":"Austria Hungary"}},
{"type":"Feature","geometry":{"type":"Polygon","coordinates":[[[107.39,14.56],[107.11,16.17],[106.64,16.48],[104.81,18.72],[103.9,19.31],[104.72,20.2],[104.13,20.94],[103.61,20.68],[102.99,20.94],[101.97,22.53],[101.54,22.14],[101.75,21.47],[101.24,21.26],[100.89,21.72],[100.32,21.46],[99.76,22.13],[99.16,22.31],[99.47,23.14],[98.98,23.15],[98.77,24.09],[97.7,23.88],[98.2,21.61],[97.37,20.78],[97.27,18.5],[97.79,17.58],[98.82,16.32],[98.58,15.47],[98.14,15.19],[99,13.89],[99.1,12.97],[99.58,11.89],[98.59,10.12],[98.18,8.6],[99.02,7.87],[99.66,6.71],[100.16,6.34],[100.62,6.42],[101.76,5.59],[102.07,6.15],[101.56,6.74],[100.61,6.98],[100.13,8.53],[99.72,9.26],[99.3,9.16],[99.19,10.49],[99.9,12.08],[99.93,13.26],[100.91,13.45],[100.87,12.68],[101.92,12.59],[102.53,12.15],[102.61,12.1],[102.75,12.4],[102.36,13.51],[102.94,14.15],[103.62,14.41],[104.36,14.33],[105.13,14.22],[105.86,13.97],[106.13,13.96],[106.14,14.09],[106.05,14.39],[106.51,14.54],[106.84,14.32],[107.39,14.56]]]},"properties":{"NAME":"Rattanakosin Kingdom","SUBJECTO":"Rattanakosin Kingdom","PARTOF":"Rattanakosin Kingdom"}},
{"type":"Feature","geometry":{"type":"Polygon","coordinates":[[[106.84,14.32],[106.51,14.54],[106.05,14.39],[106.14,14.09],[106.13,13.96],[105.86,13.97],[105.13,14.22],[104.36,14.33],[103.62,14.41],[102.94,14.15],[102.36,13.51],[102.75,12.4],[102.61,12.1],[102.53,12.15],[103.04,10.9],[104.16,10.52],[104.98,9.98],[104.74,8.49],[106.48,9.55],[106.7,10.45],[105.83,11.2],[105.84,11.58],[107.38,12.35],[107.51,13.42],[107.39,14.56],[106.84,14.32]]]},"properties":{"NAME":"French Indochina","SUBJECTO":"France","PARTOF":"French Indochina"}},
{"type":"Feature","geometry":{"type":"Polygon","coordinates":[[[-170.75,-14.37],[-170.57,-14.25],[-170.83,-14.33],[-170.75,-14.37]]]},"properties":{"NAME":"American Samoa","SUBJECTO":"American Samoa","PARTOF":"American Samoa"}},
{"type":"Feature","geometry":{"type":"MultiPolygon","coordinates":[[[[178.69,-18.03],[178.17,-17.34],[177.39,-17.63],[177.33,-18.12],[178.69,-18.03]]],[[[179.9,-16.24],[180,-16.17],[180,-16.15],[178.48,-16.76],[178.69,-16.99],[179.95,-16.74],[179.9,-16.24]]]]},"properties":{"NAME":"Fiji","SUBJECTO":"Fiji","PARTOF":"Fiji"}},
{"type":"Feature","geometry":{"type":"Polygon","coordinates":[[[-169.89,-19.15],[-169.78,-19.06],[-169.88,-18.96],[-169.89,-19.15]]]},"properties":{"NAME":"Niue","SUBJECTO":"Niue","PARTOF":"Niue"}},
{"type":"Feature","geometry":{"type":"Polygon","coordinates":[[[-175.12,-21.13],[-175.36,-21.1],[-175.12,-21.26],[-175.12,-21.13]]]},"properties":{"NAME":"Tonga","SUBJECTO":"Tonga","PARTOF":"Tonga"}},
{"type":"Feature","geometry":{"type":"Polygon","coordinates":[[[-178.04,-14.32],[-178.19,-14.23],[-178.13,-14.32],[-178.04,-14.32]]]},"properties":{"NAME":"Wallis and Futuna Islands","SUBJECTO":"Wallis and Futuna Islands","PARTOF":"Wallis and Futuna Islands"}},
{"type":"Feature","geometry":{"type":"Polygon","coordinates":[[[-172.29,-13.49],[-172.78,-13.54],[-172.21,-13.81],[-172.29,-13.49]]]},"properties":{"NAME":"Samoa","SUBJECTO":"Samoa","PARTOF":"Samoa"}},
{"type":"Feature","geometry":{"type":"Polygon","coordinates":[[[-109.24,-27.13],[-109.37,-27.06],[-109.45,-27.19],[-109.24,-27.13]]]},"properties":{"NAME":"Polynesians","SUBJECTO":"Polynesians","PARTOF":"Polynesians"}},
{"type":"Feature","geometry":{"type":"Polygon","coordinates":[[[114.03,22.51],[114.13,22.17],[114.41,22.44],[114.03,22.51]]]},"properties":{"NAME":"Hong Kong","SUBJECTO":"United Kingdom","PARTOF":null}},
{"type":"Feature","geometry":{"type":"Polygon","coordinates":[[[124.13,39.84],[125.4,39.38],[125.29,38.69],[124.69,38.14],[125.34,37.68],[125.77,37.98],[126.86,37.26],[126.29,36.79],[126.79,35.89],[126.29,34.59],[127.64,34.62],[128.57,35.17],[129.14,35.11],[129.39,36.04],[129.34,37.26],[128.36,38.68],[127.54,39.37],[127.67,39.87],[128.45,40.07],[129.76,40.89],[129.82,41.86],[130.44,42.28],[130.23,42.65],[129.97,42.96],[128.76,42.06],[127.98,42.11],[128.1,41.45],[126.47,41.65],[125.88,40.95],[124.49,40.28],[124.13,39.84]]]},"properties":{"NAME":"Korea","SUBJECTO":"Korea","PARTOF":"Korea"}},
{"type":"Feature","geometry":{"type":"Polygon","coordinates":[[[-69.66,-21.45],[-68.85,-21.28],[-68.43,-20.65],[-68.71,-20.1],[-68.38,-19.4],[-68.78,-19.12],[-69.52,-17.19],[-69.01,-16.62],[-69.29,-15.86],[-69.24,-14.74],[-68.84,-14.17],[-68.92,-13.22],[-69.36,-13.5],[-70.22,-12.18],[-73.12,-9.4],[-72.92,-9.04],[-73.84,-7.58],[-73.78,-7.04],[-73.06,-6.52],[-73.19,-6.08],[-72.77,-5.14],[-70.55,-4.27],[-69.9,-4.38],[-70.59,-3.79],[-71.06,-3.94],[-72.88,-3.39],[-73.59,-4.44],[-75.69,-5.06],[-77.34,-4.79],[-77.41,-4.33],[-79.29,-5.01],[-79.69,-4.46],[-80.26,-4.41],[-80.23,-3.47],[-81.3,-4.33],[-81.42,-4.68],[-80.88,-5.59],[-81.3,-6.04],[-80.07,-6.76],[-79.06,-8.22],[-77.69,-10.84],[-76.24,-13.5],[-76.24,-14.11],[-75.23,-15.22],[-74.05,-16.04],[-71.61,-17.22],[-71.37,-17.7],[-70.58,-18.08],[-70.21,-19.07],[-70.11,-21.42],[-69.66,-21.45]]]},"properties":{"NAME":"Peru","SUBJECTO":"Peru","PARTOF":"Peru"}},
{"type":"Feature","geometry":{"type":"Polygon","coordinates":[[[-57.81,-22.15],[-57.75,-20.69],[-58.14,-19.81],[-57.78,-19.17],[-57.6,-18.04],[-58.4,-17.13],[-58.33,-16.37],[-60.03,-16.33],[-60.21,-15.85],[-60.36,-13.9],[-61.63,-13.63],[-62.08,-13.1],[-63.61,-12.51],[-64.26,-12.47],[-65.27,-11.37],[-65.31,-9.82],[-66.47,-9.91],[-72.92,-9.04],[-73.12,-9.4],[-70.22,-12.18],[-69.36,-13.5],[-68.92,-13.22],[-68.84,-14.17],[-69.24,-14.74],[-69.29,-15.86],[-69.01,-16.62],[-69.52,-17.19],[-68.78,-19.12],[-68.38,-19.4],[-68.71,-20.1],[-68.43,-20.65],[-68.85,-21.28],[-69.66,-21.45],[-70.11,-21.42],[-70.46,-24.03],[-67.86,-24.05],[-68.22,-24.38],[-68.49,-24.74],[-68.56,-25.44],[-68.25,-26.98],[-67.1,-26.79],[-66.36,-23.82],[-66.21,-23.44],[-66.26,-22.91],[-66.15,-21.92],[-64.76,-22.16],[-64.25,-22.88],[-63.78,-22.07],[-62.61,-22.16],[-57.81,-22.15]]]},"properties":{"NAME":"Bolivia","SUBJECTO":"Bolivia","PARTOF":"Bolivia"}},
{"type":"Feature","geometry":{"type":"MultiPolygon","coordinates":[[[[-70.46,-24.03],[-70.4,-25.25],[-70.93,-27.73],[-71.43,-29.1],[-71.23,-29.52],[-71.7,-30.85],[-71.42,-32.75],[-71.62,-33.71],[-72.63,-35.65],[-73.14,-37.16],[-73.67,-37.5],[-73.19,-39.57],[-73.91,-40.84],[-73.59,-41.7],[-72.61,-41.72],[-71.8,-41.57],[-71.86,-40.75],[-71.47,-39.36],[-73.12,-39.01],[-72.13,-38.44],[-71.04,-38.31],[-71.1,-36.81],[-70.39,-36.17],[-70.44,-35.54],[-69.84,-33.76],[-70.5,-31.69],[-70.26,-30.72],[-69.85,-30.36],[-69.95,-29.36],[-68.82,-27.27],[-68.25,-26.98],[-68.56,-25.44],[-68.49,-24.74],[-68.22,-24.38],[-67.86,-24.05],[-70.46,-24.03]]],[[[-70.26,-53.33],[-69.55,-52.78],[-68.62,-52.65],[-70.43,-52.75],[-70.26,-53.33]]],[[[-73.77,-43.51],[-74,-42.02],[-74.3,-43.27],[-73.77,-43.51]]],[[[-70.99,-52.92],[-71.87,-53.7],[-71,-53.82],[-70.73,-52.8],[-69.34,-52.29],[-68.42,-52.39],[-69.21,-52.15],[-70.13,-52.38],[-72.58,-51.89],[-71.28,-52.39],[-70.99,-52.92]]]]},"properties":{"NAME":"Chile","SUBJECTO":"Chile","PARTOF":"Chile"}},
{"type":"Feature","geometry":{"type":"MultiPolygon","coordinates":[[[[-70.26,-53.33],[-69.57,-54.46],[-70.62,-54.5],[-70.72,-54.94],[-67.15,-54.91],[-66.42,-54.61],[-68.13,-53.38],[-68.62,-52.65],[-69.55,-52.78],[-70.26,-53.33]]],[[[-74.48,-44.4],[-74.55,-45.72],[-73.87,-45.72],[-73.44,-44.29],[-74.01,-43.79],[-74.48,-44.4]]],[[[-73.56,-52.28],[-73.08,-53.03],[-72.87,-52.28],[-73.56,-52.28]]],[[[-69.11,-51.35],[-71.17,-51.56],[-71.49,-51.1],[-72.04,-48.77],[-72.19,-45.99],[-71.63,-43.2],[-71.8,-41.57],[-72.61,-41.72],[-72.53,-43.06],[-73,-43.33],[-73.06,-44.19],[-72.58,-44.44],[-73.31,-45.09],[-73.97,-46.71],[-74.56,-45.87],[-75.44,-46.52],[-73.98,-47.03],[-74.21,-48.01],[-74.27,-50.99],[-73.41,-52.02],[-71.68,-52.64],[-72.75,-53.14],[-70.99,-52.92],[-71.28,-52.39],[-72.58,-51.89],[-70.13,-52.38],[-69.21,-52.15],[-68.42,-52.39],[-69.11,-51.35]]]]},"properties":{"NAME":"Patagonian shellfish and marine mammal hunters","SUBJECTO":"Patagonian shellfish and marine mammal hunters","PARTOF":"Patagonian shellfish and marine mammal hunters"}},
{"type":"Feature","geometry":{"type":"Polygon","coordinates":[[[-71.1,-36.81],[-71.04,-38.31],[-72.13,-38.44],[-73.12,-39.01],[-71.47,-39.36],[-71.86,-40.75],[-71.8,-41.57],[-71.21,-40.98],[-71.07,-39.97],[-68.88,-38.59],[-69.49,-36.68],[-70.39,-36.17],[-71.1,-36.81]]]},"properties":{"NAME":"Mapuche","SUBJECTO":"Mapuche","PARTOF":"Mapuche"}},
{"type":"Feature","geometry":{"type":"Polygon","coordinates":[[[-71.8,-41.57],[-71.63,-43.2],[-72.19,-45.99],[-72.04,-48.77],[-71.49,-51.1],[-71.17,-51.56],[-69.11,-51.35],[-69.04,-50.56],[-67.83,-49.97],[-67.58,-49.06],[-66.08,-48.14],[-65.78,-47.23],[-67.33,-46.53],[-67.47,-45.92],[-66.41,-45.02],[-65.44,-44.89],[-65.31,-43.6],[-63.6,-42.7],[-63.73,-42.1],[-64.99,-42.19],[-64.94,-40.83],[-63.84,-41.16],[-62.73,-41.05],[-63.11,-40.75],[-62.99,-40.08],[-63.11,-38.02],[-62.99,-36.82],[-62.44,-34.07],[-62.78,-33.47],[-64.97,-32.91],[-67.24,-34.24],[-68.14,-35.5],[-69.41,-35.75],[-70.44,-35.54],[-70.39,-36.17],[-69.49,-36.68],[-68.88,-38.59],[-71.07,-39.97],[-71.21,-40.98],[-71.8,-41.57]]]},"properties":{"NAME":"Pampas cultures","SUBJECTO":"Pampas cultures","PARTOF":"Pampas cultures"}},
{"type":"Feature","geometry":{"type":"Polygon","coordinates":[[[-70.44,-35.54],[-69.41,-35.75],[-68.14,-35.5],[-67.24,-34.24],[-64.97,-32.91],[-62.78,-33.47],[-62.44,-34.07],[-62.99,-36.82],[-63.11,-38.02],[-62.99,-40.08],[-63.11,-40.75],[-62.26,-40.8],[-62.47,-40.37],[-62.07,-39.56],[-62.31,-38.88],[-61.36,-39.03],[-59.52,-38.87],[-57.81,-38.39],[-56.7,-36.94],[-57.42,-36],[-57.23,-35.44],[-58.52,-34.59],[-58.34,-34.22],[-58.02,-32.96],[-58.12,-32.14],[-57.58,-30.4],[-55.65,-28.46],[-54.75,-27.69],[-53.73,-27.22],[-53.62,-26.27],[-53.94,-25.66],[-54.58,-25.74],[-54.82,-26.56],[-55.73,-27.45],[-58.66,-27.22],[-57.71,-25.34],[-59.81,-24.22],[-61.24,-23.62],[-62.61,-22.16],[-63.78,-22.07],[-64.25,-22.88],[-64.76,-22.16],[-66.15,-21.92],[-66.26,-22.91],[-66.21,-23.44],[-66.36,-23.82],[-67.1,-26.79],[-68.25,-26.98],[-68.82,-27.27],[-69.95,-29.36],[-69.85,-30.36],[-70.26,-30.72],[-70.5,-31.69],[-69.84,-33.76],[-70.44,-35.54]]]},"properties":{"NAME":"Argentina","SUBJECTO":"Argentina","PARTOF":"Argentina"}}
]}