{"type":"FeatureCollection", "features": [
{"type":"Feature","geometry":{"type":"Polygon","coordinates":[[[126.66,-3.88],[126.73,-3.23],[126.11,-3.3],[126.66,-3.88]]]},"properties":{"NAME":null,"SUBJECTO":null,"PARTOF":null}},
{"type":"Feature","geometry":{"type":"Polygon","coordinates":[[[-73.08,-53.03],[-72.84,-52.65],[-72.96,-52.8],[-73.08,-53.03]]]},"properties":{"NAME":null,"SUBJECTO":null,"PARTOF":null}},
{"type":"Feature","geometry":{"type":"Polygon","coordinates":[[[-5.7,55.33],[-5.48,55.44],[-5.69,55.63],[-5.7,55.33]]]},"properties":{"NAME":null,"SUBJECTO":null,"PARTOF":null}},
{"type":"Feature","geometry":{"type":"Polygon","coordinates":[[[14.07,53.92],[13.78,54.04],[13.83,53.83],[14.07,53.92]]]},"properties":{"NAME":null,"SUBJECTO":null,"PARTOF":null}},
{"type":"Feature","geometry":{"type":"Polygon","coordinates":[[[-134.76,56.79],[-135.47,57.23],[-134.95,56.45],[-134.76,56.79]]]},"properties":{"NAME":null,"SUBJECTO":null,"PARTOF":null}},
{"type":"Feature","geometry":{"type":"Polygon","coordinates":[[[-167,53.73],[-166.93,53.46],[-166.38,53.85],[-167,53.73]]]},"properties":{"NAME":null,"SUBJECTO":null,"PARTOF":null}},
{"type":"Feature","geometry":{"type":"Polygon","coordinates":[[[-156.58,20.64],[-156.12,20.79],[-156.72,21.07],[-156.58,20.64]]]},"properties":{"NAME":null,"SUBJECTO":null,"PARTOF":null}},
{"type":"Feature","geometry":{"type":"Polygon","coordinates":[[[-157.9,21.25],[-158.18,21.69],[-158.3,21.28],[-157.9,21.25]]]},"properties":{"NAME":null,"SUBJECTO":null,"PARTOF":null}},
{"type":"Feature","geometry":{"type":"Polygon","coordinates":[[[-168.04,53.31],[-168.22,53.59],[-168.55,53.38],[-168.04,53.31]]]},"properties":{"NAME":null,"SUBJECTO":null,"PARTOF":null}},
{"type":"Feature","geometry":{"type":"Polygon","coordinates":[[[-163.2,55.04],[-162.79,55.15],[-163.09,55.27],[-163.2,55.04]]]},"properties":{"NAME":null,"SUBJECTO":null,"PARTOF":null}},
{"type":"Feature","geometry":{"type":"Polygon","coordinates":[[[8.58,3.07],[8.83,3.61],[8.36,3.32],[8.58,3.07]]]},"properties":{"NAME":null,"SUBJECTO":null,"PARTOF":null}},
{"type":"Feature","geometry":{"type":"Polygon","coordinates":[[[34.41,20.54],[33.35,23.35],[32.61,22.82],[31.06,22.68],[29.85,20.12],[29.51,17.43],[29.85,15.35],[31.06,13.13],[31.8,12.52],[32.88,12.47],[35.38,12.8],[35.72,13.22],[35.97,15.48],[35.23,18.51],[34.55,20.18],[34.41,20.54]]]},"properties":{"NAME":"Meroe","SUBJECTO":"Meroe","PARTOF":"Meroe"}},
{"type":"Feature","geometry":{"type":"Polygon","coordinates":[[[115.07,-8.78],[115.5,-8.47],[114.46,-8.33],[115.07,-8.78]]]},"properties":{"NAME":null,"SUBJECTO":null,"PARTOF":null}},
{"type":"Feature","geometry":{"type":"Polygon","coordinates":[[[79.64,21.35],[79.64,22.49],[78.68,23.53],[79.46,23.97],[79.46,24.84],[77.54,25.54],[76.06,26.59],[75.45,28.33],[75.36,29.64],[76.05,33.51],[74.75,33.66],[74.14,32.61],[70.29,31.29],[67.39,28.23],[66.43,25.49],[67.32,24.09],[69.11,22.9],[70.41,22.75],[69.97,22.35],[68.89,22.29],[70.21,20.95],[71.02,20.66],[72.12,21.16],[72.32,22.12],[72.7,22.13],[73.11,20.83],[72.76,20.06],[73.03,18.22],[79.64,21.35]]]},"properties":{"NAME":"Saka Kingdom","SUBJECTO":"Saka Kingdom","PARTOF":"Saka Kingdom"}},
{"type":"Feature","geometry":{"type":"Polygon","coordinates":[[[73.03,18.22],[73.84,15.39],[74.78,13.53],[77.63,12.98],[78.94,12.98],[80.32,13.33],[80.09,15.18],[81.37,16.35],[82.23,16.65],[82.35,17.09],[83.38,17.71],[84.75,19.03],[84.26,19.26],[82.87,19.17],[80.68,19.35],[80.42,20.04],[80.62,21.02],[79.64,21.35],[73.03,18.22]]]},"properties":{"NAME":"Satavahanihara","SUBJECTO":"Satavahanihara","PARTOF":"Satavahanihara"}},
{"type":"Feature","geometry":{"type":"Polygon","coordinates":[[[49.71,14.77],[52.14,15.69],[52.89,16.61],[54.08,17.02],[54.76,16.95],[53.2,17.77],[51.45,17.95],[49,17.61],[49.71,14.77]]]},"properties":{"NAME":"Hadramaut","SUBJECTO":"Hadramaut","PARTOF":"Hadramaut"}},
{"type":"Feature","geometry":{"type":"Polygon","coordinates":[[[49,17.61],[47.7,17.43],[45.43,17.77],[43.79,18.66],[42.34,20.72],[40.98,22.4],[40.37,22.75],[39.06,22.57],[39.17,21.22],[39.76,20.41],[40.69,19.87],[41.63,18.05],[42.76,16.65],[42.8,15.47],[43.38,13.57],[43.84,12.66],[44.96,12.83],[45.83,13.41],[46.6,13.4],[48.04,14.05],[48.96,14.22],[49.71,14.77],[49,17.61]]]},"properties":{"NAME":"Himyarite Kingdom","SUBJECTO":"Himyarite Kingdom","PARTOF":"Himyarite Kingdom"}},
{"type":"Feature","geometry":{"type":"Polygon","coordinates":[[[25.74,36.39],[25.77,36.34],[25.87,36.36],[25.74,36.39]]]},"properties":{"NAME":null,"SUBJECTO":null,"PARTOF":null}},
{"type":"Feature","geometry":{"type":"Polygon","coordinates":[[[25.75,36.81],[26.09,36.9],[26.02,36.96],[25.75,36.81]]]},"properties":{"NAME":null,"SUBJECTO":null,"PARTOF":null}},
{"type":"Feature","geometry":{"type":"Polygon","coordinates":[[[-68.2,12.22],[-68.36,12.31],[-68.24,12.02],[-68.2,12.22]]]},"properties":{"NAME":null,"SUBJECTO":null,"PARTOF":null}},
{"type":"Feature","geometry":{"type":"Polygon","coordinates":[[[-61.67,17.08],[-61.79,17.16],[-61.89,17.03],[-61.67,17.08]]]},"properties":{"NAME":null,"SUBJECTO":null,"PARTOF":null}},
{"type":"Feature","geometry":{"type":"Polygon","coordinates":[[[-68.97,12.2],[-68.83,12.05],[-68.82,12.16],[-68.97,12.2]]]},"properties":{"NAME":null,"SUBJECTO":null,"PARTOF":null}},
{"type":"Feature","geometry":{"type":"Polygon","coordinates":[[[-61.6,12.19],[-61.79,12.01],[-61.64,12.03],[-61.6,12.19]]]},"properties":{"NAME":null,"SUBJECTO":null,"PARTOF":null}},
{"type":"Feature","geometry":{"type":"Polygon","coordinates":[[[-62.17,16.67],[-62.18,16.81],[-62.24,16.71],[-62.17,16.67]]]},"properties":{"NAME":null,"SUBJECTO":null,"PARTOF":null}},
{"type":"Feature","geometry":{"type":"Polygon","coordinates":[[[-62.54,17.18],[-62.61,17.19],[-62.61,17.1],[-62.54,17.18]]]},"properties":{"NAME":null,"SUBJECTO":null,"PARTOF":null}},
{"type":"Feature","geometry":{"type":"Polygon","coordinates":[[[-62.69,17.28],[-62.73,17.37],[-62.86,17.37],[-62.69,17.28]]]},"properties":{"NAME":null,"SUBJECTO":null,"PARTOF":null}},
{"type":"Feature","geometry":{"type":"Polygon","coordinates":[[[-61.09,16.3],[-60.99,16.34],[-61.02,16.35],[-61.09,16.3]]]},"properties":{"NAME":null,"SUBJECTO":null,"PARTOF":null}},
{"type":"Feature","geometry":{"type":"Polygon","coordinates":[[[-61.52,16.39],[-61.54,16.29],[-61.5,16.35],[-61.52,16.39]]]},"properties":{"NAME":null,"SUBJECTO":null,"PARTOF":null}},
{"type":"Feature","geometry":{"type":"Polygon","coordinates":[[[-62.97,17.46],[-62.94,17.49],[-62.99,17.52],[-62.97,17.46]]]},"properties":{"NAME":null,"SUBJECTO":null,"PARTOF":null}},
{"type":"Feature","geometry":null,"properties":{"NAME":null,"SUBJECTO":null,"PARTOF":null}},
{"type":"Feature","geometry":null,"properties":{"NAME":null,"SUBJECTO":null,"PARTOF":null}},
{"type":"Feature","geometry":null,"properties":{"NAME":null,"SUBJECTO":null,"PARTOF":null}},
{"type":"Feature","geometry":null,"properties":{"NAME":null,"SUBJECTO":null,"PARTOF":null}},
{"type":"Feature","geometry":null,"properties":{"NAME":null,"SUBJECTO":null,"PARTOF":null}},
{"type":"Feature","geometry":{"type":"MultiPolygon","coordinates":[]},"properties":{"NAME":null,"SUBJECTO":null,"PARTOF":null}},
{"type":"Feature","geometry":null,"properties":{"NAME":null,"SUBJECTO":null,"PARTOF":null}},
{"type":"Feature","geometry":{"type":"MultiPolygon","coordinates":[]},"properties":{"NAME":null,"SUBJECTO":null,"PARTOF":null}},
{"type":"Feature","geometry":{"type":"Polygon","coordinates":[[[154.75,49.57],[154.64,49.42],[154.7,49.48],[154.75,49.57]]]},"properties":{"NAME":null,"SUBJECTO":null,"PARTOF":null}},
{"type":"Feature","geometry":{"type":"MultiPolygon","coordinates":[]},"properties":{"NAME":null,"SUBJECTO":null,"PARTOF":null}},
{"type":"Feature","geometry":{"type":"MultiPolygon","coordinates":[]},"properties":{"NAME":null,"SUBJECTO":null,"PARTOF":null}},
{"type":"Feature","geometry":null,"properties":{"NAME":null,"SUBJECTO":null,"PARTOF":null}},
{"type":"Feature","geometry":{"type":"Polygon","coordinates":[[[155.48,50.83],[155.5,50.82],[155.55,50.81],[155.48,50.83]]]},"properties":{"NAME":null,"SUBJECTO":null,"PARTOF":null}},
{"type":"Feature","geometry":{"type":"Polygon","coordinates":[[[35.47,23.72],[35.62,23.84],[35.49,23.79],[35.47,23.72]]]},"properties":{"NAME":null,"SUBJECTO":null,"PARTOF":null}},
{"type":"Feature","geometry":{"type":"Polygon","coordinates":[[[79.64,21.35],[80.62,21.02],[80.95,21.7],[82.25,21.96],[83.04,22.75],[83.83,25.89],[84.61,26.15],[85.48,25.8],[86.09,24.93],[86.82,21.19],[88.05,21.94],[88.38,21.58],[90.16,21.73],[90.59,22.06],[90.62,22.96],[91.57,22.54],[92.04,23.12],[93.42,25.02],[93.77,26.5],[93.07,26.85],[91.59,26.59],[89.76,25.98],[87.93,26.06],[86.18,26.41],[82.87,27.9],[79.11,31.04],[77.2,33.28],[76.05,33.51],[75.36,29.64],[75.45,28.33],[76.06,26.59],[77.54,25.54],[79.46,24.84],[79.46,23.97],[78.68,23.53],[79.64,22.49],[79.64,21.35]]]},"properties":{"NAME":"Hindu kingdoms","SUBJECTO":"Hindu kingdoms","PARTOF":"Hindu kingdoms"}},
{"type":"Feature","geometry":{"type":"Polygon","coordinates":[[[120.29,16.23],[119.76,16.36],[119.77,15.47],[121.29,14.34],[120.51,14.11],[121.01,13.66],[121.62,13.9],[122.39,13.3],[122.49,13.88],[123.24,13.03],[123.82,12.98],[122.67,14.27],[121.73,14.11],[121.24,15.31],[122.4,17.11],[122.05,18.45],[120.56,18.43],[120.29,16.23]]]},"properties":{"NAME":null,"SUBJECTO":null,"PARTOF":null}},
{"type":"Feature","geometry":{"type":"Polygon","coordinates":[[[121.3,13.13],[120.34,13.39],[121.09,12.2],[121.3,13.13]]]},"properties":{"NAME":null,"SUBJECTO":null,"PARTOF":null}},
{"type":"Feature","geometry":{"type":"Polygon","coordinates":[[[125.12,12.48],[124.26,12.42],[125.45,11.21],[125.12,12.48]]]},"properties":{"NAME":null,"SUBJECTO":null,"PARTOF":null}},
{"type":"Feature","geometry":{"type":"Polygon","coordinates":[[[122.79,11.03],[122.92,11.53],[121.99,11.76],[121.87,10.47],[122.79,11.03]]]},"properties":{"NAME":null,"SUBJECTO":null,"PARTOF":null}},
{"type":"Feature","geometry":{"type":"Polygon","coordinates":[[[119.22,10.29],[119.21,11.13],[118.7,10.04],[119.22,10.29]]]},"properties":{"NAME":null,"SUBJECTO":null,"PARTOF":null}},
{"type":"Feature","geometry":{"type":"Polygon","coordinates":[[[123.31,10.74],[122.92,10.85],[122.4,9.48],[122.94,9.05],[123.31,10.74]]]},"properties":{"NAME":null,"SUBJECTO":null,"PARTOF":null}},
{"type":"Feature","geometry":{"type":"Polygon","coordinates":[[[118.38,9.35],[118.51,9.92],[117.13,8.47],[118.38,9.35]]]},"properties":{"NAME":null,"SUBJECTO":null,"PARTOF":null}},
{"type":"Feature","geometry":{"type":"Polygon","coordinates":[[[125.29,5.49],[125.28,6.59],[125.61,7.24],[126.05,6.61],[126.32,7.15],[126.27,8.43],[125.43,9.78],[125.46,9.05],[123.66,8.01],[123.49,8.5],[122.09,7.78],[121.99,6.87],[122.46,7.69],[123.46,7.79],[124.07,7.26],[123.97,6.34],[125.29,5.49]]]},"properties":{"NAME":null,"SUBJECTO":null,"PARTOF":null}},
{"type":"Feature","geometry":{"type":"Polygon","coordinates":[[[176.35,-37.87],[175.64,-37.41],[174.35,-35.92],[174.22,-35.34],[172.63,-34.56],[174.76,-37.3],[174.65,-38.98],[173.8,-39.42],[175.35,-40.3],[174.9,-41.3],[175.37,-41.66],[176.01,-41.26],[177.16,-39.85],[177.02,-39.45],[178.41,-38.77],[178.57,-37.92],[177.53,-38.2],[176.35,-37.87]]]},"properties":{"NAME":null,"SUBJECTO":null,"PARTOF":null}},
{"type":"Feature","geometry":{"type":"Polygon","coordinates":[[[170.82,-44.97],[171.38,-44.34],[174.23,-42.01],[174.06,-41.29],[173.26,-41.54],[172.44,-40.75],[172.09,-41.71],[171.46,-41.99],[171.02,-42.89],[168.42,-44.22],[166.55,-45.97],[168.42,-46.65],[169.4,-46.71],[170.61,-45.95],[170.82,-44.97]]]},"properties":{"NAME":null,"SUBJECTO":null,"PARTOF":null}},
{"type":"Feature","geometry":{"type":"Polygon","coordinates":[[[-22.56,66.11],[-23.68,65.32],[-21.95,65.38],[-23.61,64.75],[-21.49,64.38],[-22.37,63.77],[-18.64,63.32],[-16.53,63.78],[-13.69,64.78],[-13.65,65.5],[-16.39,66.45],[-16.92,65.98],[-18.68,66.09],[-21.08,65.21],[-21.78,66.25],[-22.56,66.11]]]},"properties":{"NAME":null,"SUBJECTO":null,"PARTOF":null}},
{"type":"Feature","geometry":{"type":"Polygon","coordinates":[[[-42.79,65.4],[-39.69,65.19],[-37.15,66.32],[-37.58,65.55],[-34.43,66.38],[-32.96,67.64],[-26.96,68.5],[-22.16,70.06],[-27.47,70.21],[-27.61,71.07],[-25.29,71.57],[-23.75,70.59],[-21.71,70.39],[-21.9,71.5],[-27.44,73.29],[-24.08,73.76],[-22.82,73.33],[-20.33,73.42],[-21.76,74.31],[-19.72,74.21],[-20.62,74.95],[-19.57,76.11],[-22.38,76.64],[-18.06,76.81],[-19.18,77.82],[-21.77,77.77],[-19.76,78.87],[-19.05,80.43],[-16.44,80.45],[-12.71,81.62],[-16.47,81.9],[-23.34,80.62],[-22.06,81.96],[-32.6,81.97],[-22.59,82.42],[-26.42,83.34],[-32.51,83.58],[-45.21,82.97],[-44.68,81.73],[-49.65,82.48],[-49.94,81.68],[-53.77,82.24],[-60.04,81.88],[-62.81,81.16],[-63.36,78.24],[-62.45,76.34],[-63.65,76.38],[-65.47,76.1],[-66.68,76.31],[-67.62,76.02],[-66.68,76.31],[-65.47,76.1],[-63.65,76.38],[-61.51,76.26],[-58.64,75.79],[-54.56,72.87],[-55.63,71.73],[-55.01,71.33],[-53.32,71.89],[-51.72,71.59],[-50.82,70.25],[-52.37,70.67],[-53.67,70.36],[-50.57,69.87],[-50.95,68.54],[-52.84,68.51],[-50.49,67.97],[-49.47,67.03],[-49.06,64.79],[-47.66,62.79],[-46.13,61.76],[-46.16,60.94],[-47.63,60.6],[-45.62,60.6],[-44.68,60.29],[-44.47,59.76],[-44.05,60.16],[-43.58,59.94],[-43.01,59.83],[-43.72,60],[-43.85,61.06],[-44.26,61.87],[-43.85,64.21],[-42.79,65.4]]]},"properties":{"NAME":null,"SUBJECTO":null,"PARTOF":null}},
{"type":"Feature","geometry":{"type":"Polygon","coordinates":[[[-22.73,72.62],[-23.59,72.44],[-22.15,72.03],[-22.73,72.62]]]},"properties":{"NAME":null,"SUBJECTO":null,"PARTOF":null}},
{"type":"Feature","geometry":{"type":"Polygon","coordinates":[[[-54.57,69.61],[-53.55,69.28],[-51.88,69.53],[-54.57,69.61]]]},"properties":{"NAME":null,"SUBJECTO":null,"PARTOF":null}},
{"type":"Feature","geometry":{"type":"Polygon","coordinates":[[[-72.03,-71.82],[-73.11,-72.75],[-70.02,-72.67],[-68.63,-72.05],[-68.4,-71.13],[-70.33,-68.96],[-72.39,-69.26],[-71.8,-69.74],[-72.11,-71.05],[-75.28,-71.67],[-74.35,-72.21],[-72.03,-71.82]]]},"properties":{"NAME":null,"SUBJECTO":null,"PARTOF":null}},
{"type":"Feature","geometry":{"type":"Polygon","coordinates":[[[-99.69,-71.82],[-102.55,-72.13],[-97.14,-72.67],[-95.91,-72.36],[-97.22,-71.82],[-99.69,-71.82]]]},"properties":{"NAME":null,"SUBJECTO":null,"PARTOF":null}},
{"type":"Feature","geometry":{"type":"Polygon","coordinates":[[[-150.32,-77.1],[-149.79,-76.89],[-150.95,-76.95],[-150.32,-77.1]]]},"properties":{"NAME":null,"SUBJECTO":null,"PARTOF":null}},
{"type":"Feature","geometry":{"type":"Polygon","coordinates":[[[-53.87,-79.94],[-55.18,-80.94],[-44.83,-80.32],[-44.21,-78.39],[-48.85,-78.08],[-50.86,-78.7],[-51.71,-79.78],[-53.87,-79.94]]]},"properties":{"NAME":null,"SUBJECTO":null,"PARTOF":null}},
{"type":"Feature","geometry":{"type":"Polygon","coordinates":[[[-162.59,-78.82],[-164.06,-79.36],[-160.43,-79.97],[-158.8,-79.67],[-162.59,-78.82]]]},"properties":{"NAME":null,"SUBJECTO":null,"PARTOF":null}},
{"type":"Feature","geometry":{"type":"Polygon","coordinates":[[[172.58,-83.84],[158.14,-80.32],[159.84,-79.16],[166.75,-78.6],[162.33,-76.96],[162.35,-75.11],[165.19,-74.67],[164.62,-74.17],[167.58,-73.48],[168.9,-73.54],[170.73,-71.9],[167.63,-70.87],[160.6,-70.22],[157.31,-69.16],[151.09,-68.89],[150.89,-68.54],[146.88,-68],[145.59,-67.22],[141.16,-66.72],[134.21,-66.18],[130.27,-66.25],[129.01,-67.03],[126.8,-66.88],[126.41,-66.37],[125.13,-66.79],[122.46,-66.65],[118.29,-67.07],[115.68,-66.41],[114.44,-66.49],[113.01,-65.76],[110.61,-66.06],[109.4,-66.71],[102.63,-65.93],[100.88,-66.08],[99.12,-66.89],[95.72,-66.53],[90.85,-66.61],[88.65,-66.76],[88.3,-66.07],[87.22,-66.99],[85.52,-66.92],[81.81,-67.3],[78.26,-68.38],[76.87,-69.31],[75.4,-69.47],[71.92,-70.55],[69.53,-72.4],[67.36,-71.71],[69.07,-70.59],[67.51,-70.46],[68.95,-69.89],[69.77,-68.64],[69.37,-67.84],[62.81,-67.61],[56.63,-66.94],[57.1,-66.52],[55.14,-65.96],[52.45,-65.99],[50.01,-66.59],[50.27,-67.14],[42.56,-68.11],[39.65,-68.93],[38.33,-70.03],[33.54,-68.54],[32.75,-69.35],[23.71,-70.59],[17.6,-70.08],[12.66,-70.32],[11.11,-70.86],[8.49,-70.08],[0.68,-71.32],[-6.32,-71.42],[-7.2,-70.89],[-8.82,-71.82],[-9.75,-71.05],[-12.33,-71.68],[-11.83,-72.32],[-16.4,-73.44],[-17.09,-73.91],[-14.45,-74.06],[-17.17,-74.76],[-18.4,-75.69],[-23.58,-75.92],[-30.23,-76.84],[-33.16,-77.39],[-36.41,-78.62],[-36.41,-79.16],[-29.57,-79.22],[-28.91,-80.48],[-38.03,-80.94],[-43.83,-81.79],[-52.25,-82.02],[-58.97,-83.18],[-60.21,-82.33],[-67.93,-81.48],[-78.83,-80.01],[-76.43,-79.86],[-77.98,-79.09],[-82.92,-79.16],[-84.16,-78.24],[-79.14,-78.93],[-78.29,-78.31],[-80.76,-78.24],[-80.69,-77.57],[-74.5,-78.08],[-78.6,-76.61],[-77.82,-75.99],[-75.93,-76.48],[-70.56,-76.69],[-64.46,-75.69],[-61.37,-73.91],[-60.83,-72.75],[-61.68,-70.82],[-63.84,-68.65],[-65.15,-68.5],[-65.38,-67.34],[-63.84,-66.49],[-62.76,-66.65],[-61.13,-64.87],[-57.27,-63.71],[-57.43,-63.25],[-64.23,-65.25],[-67.86,-67.57],[-67.08,-68.65],[-68.78,-69.81],[-67.08,-71.82],[-67.63,-72.75],[-75.58,-73.75],[-78.52,-73.72],[-80.99,-73.25],[-81.77,-74.02],[-86.32,-73.25],[-93.97,-73.17],[-96.52,-73.33],[-99.79,-73],[-103.25,-73.56],[-100.05,-75.31],[-105.64,-75.07],[-110.56,-75.3],[-110.43,-74.29],[-113.43,-74.69],[-114.99,-74.45],[-120.17,-74.53],[-128.98,-74.91],[-134.77,-74.64],[-140.57,-75.26],[-149.61,-76.34],[-147.13,-76.53],[-146.15,-77.46],[-149.99,-77.73],[-154.17,-77.12],[-158.03,-77.27],[-158.19,-77.81],[-154.55,-79.12],[-148.6,-79.67],[-145.67,-80.52],[-148.84,-81.37],[-154.48,-81.06],[-152.08,-82.6],[-152,-84.38],[-138.82,-85.01],[-148.76,-85.07],[-156.56,-85.46],[-167.23,-84.76],[-180,-84.32],[-180,-90],[-179.2,-90],[-178.2,-90],[-177.2,-90],[-176.2,-90],[-175.2,-90],[-174.2,-90],[-173.2,-90],[-172.2,-90],[-171.2,-90],[-170.2,-90],[-169.2,-90],[-168.2,-90],[-167.2,-90],[-166.2,-90],[-165.2,-90],[-164.2,-90],[-163.2,-90],[-162.2,-90],[-161.2,-90],[-160.2,-90],[-159.2,-90],[-158.2,-90],[-157.2,-90],[-156.2,-90],[-155.2,-90],[-154.2,-90],[-153.2,-90],[-152.2,-90],[-151.2,-90],[-150.2,-90],[-149.2,-90],[-148.2,-90],[-147.2,-90],[-146.2,-90],[-145.2,-90],[-144.2,-90],[-143.2,-90],[-142.2,-90],[-141.2,-90],[-140.2,-90],[-139.2,-90],[-138.2,-90],[-137.2,-90],[-136.2,-90],[-135.2,-90],[-134.2,-90],[-133.2,-90],[-132.2,-90],[-131.2,-90],[-130.2,-90],[-129.2,-90],[-128.2,-90],[-127.2,-90],[-126.2,-90],[-125.2,-90],[-124.2,-90],[-123.2,-90],[-122.2,-90],[-121.2,-90],[-120.2,-90],[-119.2,-90],[-118.2,-90],[-117.2,-90],[-116.2,-90],[-115.2,-90],[-114.2,-90],[-113.2,-90],[-112.2,-90],[-111.2,-90],[-110.2,-90],[-109.2,-90],[-108.2,-90],[-107.2,-90],[-106.2,-90],[-105.2,-90],[-104.2,-90],[-103.2,-90],[-102.2,-90],[-101.2,-90],[-100.2,-90],[-99.2,-90],[-98.2,-90],[-97.2,-90],[-96.2,-90],[-95.2,-90],[-94.2,-90],[-93.2,-90],[-92.2,-90],[-91.2,-90],[-90.2,-90],[-89.2,-90],[-88.2,-90],[-87.2,-90],[-86.2,-90],[-85.2,-90],[-84.2,-90],[-83.2,-90],[-82.2,-90],[-81.2,-90],[-80.2,-90],[-79.2,-90],[-78.2,-90],[-77.2,-90],[-76.2,-90],[-75.2,-90],[-74.2,-90],[-73.2,-90],[-72.2,-90],[-71.2,-90],[-70.2,-90],[-69.2,-90],[-68.2,-90],[-67.2,-90],[-66.2,-90],[-65.2,-90],[-64.2,-90],[-63.2,-90],[-62.2,-90],[-61.2,-90],[-60.2,-90],[-59.2,-90],[-58.2,-90],[-57.2,-90],[-56.2,-90],[-55.2,-90],[-54.2,-90],[-53.2,-90],[-52.2,-90],[-51.2,-90],[-50.2,-90],[-49.2,-90],[-48.2,-90],[-47.2,-90],[-46.2,-90],[-45.2,-90],[-44.2,-90],[-43.2,-90],[-42.2,-90],[-41.2,-90],[-40.2,-90],[-39.2,-90],[-38.2,-90],[-37.2,-90],[-36.2,-90],[-35.2,-90],[-34.2,-90],[-33.2,-90],[-32.2,-90],[-31.2,-90],[-30.2,-90],[-29.2,-90],[-28.2,-90],[-27.2,-90],[-26.2,-90],[-25.2,-90],[-24.2,-90],[-23.2,-90],[-22.2,-90],[-21.2,-90],[-20.2,-90],[-19.2,-90],[-18.2,-90],[-17.2,-90],[-16.2,-90],[-15.2,-90],[-14.2,-90],[-13.2,-90],[-12.2,-90],[-11.2,-90],[-10.2,-90],[-9.2,-90],[-8.2,-90],[-7.2,-90],[-6.2,-90],[-5.2,-90],[-4.2,-90],[-3.2,-90],[-2.2,-90],[-1.2,-90],[-0.2,-90],[0.78,-90],[1.78,-90],[2.78,-90],[3.78,-90],[4.78,-90],[5.78,-90],[6.78,-90],[7.78,-90],[8.78,-90],[9.78,-90],[10.78,-90],[11.78,-90],[12.78,-90],[13.78,-90],[14.78,-90],[15.78,-90],[16.78,-90],[17.78,-90],[18.78,-90],[19.78,-90],[20.78,-90],[21.78,-90],[22.78,-90],[23.78,-90],[24.78,-90],[25.78,-90],[26.78,-90],[27.78,-90],[28.78,-90],[29.78,-90],[30.78,-90],[31.78,-90],[32.78,-90],[33.78,-90],[34.78,-90],[35.78,-90],[36.78,-90],[37.78,-90],[38.78,-90],[39.78,-90],[40.78,-90],[41.78,-90],[42.78,-90],[43.78,-90],[44.78,-90],[45.78,-90],[46.78,-90],[47.78,-90],[48.78,-90],[49.78,-90],[50.78,-90],[51.78,-90],[52.78,-90],[53.78,-90],[54.78,-90],[55.78,-90],[56.78,-90],[57.78,-90],[58.78,-90],[59.78,-90],[60.78,-90],[61.78,-90],[62.78,-90],[63.78,-90],[64.78,-90],[65.78,-90],[66.78,-90],[67.78,-90],[68.78,-90],[69.78,-90],[70.78,-90],[71.78,-90],[72.78,-90],[73.78,-90],[74.78,-90],[75.78,-90],[76.78,-90],[77.78,-90],[78.78,-90],[79.78,-90],[80.78,-90],[81.78,-90],[82.78,-90],[83.78,-90],[84.78,-90],[85.78,-90],[86.78,-90],[87.78,-90],[88.78,-90],[89.78,-90],[89.8,-90],[90.78,-90],[91.78,-90],[92.78,-90],[93.78,-90],[94.78,-90],[95.78,-90],[96.78,-90],[97.78,-90],[98.78,-90],[99.78,-90],[100.78,-90],[101.78,-90],[102.78,-90],[103.78,-90],[104.78,-90],[105.78,-90],[106.78,-90],[107.78,-90],[108.78,-90],[109.78,-90],[110.78,-90],[111.78,-90],[112.78,-90],[113.78,-90],[114.78,-90],[115.78,-90],[116.78,-90],[117.78,-90],[118.78,-90],[119.78,-90],[120.78,-90],[121.78,-90],[122.78,-90],[123.78,-90],[124.78,-90],[125.78,-90],[126.78,-90],[127.78,-90],[128.78,-90],[129.78,-90],[130.78,-90],[131.78,-90],[132.78,-90],[133.78,-90],[134.78,-90],[135.78,-90],[136.78,-90],[137.78,-90],[138.78,-90],[139.78,-90],[140.78,-90],[141.78,-90],[142.78,-90],[143.78,-90],[144.78,-90],[145.78,-90],[146.78,-90],[147.78,-90],[148.78,-90],[149.78,-90],[150.78,-90],[151.78,-90],[152.78,-90],[153.78,-90],[154.78,-90],[155.78,-90],[156.78,-90],[157.78,-90],[158.78,-90],[159.78,-90],[160.78,-90],[161.78,-90],[162.78,-90],[163.78,-90],[164.78,-90],[165.78,-90],[166.78,-90],[167.78,-90],[168.78,-90],[169.78,-90],[170.78,-90],[171.78,-90],[172.78,-90],[173.78,-90],[174.78,-90],[175.78,-90],[176.78,-90],[177.78,-90],[178.78,-90],[179.78,-90],[179.8,-90],[179.8,-86.32],[179.8,-84.34],[172.58,-83.84]]]},"properties":{"NAME":null,"SUBJECTO":null,"PARTOF":null}},
{"type":"Feature","geometry":{"type":"Polygon","coordinates":[[[109.55,19.91],[108.58,19.19],[108.65,18.48],[109.43,18.1],[110.26,18.63],[110.89,19.71],[110.62,20.02],[109.55,19.91]]]},"properties":{"NAME":"Hainan","SUBJECTO":"Hainan","PARTOF":"Hainan"}},
{"type":"Feature","geometry":{"type":"Polygon","coordinates":[[[143.45,-3.61],[139.59,-2.38],[137.85,-1.61],[137.08,-2.25],[136.27,-2.42],[135.25,-3.54],[134.28,-2.85],[133.91,-1.01],[132.25,-0.53],[131.21,-1.02],[131.06,-1.54],[131.82,-1.67],[132.22,-2.34],[133.86,-2.25],[133.78,-2.72],[132.02,-2.82],[132.75,-3.4],[132.93,-4.27],[133.75,-3.19],[133.86,-3.77],[134.78,-4.31],[137.39,-5.12],[137.82,-5.43],[139.16,-7.73],[138.92,-8.32],[139.98,-8.24],[140.95,-9.27],[142.61,-9.38],[143.33,-9],[142.25,-8.31],[143.44,-8.36],[144.38,-7.76],[145.82,-8.1],[146.65,-9.28],[147.87,-10.18],[149.78,-10.41],[150.42,-10.29],[148.59,-9.16],[148.03,-8.25],[147.38,-7.8],[146.91,-6.89],[147.74,-6.74],[147.38,-6.12],[145.59,-5.42],[145.73,-5],[143.45,-3.61]]]},"properties":{"NAME":null,"SUBJECTO":null,"PARTOF":null}},
{"type":"Feature","geometry":{"type":"Polygon","coordinates":[[[149.41,-5.74],[148.42,-5.88],[149.55,-6.41],[151.8,-5.71],[152.27,-4.78],[151.54,-4.41],[151.59,-4.9],[150.29,-5.71],[149.41,-5.74]]]},"properties":{"NAME":null,"SUBJECTO":null,"PARTOF":null}},
{"type":"Feature","geometry":{"type":"Polygon","coordinates":[[[125.29,-8.7],[123.67,-9.75],[123.49,-10.35],[124.15,-10.2],[125.21,-9.4],[126.87,-8.81],[127.04,-8.48],[125.29,-8.7]]]},"properties":{"NAME":null,"SUBJECTO":null,"PARTOF":null}},
{"type":"Feature","geometry":{"type":"Polygon","coordinates":[[[127.85,1.27],[127.42,0.98],[127.64,-0.31],[128.3,-1.02],[127.86,0.1],[128.63,1.02],[128.55,1.45],[127.8,0.72],[127.85,1.27]]]},"properties":{"NAME":null,"SUBJECTO":null,"PARTOF":null}},
{"type":"Feature","geometry":{"type":"Polygon","coordinates":[[[120.55,-8.93],[121.69,-9],[122.71,-8.6],[121.43,-8.72],[120.57,-8.39],[119.85,-8.57],[120.55,-8.93]]]},"properties":{"NAME":null,"SUBJECTO":null,"PARTOF":null}},
{"type":"Feature","geometry":{"type":"Polygon","coordinates":[[[128.52,-3.46],[129.91,-3.39],[130.78,-3.88],[130.37,-3.13],[128.04,-3.06],[128.52,-3.46]]]},"properties":{"NAME":null,"SUBJECTO":null,"PARTOF":null}},
{"type":"Feature","geometry":{"type":"Polygon","coordinates":[[[138.58,-8.23],[138.89,-7.78],[138.19,-7.68],[137.68,-8.46],[138.58,-8.23]]]},"properties":{"NAME":null,"SUBJECTO":null,"PARTOF":null}},
{"type":"Feature","geometry":{"type":"Polygon","coordinates":[[[119.95,-9.59],[118.9,-9.68],[120.18,-10.35],[120.58,-10.1],[119.95,-9.59]]]},"properties":{"NAME":null,"SUBJECTO":null,"PARTOF":null}},
{"type":"Feature","geometry":{"type":"Polygon","coordinates":[[[122.73,0.67],[120.77,1.14],[119.91,0.54],[119.2,-1.43],[119.17,-2.18],[118.68,-2.9],[118.79,-3.66],[119.46,-3.81],[119.48,-5.8],[120.25,-5.59],[120.14,-3.08],[121,-3.05],[120.88,-3.72],[121.87,-4.96],[122.65,-4.51],[122.19,-3.85],[122.26,-3.21],[121.26,-2.1],[122.22,-1.65],[122.98,-0.72],[122,-1.11],[121.46,-0.99],[121.06,-1.55],[120.51,-1.45],[119.87,-0.46],[120.34,0.36],[124.23,0.3],[124.86,1.05],[122.73,0.67]]]},"properties":{"NAME":null,"SUBJECTO":null,"PARTOF":null}},
{"type":"Feature","geometry":{"type":"Polygon","coordinates":[[[15.24,79.59],[11.28,79.71],[13.06,78.35],[16.66,76.73],[19.12,78.45],[20.91,78.81],[16.33,80.03],[15.24,79.59]]]},"properties":{"NAME":null,"SUBJECTO":null,"PARTOF":null}},
{"type":"Feature","geometry":{"type":"Polygon","coordinates":[[[19.22,79.74],[23.82,79.15],[27.2,79.94],[19.92,80.63],[19.22,79.74]]]},"properties":{"NAME":null,"SUBJECTO":null,"PARTOF":null}},
{"type":"Feature","geometry":{"type":"Polygon","coordinates":[[[79.72,8.42],[79.85,7.06],[80.22,6.06],[81.2,6.08],[81.87,7.08],[80.66,9.3],[80.18,9.45],[79.72,8.42]]]},"properties":{"NAME":"Simhala","SUBJECTO":"Simhala","PARTOF":"Simhala"}},
{"type":"Feature","geometry":{"type":"Polygon","coordinates":[[[-92.94,18.59],[-93.14,16.98],[-93.59,15.74],[-91.52,14.06],[-90.11,13.75],[-88.24,14.84],[-87.57,15.91],[-88.94,15.9],[-88.44,16.44],[-88.14,18.89],[-87.88,18.38],[-87.65,20.19],[-86.94,20.98],[-87.2,21.53],[-88.33,21.59],[-90.28,21.14],[-90.67,20.68],[-90.93,19.38],[-91.7,18.82],[-92.94,18.59]]]},"properties":{"NAME":"Maya chiefdoms and states","SUBJECTO":"Maya chiefdoms and states","PARTOF":"Maya chiefdoms and states"}},
{"type":"Feature","geometry":{"type":"Polygon","coordinates":[[[-57.86,49.99],[-58.14,48.6],[-59.16,47.67],[-54.78,47.71],[-53.07,46.73],[-52.73,47.45],[-53.58,47.74],[-54.13,48.84],[-53.51,49.28],[-55.11,49.28],[-56.66,50.06],[-55.42,51.43],[-56.7,51.18],[-57.86,49.99]]]},"properties":{"NAME":"Paleo-Inuit","SUBJECTO":"Paleo-Inuit","PARTOF":"Paleo-Inuit"}},
{"type":"Feature","geometry":{"type":"Polygon","coordinates":[[[-60.43,46.74],[-61.38,46.33],[-61.07,45.99],[-60.43,46.74]]]},"properties":{"NAME":null,"SUBJECTO":null,"PARTOF":null}},
{"type":"Feature","geometry":{"type":"Polygon","coordinates":[[[-70.5,-54.92],[-67.15,-54.91],[-66.62,-55.07],[-65.26,-54.82],[-70.5,-54.92]]]},"properties":{"NAME":null,"SUBJECTO":null,"PARTOF":null}},
{"type":"Feature","geometry":{"type":"Polygon","coordinates":[[[-74.24,-43.37],[-73.77,-43.51],[-73.7,-43.39],[-74.24,-43.37]]]},"properties":{"NAME":null,"SUBJECTO":null,"PARTOF":null}},
{"type":"Feature","geometry":{"type":"Polygon","coordinates":[[[-6.07,53.97],[-6.02,55.09],[-8.35,55.1],[-8.59,54.2],[-9.89,54.33],[-10.16,53.37],[-9.31,53.12],[-10.22,51.76],[-9.82,51.43],[-6.41,52.21],[-6.07,53.97]]]},"properties":{"NAME":null,"SUBJECTO":null,"PARTOF":null}},
{"type":"Feature","geometry":{"type":"Polygon","coordinates":[[[-3.19,51.18],[-4.28,51.19],[-5.78,50.13],[-5.28,49.96],[-3.13,50.66],[-3.19,51.18]]]},"properties":{"NAME":"Dumonii","SUBJECTO":"Dumonii","PARTOF":"Dumonii"}},
{"type":"Feature","geometry":null,"properties":{"NAME":null,"SUBJECTO":null,"PARTOF":null}},
{"type":"Feature","geometry":null,"properties":{"NAME":null,"SUBJECTO":null,"PARTOF":null}},
{"type":"Feature","geometry":{"type":"Polygon","coordinates":[[[-66.91,17.94],[-65.97,18.03],[-65.81,18.17],[-66.91,17.94]]]},"properties":{"NAME":null,"SUBJECTO":null,"PARTOF":null}},
{"type":"Feature","geometry":null,"properties":{"NAME":null,"SUBJECTO":null,"PARTOF":null}},
{"type":"Feature","geometry":{"type":"Polygon","coordinates":[[[-76.65,-12.84],[-75.99,-12.19],[-76.36,-10.97],[-77.4,-9.68],[-78.57,-7.1],[-79.49,-6.11],[-79.61,-5.5],[-80.35,-5.31],[-80.89,-5.9],[-81.3,-6.04],[-80.07,-6.76],[-79.06,-8.22],[-76.65,-12.84]]]},"properties":{"NAME":"Moche","SUBJECTO":"Moche","PARTOF":"Moche"}},
{"type":"Feature","geometry":{"type":"MultiPolygon","coordinates":[[[[-90.11,13.75],[-87.69,13.02],[-85.62,10.83],[-85.78,10.14],[-85.09,9.58],[-83.61,9.15],[-82.96,8.05],[-82.38,8.32],[-81.12,7.94],[-80.66,7.25],[-79.98,7.49],[-80.4,8.06],[-79.07,9.03],[-78.38,8.39],[-77.9,7.17],[-77.4,6.67],[-77.5,5.51],[-77.11,3.79],[-77.8,2.58],[-78.47,2.47],[-78.49,1.92],[-79.38,1.02],[-80.09,0.82],[-80.34,-0.66],[-80.97,-1.03],[-80.36,-2.73],[-79.81,-2.17],[-80.14,-3.41],[-81.42,-4.68],[-80.89,-5.9],[-80.35,-5.31],[-79.61,-5.5],[-79.49,-6.11],[-78.57,-7.1],[-77.4,-9.68],[-76.36,-10.97],[-75.99,-12.19],[-76.65,-12.84],[-76.24,-13.57],[-75.56,-12.87],[-73.89,-14.85],[-74.22,-15.38],[-74.38,-15.82],[-76.05,-14.41],[-75.23,-15.22],[-74.62,-15.67],[-74.05,-16.04],[-71.61,-17.22],[-70.58,-18.08],[-70.21,-19.07],[-70.15,-20.27],[-69.07,-20.07],[-68.22,-19.25],[-66.6,-19.15],[-65.91,-18.31],[-64.66,-16.8],[-64.19,-14.69],[-69.05,-8.24],[-70.16,-5.74],[-66.41,3.04],[-62.66,4.15],[-58.56,3.98],[-55.86,1.7],[-55.8,0.88],[-57.97,-0.59],[-58.44,-2.29],[-56.33,-4.33],[-54.16,-4.63],[-49.07,-4.74],[-45.37,-3.17],[-44.58,-3.33],[-44.46,-2.27],[-44.8,-1.74],[-47.24,-0.68],[-48.04,-0.82],[-49.42,-2.36],[-49.29,-1.79],[-50.64,-1.88],[-50.98,-1.11],[-52.02,-1.57],[-51.53,-0.43],[-49.88,1.21],[-49.97,1.73],[-50.69,2.22],[-51.21,4.07],[-51.71,4.23],[-53.03,5.43],[-54.29,5.88],[-56.75,6],[-57.07,5.84],[-58.01,6.79],[-58.51,6.56],[-58.62,7.5],[-59.83,8.44],[-61.76,8.58],[-61.29,8.77],[-61.12,9.17],[-61.29,8.77],[-63.07,8.33],[-65.97,8.18],[-70.68,8.56],[-71.18,9.28],[-71.6,9.09],[-72.11,9.9],[-71.69,10.77],[-71.99,11.61],[-71.19,11.91],[-71.44,12.42],[-73.36,11.32],[-74.22,11.37],[-75.45,10.63],[-75.7,9.43],[-76.76,8.69],[-76.86,7.93],[-78.27,9.39],[-79.5,9.64],[-80.96,8.86],[-82.23,9.05],[-83.91,11.25],[-83.66,13.71],[-83.31,14.77],[-84.65,15.93],[-86.37,15.8],[-87.57,15.91],[-88.24,14.84],[-90.11,13.75]]],[[[-48.72,-25.53],[-46.21,-23.88],[-45.46,-23.86],[-44.56,-22.99],[-43.82,-22.96],[-43.61,-23.01],[-43.26,-23.03],[-42.97,-23.03],[-41.96,-22.92],[-41.93,-22.55],[-40.98,-22.09],[-40.93,-21.28],[-39.69,-19.41],[-39.48,-18],[-39.69,-19.41],[-40.93,-21.28],[-40.98,-22.09],[-41.93,-22.55],[-41.96,-22.92],[-43.24,-23.03],[-43.82,-22.96],[-44.56,-22.99],[-45.46,-23.86],[-46.21,-23.88],[-48.72,-25.53]]],[[[-51.12,-31.47],[-49.94,-29.63],[-48.94,-28.7],[-48.73,-28.37],[-48.56,-27.68],[-48.59,-27.21],[-48.8,-28.48],[-49.94,-29.63],[-51.12,-31.47]]],[[[-58.52,-34.59],[-58.34,-34.22],[-56.34,-35],[-54.62,-34.92],[-54.07,-34.65],[-52.35,-32.68],[-52.04,-31.56],[-51.45,-31.02],[-51.23,-30.27],[-50.61,-30.3],[-51.23,-30.27],[-51.45,-31.02],[-52.04,-31.56],[-52.14,-31.74],[-52.35,-32.68],[-54.07,-34.65],[-54.62,-34.92],[-56.34,-35],[-58.34,-34.22],[-58.52,-34.59]]],[[[-65.78,-47.71],[-67.58,-49.06],[-67.83,-49.97],[-69.04,-50.56],[-69.11,-51.35],[-69.08,-51.5],[-69.04,-50.56],[-67.83,-49.97],[-67.58,-49.06],[-65.78,-47.71]]],[[[-71.44,-53.88],[-70.73,-52.8],[-69.24,-52.29],[-68.46,-52.42],[-69.24,-52.29],[-70.73,-52.8],[-71.44,-53.88]]],[[[-73.46,-41.79],[-72.59,-41.62],[-72.73,-41.55],[-73.46,-41.79]]],[[[-62.35,-39.33],[-62.31,-38.88],[-61.36,-39.03],[-59.52,-38.87],[-57.81,-38.39],[-56.7,-36.94],[-57.81,-38.39],[-59.52,-38.87],[-61.36,-39.03],[-62.31,-38.88],[-62.35,-39.33]]]]},"properties":{"NAME":null,"SUBJECTO":null,"PARTOF":null}},
{"type":"Feature","geometry":null,"properties":{"NAME":null,"SUBJECTO":null,"PARTOF":null}},
{"type":"Feature","geometry":{"type":"Polygon","coordinates":[[[-61.74,10.73],[-61.21,10.12],[-61.11,10.82],[-61.74,10.73]]]},"properties":{"NAME":null,"SUBJECTO":null,"PARTOF":null}},
{"type":"Feature","geometry":{"type":"Polygon","coordinates":[[[54.48,73.52],[56.96,73.36],[60.46,75.16],[66.55,75.98],[68.94,76.61],[59.02,75.8],[56.99,75.27],[54.48,73.52]]]},"properties":{"NAME":null,"SUBJECTO":null,"PARTOF":null}},
{"type":"Feature","geometry":{"type":"Polygon","coordinates":[[[55.18,73.27],[53.5,73.14],[51.48,71.84],[54.31,71.21],[55,70.52],[57.24,70.69],[55.72,71.64],[56.51,73.17],[55.18,73.27]]]},"properties":{"NAME":null,"SUBJECTO":null,"PARTOF":null}},
{"type":"Feature","geometry":{"type":"Polygon","coordinates":[[[10.56,57.75],[8.85,56.99],[10.26,57.01],[10.56,57.75]]]},"properties":{"NAME":null,"SUBJECTO":null,"PARTOF":null}},
{"type":"Feature","geometry":{"type":"Polygon","coordinates":[[[11.58,55.16],[12.43,55.24],[11.1,55.63],[11.58,55.16]]]},"properties":{"NAME":null,"SUBJECTO":null,"PARTOF":null}},
{"type":"Feature","geometry":null,"properties":{"NAME":null,"SUBJECTO":null,"PARTOF":null}},
{"type":"Feature","geometry":{"type":"Polygon","coordinates":[[[-75.99,82.34],[-78.7,83],[-80.09,81.97],[-84.95,82.38],[-90.85,81.97],[-89.24,80.86],[-85.19,81.32],[-85.5,80.62],[-78.96,81.03],[-77.52,80.75],[-75.99,82.34]]]},"properties":{"NAME":null,"SUBJECTO":null,"PARTOF":null}},
{"type":"Feature","geometry":{"type":"Polygon","coordinates":[[[-105.6,71.04],[-104.47,71.65],[-105.31,72.65],[-108.18,73.38],[-107.53,72.02],[-108.99,72.73],[-111.73,72.33],[-112.84,72.95],[-114.47,72.63],[-114.65,73.35],[-116.93,72.9],[-114.04,72.06],[-110.35,71.2],[-105.6,71.04]]]},"properties":{"NAME":null,"SUBJECTO":null,"PARTOF":null}},
{"type":"Feature","geometry":{"type":"MultiPolygon","coordinates":[[[[-174.19,66.29],[-175.48,67.67],[-178.89,68.64],[-175.51,67.67],[-174.19,66.29]]],[[[-173.03,64.51],[-172.4,65.02],[-173.04,65.81],[-172.44,65.02],[-173.03,64.51]]]]},"properties":{"NAME":null,"SUBJECTO":null,"PARTOF":null}},
{"type":"Feature","geometry":{"type":"Polygon","coordinates":[[[-87.5,80.23],[-89.04,80.17],[-92.02,81.26],[-96.59,80.09],[-92.7,78.43],[-89.12,78.34],[-85.76,79.38],[-87.5,80.23]]]},"properties":{"NAME":null,"SUBJECTO":null,"PARTOF":null}},
{"type":"Feature","geometry":{"type":"Polygon","coordinates":[[[-125.83,72.08],[-123.47,71.2],[-120.84,71.53],[-120.45,72.3],[-115.65,73.63],[-117.34,74.17],[-121.24,74.58],[-121.65,73.99],[-117.69,73.22],[-120.45,72.3],[-120.84,71.53],[-123.47,71.2],[-125.83,72.08]]]},"properties":{"NAME":null,"SUBJECTO":null,"PARTOF":null}},
{"type":"Feature","geometry":{"type":"Polygon","coordinates":[[[-88.14,74.57],[-81.47,74.58],[-83.58,74.7],[-88.14,74.57]]]},"properties":{"NAME":null,"SUBJECTO":null,"PARTOF":null}},
{"type":"Feature","geometry":{"type":"Polygon","coordinates":[[[-113.85,76.22],[-117.4,75.41],[-111.37,75.1],[-114.22,74.84],[-112.2,74.5],[-109.07,75.13],[-105.77,75.23],[-105.5,75.85],[-108.16,76.01],[-108.97,76.87],[-110.38,76.43],[-109.14,75.71],[-111.39,75.66],[-113.85,76.22]]]},"properties":{"NAME":null,"SUBJECTO":null,"PARTOF":null}},
{"type":"Feature","geometry":null,"properties":{"NAME":null,"SUBJECTO":null,"PARTOF":null}},
{"type":"Feature","geometry":{"type":"Polygon","coordinates":[[[-101.65,72.37],[-98.37,71.37],[-100.32,72.14],[-101.65,72.37]]]},"properties":{"NAME":null,"SUBJECTO":null,"PARTOF":null}},
{"type":"Feature","geometry":{"type":"Polygon","coordinates":[[[-128.34,50.67],[-127.39,50.05],[-126.52,49.82],[-128.34,50.67]]]},"properties":{"NAME":null,"SUBJECTO":null,"PARTOF":null}},
{"type":"Feature","geometry":{"type":"Polygon","coordinates":[[[-122.15,76.58],[-120.45,75.95],[-118.74,76.94],[-116.24,76.78],[-116.36,77.58],[-119.7,77.31],[-122.15,76.58]]]},"properties":{"NAME":null,"SUBJECTO":null,"PARTOF":null}},
{"type":"Feature","geometry":{"type":"Polygon","coordinates":[[[-102.56,78.31],[-99.05,77.94],[-99.89,78.66],[-105.45,79.4],[-102.56,78.31]]]},"properties":{"NAME":null,"SUBJECTO":null,"PARTOF":null}},
{"type":"Feature","geometry":null,"properties":{"NAME":null,"SUBJECTO":null,"PARTOF":null}},
{"type":"Feature","geometry":{"type":"Polygon","coordinates":[[[-101.58,75.69],[-99.94,75.08],[-98,75.16],[-97.82,76.48],[-101.75,76.54],[-101.58,75.69]]]},"properties":{"NAME":null,"SUBJECTO":null,"PARTOF":null}},
{"type":"Feature","geometry":null,"properties":{"NAME":null,"SUBJECTO":null,"PARTOF":null}},
{"type":"Feature","geometry":{"type":"Polygon","coordinates":[[[-97.31,78.82],[-97.46,78.1],[-95.1,78.44],[-97.31,78.82]]]},"properties":{"NAME":null,"SUBJECTO":null,"PARTOF":null}},
{"type":"Feature","geometry":{"type":"Polygon","coordinates":[[[-77.06,67.33],[-75.77,67.3],[-75.13,67.9],[-77.06,67.33]]]},"properties":{"NAME":null,"SUBJECTO":null,"PARTOF":null}},
{"type":"Feature","geometry":{"type":"Polygon","coordinates":[[[-153.73,57.43],[-153.88,56.94],[-152.38,57.52],[-153.73,57.43]]]},"properties":{"NAME":null,"SUBJECTO":null,"PARTOF":null}},
{"type":"Feature","geometry":{"type":"Polygon","coordinates":[[[-170.72,63.69],[-169.9,63.08],[-169.33,63.4],[-170.72,63.69]]]},"properties":{"NAME":null,"SUBJECTO":null,"PARTOF":null}},
{"type":"Feature","geometry":{"type":"Polygon","coordinates":[[[-96.28,76.73],[-93.94,76.4],[-93.87,76.63],[-96.28,76.73]]]},"properties":{"NAME":null,"SUBJECTO":null,"PARTOF":null}},
{"type":"Feature","geometry":null,"properties":{"NAME":null,"SUBJECTO":null,"PARTOF":null}},
{"type":"Feature","geometry":{"type":"Polygon","coordinates":[[[-113.16,77.79],[-110.62,77.54],[-109.66,77.95],[-113.16,77.79]]]},"properties":{"NAME":null,"SUBJECTO":null,"PARTOF":null}},
{"type":"Feature","geometry":{"type":"Polygon","coordinates":[[[-160.53,55.54],[-161.32,55.88],[-162.58,55.39],[-160.53,55.54]]]},"properties":{"NAME":null,"SUBJECTO":null,"PARTOF":null}},
{"type":"Feature","geometry":{"type":"Polygon","coordinates":[[[-154.95,19.48],[-155.93,20.28],[-156.16,19.81],[-155.78,18.95],[-154.95,19.48]]]},"properties":{"NAME":null,"SUBJECTO":null,"PARTOF":null}},
{"type":"Feature","geometry":{"type":"Polygon","coordinates":[[[-164.13,54.91],[-165.01,54.53],[-164.56,54.33],[-164.13,54.91]]]},"properties":{"NAME":null,"SUBJECTO":null,"PARTOF":null}},
{"type":"Feature","geometry":{"type":"Polygon","coordinates":[[[-136.02,58.21],[-136.6,57.9],[-135.15,57.6],[-136.02,58.21]]]},"properties":{"NAME":null,"SUBJECTO":null,"PARTOF":null}},
{"type":"Feature","geometry":{"type":"Polygon","coordinates":[[[-133,53.65],[-132.57,53.28],[-132,53.79],[-133,53.65]]]},"properties":{"NAME":null,"SUBJECTO":null,"PARTOF":null}},
{"type":"Feature","geometry":{"type":"Polygon","coordinates":[[[-110.53,27.76],[-110.38,27.21],[-109.13,26.29],[-109.26,25.65],[-108.01,24.98],[-105.54,22.28],[-105.29,20.67],[-105.69,20.4],[-104.95,19.44],[-103.49,18.35],[-101.99,18.03],[-101.22,17.42],[-98.86,16.6],[-97.88,16.05],[-96.33,15.75],[-95.13,16.3],[-93.59,15.74],[-93.14,16.98],[-92.94,18.59],[-94.24,18.24],[-96.01,18.93],[-97.5,21.19],[-97.88,22.33],[-97.82,24.21],[-100.36,23.97],[-104.22,25.12],[-107.56,27.76],[-109.94,28.2],[-110.53,27.76]],[[-99.02,16.82],[-99.21,17.71],[-98.59,17.99],[-97.06,18.06],[-95.43,17.43],[-95.5,16.53],[-96.44,16.22],[-99.02,16.82]],[[-100.75,19.59],[-101.01,20.28],[-100.49,20.9],[-99.11,20.59],[-98.48,19.8],[-99.14,18.92],[-99.91,19.03],[-100.75,19.59]]]},"properties":{"NAME":null,"SUBJECTO":null,"PARTOF":null}},
{"type":"Feature","geometry":{"type":"Polygon","coordinates":[[[-99.02,16.82],[-96.44,16.22],[-95.5,16.53],[-95.43,17.43],[-97.06,18.06],[-98.59,17.99],[-99.21,17.71],[-99.02,16.82]]]},"properties":{"NAME":"Monte Albán","SUBJECTO":"Monte Albán","PARTOF":"Monte Albán"}},
{"type":"Feature","geometry":{"type":"Polygon","coordinates":[[[42.08,13.86],[41.76,13.89],[40.74,14.92],[39.9,15.5],[38.3,15.06],[37.8,14.22],[38.3,13.22],[39.56,13.05],[42.35,13.27],[42.08,13.86]]]},"properties":{"NAME":"Axum","SUBJECTO":"Axum","PARTOF":"Axum"}},
{"type":"Feature","geometry":{"type":"MultiPolygon","coordinates":[]},"properties":{"NAME":null,"SUBJECTO":null,"PARTOF":null}},
{"type":"Feature","geometry":null,"properties":{"NAME":null,"SUBJECTO":null,"PARTOF":null}},
{"type":"Feature","geometry":null,"properties":{"NAME":null,"SUBJECTO":null,"PARTOF":null}},
{"type":"Feature","geometry":{"type":"Polygon","coordinates":[[[66.43,25.49],[67.39,28.23],[70.29,31.29],[74.14,32.61],[74.75,33.66],[73.09,34.62],[70.56,34.88],[62.8,34.62],[59.57,27.29],[59.3,25.34],[61.34,25.03],[64.42,25.17],[66.43,25.49]]]},"properties":{"NAME":"Suren Kingdom","SUBJECTO":"Kushan Empire","PARTOF":"Kushan Empire"}},
{"type":"Feature","geometry":{"type":"Polygon","coordinates":[[[101.47,1.55],[100.46,2.12],[99.86,2.9],[98.15,4.07],[97.38,5.18],[96.19,5.15],[95.19,5.41],[95.56,4.53],[96.39,3.65],[96.72,3.7],[97.6,2.25],[98.6,1.71],[99.11,0.22],[99.7,-0.15],[100.65,-1.63],[100.81,-2.34],[102.46,-4.18],[104.57,-6.07],[104.56,-5.6],[105.64,-5.93],[105.71,-4.1],[105.94,-3.21],[105.44,-2.6],[104.61,-2.58],[104.81,-2.16],[104.3,-1.36],[103.24,-0.66],[103.72,0.02],[102.47,0.62],[101.47,1.55]]]},"properties":{"NAME":null,"SUBJECTO":null,"PARTOF":null}},
{"type":"Feature","geometry":{"type":"Polygon","coordinates":[[[112.3,2.87],[111.37,2.6],[110.82,1.24],[109.28,1.88],[108.81,0.81],[109.18,-0.87],[109.94,-1.64],[110.1,-3.08],[110.8,-3.17],[111.59,-2.8],[111.74,-3.65],[112.58,-3.42],[112.8,-2.97],[113.61,-3.61],[114.1,-3.35],[114.58,-4.3],[115.57,-3.8],[116.35,-2.42],[116.05,-1.93],[117.05,-0.93],[117.86,0.87],[118.77,0.82],[117.7,1.9],[117.83,2.31],[117.07,3.51],[118.39,4.37],[118.11,4.94],[119.04,5.17],[118.38,5.64],[117.37,5.79],[117.51,6.39],[116.6,6.9],[115.36,4.88],[114.75,4.98],[113.81,4.26],[112.95,3.16],[112.3,2.87]]]},"properties":{"NAME":null,"SUBJECTO":null,"PARTOF":null}},
{"type":"Feature","geometry":{"type":"Polygon","coordinates":[[[114.1,-8.69],[114.25,-8.02],[112.68,-7.72],[112.27,-7.03],[111.04,-6.85],[110.81,-6.53],[110.03,-7.04],[108.56,-6.92],[107.77,-6.45],[105.93,-6.03],[105.63,-6.76],[106.55,-7.16],[106.32,-7.43],[108.16,-7.86],[109.04,-7.72],[110.78,-8.32],[112.41,-8.49],[113.07,-8.35],[114.1,-8.69]]]},"properties":{"NAME":null,"SUBJECTO":null,"PARTOF":null}},
{"type":"Feature","geometry":{"type":"Polygon","coordinates":[[[118.83,-8.79],[118.13,-8.34],[117.82,-8.81],[116.96,-8.53],[116.98,-9.18],[118.83,-8.79]]]},"properties":{"NAME":null,"SUBJECTO":null,"PARTOF":null}},
{"type":"Feature","geometry":{"type":"Polygon","coordinates":[[[105.72,-1.75],[105.2,-2.11],[106.55,-3.18],[106.64,-2.71],[105.72,-1.75]]]},"properties":{"NAME":null,"SUBJECTO":null,"PARTOF":null}},
{"type":"Feature","geometry":{"type":"Polygon","coordinates":[[[86.82,21.19],[86.09,24.93],[85.48,25.8],[84.61,26.15],[83.83,25.89],[83.04,22.75],[82.25,21.96],[80.95,21.7],[80.62,21.02],[80.42,20.04],[80.68,19.35],[82.87,19.17],[84.26,19.26],[84.75,19.03],[86.12,19.81],[86.93,20.69],[86.82,21.19]]]},"properties":{"NAME":"Kalinga","SUBJECTO":"Kalinga","PARTOF":"Kalinga"}},
{"type":"Feature","geometry":{"type":"Polygon","coordinates":[[[80.32,13.33],[78.94,12.98],[77.63,12.98],[74.78,13.53],[75.21,12.1],[76.08,10.55],[76.7,8.71],[77.34,8.05],[77.9,8.26],[78.31,9],[79.16,9.28],[79.22,10.19],[79.79,10.25],[79.71,11.44],[80.32,13.33]]]},"properties":{"NAME":"Hindu kingdoms","SUBJECTO":"Hindu kingdoms","PARTOF":"Hindu kingdoms"}},
{"type":"Feature","geometry":{"type":"Polygon","coordinates":[[[48.13,29.27],[48.27,28.89],[44.47,29.34],[42.86,30.99],[39.34,31.99],[37.89,31.64],[38.51,30.88],[36.14,26.66],[37.22,25.17],[37.2,24.66],[38.49,23.61],[39.06,22.57],[40.37,22.75],[40.98,22.4],[42.34,20.72],[43.79,18.66],[45.43,17.77],[47.7,17.43],[49,17.61],[51.45,17.95],[53.2,17.77],[54.76,16.95],[55.56,17.94],[56.26,17.98],[56.74,18.69],[57.84,19.03],[57.81,20.17],[58.51,20.42],[59.84,22.28],[58.63,23.46],[57.15,23.98],[56.41,24.82],[56.37,26.24],[54.35,24.15],[53.69,23.99],[51.29,24.28],[51.59,25.61],[51.07,25.95],[50.97,24.44],[49.94,25.96],[50.12,26.74],[48.86,27.52],[48.13,29.27]]]},"properties":{"NAME":null,"SUBJECTO":null,"PARTOF":null}},
{"type":"Feature","geometry":null,"properties":{"NAME":null,"SUBJECTO":null,"PARTOF":null}},
{"type":"Feature","geometry":{"type":"Polygon","coordinates":[[[148.56,45.46],[148.46,45.39],[148.4,45.34],[148.56,45.46]]]},"properties":{"NAME":null,"SUBJECTO":null,"PARTOF":null}},
{"type":"Feature","geometry":{"type":"Polygon","coordinates":[[[14.47,53.88],[14.23,53.91],[14.25,53.82],[14.47,53.88]]]},"properties":{"NAME":null,"SUBJECTO":null,"PARTOF":null}},
{"type":"Feature","geometry":{"type":"Polygon","coordinates":[[[-100.75,19.59],[-99.91,19.03],[-99.14,18.92],[-98.48,19.8],[-99.11,20.59],[-100.49,20.9],[-101.01,20.28],[-100.75,19.59]]]},"properties":{"NAME":"Teotihuacan","SUBJECTO":"Teotihuacan","PARTOF":"Teotihuacán"}},
{"type":"Feature","geometry":{"type":"MultiPolygon","coordinates":[[[[-16.08,28.54],[-17.29,28.28],[-16.64,28.05],[-16.08,28.54]]],[[[-13.52,29.43],[-14.15,28.39],[-13.88,28.2],[-13.52,29.43]]]]},"properties":{"NAME":"Guanches","SUBJECTO":"Guanches","PARTOF":"Guanches"}},
{"type":"Feature","geometry":{"type":"Polygon","coordinates":[[[18.98,49.87],[17.85,50.44],[16.48,49.58],[15.89,47.87],[17.8,47.1],[19.43,47.6],[18.98,49.87]]]},"properties":{"NAME":"Boihaenum","SUBJECTO":"Boihaenum","PARTOF":"Boihaenum"}},
{"type":"Feature","geometry":{"type":"Polygon","coordinates":[[[25.26,43.82],[25.71,43.93],[25.57,45.64],[27.09,46.05],[27.34,46.9],[25.13,47.7],[22.87,47.27],[21.73,44.85],[22.95,44.65],[23.14,43.91],[25.26,43.82]]]},"properties":{"NAME":"Dacia","SUBJECTO":"Dacia","PARTOF":"Dacia"}},
{"type":"Feature","geometry":{"type":"Polygon","coordinates":[[[-1.56,54.93],[-2.72,56.18],[-1.94,57.4],[-4.15,57.55],[-3.17,58.52],[-5.35,58.09],[-5.06,57.75],[-6.04,56.47],[-5.27,56.54],[-5.57,55.75],[-4.71,56.13],[-5.11,54.79],[-3.17,54.83],[-1.56,54.93]]]},"properties":{"NAME":null,"SUBJECTO":null,"PARTOF":null}},
{"type":"Feature","geometry":{"type":"Polygon","coordinates":[[[44.61,38],[45.43,38.04],[48.98,38.87],[49.67,40.24],[48.96,40.32],[47.01,41.39],[44.79,41.75],[41.96,41.81],[41.68,38.51],[44.61,38]]]},"properties":{"NAME":"Armenia","SUBJECTO":"Armenia","PARTOF":"Armenia"}},
{"type":"Feature","geometry":{"type":"Polygon","coordinates":[[[33.53,45.05],[34.01,44.49],[36.52,45.39],[35.04,45.37],[33.53,45.05]]]},"properties":{"NAME":"Bosporian Kingdom","SUBJECTO":"Roman Empire","PARTOF":"Bosporian Kingdom"}},
{"type":"Feature","geometry":{"type":"Polygon","coordinates":[[[48.03,29.97],[50.13,30.07],[51.35,28.04],[52.89,27.05],[54.65,26.39],[55.9,27.1],[56.79,26.97],[57.25,25.79],[59.3,25.34],[59.57,27.29],[62.8,34.62],[61.86,36],[60.96,37.32],[57.3,38.08],[54.07,36.94],[53.8,36.68],[51.8,36.43],[50.56,36.69],[50.04,37.22],[48.84,37.51],[48.98,38.87],[45.43,38.04],[44.61,38],[41.68,38.51],[41.36,35.7],[43.09,35.39],[43.65,32.48],[48.03,29.97]]]},"properties":{"NAME":"Parthian Empire","SUBJECTO":"Parthian Empire","PARTOF":"Parthian Empire"}},
{"type":"Feature","geometry":{"type":"MultiPolygon","coordinates":[[[[-3.13,50.66],[0.19,50.73],[1.36,51.35],[0.25,51.45],[1.51,52.03],[1.38,52.81],[0.01,52.79],[-0.3,54.03],[-1.56,54.93],[-3.17,54.83],[-2.91,53.27],[-3.96,53.21],[-4.29,52.2],[-5,51.7],[-3.19,51.18],[-3.13,50.66]]],[[[24.09,35.52],[23.57,35.25],[24.69,34.94],[26.16,35.02],[24.09,35.52]]],[[[8.37,39.31],[9.48,39.14],[9.79,40.56],[9.31,41.18],[8.24,40.86],[8.37,39.31]]],[[[8.61,42.49],[9.17,41.35],[9.43,42.79],[8.61,42.49]]],[[[33.37,35.31],[32.14,35.04],[32.6,34.61],[33.92,34.95],[34.46,35.64],[33.37,35.31]]],[[[3.78,51.39],[1.59,50.82],[1.55,50.23],[-0.24,49.29],[-1.94,49.71],[-1.46,48.68],[-3.09,48.87],[-4.76,48.55],[-3.95,47.9],[-2,47.04],[-1.08,46.01],[-1.56,43.52],[-3.42,43.38],[-7.64,43.72],[-9.27,43.05],[-8.64,42.42],[-8.69,40.99],[-9.52,38.69],[-8.85,38.5],[-8.99,36.99],[-7.23,37.23],[-6.63,37.02],[-5.66,36.01],[-4.45,36.72],[-2.24,36.73],[0.17,38.74],[-0.39,39.43],[0.88,41.02],[3.13,41.86],[3,42.77],[4.08,43.49],[5.83,43.02],[6.52,43.15],[8.9,44.44],[9.91,44.11],[10.74,42.85],[12.64,41.53],[13.8,41.19],[14.9,40.24],[15.67,40.09],[16.21,38.78],[15.63,38.23],[16.05,37.93],[17.09,38.92],[16.53,39.7],[16.95,40.48],[18.03,40.6],[15.87,41.5],[16.01,41.9],[14.92,41.97],[14.09,42.61],[13.6,43.53],[12.7,43.93],[12.18,45.21],[13.67,45.71],[13.9,44.76],[14.35,45.32],[16.06,43.43],[16.99,43.32],[19.61,41.76],[19.37,40.26],[20.03,39.81],[21.17,38.35],[22.33,38.43],[21.23,37.9],[21.78,36.82],[22.98,36.61],[22.64,37.49],[22.98,37.96],[23.99,37.76],[23.8,38.35],[22.49,38.88],[23.24,39.2],[22.49,40.5],[23.6,39.93],[23.89,40.73],[25.02,41.02],[26.61,40.4],[27.47,40.96],[28.83,40.91],[27.5,42.52],[28.45,43.48],[28.69,44.49],[29.62,45.41],[28.22,45.48],[28.04,44.38],[25.26,43.82],[23.14,43.91],[22.95,44.65],[21.2,44.93],[18.86,45.58],[18.91,47.44],[17.8,47.1],[15.89,47.87],[16.08,48.43],[14.76,48.19],[12.2,49.14],[8.59,48.14],[7.74,48.44],[8.54,49.39],[6.86,50.95],[6.86,51.58],[5.14,52.13],[3.78,51.39]]],[[[15.3,37.06],[15.39,38.21],[13.81,37.97],[13.32,38.22],[12.45,37.77],[15.03,36.75],[15.3,37.06]]],[[[48.03,29.97],[43.65,32.48],[43.09,35.39],[41.36,35.7],[41.68,38.51],[41.96,41.81],[41.68,41.79],[40.36,40.96],[38.65,40.92],[36.38,41.24],[35.96,41.69],[33.56,41.98],[30.74,41.04],[29.16,41.22],[29.05,40.33],[26.77,40.38],[26.14,39.44],[27.03,38.82],[26.39,38.1],[27.14,37.89],[27.31,36.92],[28.01,36.53],[29,36.69],[29.3,36.17],[30.47,36.19],[30.59,36.76],[31.37,36.71],[33.17,35.97],[34.49,36.63],[35.22,36.39],[35.89,36.77],[35.87,34.42],[35.53,34.12],[34.29,31.36],[36.82,30.34],[37.57,32.03],[37.89,31.64],[39.34,31.99],[42.86,30.99],[44.47,29.34],[48.27,28.89],[48.13,29.27],[48.03,29.97]]],[[[35.19,24.4],[33.93,26.56],[33.35,27.91],[32.65,28.77],[32.49,29.79],[32.37,31.06],[31,31.47],[29.25,30.75],[26.14,31.49],[25.26,31.44],[24.82,31.91],[23.15,32.14],[22.54,32.72],[21.67,32.82],[20.37,32.3],[19.94,31.61],[20.12,30.96],[19.66,30.44],[19.12,30.2],[17.42,31],[15.84,31.29],[15.01,32.36],[14.16,32.68],[12.56,32.74],[10.41,33.63],[10.02,34.08],[11.13,35.24],[10.51,36.21],[11.02,37.07],[10.27,36.75],[9.42,37.28],[7.91,36.78],[6.32,37.09],[5.14,36.67],[1.06,36.46],[-0.09,35.74],[-1.15,35.63],[-2.04,35.05],[-4.59,35.15],[-5.57,35.86],[-5.93,35.73],[-7,33.87],[-8.64,33.12],[7.99,35.5],[8.63,34.03],[9.83,32.92],[14.45,31.16],[18.61,29.41],[19.35,29.41],[21.29,29.96],[22.31,29.96],[26.74,28.57],[28.41,27.74],[31.06,22.68],[32.61,22.82],[33.35,23.35],[33.66,24.02],[35.19,24.4]]]]},"properties":{"NAME":"Roman Empire","SUBJECTO":"Roman Empire","PARTOF":"Roman Empire"}},
{"type":"Feature","geometry":{"type":"Polygon","coordinates":[[[-70.87,47.05],[-69.51,48.46],[-68.31,49.23],[-67.32,49.43],[-66.37,50.31],[-61.64,50.28],[-60.14,50.41],[-58.52,51.38],[-56.96,51.49],[-55.66,52.19],[-56.13,53.47],[-58.79,52.57],[-60.17,53.3],[-60.22,53.32],[-62.89,54.73],[-65.64,55.26],[-71.03,55.2],[-74.2,52.93],[-78.74,52.74],[-78.82,51.16],[-79.34,50.84],[-81.75,52.17],[-82.34,52.98],[-82.2,54.97],[-84.47,55.17],[-87.47,55.91],[-88.77,56.74],[-90.44,57.14],[-92.4,56.98],[-93.82,56.86],[-102.14,57.21],[-111.28,58.55],[-114.57,60.6],[-118.2,62.71],[-124.94,64.83],[-132.43,62.5],[-139.52,62.42],[-144.68,63.19],[-150.13,63.32],[-160.94,63.98],[-161.13,63.56],[-163.31,63.04],[-164.29,63.25],[-166.19,61.75],[-165.9,61.27],[-163.52,60.71],[-165.13,60.54],[-164.03,59.8],[-162.38,60.16],[-161.94,58.72],[-159.81,58.94],[-157.14,58.86],[-157.67,57.6],[-160.46,56.2],[-160.17,55.81],[-156.5,57.1],[-156.68,57.4],[-154.65,58.08],[-153.45,58.88],[-154.28,59.25],[-152.88,60.28],[-150.31,61.31],[-149.32,60.93],[-151.16,60.66],[-151.78,59.99],[-151.39,59.21],[-149.33,60.03],[-147.94,61.21],[-145,60.55],[-144.41,60.09],[-140.13,59.77],[-137.09,58.45],[-136.15,58.9],[-133.47,57.84],[-133.4,57.22],[-131.19,56.03],[-130.77,55.07],[-129.85,55],[-128.59,55.06],[-125.7,55.19],[-115.03,52.03],[-114.47,52],[-105.19,51.45],[-98.92,50.23],[-97.2,50.11],[-97.15,50.41],[-98.72,52.23],[-101.21,53.27],[-101.56,53.9],[-101.05,54.62],[-97.09,55.07],[-95.27,53.86],[-95.24,53.16],[-96.2,52.38],[-95.27,51.12],[-93.99,50.64],[-91.15,50.64],[-90.71,50.27],[-91.08,49.95],[-87.79,49.93],[-85.04,49.09],[-81.93,48.9],[-76.06,47.31],[-74.19,47.97],[-70.87,47.05]]]},"properties":{"NAME":"Subarctic forest hunter-gatherers","SUBJECTO":"Subarctic forest hunter-gatherers","PARTOF":"Subarctic forest hunter-gatherers"}},
{"type":"Feature","geometry":{"type":"Polygon","coordinates":[[[98.29,41.5],[98.75,41.42],[98.48,39.85],[100.58,39.59],[100.84,40.37],[101.36,40.64],[103.37,40.29],[103.81,39.5],[105.64,39.59],[105.92,41.18],[106.36,42.04],[104.04,42.63],[98.71,42.82],[98.29,41.5]]]},"properties":{"NAME":"Southern Xiongnu","SUBJECTO":"S. Xiongnu","PARTOF":"Southern Xiongnu"}},
{"type":"Feature","geometry":{"type":"Polygon","coordinates":[[[73.93,45.37],[74.12,46.22],[75.34,46.84],[75.3,47.41],[73.66,47.77],[71.5,46.69],[71.42,44.61],[73.44,44.51],[73.93,45.37]]]},"properties":{"NAME":"Yueban","SUBJECTO":"Yueban","PARTOF":"Yueban"}},
{"type":"Feature","geometry":{"type":"Polygon","coordinates":[[[142.34,-10.92],[141.68,-12.47],[141.71,-15.23],[140.8,-17.56],[140.25,-17.8],[139.25,-17.43],[137.07,-16.03],[136.69,-16.03],[135.39,-14.9],[135.88,-14.2],[135.83,-13.48],[136.47,-13.22],[136.86,-12.44],[135.44,-12.18],[134.94,-12.34],[133.56,-11.95],[132.38,-11.3],[132.75,-12.17],[131.18,-12.24],[130.46,-12.76],[130.27,-13.36],[129.43,-14.31],[129.63,-15.28],[127.96,-14.7],[126.85,-13.78],[125.86,-14.69],[125.16,-14.8],[125.02,-15.64],[124.42,-15.66],[124.34,-16.26],[123.58,-16.39],[123.89,-16.91],[123.42,-17.58],[122.74,-16.58],[122.09,-17.4],[122.2,-18.24],[120.87,-19.68],[119.53,-20.14],[118.87,-20.07],[117.6,-20.76],[116.42,-20.84],[113.63,-22.57],[113.76,-23.48],[113.43,-24.87],[114.18,-26.02],[114.1,-26.54],[113.16,-26.43],[114.02,-27.63],[114.63,-28.9],[115.06,-30.8],[115.75,-32.21],[115.65,-33.37],[114.99,-33.75],[115.05,-34.42],[116.56,-35.19],[118.21,-35.09],[119.77,-34.12],[121.74,-33.96],[122.17,-34.18],[123.62,-33.92],[124.25,-33.14],[126.06,-32.43],[127.27,-32.38],[129.19,-31.8],[131.28,-31.63],[131.99,-32.07],[133.84,-32.34],[134.63,-33.27],[135.71,-35.21],[136.11,-34.53],[137.07,-33.95],[137.87,-32.75],[138.17,-33.19],[136.95,-35.47],[137.68,-35.33],[138.1,-34.36],[138.57,-34.93],[138.35,-35.87],[139.37,-35.61],[140.01,-37.64],[140.65,-38.16],[143.36,-38.97],[144.75,-38.46],[146.53,-39.18],[148.04,-38.1],[149.5,-37.93],[149.98,-37.35],[150.22,-35.69],[150.76,-35.25],[151.36,-33.52],[152.18,-32.88],[152.97,-31.42],[152.94,-30.7],[153.49,-28.84],[152.95,-27.34],[152.9,-25.63],[151.73,-24.16],[150.8,-23.6],[150.75,-22.81],[149.56,-22.43],[149.1,-21.06],[148.19,-20.17],[146.32,-19.08],[145.92,-18.26],[145.87,-17.19],[145.33,-16.49],[145.18,-15.05],[144.39,-14.37],[143.74,-14.47],[143.17,-12.12],[142.34,-10.92]]]},"properties":{"NAME":"Australian aboriginal hunter-gatherers","SUBJECTO":"Australian aboriginal hunter-gatherers","PARTOF":"Australian aboriginal hunter-gatherers"}},
{"type":"Feature","geometry":{"type":"Polygon","coordinates":[[[146.71,-43.72],[147.82,-42.97],[148.27,-41.09],[146.38,-41.31],[144.78,-40.84],[145.18,-42.48],[145.72,-43.24],[146.71,-43.72]]]},"properties":{"NAME":"Tasmanian hunter-gatherers","SUBJECTO":"Tasmanian hunter-gatherers","PARTOF":"Tasmanian hunter-gatherers"}},
{"type":"Feature","geometry":{"type":"MultiPolygon","coordinates":[[[[146.08,43.51],[146.15,43.55],[146.15,43.54],[146.08,43.52],[146.08,43.51]]],[[[146.66,43.7],[146.84,43.87],[146.78,43.86],[146.65,43.71],[146.66,43.7]]],[[[146.36,44.42],[146.1,44.49],[146.08,44.46],[145.97,44.29],[145.95,44.27],[145.94,44.27],[145.92,44.26],[145.89,44.25],[145.88,44.24],[145.79,44.15],[145.76,44.12],[145.76,44.11],[145.75,44.08],[145.76,44.07],[145.75,44.06],[145.66,43.99],[145.55,43.93],[145.54,43.65],[145.66,43.9],[145.67,43.9],[146.49,44.43],[146.36,44.42]]],[[[147.75,44.94],[148.62,45.32],[148.66,45.32],[148.68,45.31],[148.56,45.46],[148.4,45.34],[147.9,45.4],[147.87,45.37],[147.86,45.34],[147.89,45.24],[147.89,45.22],[147.86,45.21],[147.76,45.19],[147.75,45.18],[147.69,45.12],[147.66,45.08],[147.61,45.06],[147.6,45.06],[147.5,45.04],[147.49,44.99],[147.48,44.97],[147.31,44.88],[147.14,44.73],[147.16,44.72],[147.16,44.69],[147.14,44.66],[147.11,44.63],[146.94,44.55],[146.84,44.46],[146.83,44.44],[147.74,44.94],[147.75,44.94]]],[[[149.45,45.6],[149.69,45.64],[150.35,46.21],[150.34,46.21],[150.07,46.08],[150.04,46.06],[149.96,46.02],[149.86,45.92],[149.67,45.85],[149.47,45.6],[149.45,45.6]]],[[[150.87,46.44],[150.83,46.47],[150.82,46.47],[150.8,46.45],[150.8,46.44],[150.87,46.44]]],[[[152.42,47.3],[152.43,47.38],[152.41,47.37],[152.39,47.35],[152.39,47.33],[152.39,47.32],[152.42,47.3]]],[[[153.01,47.69],[152.99,47.7],[153,47.69],[153.01,47.69]]],[[[153.22,48.05],[153.14,48.09],[153.21,48.05],[153.22,48.05]]],[[[154.75,49.59],[154.75,49.57],[154.7,49.48],[154.64,49.42],[154.59,49.29],[154.71,49.26],[154.81,49.64],[154.75,49.59]]],[[[154.41,49.73],[154.37,49.82],[154.35,49.77],[154.37,49.75],[154.4,49.73],[154.41,49.73]]],[[[151.78,46.77],[152.01,46.89],[152.29,47.15],[152.05,47.02],[152.02,46.99],[151.87,46.87],[151.86,46.86],[151.85,46.86],[151.83,46.85],[151.71,46.85],[151.71,46.8],[151.76,46.77],[151.78,46.77]]],[[[155.36,50.05],[155.7,50.18],[155.74,50.18],[156.02,50.77],[156.01,50.76],[155.98,50.75],[155.9,50.7],[155.89,50.69],[155.86,50.64],[155.75,50.45],[155.64,50.38],[155.32,50.06],[155.36,50.05]]],[[[155.47,50.92],[155.45,50.88],[155.45,50.87],[155.48,50.83],[155.55,50.81],[155.59,50.8],[155.57,50.93],[155.51,50.93],[155.47,50.92]]],[[[143.14,52.86],[142.67,53.54],[141.84,52.96],[142.02,51.43],[142.11,51.22],[141.89,48.45],[141.98,48.28],[141.91,47.07],[141.9,45.91],[142.33,46.56],[143.3,46.01],[143.44,46.57],[142.61,47.46],[142.85,49.13],[143.97,49.06],[144.54,48.75],[143.07,51.27],[143.14,52.86]]],[[[140.1,41.95],[140.11,41.27],[140.98,41.65],[140.25,42.23],[141.93,42.5],[143.21,41.93],[143.85,42.77],[145.2,43.05],[145.06,43.79],[145.35,44.2],[144.61,43.84],[143.51,44.16],[141.88,45.44],[141.75,44.63],[141.3,43.19],[140.52,43.06],[139.71,42.48],[139.85,42.04],[140.1,41.95]]]]},"properties":{"NAME":"Ainu","SUBJECTO":"Ainu","PARTOF":"Ainu"}},
{"type":"Feature","geometry":{"type":"Polygon","coordinates":[[[125.65,42.65],[123.26,41.86],[122.31,42.73],[121.35,42.56],[120.47,41.68],[118.55,41.43],[113.32,41.6],[106.95,42.38],[106.36,42.04],[105.92,41.18],[105.64,39.59],[103.81,39.5],[103.37,40.29],[101.36,40.64],[100.84,40.37],[100.58,39.59],[98.48,39.85],[98.75,41.42],[98.29,41.5],[96.39,40.9],[95.08,40.81],[94.73,40.03],[98.83,38.37],[100.84,37.15],[100.23,35.57],[102.93,35.23],[103.55,34.79],[103.89,31.65],[102.67,31.74],[99.75,27.47],[100.41,25.09],[102.01,24.68],[102.38,24.01],[103.23,20.12],[104.38,18.33],[105.49,17.78],[106.39,17.66],[105.53,18.84],[105.84,19.7],[106.81,20.91],[108.39,21.53],[109.78,21.48],[109.93,20.24],[110.57,21.23],[112.75,21.76],[113.72,22.48],[115.71,22.64],[117.85,24.05],[119.47,25.77],[119.43,26.59],[120.35,27.18],[121.36,28.39],[121.77,29.83],[121.16,30.19],[119.94,30.12],[121.57,30.71],[121.61,31.83],[120.66,32.54],[119.97,34.14],[119.02,34.69],[120.14,36.19],[120.86,36.58],[122.26,36.73],[122.39,37.3],[120.66,37.74],[118.95,37.08],[118.88,37.95],[117.59,38.28],[117.75,39.2],[118.98,39.22],[119.39,39.84],[121.01,40.85],[122.11,40.35],[121.24,39.55],[121.07,38.75],[123.04,39.67],[124.1,39.88],[125.3,39.36],[125.27,38.57],[124.69,38.14],[125.27,37.48],[126.17,37.71],[125.65,42.65]]]},"properties":{"NAME":"Han","SUBJECTO":"Han","PARTOF":"Han"}},
{"type":"Feature","geometry":{"type":"MultiPolygon","coordinates":[[[[135.06,33.69],[135.76,33.34],[136.2,34],[138.15,34.53],[140,35.5],[139.83,34.84],[140.83,35.68],[140.56,35.97],[140.96,36.96],[140.87,37.92],[141.5,38.42],[142,39.67],[141.44,41.27],[140.77,41.26],[139.92,40.57],[140.03,39.48],[139.2,37.92],[138.32,37.21],[137.05,36.67],[137.31,37.43],[135.36,35.32],[135.16,35.65],[133.01,35.25],[132.66,35.38],[130.78,33.97],[131.99,33.8],[134.43,34.63],[135.32,34.47],[135.06,33.69]]],[[[134.01,34.19],[132.78,33.91],[132.12,33.35],[132.7,32.55],[133.52,33.39],[134,33.15],[134.54,34.01],[134.01,34.19]]],[[[130.44,32.28],[130.06,31.97],[130.23,31.03],[130.74,30.89],[131.32,31.51],[131.83,32.69],[131.67,33.31],[130.86,33.68],[129.34,33.15],[130.44,32.28]]]]},"properties":{"NAME":"Yayoi","SUBJECTO":"Yayoi","PARTOF":"Yayoi"}},
{"type":"Feature","geometry":{"type":"Polygon","coordinates":[[[105.4,72.75],[98.46,69.79],[75.86,61.43],[62.81,56.96],[59.09,56.43],[65.31,55.05],[78.36,56.41],[93.7,56.48],[99.54,55.28],[99.49,55.66],[107.96,59.82],[114.02,59.55],[116.71,54.66],[119.94,51.26],[127.34,49.98],[134.87,52.01],[141.05,52.69],[140.83,52.83],[141.09,52.99],[140.1,53.8],[138.42,54.09],[137.98,53.46],[137.07,53.49],[137.12,53.59],[137.33,53.74],[136.35,53.7],[136.34,53.89],[136.49,54.46],[134.9,54.56],[134.99,54.85],[137.23,55.98],[140.03,57.64],[140.59,58.24],[142.85,59.27],[145.5,59.21],[145.65,58.98],[146.05,59.25],[148.42,59.1],[149.05,59.59],[151.14,59.44],[151.86,59.06],[151.14,58.73],[152.19,58.93],[154.39,59.04],[153.94,59.4],[154.32,59.98],[155.85,60.88],[156.38,61.21],[157.1,61.63],[160.12,61.75],[159.82,60.98],[160.24,60.95],[160.12,60.56],[162.24,61.51],[162.75,61.61],[162.71,61.76],[162.99,62.33],[165.29,62.29],[164.01,62.13],[163.83,61.23],[163.79,61.13],[163.44,60.89],[163.33,60.69],[161.54,59.94],[158.33,58.03],[156.84,57.51],[156.88,57.36],[156.56,56.95],[155.63,56.27],[155.63,54.47],[156.18,52.61],[156.33,52.27],[156.7,50.96],[157.9,51.67],[158.46,52.83],[159.92,53.3],[159.68,53.58],[160.68,54.45],[161.88,54.56],[161.5,55.29],[161.86,55.86],[162.72,56.34],[162.77,55.92],[163.17,56.38],[162.51,57.03],[162.59,57.17],[162.93,57.37],[161.8,57.86],[161.8,58.1],[162.62,58.73],[162.75,58.97],[162.84,59.06],[163.04,59.46],[163.39,59.81],[163.77,59.88],[164.11,60.08],[164.58,59.66],[166.2,60.35],[166.03,59.71],[167.1,60.27],[169.15,60.43],[169.88,59.87],[170.34,60.28],[169.48,61.19],[172.44,63.08],[171.77,65.86],[168.14,67.46],[155.89,68.17],[130.87,69.9],[124.54,71.59],[123.5,73.5],[123.51,73.17],[122.88,72.75],[120.58,72.84],[118.5,73.04],[118.34,73.19],[118.46,73.52],[114.19,73.55],[113.55,73.2],[113.31,73.38],[110.18,73.8],[110.4,73.74],[110.44,73.57],[109.99,73.44],[105.4,72.75]]]},"properties":{"NAME":"Paleo-Siberian hunter-gatherers","SUBJECTO":"Paleo-Siberian hunter-gatherers","PARTOF":"Paleo-Siberian hunter-gatherers"}},
{"type":"Feature","geometry":{"type":"Polygon","coordinates":[[[25.2,65.27],[34.73,65.78],[32.22,66.99],[35.77,66.26],[39.19,66.04],[41.26,66.94],[41.21,67.07],[41.02,67.2],[40.95,67.33],[35.44,69.15],[33.32,69.07],[33.28,69.34],[32.35,69.51],[32.19,69.64],[32.08,69.82],[29.73,69.7],[28.73,70.14],[30.8,70.31],[28.79,70.86],[27.88,70.43],[28.02,70.61],[27.99,70.72],[28.14,70.83],[27.52,70.97],[27.13,70.58],[26.93,70.47],[26.62,70.39],[26.62,70.8],[25.07,70.14],[25.12,70.44],[25.23,70.56],[22.31,70.22],[20.2,69.32],[20.28,69.58],[18.32,69.36],[17.13,68.42],[17.03,68.34],[16.52,68.34],[16.65,68.05],[15.76,67.68],[15.75,67.6],[15.58,67.58],[15.38,67.46],[14.98,67.52],[14.62,67.25],[14.78,67.22],[14.64,67.12],[14.37,67.09],[13.75,66.92],[13.99,66.69],[13.26,66.39],[13.4,66.35],[13.58,66.19],[12.5,65.38],[12.53,65.11],[12.11,65.13],[11.41,64.62],[11.51,64.52],[11.36,64.42],[11,64.49],[10.16,64.1],[11.53,61.9],[15.43,61.87],[16.57,62.52],[17.83,62.46],[21.05,64.22],[20.92,64.71],[21.33,64.89],[21.28,65.21],[22.65,65.93],[25.25,65.42],[25.2,65.27]]]},"properties":{"NAME":"Saami","SUBJECTO":"Saami","PARTOF":"Saami"}},
{"type":"Feature","geometry":{"type":"Polygon","coordinates":[[[25.2,65.27],[25.29,65],[25.35,64.94],[25.33,64.8],[24.93,64.82],[24.47,64.64],[21.2,62.44],[29.02,61.77],[32.52,60.93],[46.11,57.71],[53.98,57.71],[53.92,57.6],[59.09,56.43],[62.81,56.96],[75.86,61.43],[98.46,69.79],[105.4,72.75],[105.28,72.75],[106.21,73.26],[108.34,73.69],[112.58,74.89],[113.11,75.49],[113.53,76.09],[111.43,76.57],[106.4,76.43],[106.54,76.57],[107.07,76.77],[104.49,77],[104.78,77.15],[105.47,77.33],[103.39,77.56],[101.39,76.62],[100.83,76.46],[99.98,76.44],[99.83,76.21],[99.78,76.06],[99.47,75.97],[98.72,76.07],[97.12,75.87],[96.66,75.85],[95.98,75.9],[89.28,75.47],[86.98,74.3],[87.54,74.1],[87.69,73.9],[86.12,73.45],[86.33,73.63],[80.84,73.55],[80.83,73.01],[80.98,72.45],[82.32,72.22],[83.56,71.62],[83.5,70.81],[83.66,70.6],[83.68,70.46],[83.37,70.34],[83.04,70.24],[82.05,70.42],[82.22,71.2],[82.88,71.49],[79.22,72.27],[76.61,71.52],[78.14,71.37],[78.61,70.85],[75.28,71.45],[75.3,71.9],[75.67,72.41],[73.27,71.37],[73.7,71.14],[74.25,70.57],[73.91,69.27],[74.32,69.16],[77.41,68.94],[78.01,68.26],[77.69,67.76],[77.95,67.77],[78.54,67.61],[78.09,67.41],[77.5,67.43],[77.09,67.53],[76.95,67.65],[77.11,68.11],[76.33,68.78],[74.5,68.59],[74.67,68.1],[74.77,67.85],[74.74,67.69],[73.69,66.87],[72.21,66.17],[69.77,66.33],[69.08,66.69],[71.35,66.66],[71.4,66.95],[73.39,68.38],[72.53,69.07],[72.44,70.19],[72.77,70.46],[71.8,71.43],[72.84,72.49],[69.34,72.83],[68.32,71.63],[66.77,70.74],[67.29,70.71],[67.4,70.6],[66.88,69.62],[67.78,69.56],[68.11,69.43],[68.26,68.94],[69.11,68.83],[68.22,68.2],[66.58,68.89],[62.28,69.71],[60.37,69.47],[60.99,69],[60.93,68.82],[60.51,68.59],[59.76,68.3],[59.12,68.39],[59.06,68.5],[53.32,68.14],[53.81,68.61],[53.01,68.68],[48.08,67.56],[47.57,66.82],[46.4,66.72],[44.87,67.31],[45.09,67.54],[46.16,67.68],[45.86,68.38],[44.17,68.1],[44.26,67.83],[44.22,67.72],[43.84,67.16],[44.22,67.09],[44.36,66.91],[44.03,66.01],[42.21,66.41],[39.95,65.58],[39.98,65.15],[40.37,64.86],[40.46,64.75],[39.19,64.51],[36.88,65.07],[37,64.41],[37.88,64.31],[38.05,64.13],[37.41,63.75],[36.24,63.92],[36.02,64.2],[35.08,64.29],[34.88,64.37],[34.81,64.46],[34.43,65.11],[34.29,65.4],[34.73,65.78],[25.2,65.27]]]},"properties":{"NAME":"Finno-Ugric taiga hunter-gatherers","SUBJECTO":"Finno-Ugric taiga hunter-gatherers","PARTOF":"Finno-Ugric taiga hunter-gatherers"}},
{"type":"Feature","geometry":{"type":"MultiPolygon","coordinates":[[[[-75.55,69.22],[-75.98,68.81],[-74.75,69.04],[-72.35,67.53],[-74.28,66.06],[-73.42,65.53],[-75.33,65.09],[-77.36,65.38],[-77.74,64.39],[-75.94,64.27],[-73.16,64.57],[-72.73,64.01],[-71.26,63.57],[-71.62,63.21],[-69.16,62.42],[-66.77,61.94],[-66.33,62.32],[-68.84,63.65],[-67.77,63.8],[-65.02,62.55],[-65.13,62.9],[-64.74,62.93],[-65.26,63.76],[-64.36,63.44],[-65.42,64.27],[-65.33,64.36],[-66.6,64.77],[-68.38,66.28],[-67.31,65.93],[-67.76,66.37],[-66.91,66.59],[-65.03,65.95],[-64.84,65.38],[-64.28,65.38],[-64.18,65.19],[-63.38,65.93],[-62.07,65.94],[-62.66,66.34],[-61.33,66.53],[-63.16,66.93],[-64.61,67.12],[-64.24,67.37],[-64.83,67.95],[-66.9,68.1],[-68.78,68.84],[-68.08,68.9],[-68.53,69.25],[-66.83,69.17],[-68.21,69.59],[-67.5,69.8],[-68.02,70.3],[-69.7,70.07],[-68.54,70.49],[-70.65,70.76],[-71.88,70.93],[-71.28,71.32],[-73.28,71.16],[-75.2,71.57],[-74.31,71.95],[-75.32,72.55],[-78.36,72.58],[-79.06,71.96],[-79.13,72.17],[-81.03,72.05],[-80.46,72.97],[-81.53,73.69],[-84.31,73.2],[-83.88,73.07],[-85.15,72.48],[-84.29,72.26],[-85.2,71.77],[-84.53,71.54],[-85.89,71.12],[-85.29,71.41],[-86.45,72.13],[-86.41,72.32],[-86.86,72.86],[-85.67,73.6],[-88.1,73.64],[-89.33,72.17],[-89.44,71.44],[-87.17,71.02],[-89.02,70.68],[-86.37,70.46],[-85.98,70.11],[-81.6,69.96],[-81.14,70.01],[-78.71,70.01],[-80.66,70.75],[-77.7,70.14],[-77.37,69.81],[-75.55,69.22]]],[[[-77.06,67.33],[-75.13,67.9],[-76.79,68.15],[-77.06,67.33]]],[[[-96.15,69.17],[-97.74,69.83],[-98.88,68.89],[-96.79,68.53],[-95.64,68.76],[-96.15,69.17]]],[[[-81.87,63.99],[-82.11,64.64],[-85.2,65.38],[-85.56,65.86],[-86.06,64.14],[-86.03,63.68],[-85.43,63.6],[-85.16,63.18],[-83.52,64.05],[-80.37,63.68],[-81.87,63.99]]],[[[-60.22,53.32],[-60.14,53.68],[-57.43,54.58],[-59.69,55.15],[-62.33,56.77],[-61.48,57.1],[-64.67,60.18],[-65.56,59.58],[-65.93,58.42],[-68,58.17],[-68.57,58.78],[-69.73,58.56],[-69.34,59.21],[-70.03,60.88],[-73.39,62.35],[-75.69,62.22],[-77.36,62.52],[-78.18,60.74],[-77.39,60.69],[-77.21,59.75],[-78.47,58.71],[-76.77,57.66],[-76.44,56.81],[-77.23,55.61],[-79.55,54.69],[-78.93,54.08],[-78.74,52.74],[-74.2,52.93],[-71.03,55.2],[-65.64,55.26],[-62.89,54.73],[-60.22,53.32]]],[[[-95.12,72.52],[-94.54,72.19],[-93.72,72.39],[-94.27,72.85],[-92,72.84],[-90.45,73.86],[-94.99,73.94],[-94.76,73.74],[-95.12,72.52]]],[[[-125.83,72.08],[-123.47,71.2],[-120.84,71.53],[-120.45,72.3],[-117.69,73.22],[-121.65,73.99],[-124.74,74.24],[-124.06,73.87],[-125.14,72.61],[-125.83,72.08]]],[[[-100.97,69.63],[-101.06,70.03],[-105.6,71.04],[-110.35,71.2],[-114.04,72.06],[-116.93,72.9],[-118.65,71.8],[-115.52,71.42],[-118.5,71.05],[-117.76,70.72],[-113.76,70.74],[-111.54,70.33],[-117.19,70.12],[-116.99,69.74],[-113.54,69.11],[-113.15,68.6],[-110.45,68.65],[-107.54,69.06],[-106.85,69.45],[-104.19,68.9],[-101.81,69.14],[-103.27,69.33],[-102.24,69.88],[-100.97,69.63]]],[[[-41.06,65.04],[-39.73,65],[-42.79,65.4],[-43.85,64.21],[-44.26,61.87],[-43.85,61.06],[-43.72,60],[-43.01,59.83],[-43.5,60.48],[-42.78,60.53],[-42.82,60.8],[-43.04,61.29],[-42.31,61.73],[-43.23,62.68],[-41.83,62.69],[-41.9,63.05],[-41.23,63.25],[-41.38,63.52],[-40.77,63.57],[-41.48,64.27],[-40.36,64.43],[-41.06,65.04]]],[[[-47.63,60.6],[-46.16,60.94],[-46.13,61.76],[-47.66,62.79],[-49.06,64.79],[-49.47,67.03],[-52.81,67.77],[-53.39,67.36],[-52.98,67.31],[-53.4,67],[-52.3,66.91],[-52.86,66.35],[-52.61,66.27],[-52.84,65.65],[-52.08,65.37],[-51.99,65.01],[-51.8,64.23],[-50.02,64.61],[-51.1,63.47],[-50.62,63.43],[-50.47,63.05],[-49.86,62.97],[-50.1,62.36],[-49.12,62.1],[-48.92,61.42],[-47.87,60.94],[-47.63,60.6]]],[[[-160.94,63.98],[-150.13,63.32],[-144.68,63.19],[-139.52,62.42],[-132.43,62.5],[-124.94,64.83],[-118.2,62.71],[-114.57,60.6],[-111.28,58.55],[-102.14,57.21],[-93.82,56.86],[-92.4,56.98],[-93.07,58.55],[-94.68,58.88],[-94.75,59.95],[-93.42,61.86],[-90.77,63.3],[-93.32,63.97],[-89.87,63.58],[-89.97,64.19],[-88.38,64.06],[-87.16,65.06],[-90.88,65.89],[-89.78,65.98],[-87.79,65.35],[-85.99,66.16],[-86.74,66.57],[-83.74,66.31],[-81.5,67.07],[-82.69,68.7],[-81.48,69.19],[-84.31,69.83],[-85.38,69.7],[-85.4,68.76],[-86.49,67.38],[-88.32,67.81],[-87.86,68.28],[-88.91,69.23],[-90.34,68.31],[-90.51,69.49],[-92.67,69.74],[-91.66,70.29],[-94.42,71.88],[-96.7,70.84],[-96.13,69.94],[-94.04,69.55],[-93.41,68.54],[-95.32,68.06],[-95.26,67.03],[-96.21,68.07],[-97.83,68.4],[-97.26,67.6],[-101.91,67.71],[-105.64,68.35],[-107.66,67.96],[-107.13,66.96],[-110.53,67.92],[-112.5,67.69],[-115.56,67.9],[-114.11,68.35],[-115.29,68.89],[-117.83,69.01],[-122.33,69.88],[-125.19,69.41],[-127.94,70.08],[-132.71,68.87],[-133.72,68.92],[-130.05,69.97],[-131.06,70.16],[-133.65,69.51],[-136.04,69.34],[-135.5,68.72],[-141.16,69.6],[-143.31,70.2],[-145.27,70.12],[-149.29,70.54],[-152.14,70.53],[-152.97,70.93],[-160.24,70.86],[-162.88,70],[-164.07,69.06],[-166.3,68.88],[-166.84,68.41],[-163.74,67.22],[-160.03,66.57],[-162.28,66.07],[-164.46,66.6],[-168.18,65.69],[-165.66,65.25],[-166.59,64.73],[-163.03,64.44],[-161.29,64.96],[-160.94,63.98]]],[[[-67.62,76.02],[-66.68,76.31],[-65.47,76.1],[-63.65,76.38],[-62.45,76.34],[-63.36,78.24],[-62.81,81.16],[-66.52,80.71],[-66.85,80.04],[-64.62,79.95],[-65.48,79.16],[-72.38,78.53],[-71.89,77.95],[-69.69,77.56],[-66.15,77.55],[-71.06,77.03],[-68.19,76.7],[-67.62,76.02]]],[[[-99.96,73.26],[-101.65,72.37],[-100.32,72.14],[-98.37,71.37],[-98.48,71.8],[-97.28,71.65],[-96.35,72.5],[-98.39,73.13],[-97.08,73.67],[-100.91,73.71],[-99.96,73.26]]],[[[-88.39,74.99],[-88.14,74.57],[-83.58,74.7],[-81.47,74.58],[-80.56,74.92],[-79.68,75.21],[-81.53,75.86],[-86.18,75.41],[-89.04,75.46],[-91.16,75.97],[-90.09,76.29],[-92.79,76.24],[-92.09,75.81],[-92.17,75.1],[-89.7,74.61],[-88.39,74.99]]],[[[-75.8,82.68],[-75.99,82.34],[-77.52,80.75],[-81.06,80.53],[-81.36,79.91],[-80.73,79.66],[-86.17,80.28],[-85.69,79.72],[-81.6,78.75],[-85.81,78.91],[-86.63,78.3],[-84.84,78.16],[-84.41,77.63],[-83.05,77.63],[-87.58,77.46],[-87.1,77.28],[-88.59,76.47],[-84.67,76.47],[-84.8,76.87],[-83.09,76.48],[-82.57,76.7],[-80.81,76.24],[-77.8,76.73],[-82.1,77.32],[-78.22,77.57],[-78.37,78.03],[-76.29,78.01],[-76.62,78.3],[-74.91,78.82],[-77.3,79.29],[-73.67,79.52],[-74.54,79.89],[-70.42,80.05],[-70.51,80.55],[-65.3,81.46],[-67.85,81.75],[-61.99,82.31],[-70.92,82.93],[-73.23,82.86],[-76.23,82.91],[-75.8,82.68]]],[[[-54.57,69.61],[-51.88,69.53],[-54.59,70.24],[-54.57,69.61]]],[[[-60.17,53.3],[-58.79,52.57],[-56.13,53.47],[-58.08,54.08],[-60.17,53.3]]],[[[123.5,73.5],[124.54,71.59],[130.87,69.9],[155.89,68.17],[168.14,67.46],[171.77,65.86],[172.44,63.08],[169.48,61.19],[170.34,60.28],[172.49,61.26],[177.19,62.67],[177.29,62.49],[179.23,62.64],[178.93,62.77],[178.08,63.43],[178.4,63.66],[178.18,64.01],[177.81,64.05],[178.01,64.19],[177.53,64.09],[177.19,64.21],[177.08,64.3],[177.08,64.52],[176.47,64.41],[176.04,64.5],[175.9,64.55],[175.97,64.9],[177.13,64.93],[177.25,64.86],[177.37,64.76],[177.84,64.58],[179.31,64.79],[180,64.95],[180,65.05],[180,65.31],[180,65.38],[180,65.96],[180,66.96],[180,67.96],[180,68.92],[175.61,69.78],[173.01,69.69],[170.45,70.02],[170.43,69.56],[170.79,69.18],[170.9,69.03],[169.39,68.72],[167.32,69.66],[166.31,69.38],[164.05,69.66],[161.96,69.53],[160.86,69.08],[160.67,69.27],[160.68,69.58],[159.67,69.65],[159.44,69.76],[159.57,70],[158.41,70.81],[156.04,70.99],[152.13,70.66],[148.71,71.63],[149.72,71.9],[146.92,72.2],[144.8,71.59],[144.88,71.72],[145.68,71.93],[144.82,72.14],[145.6,72.43],[141.29,72.79],[139.05,72.16],[139.85,72.24],[139.74,71.4],[138.18,71.36],[138.08,71.25],[137.85,71.13],[137.63,71.08],[135.51,71.51],[134.24,71.26],[132.28,71.66],[131.05,70.69],[127.12,72.21],[126.11,72.28],[127.31,72.71],[128.52,72.95],[127.72,73.4],[123.5,73.5]]],[[[-169.83,66.02],[-171.96,66.96],[-172.83,66.96],[-173.43,67.03],[-174.19,66.29],[-175.51,67.67],[-178.89,68.64],[-180,68.92],[-180,67.96],[-180,66.96],[-180,65.96],[-180,65.38],[-180,65.31],[-180,65.26],[-178.98,66.05],[-177.51,65.52],[-176.78,65.64],[-175.19,64.85],[-173.54,64.42],[-173.03,64.51],[-172.44,65.02],[-173.04,65.81],[-171.73,65.61],[-171.41,65.71],[-171.67,65.89],[-170.61,66.04],[-170.45,66.05],[-169.83,66.02]]]]},"properties":{"NAME":"Arctic marine mammal hunters","SUBJECTO":"Arctic marine mammal hunters","PARTOF":"Arctic marine mammal hunters"}},
{"type":"Feature","geometry":{"type":"Polygon","coordinates":[[[-67.48,-31.66],[-69.32,-29.3],[-68.62,-26.67],[-67.12,-25.03],[-66.1,-20.14],[-65.91,-18.31],[-66.6,-19.15],[-68.22,-19.25],[-69.07,-20.07],[-70.15,-20.27],[-70.11,-21.75],[-70.42,-23.53],[-70.4,-25.25],[-70.93,-27.73],[-71.43,-29.1],[-71.23,-29.52],[-71.7,-30.85],[-71.42,-32.75],[-71.62,-33.71],[-72.63,-35.65],[-73.44,-37.9],[-73.19,-39.57],[-73.76,-40.24],[-73.67,-41.48],[-73.46,-41.79],[-72.73,-41.55],[-72.07,-40.55],[-71.52,-39.71],[-69.44,-37.16],[-67.65,-33.58],[-67.48,-31.66]]]},"properties":{"NAME":"Andean hunter-gatherers","SUBJECTO":"Andean hunter-gatherers","PARTOF":"Andean hunter-gatherers"}},
{"type":"Feature","geometry":{"type":"Polygon","coordinates":[[[-69.11,-51.35],[-69.04,-50.56],[-67.83,-49.97],[-67.58,-49.06],[-65.78,-47.71],[-67.47,-46.27],[-66.97,-45.31],[-65.66,-44.94],[-65.63,-44.72],[-65.31,-43.6],[-64.7,-43.2],[-65.09,-42.78],[-64.17,-42.65],[-64,-42.85],[-63.62,-42.57],[-64.12,-42.38],[-64.99,-42.19],[-64.92,-41.73],[-65.13,-41.24],[-64.94,-40.83],[-63.84,-41.16],[-62.26,-40.8],[-62.47,-40.37],[-62.11,-39.69],[-62.35,-39.33],[-62.31,-38.88],[-61.36,-39.03],[-59.52,-38.87],[-57.81,-38.39],[-56.7,-36.94],[-57.37,-36.15],[-57.24,-35.58],[-58.52,-34.59],[-58.34,-34.22],[-56.34,-35],[-54.62,-34.92],[-54.07,-34.65],[-52.35,-32.68],[-52.14,-31.74],[-53.54,-31.45],[-54.36,-30.59],[-57.35,-29.68],[-63.56,-30.04],[-67.48,-31.66],[-67.65,-33.58],[-69.44,-37.16],[-71.52,-39.71],[-72.07,-40.55],[-70.58,-40.58],[-71.63,-43.2],[-72.19,-45.99],[-72.04,-48.77],[-71.17,-51.56],[-69.11,-51.35]]]},"properties":{"NAME":"Pampas cultures","SUBJECTO":"Pampas cultures","PARTOF":"Pampas cultures"}},
{"type":"Feature","geometry":{"type":"MultiPolygon","coordinates":[[[[-50.48,-1.68],[-48.89,-1.42],[-48.55,-0.63],[-49.14,-0.2],[-50.5,-0.26],[-50.48,-1.68]]],[[[-70.68,8.56],[-65.97,8.18],[-63.07,8.33],[-61.29,8.77],[-61.12,9.17],[-60.79,9.39],[-62.1,10.02],[-62.3,9.72],[-62.93,10.37],[-62.2,10.62],[-64.07,10.63],[-64.88,10.14],[-66.48,10.68],[-67.98,10.54],[-68.3,10.73],[-68.69,11.38],[-69.74,11.66],[-69.78,11.79],[-69.79,11.87],[-69.87,12.01],[-70.2,11.75],[-69.87,11.76],[-69.79,11.69],[-71.46,10.88],[-71.5,10.65],[-71.38,10.41],[-71.09,9.92],[-71.18,9.28],[-70.68,8.56]]],[[[-61.76,16.35],[-61.7,15.95],[-61.58,16.2],[-61.23,16.25],[-61.52,16.39],[-61.5,16.35],[-61.54,16.29],[-61.74,16.36],[-61.76,16.35]]],[[[-78.26,18.26],[-77.29,17.81],[-76.32,17.9],[-77.16,18.4],[-78.26,18.26]]],[[[-66.91,17.94],[-65.81,18.17],[-65.95,18.47],[-67.16,18.33],[-66.91,17.94]]],[[[-77.1,20.53],[-77.46,19.87],[-75.52,19.91],[-74.28,20.15],[-74.84,20.62],[-75.76,20.75],[-75.6,21.01],[-77.34,21.51],[-78.17,22.12],[-79.76,22.76],[-81.43,23.14],[-82.96,23.03],[-84.26,22.54],[-84.35,21.81],[-82.85,22.64],[-81.66,22.51],[-81.79,22.21],[-80.78,22.1],[-78.51,21.31],[-78.16,20.82],[-77.1,20.53]]],[[[-74.36,18.38],[-71.98,18.26],[-71.4,17.7],[-71.06,18.35],[-68.46,18.5],[-68.66,18.87],[-70.88,19.93],[-71.84,19.73],[-72.94,19.94],[-73.36,19.66],[-72.68,19.39],[-72.7,18.94],[-72.3,18.66],[-74.3,18.7],[-74.36,18.38]]]]},"properties":{"NAME":"Caribbean hunter-gatherers","SUBJECTO":"Caribbean hunter-gatherers","PARTOF":"Caribbean hunter-gatherers"}},
{"type":"Feature","geometry":{"type":"MultiPolygon","coordinates":[[[[-70.5,-54.92],[-65.26,-54.82],[-66.98,-54.34],[-68.71,-53.23],[-68.31,-52.94],[-69.41,-52.57],[-70.33,-53.47],[-69.44,-53.41],[-70.04,-53.99],[-69.06,-54.6],[-70.62,-54.5],[-70.5,-54.92]]],[[[-74.24,-43.37],[-73.7,-43.39],[-73.83,-42.56],[-73.46,-42.26],[-74.17,-42.35],[-74.24,-43.37]]],[[[-73.24,-52.57],[-73.08,-53.03],[-72.96,-52.8],[-72.84,-52.65],[-73.24,-52.57]]],[[[-69.11,-51.35],[-71.17,-51.56],[-72.04,-48.77],[-72.19,-45.99],[-71.63,-43.2],[-70.58,-40.58],[-72.07,-40.55],[-72.73,-41.55],[-72.59,-41.62],[-72.61,-42],[-72.47,-42.03],[-72.53,-43.06],[-73,-43.33],[-72.76,-44.37],[-72.58,-44.44],[-73.14,-45.34],[-73.05,-45.38],[-73.97,-46.71],[-74,-46.49],[-74.43,-46.53],[-74.04,-46.09],[-74.56,-45.87],[-75.44,-46.63],[-75.02,-46.55],[-74.86,-46.82],[-73.98,-47.03],[-74.38,-47.42],[-74.3,-47.76],[-73.36,-47.97],[-74.21,-48.01],[-73.96,-49.24],[-73.93,-49.99],[-73.93,-50.51],[-73.53,-50.43],[-74.21,-51.02],[-73.68,-51.23],[-73.78,-51.61],[-73.26,-51.71],[-73.11,-52.1],[-72.45,-52.16],[-72.21,-52.57],[-71.68,-52.64],[-72.75,-53.14],[-71.15,-52.96],[-71.44,-53.88],[-70.73,-52.8],[-69.24,-52.29],[-68.46,-52.42],[-69.08,-51.5],[-69.11,-51.35]]]]},"properties":{"NAME":"Patagonian shellfish and marine mammal hunters","SUBJECTO":"Patagonian shellfish and marine mammal hunters","PARTOF":"Patagonian shellfish and marine mammal hunters"}},
{"type":"Feature","geometry":{"type":"Polygon","coordinates":[[[-48.8,-28.48],[-48.59,-27.21],[-48.78,-26.39],[-48.52,-25.88],[-48.72,-25.53],[-46.21,-23.88],[-45.46,-23.86],[-44.56,-22.99],[-43.82,-22.96],[-43.24,-23.03],[-42.98,-22.57],[-43.28,-21.59],[-45.94,-21.75],[-49.49,-24.55],[-49.84,-26.8],[-48.8,-28.48]]]},"properties":{"NAME":"Shellfish gatherers","SUBJECTO":"Shellfish gatherers","PARTOF":"Shellfish gatherers"}},
{"type":"Feature","geometry":{"type":"Polygon","coordinates":[[[-65.91,-18.31],[-66.1,-20.14],[-67.12,-25.03],[-68.62,-26.67],[-69.32,-29.3],[-67.48,-31.66],[-63.56,-30.04],[-57.35,-29.68],[-54.36,-30.59],[-53.54,-31.45],[-52.14,-31.74],[-52.04,-31.56],[-51.45,-31.02],[-51.23,-30.27],[-50.61,-30.3],[-51.12,-31.47],[-49.94,-29.63],[-48.8,-28.48],[-49.84,-26.8],[-49.49,-24.55],[-45.94,-21.75],[-43.28,-21.59],[-42.98,-22.57],[-43.24,-23.03],[-41.96,-22.92],[-41.93,-22.55],[-40.98,-22.09],[-40.93,-21.28],[-39.69,-19.41],[-39.48,-18],[-39.16,-17.74],[-38.95,-16],[-39.13,-14.32],[-38.8,-12.63],[-38.51,-12.8],[-38.39,-12.98],[-37.64,-11.95],[-37.19,-10.84],[-35.6,-9.63],[-35.11,-8.66],[-34.92,-7.17],[-35.31,-5.75],[-35.46,-5.27],[-37.18,-4.95],[-37.89,-4.39],[-39.94,-8.29],[-48.32,-13.92],[-51.54,-14.38],[-60.27,-13.81],[-64.19,-14.69],[-64.66,-16.8],[-65.91,-18.31]]]},"properties":{"NAME":"Savanna hunter-gatherers","SUBJECTO":"Savanna hunter-gatherers","PARTOF":"Savanna hunter-gatherers"}},
{"type":"Feature","geometry":{"type":"Polygon","coordinates":[[[-64.19,-14.69],[-60.27,-13.81],[-51.54,-14.38],[-48.32,-13.92],[-39.94,-8.29],[-37.89,-4.39],[-38.79,-3.6],[-40.23,-2.85],[-42.32,-2.82],[-43.33,-2.43],[-44.22,-2.78],[-44.58,-3.33],[-45.37,-3.17],[-49.07,-4.74],[-54.16,-4.63],[-56.33,-4.33],[-58.44,-2.29],[-57.97,-0.59],[-55.8,0.88],[-55.86,1.7],[-58.56,3.98],[-62.66,4.15],[-66.41,3.04],[-70.16,-5.74],[-69.05,-8.24],[-64.19,-14.69]]]},"properties":{"NAME":"Amazon hunter-gatherers","SUBJECTO":"Amazon hunter-gatherers","PARTOF":"Amazon hunter-gatherers"}},
{"type":"Feature","geometry":{"type":"Polygon","coordinates":[[[-96.04,33.01],[-95.46,33.03],[-95.7,33.56],[-96.26,34.62],[-95.64,35.16],[-94.28,35.13],[-94.12,36.33],[-94.9,36.25],[-95.79,37.17],[-95.36,39.95],[-94.12,40.14],[-94.23,46.72],[-94.51,47.39],[-95.62,47.72],[-96.93,48.55],[-97.2,50.11],[-98.92,50.23],[-105.19,51.45],[-114.47,52],[-114.13,47.95],[-111.67,41.94],[-111.55,41.64],[-104.52,33.87],[-98.19,29.18],[-97.21,28.07],[-96.72,28.71],[-95.6,28.8],[-94.12,29.69],[-94.12,31.64],[-95.47,31.69],[-96.21,32.53],[-96.04,32.99],[-96.04,33.01]]]},"properties":{"NAME":"Plain bison hunters","SUBJECTO":"Plain bison hunters","PARTOF":"Plain bison hunters"}},
{"type":"Feature","geometry":{"type":"Polygon","coordinates":[[[-120.13,34.52],[-118.6,34.1],[-117.5,33.33],[-116.7,31.59],[-115.6,29.69],[-114.07,28.42],[-114.48,27.24],[-112.41,26.19],[-112.17,25.01],[-110.22,23.4],[-109.52,23.19],[-110.8,24.88],[-111.59,26.76],[-111.91,26.66],[-112.87,28.33],[-114.68,30.14],[-114.84,31.82],[-113.05,31.14],[-112.65,29.92],[-111.69,28.5],[-110.53,27.76],[-109.94,28.2],[-107.56,27.76],[-104.22,25.12],[-100.36,23.97],[-97.82,24.21],[-97.26,25.81],[-97.63,27.23],[-97.21,28.07],[-98.19,29.18],[-104.52,33.87],[-111.55,41.64],[-111.67,41.94],[-115.09,42.51],[-119.02,43.11],[-120.47,43.57],[-121.36,39.69],[-120.13,34.52]]]},"properties":{"NAME":"Desert hunter-gatherers","SUBJECTO":"Desert hunter-gatherers","PARTOF":"Desert hunter-gatherers"}},
{"type":"Feature","geometry":{"type":"Polygon","coordinates":[[[-120.47,43.57],[-119.02,43.11],[-115.09,42.51],[-111.67,41.94],[-114.13,47.95],[-114.47,52],[-115.03,52.03],[-125.7,55.19],[-128.59,55.06],[-124.76,52.45],[-120.48,48.96],[-120.31,44.3],[-120.47,43.57]]]},"properties":{"NAME":"Plateau fichers and hunter gatherers","SUBJECTO":"Plateau fichers and hunter gatherers","PARTOF":"Plateau fichers and hunter gatherers"}},
{"type":"Feature","geometry":{"type":"MultiPolygon","coordinates":[[[[-132.62,55.75],[-133.27,55.83],[-133.02,55.37],[-132.17,54.85],[-132.69,55.65],[-132.62,55.75]]],[[[-129.85,55],[-130,53.94],[-128.89,53.42],[-128.06,52.5],[-127.04,52.46],[-127.46,51.02],[-124.94,50.6],[-122.61,48.83],[-122.35,48.08],[-124.68,48.39],[-123.99,45.76],[-124.63,43.01],[-124.15,41.58],[-124.36,40.33],[-123.8,39.03],[-121.93,37.01],[-121.93,36.34],[-120.13,34.52],[-121.36,39.69],[-120.47,43.57],[-120.31,44.3],[-120.48,48.96],[-124.76,52.45],[-128.59,55.06],[-129.85,55]]],[[[-126.56,49.57],[-125.89,49.38],[-125.78,49.09],[-125,49.17],[-125.1,48.8],[-123.59,48.63],[-125.72,50.41],[-127.85,50.86],[-128.34,50.67],[-126.52,49.82],[-126.56,49.57]]]]},"properties":{"NAME":"North American Pacific foraging, hunting and fishing peoples","SUBJECTO":"North American Pacific foraging, hunting and fishing peoples","PARTOF":"North American Pacifi foraging, hunting and fishing peoples"}},
{"type":"Feature","geometry":{"type":"MultiPolygon","coordinates":[[[[46.46,-15.86],[44.45,-16.24],[43.97,-17.55],[44.39,-18.79],[44.41,-19.27],[44.54,-19.37],[44.47,-20.17],[43.5,-21.49],[43.29,-22.41],[43.66,-23.05],[43.78,-23.27],[43.73,-24.35],[43.98,-24.63],[44.04,-24.99],[45.21,-25.66],[46.86,-25.22],[47.26,-24.77],[48.09,-22.04],[49.34,-18.23],[49.42,-17.2],[49.9,-16.46],[49.68,-16.05],[50.5,-15.31],[50.25,-14.77],[49.98,-13.3],[49.18,-12.27],[48.86,-13.25],[47.81,-14.63],[47.88,-14.72],[47.24,-15.37],[46.46,-15.86]]],[[[44.14,1.15],[42.54,1.26],[40.86,0.32],[40.45,-1.36],[39.48,-2.47],[38.77,-2.27],[36.02,1.3],[33.93,2.84],[22.22,6.2],[12.6,7.73],[5.36,5.37],[5.35,5.36],[5.61,4.63],[6.84,4.29],[8.3,4.56],[8.26,4.75],[8.33,4.84],[8.87,4.62],[9.03,4.14],[9.65,4.02],[9.78,3.85],[9.92,2.82],[9.56,1.13],[9.62,1.09],[9.64,0.96],[9.57,0.61],[9.35,0.54],[9.6,0.33],[9.85,0.17],[9.88,0.08],[9.47,0.12],[8.98,-1.1],[9.11,-1.35],[9.32,-1.42],[9.47,-1.59],[9.66,-2.42],[9.89,-2.44],[10.06,-2.57],[10.52,-3.24],[10.64,-3.45],[11.13,-3.92],[11.77,-4.54],[12.67,-6.7],[12.8,-6.86],[12.88,-7.05],[12.97,-7.51],[13.17,-7.84],[13.39,-8.16],[13.48,-8.42],[13.43,-8.82],[13.08,-9.29],[13.42,-9.99],[13.64,-10.3],[13.73,-10.54],[13.82,-10.98],[13.81,-11.66],[13.34,-12.65],[12.59,-13.46],[12.06,-15.59],[11.78,-15.87],[11.77,-17.6],[12.08,-18.49],[12.52,-19.06],[13.96,-21.69],[14.42,-22.27],[14.53,-22.5],[14.58,-22.73],[14.4,-23.07],[14.91,-25.02],[15.08,-26.61],[15.66,-27.89],[16.53,-28.77],[16.79,-29.14],[17.57,-30.83],[17.9,-31.29],[18.18,-31.81],[18.34,-32.34],[17.93,-33.1],[18.07,-33.22],[18.46,-33.83],[18.35,-34.35],[18.49,-34.4],[18.57,-34.19],[18.72,-34.22],[18.84,-34.44],[19.18,-34.42],[19.28,-34.5],[19.88,-34.99],[20.26,-34.62],[21.67,-34.51],[22.68,-34.1],[24.43,-34.33],[26.66,-33.85],[28.92,-32.3],[30.39,-30.81],[31.56,-29.21],[32.39,-28.38],[32.3,-28.13],[32.77,-27.52],[32.92,-26.52],[32.5,-26.07],[33.35,-25.3],[34.58,-24.88],[35.5,-24.09],[35.3,-23.83],[35.53,-22.46],[35.51,-22.18],[35.37,-22.28],[35.26,-22.27],[35.23,-22.2],[35.2,-21.95],[34.99,-21.27],[35.03,-21.19],[34.67,-20.52],[34.73,-19.86],[35.91,-19.03],[37.28,-17.71],[38.86,-17.06],[39.8,-16.42],[40.57,-15.48],[40.53,-15.18],[40.86,-14.7],[40.6,-14.4],[40.6,-14.03],[40.6,-13.53],[40.37,-12.99],[40.39,-11.55],[40.31,-11.34],[40.54,-11.03],[40.39,-10.37],[39.66,-9.8],[39.39,-8.74],[39.4,-8.31],[39.27,-7.8],[39.44,-7.33],[39.56,-7.17],[38.92,-6.34],[39.27,-4.78],[40.92,-2.08],[41.65,-1.75],[41.61,-1.59],[43.72,0.8],[44.14,1.15]]]]},"properties":{"NAME":"Khoisan","SUBJECTO":"Khoisan","PARTOF":"Khoiasan"}},
{"type":"Feature","geometry":{"type":"Polygon","coordinates":[[[37.17,20.76],[37.13,21.23],[37.14,21.13],[34.55,20.18],[35.23,18.51],[35.97,15.48],[35.83,14.22],[39.24,16.25],[39.52,15.46],[38.69,18],[37.4,18.92],[37.17,20.76]]]},"properties":{"NAME":null,"SUBJECTO":null,"PARTOF":null}},
{"type":"Feature","geometry":{"type":"Polygon","coordinates":[[[32.88,12.47],[30.6,11.12],[24.07,11.18],[23.2,11.78],[20.44,11.97],[17.75,12.83],[8.27,12.37],[2.35,13.29],[-6.26,13.35],[-13.4,14.92],[-17.03,14.56],[-16.87,14.36],[-16.64,13.84],[-16.47,13.72],[-16.46,13.6],[-16.45,13.54],[-16.49,13.47],[-16.77,13.36],[-16.57,12.31],[-16.28,12.21],[-16.09,11.97],[-15.1,11.81],[-15.34,11.22],[-15.03,11.16],[-14.97,10.85],[-14.57,10.78],[-14.47,10.33],[-13.68,9.92],[-13.28,9.27],[-13.14,9.03],[-13.14,8.72],[-12.93,8.63],[-12.91,8.56],[-12.99,8.46],[-13.21,8.35],[-13.04,8.14],[-12.27,7.63],[-12.05,7.26],[-9.94,5.86],[-9.25,5.17],[-7.53,4.34],[-5,5.24],[-2.8,5.19],[-2.72,5.04],[-2.03,4.7],[0.09,5.66],[0.94,5.76],[1.56,6.24],[3.95,6.58],[5.1,5.76],[5.15,5.64],[5.38,5.61],[5.45,5.48],[5.36,5.37],[12.6,7.73],[22.22,6.2],[33.93,2.84],[36.02,1.3],[38.77,-2.27],[39.48,-2.47],[40.45,-1.36],[40.86,0.32],[42.54,1.26],[44.14,1.15],[44.3,1.29],[45.54,1.97],[46.36,2.67],[48.47,5.2],[49.82,7.7],[49.78,7.85],[50.78,9.37],[51.13,10.71],[51.07,10.99],[51.06,11.24],[50.7,11.95],[49.3,11.25],[47.39,11.16],[46.68,10.7],[45.91,10.83],[44.28,10.4],[43.37,11.46],[42.56,11.57],[42.81,11.78],[43.47,12.1],[42.35,13.27],[39.56,13.05],[38.3,13.22],[37.8,14.22],[38.3,15.06],[39.9,15.5],[40.74,14.92],[41.76,13.89],[42.08,13.86],[40.74,14.92],[39.9,15.5],[39.52,15.46],[39.24,16.25],[35.83,14.22],[35.72,13.22],[35.38,12.8],[32.88,12.47]],[[39.14,9.06],[38.61,6.6],[35.58,5.53],[33.02,6.86],[32.35,9.53],[34.23,11.71],[37.13,11.64],[39.14,9.06]]]},"properties":{"NAME":"West African cereal farmers","SUBJECTO":"West African cereal farmers","PARTOF":"West African cereal farmers"}},
{"type":"Feature","geometry":{"type":"Polygon","coordinates":[[[35.62,23.84],[35.19,24.4],[33.66,24.02],[33.35,23.35],[34.41,20.54],[34.55,20.18],[37.14,21.13],[37.13,21.23],[36.66,22.17],[35.75,22.91],[35.47,23.72],[35.49,23.79],[35.62,23.84]]]},"properties":{"NAME":"Blemmyes","SUBJECTO":"Blemmyes","PARTOF":"Blemmyes"}},
{"type":"Feature","geometry":{"type":"Polygon","coordinates":[[[-94.12,29.69],[-92.12,29.54],[-91.95,29.83],[-90.78,29.11],[-90.2,29.53],[-89.5,29.1],[-89.71,30.18],[-89.23,30.41],[-88.34,30.39],[-89.79,30.69],[-90.34,30.93],[-90.28,32.23],[-90.66,33.45],[-92.22,33.32],[-92.82,33.12],[-93.81,31.94],[-94.12,31.64],[-94.12,29.69]]]},"properties":{"NAME":"Marksville Culture","SUBJECTO":"Marksville Culture","PARTOF":"Marksville Culture"}},
{"type":"Feature","geometry":{"type":"Polygon","coordinates":[[[-94.28,35.13],[-95.64,35.16],[-96.26,34.62],[-95.7,33.56],[-96.04,33.01],[-96.04,32.99],[-95.46,33.03],[-94.33,32.64],[-93.81,31.94],[-92.82,33.12],[-92.22,33.32],[-92.75,33.44],[-93.1,34.39],[-94.28,35.13]]]},"properties":{"NAME":"Fourche Maline Culture","SUBJECTO":"Fourche Maline Culture","PARTOF":"Fourche Maline Culture"}},
{"type":"Feature","geometry":{"type":"Polygon","coordinates":[[[-93.81,31.94],[-94.33,32.64],[-95.46,33.03],[-96.04,32.99],[-96.21,32.53],[-95.47,31.69],[-94.12,31.64],[-93.81,31.94]]]},"properties":{"NAME":"Mill Creek Culture","SUBJECTO":"Mill Creek Culture","PARTOF":"Mill Creek Culture"}},
{"type":"Feature","geometry":{"type":"Polygon","coordinates":[[[-80.9,32.04],[-82.34,33.14],[-82.39,34.14],[-84.95,34.39],[-85.77,34.16],[-85.77,34.15],[-86.84,32.65],[-87.3,31.3],[-87.09,30.36],[-86.39,30.47],[-85.3,29.66],[-84.32,30.09],[-83.7,29.87],[-82.77,30.42],[-81.38,30],[-81.51,30.73],[-80.9,32.04]]]},"properties":{"NAME":"Swift Creek Culture","SUBJECTO":"Swift Creek Culture","PARTOF":"Swift Creek Culture"}},
{"type":"Feature","geometry":{"type":"Polygon","coordinates":[[[-88.07,35.11],[-88.41,35.47],[-89.79,35.28],[-90.62,34.17],[-89.66,33.4],[-88.38,33.19],[-87.9,34.41],[-88.07,35.11]]]},"properties":{"NAME":"Miller","SUBJECTO":"Miller","PARTOF":"Miller"}},
{"type":"Feature","geometry":{"type":"MultiPolygon","coordinates":[[[[-90.71,50.27],[-91.15,50.64],[-93.99,50.64],[-95.27,51.12],[-96.2,52.38],[-95.24,53.16],[-95.27,53.86],[-97.09,55.07],[-101.05,54.62],[-101.56,53.9],[-101.21,53.27],[-98.72,52.23],[-97.15,50.41],[-97.2,50.11],[-96.93,48.55],[-95.62,47.72],[-94.51,47.39],[-93.64,47.13],[-91.15,47.37],[-88.89,48.31],[-88.16,48.99],[-89.94,49.03],[-91.44,49.63],[-91.08,49.95],[-90.71,50.27]]],[[[-83.49,47.46],[-84.38,48.33],[-86.46,48.95],[-85.8,47.97],[-85.03,47.94],[-84.37,46.87],[-86.73,46.44],[-89.09,46.96],[-87.67,46.45],[-87.2,45.57],[-85.38,46.07],[-84.76,45.82],[-86.1,44.76],[-85.79,44.53],[-84.18,45.6],[-84.63,46.03],[-83.09,46.19],[-83.49,47.46]]]]},"properties":{"NAME":"Laurel complex","SUBJECTO":"Laurel complex","PARTOF":"Laurel complex"}},
{"type":"Feature","geometry":{"type":"Polygon","coordinates":[[[-88.07,35.11],[-87.9,34.41],[-88.38,33.19],[-88.54,32.82],[-86.99,32.82],[-86.84,32.65],[-85.77,34.15],[-85.77,34.16],[-85.85,34.43],[-86.3,34.93],[-88.07,35.11]]]},"properties":{"NAME":"Copena","SUBJECTO":"Copena","PARTOF":"Copena"}},
{"type":"Feature","geometry":{"type":"Polygon","coordinates":[[[-86.99,32.82],[-88.54,32.82],[-89.35,32.62],[-89.67,31.78],[-89.19,30.96],[-88.03,30.68],[-87.09,30.36],[-87.3,31.3],[-86.84,32.65],[-86.99,32.82]]]},"properties":{"NAME":"Porter","SUBJECTO":"Porter","PARTOF":"Porter"}},
{"type":"Feature","geometry":{"type":"Polygon","coordinates":[[[-83.74,43.62],[-84.77,43.38],[-85.33,43.99],[-86.45,44.13],[-86.23,42.62],[-87.38,41.63],[-87.35,41.17],[-86.52,40.74],[-85.7,41.7],[-84.74,41.72],[-84.41,43.04],[-83.74,43.62]]]},"properties":{"NAME":"Goodall Focus","SUBJECTO":"Goodall Focus","PARTOF":"Goodall Focus"}},
{"type":"Feature","geometry":{"type":"Polygon","coordinates":[[[-79.64,42.85],[-80.52,44.6],[-81.3,45.22],[-81.81,43.32],[-82.17,43.08],[-81.86,42.26],[-81.44,42.59],[-79.64,42.85]]]},"properties":{"NAME":"Saugeen Complex","SUBJECTO":"Saugeen Complex","PARTOF":"Saugeen Complex"}},
{"type":"Feature","geometry":{"type":"Polygon","coordinates":[[[-84.74,41.72],[-83.66,40.61],[-82.28,40.91],[-81.95,41.51],[-83.45,41.75],[-82.77,42.27],[-82.46,43.2],[-82.84,44.03],[-83.74,43.62],[-84.41,43.04],[-84.74,41.72]]]},"properties":{"NAME":"Couture Complex","SUBJECTO":"Couture Complex","PARTOF":"Couture Complex"}},
{"type":"Feature","geometry":{"type":"Polygon","coordinates":[[[-70.87,47.05],[-74.19,47.97],[-76.06,47.31],[-80.3,45.95],[-80.53,45.65],[-79.71,44.74],[-80.29,44.52],[-79.37,43.61],[-76.45,44.28],[-76.18,43.61],[-75.59,43.68],[-74.58,43.82],[-73.08,44.76],[-70.56,45.31],[-70.04,46.17],[-70.87,47.05]]]},"properties":{"NAME":"Point Peninsula","SUBJECTO":"Point Peninsula","PARTOF":"Point Peninsula"}},
{"type":"Feature","geometry":{"type":"Polygon","coordinates":[[[-87.48,41.69],[-87.79,42.83],[-88.27,42.71],[-89.32,44.49],[-92.21,45.76],[-93.49,45.19],[-91.95,43.69],[-93.62,42.75],[-94.11,42.03],[-92.57,40.87],[-92.9,40],[-94.12,40.14],[-95.36,39.95],[-95.79,37.17],[-94.9,36.25],[-94.12,36.33],[-93.2,36.41],[-93.43,38.34],[-90.04,38.6],[-90.81,38.01],[-90,37.28],[-90.27,35.79],[-88.51,36.06],[-85.56,37.55],[-82.14,36.96],[-79.98,37.58],[-78.96,39.3],[-78.29,41.02],[-75.85,42.96],[-75.59,43.68],[-76.18,43.61],[-76.86,43.27],[-78.82,43.31],[-79.19,42.85],[-79.56,42.39],[-80.29,41.34],[-82.28,40.91],[-83.66,40.61],[-85.97,40.06],[-86.55,39.41],[-87.63,39.25],[-89.19,39.42],[-87.35,41.17],[-87.38,41.63],[-87.48,41.69]]]},"properties":{"NAME":"Hopewell Culture","SUBJECTO":"Hopewell Culture","PARTOF":"Hopewell Culture"}},
{"type":"Feature","geometry":{"type":"Polygon","coordinates":[[[-75.59,43.68],[-75.85,42.96],[-78.29,41.02],[-78.96,39.3],[-79.98,37.58],[-82.14,36.96],[-85.56,37.55],[-88.51,36.06],[-90.27,35.79],[-90,37.28],[-90.81,38.01],[-90.04,38.6],[-93.43,38.34],[-93.2,36.41],[-94.12,36.33],[-94.28,35.13],[-93.1,34.39],[-92.75,33.44],[-92.22,33.32],[-90.66,33.45],[-90.28,32.23],[-90.34,30.93],[-89.79,30.69],[-88.34,30.39],[-88.14,30.33],[-88.03,30.68],[-89.19,30.96],[-89.67,31.78],[-89.35,32.62],[-88.54,32.82],[-88.38,33.19],[-89.66,33.4],[-90.62,34.17],[-89.79,35.28],[-88.41,35.47],[-88.07,35.11],[-86.3,34.93],[-85.85,34.43],[-85.77,34.15],[-85.77,34.16],[-84.95,34.39],[-82.39,34.14],[-82.34,33.14],[-80.9,32.04],[-78.62,33.81],[-77.96,33.93],[-76.95,35.03],[-75.73,35.88],[-76.28,37.06],[-76.54,38.79],[-75.67,37.9],[-75.04,38.5],[-75.62,39.67],[-74.86,38.99],[-74.15,39.77],[-74.29,40.63],[-72.85,41.29],[-70.3,41.76],[-71.05,42.36],[-69.92,43.91],[-68.78,44.63],[-67.17,44.71],[-67.19,45.25],[-65.76,45.29],[-64.28,45.92],[-64.46,45.39],[-66.19,44.49],[-65.47,43.52],[-63.9,44.57],[-60.96,45.3],[-61.94,45.92],[-62.39,45.72],[-64.53,46.27],[-64.98,47.33],[-66.47,48.1],[-65.21,48.12],[-64.32,48.95],[-66.03,49.17],[-68.34,48.55],[-70.87,47.05],[-70.04,46.17],[-70.56,45.31],[-73.08,44.76],[-74.58,43.82],[-75.59,43.68]]]},"properties":{"NAME":null,"SUBJECTO":null,"PARTOF":null}},
{"type":"Feature","geometry":null,"properties":{"NAME":null,"SUBJECTO":null,"PARTOF":null}},
{"type":"Feature","geometry":{"type":"Polygon","coordinates":[[[-83.7,29.87],[-82.65,28.91],[-82.84,27.84],[-82.43,27.83],[-80.59,28.49],[-81.38,30],[-82.77,30.42],[-83.7,29.87]]]},"properties":{"NAME":null,"SUBJECTO":null,"PARTOF":null}},
{"type":"Feature","geometry":{"type":"Polygon","coordinates":[[[-82.77,42.27],[-81.86,42.26],[-82.17,43.08],[-82.46,43.2],[-82.77,42.27]]]},"properties":{"NAME":null,"SUBJECTO":null,"PARTOF":null}},
{"type":"Feature","geometry":{"type":"Polygon","coordinates":[[[-79.56,42.39],[-81.95,41.51],[-82.28,40.91],[-80.29,41.34],[-79.56,42.39]]]},"properties":{"NAME":null,"SUBJECTO":null,"PARTOF":null}},
{"type":"Feature","geometry":{"type":"Polygon","coordinates":[[[-87.35,41.17],[-89.19,39.42],[-87.63,39.25],[-86.55,39.41],[-85.97,40.06],[-83.66,40.61],[-84.74,41.72],[-85.7,41.7],[-86.52,40.74],[-87.35,41.17]]]},"properties":{"NAME":null,"SUBJECTO":null,"PARTOF":null}},
{"type":"Feature","geometry":{"type":"Polygon","coordinates":[[[-86.45,44.13],[-85.33,43.99],[-84.77,43.38],[-83.74,43.62],[-83.26,45.02],[-84.18,45.6],[-85.79,44.53],[-86.1,44.76],[-86.45,44.13]]]},"properties":{"NAME":null,"SUBJECTO":null,"PARTOF":null}},
{"type":"Feature","geometry":{"type":"Polygon","coordinates":[[[-87.79,42.83],[-87.2,45.57],[-87.67,46.45],[-89.09,46.96],[-90.88,46.6],[-92.11,46.73],[-91.15,47.37],[-93.64,47.13],[-94.51,47.39],[-94.23,46.72],[-94.12,40.14],[-92.9,40],[-92.57,40.87],[-94.11,42.03],[-93.62,42.75],[-91.95,43.69],[-93.49,45.19],[-92.21,45.76],[-89.32,44.49],[-88.27,42.71],[-87.79,42.83]]]},"properties":{"NAME":null,"SUBJECTO":null,"PARTOF":null}},
{"type":"Feature","geometry":null,"properties":{"NAME":null,"SUBJECTO":null,"PARTOF":null}},
{"type":"Feature","geometry":{"type":"Polygon","coordinates":[[[-78.5,43.36],[-78.22,43.37],[-78.24,43.37],[-78.5,43.36]]]},"properties":{"NAME":null,"SUBJECTO":null,"PARTOF":null}},
{"type":"Feature","geometry":{"type":"Polygon","coordinates":[[[-80.29,44.52],[-80.52,44.6],[-79.64,42.85],[-79.19,42.85],[-78.82,43.31],[-79.37,43.61],[-80.29,44.52]]]},"properties":{"NAME":null,"SUBJECTO":null,"PARTOF":null}},
{"type":"Feature","geometry":{"type":"Polygon","coordinates":[[[-76.06,47.31],[-81.93,48.9],[-85.04,49.09],[-87.79,49.93],[-91.08,49.95],[-91.44,49.63],[-89.94,49.03],[-88.16,48.99],[-86.46,48.95],[-84.38,48.33],[-83.49,47.46],[-83.09,46.19],[-80.3,45.95],[-76.06,47.31]]]},"properties":{"NAME":null,"SUBJECTO":null,"PARTOF":null}},
{"type":"Feature","geometry":{"type":"Polygon","coordinates":[[[-75.56,-12.87],[-76.24,-13.57],[-76.05,-14.41],[-74.38,-15.82],[-74.22,-15.38],[-73.89,-14.85],[-75.56,-12.87]]]},"properties":{"NAME":"Nazca","SUBJECTO":"Nazca","PARTOF":"Nazca"}},
{"type":"Feature","geometry":{"type":"Polygon","coordinates":[[[37.4,18.92],[37.14,21.13],[37.17,20.76],[37.4,18.92]]]},"properties":{"NAME":null,"SUBJECTO":null,"PARTOF":null}},
{"type":"Feature","geometry":{"type":"Polygon","coordinates":[[[42.56,11.57],[43.47,12.1],[42.81,11.78],[42.56,11.57]]]},"properties":{"NAME":null,"SUBJECTO":null,"PARTOF":null}},
{"type":"Feature","geometry":null,"properties":{"NAME":null,"SUBJECTO":null,"PARTOF":null}},
{"type":"Feature","geometry":null,"properties":{"NAME":null,"SUBJECTO":null,"PARTOF":null}},
{"type":"Feature","geometry":{"type":"Polygon","coordinates":[[[41.61,-1.59],[43.72,0.8],[45.54,1.97],[46.36,2.67],[48.47,5.2],[49.82,7.7],[48.47,5.2],[46.36,2.67],[45.54,1.97],[44.3,1.29],[43.72,0.8],[41.61,-1.59]]]},"properties":{"NAME":null,"SUBJECTO":null,"PARTOF":null}},
{"type":"Feature","geometry":null,"properties":{"NAME":null,"SUBJECTO":null,"PARTOF":null}},
{"type":"Feature","geometry":null,"properties":{"NAME":null,"SUBJECTO":null,"PARTOF":null}},
{"type":"Feature","geometry":{"type":"MultiPolygon","coordinates":[]},"properties":{"NAME":null,"SUBJECTO":null,"PARTOF":null}},
{"type":"Feature","geometry":{"type":"MultiPolygon","coordinates":[]},"properties":{"NAME":null,"SUBJECTO":null,"PARTOF":null}},
{"type":"Feature","geometry":{"type":"Polygon","coordinates":[[[-13.04,8.14],[-12.51,7.73],[-12.27,7.63],[-13.04,8.14]]]},"properties":{"NAME":null,"SUBJECTO":null,"PARTOF":null}},
{"type":"Feature","geometry":null,"properties":{"NAME":null,"SUBJECTO":null,"PARTOF":null}},
{"type":"Feature","geometry":null,"properties":{"NAME":null,"SUBJECTO":null,"PARTOF":null}},
{"type":"Feature","geometry":{"type":"Polygon","coordinates":[[[-14.47,10.33],[-14.06,10.08],[-13.68,9.92],[-14.47,10.33]]]},"properties":{"NAME":null,"SUBJECTO":null,"PARTOF":null}},
{"type":"Feature","geometry":{"type":"Polygon","coordinates":[[[-14.97,10.85],[-14.82,10.8],[-14.57,10.78],[-14.97,10.85]]]},"properties":{"NAME":null,"SUBJECTO":null,"PARTOF":null}},
{"type":"Feature","geometry":{"type":"Polygon","coordinates":[[[-15.34,11.22],[-15.12,11.16],[-15.03,11.16],[-15.34,11.22]]]},"properties":{"NAME":null,"SUBJECTO":null,"PARTOF":null}},
{"type":"Feature","geometry":{"type":"Polygon","coordinates":[[[-16.09,11.97],[-15.81,11.84],[-15.1,11.81],[-16.09,11.97]]]},"properties":{"NAME":null,"SUBJECTO":null,"PARTOF":null}},
{"type":"Feature","geometry":{"type":"Polygon","coordinates":[[[-16.57,12.31],[-16.42,12.25],[-16.28,12.21],[-16.57,12.31]]]},"properties":{"NAME":null,"SUBJECTO":null,"PARTOF":null}},
{"type":"Feature","geometry":null,"properties":{"NAME":null,"SUBJECTO":null,"PARTOF":null}},
{"type":"Feature","geometry":{"type":"Polygon","coordinates":[[[-17.22,14.73],[-16.87,14.36],[-17.05,14.59],[-17.22,14.73]]]},"properties":{"NAME":null,"SUBJECTO":null,"PARTOF":null}},
{"type":"Feature","geometry":null,"properties":{"NAME":null,"SUBJECTO":null,"PARTOF":null}},
{"type":"Feature","geometry":{"type":"Polygon","coordinates":[[[-16.84,20.94],[-16.35,20.52],[-16.71,20.89],[-16.84,20.94]]]},"properties":{"NAME":null,"SUBJECTO":null,"PARTOF":null}},
{"type":"Feature","geometry":{"type":"Polygon","coordinates":[[[39.27,-7.8],[39.56,-7.17],[39.44,-7.33],[39.27,-7.8]]]},"properties":{"NAME":null,"SUBJECTO":null,"PARTOF":null}},
{"type":"Feature","geometry":null,"properties":{"NAME":null,"SUBJECTO":null,"PARTOF":null}},
{"type":"Feature","geometry":{"type":"Polygon","coordinates":[[[40.31,-11.34],[40.4,-11.23],[40.54,-11.03],[40.31,-11.34]]]},"properties":{"NAME":null,"SUBJECTO":null,"PARTOF":null}},
{"type":"Feature","geometry":{"type":"Polygon","coordinates":[[[40.37,-12.99],[40.53,-12.58],[40.39,-11.55],[40.37,-12.99]]]},"properties":{"NAME":null,"SUBJECTO":null,"PARTOF":null}},
{"type":"Feature","geometry":null,"properties":{"NAME":null,"SUBJECTO":null,"PARTOF":null}},
{"type":"Feature","geometry":{"type":"Polygon","coordinates":[[[40.53,-15.18],[40.78,-14.92],[40.86,-14.7],[40.53,-15.18]]]},"properties":{"NAME":null,"SUBJECTO":null,"PARTOF":null}},
{"type":"Feature","geometry":{"type":"Polygon","coordinates":[[[34.67,-20.52],[34.73,-19.86],[35.91,-19.03],[37.28,-17.71],[38.86,-17.06],[39.8,-16.42],[40.57,-15.48],[39.8,-16.42],[38.86,-17.06],[37.28,-17.71],[35.91,-19.03],[34.73,-19.86],[34.67,-20.52]]]},"properties":{"NAME":null,"SUBJECTO":null,"PARTOF":null}},
{"type":"Feature","geometry":null,"properties":{"NAME":null,"SUBJECTO":null,"PARTOF":null}},
{"type":"Feature","geometry":null,"properties":{"NAME":null,"SUBJECTO":null,"PARTOF":null}},
{"type":"Feature","geometry":{"type":"Polygon","coordinates":[[[35.3,-23.83],[35.43,-23.46],[35.53,-22.46],[35.3,-23.83]]]},"properties":{"NAME":null,"SUBJECTO":null,"PARTOF":null}},
{"type":"Feature","geometry":null,"properties":{"NAME":null,"SUBJECTO":null,"PARTOF":null}},
{"type":"Feature","geometry":null,"properties":{"NAME":null,"SUBJECTO":null,"PARTOF":null}},
{"type":"Feature","geometry":{"type":"Polygon","coordinates":[[[19.88,-34.99],[20.26,-34.62],[21.67,-34.51],[22.68,-34.1],[24.43,-34.33],[26.66,-33.85],[28.92,-32.3],[30.39,-30.81],[31.56,-29.21],[32.39,-28.38],[31.56,-29.21],[30.39,-30.81],[28.92,-32.3],[26.66,-33.85],[24.43,-34.33],[22.68,-34.1],[21.67,-34.51],[20.26,-34.62],[19.88,-34.99]]]},"properties":{"NAME":null,"SUBJECTO":null,"PARTOF":null}},
{"type":"Feature","geometry":{"type":"Polygon","coordinates":[[[18.84,-34.44],[19.28,-34.5],[19.18,-34.42],[18.84,-34.44]]]},"properties":{"NAME":null,"SUBJECTO":null,"PARTOF":null}},
{"type":"Feature","geometry":null,"properties":{"NAME":null,"SUBJECTO":null,"PARTOF":null}},
{"type":"Feature","geometry":null,"properties":{"NAME":null,"SUBJECTO":null,"PARTOF":null}},
{"type":"Feature","geometry":{"type":"Polygon","coordinates":[[[15.66,-27.89],[16.79,-29.14],[16.53,-28.77],[15.66,-27.89]]]},"properties":{"NAME":null,"SUBJECTO":null,"PARTOF":null}},
{"type":"Feature","geometry":null,"properties":{"NAME":null,"SUBJECTO":null,"PARTOF":null}},
{"type":"Feature","geometry":null,"properties":{"NAME":null,"SUBJECTO":null,"PARTOF":null}},
{"type":"Feature","geometry":null,"properties":{"NAME":null,"SUBJECTO":null,"PARTOF":null}},
{"type":"Feature","geometry":null,"properties":{"NAME":null,"SUBJECTO":null,"PARTOF":null}},
{"type":"Feature","geometry":null,"properties":{"NAME":null,"SUBJECTO":null,"PARTOF":null}},
{"type":"Feature","geometry":null,"properties":{"NAME":null,"SUBJECTO":null,"PARTOF":null}},
{"type":"Feature","geometry":{"type":"Polygon","coordinates":[[[10.64,-3.45],[11.77,-4.54],[11.13,-3.92],[10.64,-3.45]]]},"properties":{"NAME":null,"SUBJECTO":null,"PARTOF":null}},
{"type":"Feature","geometry":null,"properties":{"NAME":null,"SUBJECTO":null,"PARTOF":null}},
{"type":"Feature","geometry":{"type":"Polygon","coordinates":[[[10.06,-2.57],[9.89,-2.44],[9.66,-2.42],[10.06,-2.57]]]},"properties":{"NAME":null,"SUBJECTO":null,"PARTOF":null}},
{"type":"Feature","geometry":null,"properties":{"NAME":null,"SUBJECTO":null,"PARTOF":null}},
{"type":"Feature","geometry":{"type":"Polygon","coordinates":[[[9.47,-1.59],[9.32,-1.42],[9.11,-1.35],[9.47,-1.59]]]},"properties":{"NAME":null,"SUBJECTO":null,"PARTOF":null}},
{"type":"Feature","geometry":null,"properties":{"NAME":null,"SUBJECTO":null,"PARTOF":null}},
{"type":"Feature","geometry":null,"properties":{"NAME":null,"SUBJECTO":null,"PARTOF":null}},
{"type":"Feature","geometry":{"type":"Polygon","coordinates":[[[9.03,4.14],[9.78,3.85],[9.65,4.02],[9.03,4.14]]]},"properties":{"NAME":null,"SUBJECTO":null,"PARTOF":null}},
{"type":"Feature","geometry":{"type":"Polygon","coordinates":[[[8.26,4.75],[8.87,4.62],[8.33,4.84],[8.26,4.75]]]},"properties":{"NAME":null,"SUBJECTO":null,"PARTOF":null}},
{"type":"Feature","geometry":null,"properties":{"NAME":null,"SUBJECTO":null,"PARTOF":null}},
{"type":"Feature","geometry":{"type":"Polygon","coordinates":[[[39.14,9.06],[37.13,11.64],[34.23,11.71],[32.35,9.53],[33.02,6.86],[35.58,5.53],[38.61,6.6],[39.14,9.06]]]},"properties":{"NAME":null,"SUBJECTO":null,"PARTOF":null}},
{"type":"Feature","geometry":null,"properties":{"NAME":null,"SUBJECTO":null,"PARTOF":null}},
{"type":"Feature","geometry":{"type":"Polygon","coordinates":[[[20.12,30.96],[19.12,30.2],[19.66,30.44],[20.12,30.96]]]},"properties":{"NAME":null,"SUBJECTO":null,"PARTOF":null}},
{"type":"Feature","geometry":{"type":"Polygon","coordinates":[[[5.35,5.36],[5.36,5.37],[5.45,5.48],[5.35,5.36]]]},"properties":{"NAME":null,"SUBJECTO":null,"PARTOF":null}},
{"type":"Feature","geometry":{"type":"MultiPolygon","coordinates":[]},"properties":{"NAME":null,"SUBJECTO":null,"PARTOF":null}},
{"type":"Feature","geometry":{"type":"Polygon","coordinates":[[[29.85,20.12],[31.06,22.68],[30.04,24.62],[28.41,27.74],[26.74,28.57],[22.31,29.96],[21.29,29.96],[19.35,29.41],[18.61,29.41],[14.45,31.16],[9.83,32.92],[8.63,34.03],[7.99,35.5],[-8.64,33.12],[-9.22,32.58],[-9.81,31.29],[-9.66,29.95],[-10.34,29.15],[-11.58,28.23],[-12.87,27.86],[-13.63,26.59],[-14.37,26.12],[-14.82,24.73],[-15.71,23.87],[-16.98,21.6],[-16.84,20.94],[-16.71,20.89],[-16.35,20.52],[-16.19,19.03],[-16.06,18.67],[-15.98,18.18],[-16.45,16.12],[-17.22,14.73],[-17.05,14.59],[-16.87,14.36],[-17.03,14.56],[-13.4,14.92],[-6.26,13.35],[2.35,13.29],[8.27,12.37],[17.75,12.83],[20.44,11.97],[23.2,11.78],[24.07,11.18],[30.6,11.12],[32.88,12.47],[31.8,12.52],[31.06,13.13],[29.85,15.35],[29.51,17.43],[29.85,20.12]]]},"properties":{"NAME":null,"SUBJECTO":null,"PARTOF":null}},
{"type":"Feature","geometry":{"type":"Polygon","coordinates":[[[-80.59,28.49],[-82.43,27.83],[-82.75,27.53],[-82.14,26.87],[-81.1,25.13],[-80.31,25.24],[-80.05,26.55],[-80.59,28.49]]]},"properties":{"NAME":"Glades Culture","SUBJECTO":"Glades Culture","PARTOF":"Glades Culture"}},
{"type":"Feature","geometry":{"type":"Polygon","coordinates":[[[-4.15,53.23],[-4.42,53.42],[-4.57,53.27],[-4.15,53.23]]]},"properties":{"NAME":null,"SUBJECTO":null,"PARTOF":null}},
{"type":"Feature","geometry":{"type":"Polygon","coordinates":[[[-5.1,55.44],[-5.3,55.72],[-5.34,55.47],[-5.1,55.44]]]},"properties":{"NAME":null,"SUBJECTO":null,"PARTOF":null}},
{"type":"Feature","geometry":{"type":"Polygon","coordinates":[[[-6.12,55.88],[-6.45,55.85],[-6.33,55.59],[-6.12,55.88]]]},"properties":{"NAME":null,"SUBJECTO":null,"PARTOF":null}},
{"type":"Feature","geometry":{"type":"Polygon","coordinates":[[[-5.95,55.83],[-5.71,56.15],[-5.97,56.02],[-5.95,55.83]]]},"properties":{"NAME":null,"SUBJECTO":null,"PARTOF":null}},
{"type":"Feature","geometry":{"type":"Polygon","coordinates":[[[-7.47,56.94],[-7.45,57.06],[-7.56,56.95],[-7.47,56.94]]]},"properties":{"NAME":null,"SUBJECTO":null,"PARTOF":null}},
{"type":"Feature","geometry":{"type":"Polygon","coordinates":[[[-7.22,57.34],[-7.42,57.38],[-7.38,57.11],[-7.22,57.34]]]},"properties":{"NAME":null,"SUBJECTO":null,"PARTOF":null}},
{"type":"Feature","geometry":{"type":"Polygon","coordinates":[[[-7.27,57.4],[-7.2,57.46],[-7.35,57.49],[-7.27,57.4]]]},"properties":{"NAME":null,"SUBJECTO":null,"PARTOF":null}},
{"type":"Feature","geometry":{"type":"Polygon","coordinates":[[[-7.19,57.69],[-7.54,57.6],[-7.15,57.51],[-7.19,57.69]]]},"properties":{"NAME":null,"SUBJECTO":null,"PARTOF":null}},
{"type":"Feature","geometry":{"type":"Polygon","coordinates":[[[-7.01,57.88],[-6.99,57.92],[-7.07,57.9],[-7.01,57.88]]]},"properties":{"NAME":null,"SUBJECTO":null,"PARTOF":null}},
{"type":"Feature","geometry":{"type":"Polygon","coordinates":[[[-6.8,58.2],[-6.85,58.25],[-6.87,58.21],[-6.8,58.2]]]},"properties":{"NAME":null,"SUBJECTO":null,"PARTOF":null}},
{"type":"Feature","geometry":{"type":"Polygon","coordinates":[[[-6.2,58.36],[-7.03,58.24],[-6.47,57.94],[-6.2,58.36]]]},"properties":{"NAME":null,"SUBJECTO":null,"PARTOF":null}},
{"type":"Feature","geometry":{"type":"Polygon","coordinates":[[[-2.92,58.73],[-2.9,58.84],[-3.04,58.82],[-2.92,58.73]]]},"properties":{"NAME":null,"SUBJECTO":null,"PARTOF":null}},
{"type":"Feature","geometry":{"type":"Polygon","coordinates":[[[-3.23,58.78],[-3.34,58.93],[-3.43,58.87],[-3.23,58.78]]]},"properties":{"NAME":null,"SUBJECTO":null,"PARTOF":null}},
{"type":"Feature","geometry":{"type":"Polygon","coordinates":[[[-2.79,58.95],[-3.35,59.11],[-3.19,58.91],[-2.79,58.95]]]},"properties":{"NAME":null,"SUBJECTO":null,"PARTOF":null}},
{"type":"Feature","geometry":{"type":"Polygon","coordinates":[[[-2.68,59.2],[-2.39,59.28],[-2.59,59.29],[-2.68,59.2]]]},"properties":{"NAME":null,"SUBJECTO":null,"PARTOF":null}},
{"type":"Feature","geometry":{"type":"Polygon","coordinates":[[[-2.89,59.3],[-3.07,59.32],[-3,59.26],[-2.89,59.3]]]},"properties":{"NAME":null,"SUBJECTO":null,"PARTOF":null}},
{"type":"Feature","geometry":{"type":"Polygon","coordinates":[[[-1.3,60.49],[-1.26,59.86],[-1.04,60.45],[-1.3,60.49]]]},"properties":{"NAME":null,"SUBJECTO":null,"PARTOF":null}},
{"type":"Feature","geometry":{"type":"Polygon","coordinates":[[[-1.03,60.5],[-1,60.72],[-1.18,60.64],[-1.03,60.5]]]},"properties":{"NAME":null,"SUBJECTO":null,"PARTOF":null}},
{"type":"Feature","geometry":{"type":"Polygon","coordinates":[[[-0.82,60.69],[-0.88,60.84],[-0.97,60.69],[-0.82,60.69]]]},"properties":{"NAME":null,"SUBJECTO":null,"PARTOF":null}},
{"type":"Feature","geometry":{"type":"Polygon","coordinates":[[[-6.71,61.94],[-7.19,62.31],[-7.23,62.17],[-6.71,61.94]]]},"properties":{"NAME":null,"SUBJECTO":null,"PARTOF":null}},
{"type":"Feature","geometry":{"type":"Polygon","coordinates":[[[-4.78,54.06],[-4.39,54.19],[-4.37,54.42],[-4.78,54.06]]]},"properties":{"NAME":null,"SUBJECTO":null,"PARTOF":null}},
{"type":"Feature","geometry":{"type":"Polygon","coordinates":[[[18.21,56.91],[19,57.91],[18.11,57.52],[18.21,56.91]]]},"properties":{"NAME":null,"SUBJECTO":null,"PARTOF":null}},
{"type":"Feature","geometry":{"type":"Polygon","coordinates":[[[129.72,28.45],[129.14,28.25],[129.37,28.12],[129.72,28.45]]]},"properties":{"NAME":null,"SUBJECTO":null,"PARTOF":null}},
{"type":"Feature","geometry":{"type":"Polygon","coordinates":[[[129.96,29.96],[129.94,30],[129.94,29.97],[129.96,29.96]]]},"properties":{"NAME":null,"SUBJECTO":null,"PARTOF":null}},
{"type":"Feature","geometry":{"type":"Polygon","coordinates":[[[129.9,29.87],[129.85,29.85],[129.92,29.82],[129.9,29.87]]]},"properties":{"NAME":null,"SUBJECTO":null,"PARTOF":null}},
{"type":"Feature","geometry":{"type":"Polygon","coordinates":[[[130.91,30.35],[131.05,30.84],[130.87,30.47],[130.91,30.35]]]},"properties":{"NAME":null,"SUBJECTO":null,"PARTOF":null}},
{"type":"Feature","geometry":{"type":"Polygon","coordinates":[[[130.56,30.24],[130.67,30.37],[130.39,30.4],[130.56,30.24]]]},"properties":{"NAME":null,"SUBJECTO":null,"PARTOF":null}},
{"type":"Feature","geometry":{"type":"Polygon","coordinates":[[[121.73,25.14],[121,25],[120.06,23.15],[120.7,21.95],[121.45,23.33],[121.84,24.48],[121.73,25.14]]]},"properties":{"NAME":null,"SUBJECTO":null,"PARTOF":null}},
{"type":"Feature","geometry":{"type":"Polygon","coordinates":[[[128.9,32.64],[128.65,32.78],[128.61,32.61],[128.9,32.64]]]},"properties":{"NAME":null,"SUBJECTO":null,"PARTOF":null}},
{"type":"Feature","geometry":{"type":"Polygon","coordinates":[[[123.87,24.25],[123.77,24.41],[123.68,24.32],[123.87,24.25]]]},"properties":{"NAME":null,"SUBJECTO":null,"PARTOF":null}},
{"type":"Feature","geometry":{"type":"Polygon","coordinates":[[[125.36,24.78],[125.26,24.88],[125.25,24.74],[125.36,24.78]]]},"properties":{"NAME":null,"SUBJECTO":null,"PARTOF":null}},
{"type":"Feature","geometry":{"type":"Polygon","coordinates":[[[124.26,24.46],[124.09,24.44],[124.23,24.34],[124.26,24.46]]]},"properties":{"NAME":null,"SUBJECTO":null,"PARTOF":null}},
{"type":"Feature","geometry":{"type":"Polygon","coordinates":[[[128.25,26.64],[128.25,26.84],[127.72,26.44],[128.25,26.64]]]},"properties":{"NAME":null,"SUBJECTO":null,"PARTOF":null}},
{"type":"Feature","geometry":{"type":"Polygon","coordinates":[[[126.76,26.39],[126.69,26.37],[126.78,26.3],[126.76,26.39]]]},"properties":{"NAME":null,"SUBJECTO":null,"PARTOF":null}},
{"type":"Feature","geometry":{"type":"Polygon","coordinates":[[[128.95,27.68],[129.03,27.77],[128.9,27.9],[128.95,27.68]]]},"properties":{"NAME":null,"SUBJECTO":null,"PARTOF":null}},
{"type":"Feature","geometry":{"type":"Polygon","coordinates":[[[128.61,27.36],[128.7,27.45],[128.52,27.41],[128.61,27.36]]]},"properties":{"NAME":null,"SUBJECTO":null,"PARTOF":null}},
{"type":"Feature","geometry":{"type":"Polygon","coordinates":[[[129.99,28.28],[130.03,28.37],[129.92,28.29],[129.99,28.28]]]},"properties":{"NAME":null,"SUBJECTO":null,"PARTOF":null}},
{"type":"Feature","geometry":{"type":"Polygon","coordinates":[[[129.34,28.08],[129.22,28.18],[129.22,28.1],[129.34,28.08]]]},"properties":{"NAME":null,"SUBJECTO":null,"PARTOF":null}},
{"type":"Feature","geometry":{"type":"Polygon","coordinates":[[[129.73,29.61],[129.75,29.65],[129.71,29.65],[129.73,29.61]]]},"properties":{"NAME":null,"SUBJECTO":null,"PARTOF":null}},
{"type":"Feature","geometry":{"type":"Polygon","coordinates":[[[18.97,52.74],[18.73,53.3],[19.4,54.28],[18.03,54.83],[15.09,54],[15.47,53.8],[16.24,53.11],[17.56,52.59],[18.97,52.74]]]},"properties":{"NAME":"Pomeranian culture ","SUBJECTO":"Pomeranian culture ","PARTOF":"Baltic archeological cultures"}},
{"type":"Feature","geometry":{"type":"Polygon","coordinates":[[[21.16,54.9],[19.97,54.96],[19.82,54.46],[19.91,54.39],[21.12,54.01],[21.48,54.44],[21.16,54.9]]]},"properties":{"NAME":"Sambian-Nothangian culture","SUBJECTO":"Sambian-Nothangian culture","PARTOF":"Baltic archeological cultures"}},
{"type":"Feature","geometry":{"type":"Polygon","coordinates":[[[24.49,51.38],[23.31,51.21],[20.99,52.62],[18.97,52.74],[17.56,52.59],[16.24,53.11],[15.47,53.8],[15.1,53.09],[16.33,52.04],[16.45,51.27],[17.85,50.44],[18.98,49.87],[21.14,49.76],[22.43,50.53],[25.1,48.83],[25.72,49.61],[24.49,51.38]]]},"properties":{"NAME":"Bell-shaped burials culture","SUBJECTO":"Bell-shaped burials culture","PARTOF":"Baltic archeological cultures"}},
{"type":"Feature","geometry":{"type":"Polygon","coordinates":[[[20.99,52.62],[21.86,53.07],[22.13,54.33],[21.48,54.44],[21.12,54.01],[19.91,54.39],[19.82,54.46],[19.4,54.28],[18.73,53.3],[18.97,52.74],[20.99,52.62]]]},"properties":{"NAME":"Western Masurian culture","SUBJECTO":"Western Masurian culture","PARTOF":"Baltic archeological cultures"}},
{"type":"Feature","geometry":{"type":"Polygon","coordinates":[[[20.99,52.62],[23.31,51.21],[24.49,51.38],[24.78,51.53],[25.06,51.98],[24.77,53.32],[24.14,53.66],[23.92,54.88],[21.98,54.99],[21.17,54.92],[21.16,54.9],[21.48,54.44],[22.13,54.33],[21.86,53.07],[20.99,52.62]]]},"properties":{"NAME":"Eastern Masurian culture","SUBJECTO":"Eastern Masurian culture","PARTOF":"Baltic archeological cultures"}},
{"type":"Feature","geometry":{"type":"Polygon","coordinates":[[[21.86,57.6],[21.07,56.85],[21.17,54.92],[21.98,54.99],[22.82,56.14],[22.32,56.81],[21.86,57.6]]]},"properties":{"NAME":"Curonians","SUBJECTO":"Curonians","PARTOF":"Baltic archeological cultures"}},
{"type":"Feature","geometry":{"type":"Polygon","coordinates":[[[29.7,55.66],[25.72,57],[23.26,57.1],[22.6,57.76],[21.86,57.6],[22.32,56.81],[22.82,56.14],[21.98,54.99],[23.92,54.88],[24.14,53.66],[24.77,53.32],[25.06,51.98],[27.78,52.31],[29.71,53.3],[28.98,54.62],[29.7,55.66]]]},"properties":{"NAME":"Brushed Pottery culture","SUBJECTO":"Brushed Pottery culture","PARTOF":"Baltic archeological cultures"}},
{"type":"Feature","geometry":{"type":"Polygon","coordinates":[[[29.71,53.3],[27.78,52.31],[25.06,51.98],[24.78,51.53],[26.22,50.94],[27.8,50.92],[30.59,50.16],[31.56,50.9],[32.06,52.12],[31.8,52.88],[29.71,53.3]]]},"properties":{"NAME":"Milograd culture","SUBJECTO":"Milograd culture","PARTOF":"Baltic archeological cultures"}},
{"type":"Feature","geometry":{"type":"Polygon","coordinates":[[[31.56,50.9],[34.91,51.48],[36.93,52.72],[38.28,53.2],[38.31,53.65],[36.96,54.29],[38.46,55.93],[36.72,56.68],[33.73,56.73],[29.7,55.66],[28.98,54.62],[29.71,53.3],[31.8,52.88],[32.06,52.12],[31.56,50.9]]]},"properties":{"NAME":"Plain-Pottery culture","SUBJECTO":"Plain-Pottery culture","PARTOF":"Baltic archeological cultures"}},
{"type":"Feature","geometry":null,"properties":{"NAME":null,"SUBJECTO":null,"PARTOF":null}},
{"type":"Feature","geometry":{"type":"Polygon","coordinates":[[[3.78,51.39],[5.14,52.13],[6.86,51.58],[6.86,50.95],[8.54,49.39],[7.74,48.44],[8.59,48.14],[12.2,49.14],[14.76,48.19],[16.08,48.43],[16.48,49.58],[17.85,50.44],[16.45,51.27],[16.33,52.04],[15.1,53.09],[15.47,53.8],[14.47,53.88],[12.94,54.35],[10.72,53.96],[9.42,54.98],[10.22,56.85],[8.18,56.43],[8.95,54.01],[8.5,53.45],[5.39,53.14],[5.76,52.33],[4.64,52.76],[3.78,51.39]]]},"properties":{"NAME":null,"SUBJECTO":null,"PARTOF":null}},
{"type":"Feature","geometry":null,"properties":{"NAME":null,"SUBJECTO":null,"PARTOF":null}},
{"type":"Feature","geometry":{"type":"Polygon","coordinates":[[[34.29,65.4],[34.6,65.48],[34.73,65.78],[34.29,65.4]]]},"properties":{"NAME":null,"SUBJECTO":null,"PARTOF":null}},
{"type":"Feature","geometry":null,"properties":{"NAME":null,"SUBJECTO":null,"PARTOF":null}},
{"type":"Feature","geometry":null,"properties":{"NAME":null,"SUBJECTO":null,"PARTOF":null}},
{"type":"Feature","geometry":{"type":"Polygon","coordinates":[[[38.05,64.13],[37.88,64.31],[37,64.41],[38.05,64.13]]]},"properties":{"NAME":null,"SUBJECTO":null,"PARTOF":null}},
{"type":"Feature","geometry":{"type":"Polygon","coordinates":[[[39.98,65.15],[40.46,64.75],[40.37,64.86],[39.98,65.15]]]},"properties":{"NAME":null,"SUBJECTO":null,"PARTOF":null}},
{"type":"Feature","geometry":{"type":"Polygon","coordinates":[[[43.84,67.16],[44.36,66.91],[44.22,67.09],[43.84,67.16]]]},"properties":{"NAME":null,"SUBJECTO":null,"PARTOF":null}},
{"type":"Feature","geometry":null,"properties":{"NAME":null,"SUBJECTO":null,"PARTOF":null}},
{"type":"Feature","geometry":{"type":"Polygon","coordinates":[[[44.87,67.31],[46.16,67.68],[45.09,67.54],[44.87,67.31]]]},"properties":{"NAME":null,"SUBJECTO":null,"PARTOF":null}},
{"type":"Feature","geometry":{"type":"Polygon","coordinates":[[[53.81,68.61],[53.32,68.14],[53.78,68.34],[53.81,68.61]]]},"properties":{"NAME":null,"SUBJECTO":null,"PARTOF":null}},
{"type":"Feature","geometry":null,"properties":{"NAME":null,"SUBJECTO":null,"PARTOF":null}},
{"type":"Feature","geometry":null,"properties":{"NAME":null,"SUBJECTO":null,"PARTOF":null}},
{"type":"Feature","geometry":{"type":"Polygon","coordinates":[[[68.26,68.94],[68.51,68.84],[69.11,68.83],[68.26,68.94]]]},"properties":{"NAME":null,"SUBJECTO":null,"PARTOF":null}},
{"type":"Feature","geometry":{"type":"Polygon","coordinates":[[[66.88,69.62],[68.11,69.43],[67.78,69.56],[66.88,69.62]]]},"properties":{"NAME":null,"SUBJECTO":null,"PARTOF":null}},
{"type":"Feature","geometry":{"type":"Polygon","coordinates":[[[66.77,70.74],[67.4,70.6],[67.29,70.71],[66.77,70.74]]]},"properties":{"NAME":null,"SUBJECTO":null,"PARTOF":null}},
{"type":"Feature","geometry":{"type":"Polygon","coordinates":[[[72.84,72.49],[71.8,71.43],[72.5,71.96],[72.84,72.49]]]},"properties":{"NAME":null,"SUBJECTO":null,"PARTOF":null}},
{"type":"Feature","geometry":{"type":"Polygon","coordinates":[[[72.77,70.46],[72.44,70.19],[72.53,69.07],[72.77,70.46]]]},"properties":{"NAME":null,"SUBJECTO":null,"PARTOF":null}},
{"type":"Feature","geometry":{"type":"Polygon","coordinates":[[[71.4,66.95],[72.84,67.65],[73.39,68.38],[71.4,66.95]]]},"properties":{"NAME":null,"SUBJECTO":null,"PARTOF":null}},
{"type":"Feature","geometry":{"type":"Polygon","coordinates":[[[71.35,66.66],[69.08,66.69],[70.84,66.55],[71.35,66.66]]]},"properties":{"NAME":null,"SUBJECTO":null,"PARTOF":null}},
{"type":"Feature","geometry":null,"properties":{"NAME":null,"SUBJECTO":null,"PARTOF":null}},
{"type":"Feature","geometry":null,"properties":{"NAME":null,"SUBJECTO":null,"PARTOF":null}},
{"type":"Feature","geometry":{"type":"Polygon","coordinates":[[[77.69,67.76],[78.54,67.61],[77.95,67.77],[77.69,67.76]]]},"properties":{"NAME":null,"SUBJECTO":null,"PARTOF":null}},
{"type":"Feature","geometry":null,"properties":{"NAME":null,"SUBJECTO":null,"PARTOF":null}},
{"type":"Feature","geometry":null,"properties":{"NAME":null,"SUBJECTO":null,"PARTOF":null}},
{"type":"Feature","geometry":{"type":"Polygon","coordinates":[[[73.27,71.37],[74.25,70.57],[73.7,71.14],[73.27,71.37]]]},"properties":{"NAME":null,"SUBJECTO":null,"PARTOF":null}},
{"type":"Feature","geometry":{"type":"Polygon","coordinates":[[[75.67,72.41],[75.3,71.9],[75.28,71.45],[75.67,72.41]]]},"properties":{"NAME":null,"SUBJECTO":null,"PARTOF":null}},
{"type":"Feature","geometry":{"type":"Polygon","coordinates":[[[78.61,70.85],[78.14,71.37],[76.61,71.52],[78.61,70.85]]]},"properties":{"NAME":null,"SUBJECTO":null,"PARTOF":null}},
{"type":"Feature","geometry":{"type":"Polygon","coordinates":[[[82.88,71.49],[82.22,71.2],[82.05,70.42],[82.88,71.49]]]},"properties":{"NAME":null,"SUBJECTO":null,"PARTOF":null}},
{"type":"Feature","geometry":null,"properties":{"NAME":null,"SUBJECTO":null,"PARTOF":null}},
{"type":"Feature","geometry":null,"properties":{"NAME":null,"SUBJECTO":null,"PARTOF":null}},
{"type":"Feature","geometry":null,"properties":{"NAME":null,"SUBJECTO":null,"PARTOF":null}},
{"type":"Feature","geometry":{"type":"Polygon","coordinates":[[[80.98,72.45],[83.56,71.62],[82.32,72.22],[80.98,72.45]]]},"properties":{"NAME":null,"SUBJECTO":null,"PARTOF":null}},
{"type":"Feature","geometry":null,"properties":{"NAME":null,"SUBJECTO":null,"PARTOF":null}},
{"type":"Feature","geometry":null,"properties":{"NAME":null,"SUBJECTO":null,"PARTOF":null}},
{"type":"Feature","geometry":{"type":"Polygon","coordinates":[[[86.98,74.3],[87.69,73.9],[87.54,74.1],[86.98,74.3]]]},"properties":{"NAME":null,"SUBJECTO":null,"PARTOF":null}},
{"type":"Feature","geometry":null,"properties":{"NAME":null,"SUBJECTO":null,"PARTOF":null}},
{"type":"Feature","geometry":null,"properties":{"NAME":null,"SUBJECTO":null,"PARTOF":null}},
{"type":"Feature","geometry":null,"properties":{"NAME":null,"SUBJECTO":null,"PARTOF":null}},
{"type":"Feature","geometry":{"type":"Polygon","coordinates":[[[104.49,77],[105.47,77.33],[104.78,77.15],[104.49,77]]]},"properties":{"NAME":null,"SUBJECTO":null,"PARTOF":null}},
{"type":"Feature","geometry":{"type":"Polygon","coordinates":[[[106.4,76.43],[107.07,76.77],[106.54,76.57],[106.4,76.43]]]},"properties":{"NAME":null,"SUBJECTO":null,"PARTOF":null}},
{"type":"Feature","geometry":null,"properties":{"NAME":null,"SUBJECTO":null,"PARTOF":null}},
{"type":"Feature","geometry":{"type":"Polygon","coordinates":[[[105.28,72.75],[112.58,74.89],[108.34,73.69],[106.21,73.26],[105.28,72.75]]]},"properties":{"NAME":null,"SUBJECTO":null,"PARTOF":null}},
{"type":"Feature","geometry":null,"properties":{"NAME":null,"SUBJECTO":null,"PARTOF":null}},
{"type":"Feature","geometry":null,"properties":{"NAME":null,"SUBJECTO":null,"PARTOF":null}},
{"type":"Feature","geometry":null,"properties":{"NAME":null,"SUBJECTO":null,"PARTOF":null}},
{"type":"Feature","geometry":null,"properties":{"NAME":null,"SUBJECTO":null,"PARTOF":null}},
{"type":"Feature","geometry":{"type":"Polygon","coordinates":[[[128.52,72.95],[127.31,72.71],[126.11,72.28],[128.52,72.95]]]},"properties":{"NAME":null,"SUBJECTO":null,"PARTOF":null}},
{"type":"Feature","geometry":null,"properties":{"NAME":null,"SUBJECTO":null,"PARTOF":null}},
{"type":"Feature","geometry":{"type":"Polygon","coordinates":[[[139.05,72.16],[139.34,72.16],[139.85,72.24],[139.05,72.16]]]},"properties":{"NAME":null,"SUBJECTO":null,"PARTOF":null}},
{"type":"Feature","geometry":null,"properties":{"NAME":null,"SUBJECTO":null,"PARTOF":null}},
{"type":"Feature","geometry":{"type":"Polygon","coordinates":[[[144.8,71.59],[145.68,71.93],[144.88,71.72],[144.8,71.59]]]},"properties":{"NAME":null,"SUBJECTO":null,"PARTOF":null}},
{"type":"Feature","geometry":null,"properties":{"NAME":null,"SUBJECTO":null,"PARTOF":null}},
{"type":"Feature","geometry":null,"properties":{"NAME":null,"SUBJECTO":null,"PARTOF":null}},
{"type":"Feature","geometry":null,"properties":{"NAME":null,"SUBJECTO":null,"PARTOF":null}},
{"type":"Feature","geometry":{"type":"Polygon","coordinates":[[[170.43,69.56],[170.9,69.03],[170.79,69.18],[170.43,69.56]]]},"properties":{"NAME":null,"SUBJECTO":null,"PARTOF":null}},
{"type":"Feature","geometry":{"type":"Polygon","coordinates":[[[179.31,64.79],[177.84,64.58],[178.73,64.61],[179.31,64.79]]]},"properties":{"NAME":null,"SUBJECTO":null,"PARTOF":null}},
{"type":"Feature","geometry":null,"properties":{"NAME":null,"SUBJECTO":null,"PARTOF":null}},
{"type":"Feature","geometry":{"type":"Polygon","coordinates":[[[175.97,64.9],[176.33,64.77],[177.13,64.93],[175.97,64.9]]]},"properties":{"NAME":null,"SUBJECTO":null,"PARTOF":null}},
{"type":"Feature","geometry":null,"properties":{"NAME":null,"SUBJECTO":null,"PARTOF":null}},
{"type":"Feature","geometry":null,"properties":{"NAME":null,"SUBJECTO":null,"PARTOF":null}},
{"type":"Feature","geometry":null,"properties":{"NAME":null,"SUBJECTO":null,"PARTOF":null}},
{"type":"Feature","geometry":null,"properties":{"NAME":null,"SUBJECTO":null,"PARTOF":null}},
{"type":"Feature","geometry":null,"properties":{"NAME":null,"SUBJECTO":null,"PARTOF":null}},
{"type":"Feature","geometry":null,"properties":{"NAME":null,"SUBJECTO":null,"PARTOF":null}},
{"type":"Feature","geometry":{"type":"Polygon","coordinates":[[[177.29,62.49],[178.74,62.3],[179.23,62.64],[177.29,62.49]]]},"properties":{"NAME":null,"SUBJECTO":null,"PARTOF":null}},
{"type":"Feature","geometry":{"type":"Polygon","coordinates":[[[166.03,59.71],[167.1,60.27],[169.15,60.43],[169.88,59.87],[172.49,61.26],[177.19,62.67],[172.49,61.26],[170.34,60.28],[169.88,59.87],[169.15,60.43],[167.1,60.27],[166.03,59.71]]]},"properties":{"NAME":null,"SUBJECTO":null,"PARTOF":null}},
{"type":"Feature","geometry":null,"properties":{"NAME":null,"SUBJECTO":null,"PARTOF":null}},
{"type":"Feature","geometry":{"type":"Polygon","coordinates":[[[163.04,59.46],[163.77,59.88],[163.39,59.81],[163.04,59.46]]]},"properties":{"NAME":null,"SUBJECTO":null,"PARTOF":null}},
{"type":"Feature","geometry":null,"properties":{"NAME":null,"SUBJECTO":null,"PARTOF":null}},
{"type":"Feature","geometry":{"type":"Polygon","coordinates":[[[161.8,57.86],[162.62,58.73],[161.8,58.1],[161.8,57.86]]]},"properties":{"NAME":null,"SUBJECTO":null,"PARTOF":null}},
{"type":"Feature","geometry":{"type":"Polygon","coordinates":[[[162.51,57.03],[162.93,57.37],[162.59,57.17],[162.51,57.03]]]},"properties":{"NAME":null,"SUBJECTO":null,"PARTOF":null}},
{"type":"Feature","geometry":{"type":"Polygon","coordinates":[[[162.77,55.92],[163.17,56.11],[163.17,56.38],[162.77,55.92]]]},"properties":{"NAME":null,"SUBJECTO":null,"PARTOF":null}},
{"type":"Feature","geometry":{"type":"Polygon","coordinates":[[[161.5,55.29],[162.72,56.34],[161.86,55.86],[161.5,55.29]]]},"properties":{"NAME":null,"SUBJECTO":null,"PARTOF":null}},
{"type":"Feature","geometry":null,"properties":{"NAME":null,"SUBJECTO":null,"PARTOF":null}},
{"type":"Feature","geometry":null,"properties":{"NAME":null,"SUBJECTO":null,"PARTOF":null}},
{"type":"Feature","geometry":null,"properties":{"NAME":null,"SUBJECTO":null,"PARTOF":null}},
{"type":"Feature","geometry":null,"properties":{"NAME":null,"SUBJECTO":null,"PARTOF":null}},
{"type":"Feature","geometry":null,"properties":{"NAME":null,"SUBJECTO":null,"PARTOF":null}},
{"type":"Feature","geometry":null,"properties":{"NAME":null,"SUBJECTO":null,"PARTOF":null}},
{"type":"Feature","geometry":null,"properties":{"NAME":null,"SUBJECTO":null,"PARTOF":null}},
{"type":"Feature","geometry":{"type":"Polygon","coordinates":[[[162.75,61.61],[162.24,61.51],[160.12,60.56],[162.75,61.61]]]},"properties":{"NAME":null,"SUBJECTO":null,"PARTOF":null}},
{"type":"Feature","geometry":null,"properties":{"NAME":null,"SUBJECTO":null,"PARTOF":null}},
{"type":"Feature","geometry":null,"properties":{"NAME":null,"SUBJECTO":null,"PARTOF":null}},
{"type":"Feature","geometry":{"type":"Polygon","coordinates":[[[155.85,60.88],[154.32,59.98],[153.94,59.4],[155.85,60.88]]]},"properties":{"NAME":null,"SUBJECTO":null,"PARTOF":null}},
{"type":"Feature","geometry":{"type":"Polygon","coordinates":[[[151.14,58.73],[154.39,59.04],[152.19,58.93],[151.14,58.73]]]},"properties":{"NAME":null,"SUBJECTO":null,"PARTOF":null}},
{"type":"Feature","geometry":{"type":"MultiPolygon","coordinates":[]},"properties":{"NAME":null,"SUBJECTO":null,"PARTOF":null}},
{"type":"Feature","geometry":{"type":"MultiPolygon","coordinates":[]},"properties":{"NAME":null,"SUBJECTO":null,"PARTOF":null}},
{"type":"Feature","geometry":null,"properties":{"NAME":null,"SUBJECTO":null,"PARTOF":null}},
{"type":"Feature","geometry":{"type":"Polygon","coordinates":[[[137.07,53.49],[137.33,53.74],[137.12,53.59],[137.07,53.49]]]},"properties":{"NAME":null,"SUBJECTO":null,"PARTOF":null}},
{"type":"Feature","geometry":null,"properties":{"NAME":null,"SUBJECTO":null,"PARTOF":null}},
{"type":"Feature","geometry":null,"properties":{"NAME":null,"SUBJECTO":null,"PARTOF":null}},
{"type":"Feature","geometry":null,"properties":{"NAME":null,"SUBJECTO":null,"PARTOF":null}},
{"type":"Feature","geometry":{"type":"Polygon","coordinates":[[[11.53,61.9],[10.16,64.1],[9.22,63.28],[7.09,62.91],[5.15,61.74],[5.09,59.51],[6.24,59.28],[5.4,58.72],[6.96,57.97],[8.15,58.09],[10.41,59.5],[12.29,56.88],[12.8,55.35],[14.12,55.35],[14.65,56.12],[15.77,56.03],[16.66,57.44],[16.44,58.63],[18.37,59.16],[19.04,59.71],[17.19,60.67],[17.29,62.44],[17.72,62.36],[21.05,64.22],[17.83,62.46],[16.57,62.52],[15.43,61.87],[11.53,61.9]]]},"properties":{"NAME":null,"SUBJECTO":null,"PARTOF":null}},
{"type":"Feature","geometry":null,"properties":{"NAME":null,"SUBJECTO":null,"PARTOF":null}},
{"type":"Feature","geometry":null,"properties":{"NAME":null,"SUBJECTO":null,"PARTOF":null}},
{"type":"Feature","geometry":{"type":"Polygon","coordinates":[[[13.26,66.39],[13.58,66.19],[13.4,66.35],[13.26,66.39]]]},"properties":{"NAME":null,"SUBJECTO":null,"PARTOF":null}},
{"type":"Feature","geometry":null,"properties":{"NAME":null,"SUBJECTO":null,"PARTOF":null}},
{"type":"Feature","geometry":null,"properties":{"NAME":null,"SUBJECTO":null,"PARTOF":null}},
{"type":"Feature","geometry":null,"properties":{"NAME":null,"SUBJECTO":null,"PARTOF":null}},
{"type":"Feature","geometry":null,"properties":{"NAME":null,"SUBJECTO":null,"PARTOF":null}},
{"type":"Feature","geometry":null,"properties":{"NAME":null,"SUBJECTO":null,"PARTOF":null}},
{"type":"Feature","geometry":null,"properties":{"NAME":null,"SUBJECTO":null,"PARTOF":null}},
{"type":"Feature","geometry":{"type":"Polygon","coordinates":[[[25.07,70.14],[25.23,70.56],[25.12,70.44],[25.07,70.14]]]},"properties":{"NAME":null,"SUBJECTO":null,"PARTOF":null}},
{"type":"Feature","geometry":null,"properties":{"NAME":null,"SUBJECTO":null,"PARTOF":null}},
{"type":"Feature","geometry":null,"properties":{"NAME":null,"SUBJECTO":null,"PARTOF":null}},
{"type":"Feature","geometry":{"type":"Polygon","coordinates":[[[28.73,70.14],[30.25,70.13],[30.8,70.31],[28.73,70.14]]]},"properties":{"NAME":null,"SUBJECTO":null,"PARTOF":null}},
{"type":"Feature","geometry":null,"properties":{"NAME":null,"SUBJECTO":null,"PARTOF":null}},
{"type":"Feature","geometry":null,"properties":{"NAME":null,"SUBJECTO":null,"PARTOF":null}},
{"type":"Feature","geometry":null,"properties":{"NAME":null,"SUBJECTO":null,"PARTOF":null}},
{"type":"Feature","geometry":{"type":"MultiPolygon","coordinates":[]},"properties":{"NAME":null,"SUBJECTO":null,"PARTOF":null}},
{"type":"Feature","geometry":{"type":"Polygon","coordinates":[[[126.6,33.23],[126.94,33.45],[126.32,33.45],[126.6,33.23]]]},"properties":{"NAME":null,"SUBJECTO":null,"PARTOF":null}},
{"type":"Feature","geometry":{"type":"Polygon","coordinates":[[[128.62,38.16],[128.54,38.13],[127.68,37.62],[128.14,35.25],[128.39,35.04],[129.14,35.11],[129.34,37.26],[128.62,38.16]]]},"properties":{"NAME":"Silla","SUBJECTO":"Silla","PARTOF":"Silla"}},
{"type":"Feature","geometry":{"type":"Polygon","coordinates":[[[59.29,45.28],[59.05,44.95],[59.46,45.06],[59.29,45.28]]]},"properties":{"NAME":null,"SUBJECTO":null,"PARTOF":null}},
{"type":"Feature","geometry":{"type":"Polygon","coordinates":[[[38.95,44.19],[40.25,43.27],[41.41,42.79],[41.68,41.79],[41.96,41.81],[44.79,41.75],[47.01,41.39],[48.96,40.32],[49.67,40.24],[50.47,40.26],[49.35,40.95],[47.57,43.01],[47.57,43.84],[46.89,44.69],[39.6,46.02],[39.12,45.5],[38.95,44.19]]]},"properties":{"NAME":"Alans","SUBJECTO":"Alans","PARTOF":"Alans"}},
{"type":"Feature","geometry":{"type":"Polygon","coordinates":[[[61.86,36],[62.8,34.62],[70.56,34.88],[73.09,34.62],[74.75,33.66],[76.05,33.51],[77.2,33.28],[75.93,39.06],[73.17,41.17],[63.09,40.06],[61.86,36]]]},"properties":{"NAME":"Kushan Empire","SUBJECTO":"Kushan Empire","PARTOF":"Kushan Empire"}},
{"type":"Feature","geometry":{"type":"Polygon","coordinates":[[[39.6,46.02],[41.24,47.81],[34.8,47.52],[32.16,46.63],[32.2,46.17],[33.64,45.93],[32.5,45.45],[33.53,45.05],[35.04,45.37],[33.84,46.19],[35.21,46.64],[39.16,47.27],[37.76,46.6],[38.46,46.08],[36.96,45.23],[37.47,44.69],[38.95,44.19],[39.12,45.5],[39.6,46.02]]]},"properties":{"NAME":"Scythians","SUBJECTO":"Scythians","PARTOF":"Scythians"}},
{"type":"Feature","geometry":{"type":"Polygon","coordinates":[[[130.88,37.45],[130.92,37.55],[130.81,37.52],[130.88,37.45]]]},"properties":{"NAME":null,"SUBJECTO":null,"PARTOF":null}},
{"type":"Feature","geometry":{"type":"Polygon","coordinates":[[[124.65,37.91],[124.74,37.96],[124.61,37.96],[124.65,37.91]]]},"properties":{"NAME":null,"SUBJECTO":null,"PARTOF":null}},
{"type":"Feature","geometry":{"type":"Polygon","coordinates":[[[126.79,37.01],[126.29,34.59],[127.64,34.62],[127.83,34.95],[128.14,35.25],[127.68,37.62],[126.79,37.01]]]},"properties":{"NAME":"Paekche","SUBJECTO":"Paekche","PARTOF":"Paekche"}},
{"type":"Feature","geometry":{"type":"Polygon","coordinates":[[[127.83,34.95],[128.39,35.04],[128.14,35.25],[127.83,34.95]]]},"properties":{"NAME":"Gaya","SUBJECTO":"Gaya","PARTOF":"Gaya"}},
{"type":"Feature","geometry":{"type":"Polygon","coordinates":[[[127.68,37.62],[128.62,38.16],[128.54,38.13],[127.68,37.62]]]},"properties":{"NAME":"Koguryo","SUBJECTO":"Koguryo","PARTOF":"Koguryo"}},
{"type":"Feature","geometry":{"type":"Polygon","coordinates":[[[126.17,37.71],[126.79,37.01],[127.68,37.62],[128.54,38.13],[128.62,38.16],[127.28,39.22],[127.67,39.87],[129.48,40.68],[129.64,41.66],[126.67,42.99],[125.65,42.65],[126.17,37.71]]]},"properties":{"NAME":"Koguryo","SUBJECTO":"Koguryo","PARTOF":"Koguryo"}},
{"type":"Feature","geometry":{"type":"MultiPolygon","coordinates":[[[[61.86,36],[63.09,40.06],[73.17,41.17],[75.93,39.06],[77.2,33.28],[79.11,31.04],[82.87,27.9],[86.18,26.41],[87.93,26.06],[89.76,25.98],[91.59,26.59],[93.07,26.85],[93.77,26.5],[93.42,25.02],[92.04,23.12],[92.9,21.61],[93.11,20.59],[94.42,18.14],[94.46,17.26],[94.14,16.01],[94.82,16.21],[95.33,15.68],[96.47,16.51],[96.88,17.35],[97.57,16.45],[97.82,14.62],[98.49,13.11],[98.87,11.65],[98.4,10.56],[98.63,10.1],[98.18,8.6],[99.02,7.87],[100.14,6.18],[100.66,3.9],[101.34,2.78],[103.43,1.38],[104.18,1.39],[103.31,3.03],[103.34,4.81],[102.33,6.1],[101.56,6.74],[100.61,6.98],[99.72,9.26],[99.3,9.16],[99.19,10.49],[99.9,12.08],[99.93,13.26],[100.91,13.45],[100.87,12.68],[101.92,12.59],[102.66,12.07],[103.04,10.9],[104.98,9.98],[104.74,8.49],[106.48,9.55],[106.77,10.64],[107.41,10.37],[108.7,11.15],[109.07,11.64],[109.31,12.91],[108.79,15.09],[108.24,16.08],[106.39,17.66],[105.49,17.78],[104.38,18.33],[103.23,20.12],[102.38,24.01],[102.01,24.68],[100.41,25.09],[99.75,27.47],[102.67,31.74],[103.89,31.65],[103.55,34.79],[102.93,35.23],[100.23,35.57],[100.84,37.15],[98.83,38.37],[94.73,40.03],[95.08,40.81],[96.39,40.9],[98.29,41.5],[98.71,42.82],[104.04,42.63],[106.36,42.04],[106.95,42.38],[113.32,41.6],[118.55,41.43],[120.47,41.68],[121.35,42.56],[122.31,42.73],[123.26,41.86],[125.65,42.65],[126.67,42.99],[129.64,41.66],[131.58,43.21],[132.95,42.67],[134.14,42.99],[136.03,44.4],[137.72,46],[139.21,47.81],[140.08,48.5],[140.32,50.52],[141.26,52.1],[141.05,52.69],[134.87,52.01],[127.34,49.98],[119.94,51.26],[116.71,54.66],[114.02,59.55],[107.96,59.82],[99.49,55.66],[99.54,55.28],[93.7,56.48],[78.36,56.41],[65.31,55.05],[59.09,56.43],[53.92,57.6],[53.98,57.71],[46.11,57.71],[32.52,60.93],[29.02,61.77],[21.2,62.44],[21.56,60.51],[23.2,59.82],[28.52,60.62],[29.08,59.91],[27.7,59.3],[25.45,59.49],[23.42,59.12],[23.67,58.24],[24.5,58.21],[24.31,57.1],[25.72,57],[29.7,55.66],[33.73,56.73],[36.72,56.68],[38.46,55.93],[36.96,54.29],[38.31,53.65],[38.28,53.2],[36.93,52.72],[34.91,51.48],[31.56,50.9],[30.59,50.16],[27.8,50.92],[26.22,50.94],[24.78,51.53],[24.49,51.38],[25.72,49.61],[25.1,48.83],[22.43,50.53],[21.14,49.76],[18.98,49.87],[19.43,47.6],[18.91,47.44],[18.86,45.58],[21.2,44.93],[22.95,44.65],[21.73,44.85],[22.87,47.27],[25.13,47.7],[27.34,46.9],[27.09,46.05],[25.57,45.64],[25.71,43.93],[25.26,43.82],[28.04,44.38],[28.22,45.48],[29.62,45.41],[30.83,46.58],[32.16,46.63],[34.8,47.52],[41.24,47.81],[39.6,46.02],[46.89,44.69],[47.67,45.75],[48.3,45.77],[49.53,46.54],[51.37,47.09],[53.19,46.87],[52.84,45.51],[51.51,45.37],[51.58,44.55],[50.33,44.56],[52.07,42.83],[52.83,42.65],[52.52,42.07],[53.99,42.11],[54.75,41.14],[54.42,40.66],[53.26,40.76],[52.99,39.93],[54.07,38.9],[54.07,36.94],[57.3,38.08],[60.96,37.32],[61.86,36]],[[73.93,45.37],[73.44,44.51],[71.42,44.61],[71.5,46.69],[73.66,47.77],[75.3,47.41],[75.34,46.84],[74.12,46.22],[73.93,45.37]],[[61.25,46.61],[61.11,44.72],[60.08,43.61],[59.13,44],[58.37,43.74],[58.2,44.52],[58.82,45.93],[60.01,46.56],[61.25,46.61]]],[[[91.57,22.54],[91.85,21.91],[91.65,22.36],[91.57,22.54]]]]},"properties":{"NAME":null,"SUBJECTO":"1","PARTOF":"true"}},
{"type":"Feature","geometry":{"type":"Polygon","coordinates":[[[92.04,23.12],[91.57,22.54],[91.65,22.36],[91.85,21.91],[92.07,21.12],[92.92,20.37],[93.11,20.59],[92.9,21.61],[92.04,23.12]]]},"properties":{"NAME":"Arakan","SUBJECTO":"Arakan","PARTOF":"Arakan"}},
{"type":"Feature","geometry":{"type":"Polygon","coordinates":[[[32.37,31.06],[32.49,29.79],[33.33,28.55],[34.32,27.83],[34.76,29.25],[35.1,29.34],[34.76,28.1],[35.11,28.07],[36.14,26.66],[38.51,30.88],[37.57,32.03],[36.82,30.34],[34.29,31.36],[33.56,30.97],[32.37,31.06]]]},"properties":{"NAME":"Nabatean Kingdom","SUBJECTO":"Nabatean Kingdom","PARTOF":"Nabatean Kingdom"}}
]}