{"type":"FeatureCollection", "features": [
{"type":"Feature","geometry":{"type":"Polygon","coordinates":[[[-95.47,31.22],[-96.21,31.16],[-95.82,29.64],[-95.17,29.11],[-95.06,29.68],[-93.45,29.77],[-92.12,29.54],[-92.02,29.82],[-91.98,30.23],[-92.46,30.58],[-94.71,30.75],[-95.47,31.22]]]},"properties":{"NAME":"Atakapa","SUBJECTO":"Atakapa","PARTOF":"Atakapa"}},
{"type":"Feature","geometry":{"type":"Polygon","coordinates":[[[-82.18,22.37],[-80.78,22.1],[-79.73,21.67],[-78.73,21.62],[-78.45,20.97],[-77.29,20.7],[-77.66,19.9],[-75.52,19.91],[-74.17,20.19],[-75.6,21.01],[-77.34,21.51],[-78.17,22.12],[-79.76,22.76],[-81.43,23.14],[-82.96,23.03],[-84.26,22.54],[-84.21,21.83],[-82.85,22.64],[-82.18,22.37]]]},"properties":{"NAME":"Cuba (Spain)","SUBJECTO":"Cuba (Spain)","PARTOF":"Cuba (Spain)"}},
{"type":"Feature","geometry":{"type":"MultiPolygon","coordinates":[[[[-77.43,17.83],[-76.43,18.12],[-77.77,18.51],[-78.32,18.35],[-77.43,17.83]]],[[[-67.15,17.99],[-65.97,18.03],[-65.95,18.47],[-67.06,18.55],[-67.15,17.99]]],[[[-71.37,19.83],[-73.47,19.84],[-72.77,19.53],[-72.75,18.51],[-74.3,18.7],[-73.86,18.11],[-73.47,18.32],[-71.98,18.26],[-71.4,17.7],[-71.06,18.35],[-68.37,18.58],[-69.99,19.68],[-71.37,19.83]]]]},"properties":{"NAME":"Hispaniola (Spain)","SUBJECTO":"Hispaniola (Spain)","PARTOF":"Hispaniola (Spain)"}},
{"type":"Feature","geometry":{"type":"MultiPolygon","coordinates":[[[[120.36,14.53],[121.29,14.34],[120.51,14.11],[121.01,13.66],[121.62,13.9],[122.39,13.3],[122.49,13.88],[123.24,13.03],[123.82,12.98],[122.67,14.27],[121.73,14.11],[121.24,15.31],[121.44,15.92],[122.06,16.33],[122.4,17.11],[122.07,17.44],[122.05,18.45],[120.56,18.43],[120.2,16.04],[119.76,16.36],[119.77,15.47],[120.36,14.53]]],[[[121.09,12.2],[121.3,13.13],[120.34,13.39],[121.09,12.2]]],[[[125.32,11.12],[125.25,12.29],[124.26,12.42],[125.32,11.12]]],[[[121.87,10.47],[122.9,11.15],[121.99,11.76],[121.87,10.47]]],[[[118.86,10.02],[119.56,10.5],[119.21,11.13],[118.86,10.02]]],[[[122.94,9.05],[123.31,10.74],[122.92,10.85],[122.4,9.48],[122.94,9.05]]],[[[117.27,8.45],[118.5,9.48],[118.51,9.92],[117.54,9.05],[117.27,8.45]]],[[[126.05,6.61],[126.32,7.15],[126.27,8.43],[125.43,9.78],[125.46,9.05],[124.67,8.43],[123.66,8.01],[123.49,8.5],[122.09,7.78],[121.99,6.87],[122.46,7.69],[123.46,7.79],[124.07,7.26],[123.97,6.34],[124.8,5.79],[125.53,5.94],[125.28,6.59],[125.61,7.24],[126.05,6.61]]]]},"properties":{"NAME":null,"SUBJECTO":null,"PARTOF":null}},
{"type":"Feature","geometry":{"type":"Polygon","coordinates":[[[44.67,-16.24],[43.97,-17.55],[44.59,-19.53],[44.47,-20.17],[43.5,-21.49],[43.29,-22.41],[43.83,-23.41],[43.67,-24.23],[44.04,-24.99],[45.21,-25.66],[46.86,-25.22],[47.26,-24.77],[48.09,-22.04],[49.34,-18.23],[49.42,-17.2],[49.9,-16.46],[49.6,-15.65],[50.19,-15.96],[50.5,-15.31],[49.82,-12.83],[49.18,-12.27],[48.86,-13.25],[46.46,-15.86],[44.67,-16.24]],[[48.01,-17.02],[48.49,-20.04],[47.19,-23.12],[45.53,-23.59],[45.29,-22.65],[46.65,-17.73],[47.48,-16.9],[48.01,-17.02]]]},"properties":{"NAME":"Madagascar","SUBJECTO":"Madagascar","PARTOF":"Madagascar"}},
{"type":"Feature","geometry":{"type":"MultiPolygon","coordinates":[[[[175.31,-37.32],[174.22,-35.34],[172.63,-34.56],[174.76,-37.3],[174.95,-37.93],[174.65,-38.98],[173.8,-39.42],[175.35,-40.3],[174.9,-41.3],[175.37,-41.66],[176.01,-41.26],[177.16,-39.85],[177.02,-39.45],[178.41,-38.77],[178.57,-37.92],[177.53,-38.2],[176.13,-37.8],[175.84,-37.03],[175.31,-37.32]]],[[[172.06,-43.92],[174.23,-42.01],[174.06,-41.29],[173.26,-41.54],[172.44,-40.75],[172.09,-41.71],[171.46,-41.99],[171.02,-42.89],[168.42,-44.22],[167.14,-45.2],[166.55,-45.97],[168.42,-46.65],[169.4,-46.71],[170.61,-45.95],[171.38,-44.34],[172.06,-43.92]]]]},"properties":{"NAME":"Maoris","SUBJECTO":"Maoris","PARTOF":"Maoris"}},
{"type":"Feature","geometry":{"type":"Polygon","coordinates":[[[-7.49,37.21],[-6.84,38.1],[-7.39,38.29],[-6.93,38.96],[-7.43,39.52],[-6.88,39.7],[-6.8,41.09],[-6.14,41.53],[-6.71,41.96],[-8.81,41.89],[-8.69,40.99],[-9.52,38.69],[-8.85,38.5],[-8.99,36.99],[-7.49,37.21]]]},"properties":{"NAME":"Portugal","SUBJECTO":"Portugal","PARTOF":"Portugal"}},
{"type":"Feature","geometry":{"type":"MultiPolygon","coordinates":[[[[121.26,1.1],[120.77,1.14],[119.91,0.54],[119.2,-1.43],[119.17,-2.18],[118.68,-2.9],[118.79,-3.66],[119.46,-3.81],[119.48,-5.8],[120.25,-5.59],[120.14,-3.08],[121,-3.05],[120.88,-3.72],[121.51,-4.24],[121.39,-4.79],[121.87,-4.96],[122.65,-4.51],[122.19,-3.85],[122.26,-3.21],[121.26,-2.1],[122.22,-1.65],[122.98,-0.72],[122,-1.11],[121.46,-0.99],[121.06,-1.55],[120.51,-1.45],[119.87,-0.46],[120.34,0.36],[124.23,0.3],[124.86,1.05],[122.73,0.67],[121.26,1.1]]],[[[96.12,3.95],[96.72,3.7],[97.51,2.74],[97.6,2.25],[98.6,1.71],[99.11,0.22],[99.7,-0.15],[100.65,-1.63],[100.81,-2.34],[102.11,-3.6],[102.46,-4.18],[103.52,-5],[104.57,-6.07],[104.56,-5.6],[105.64,-5.93],[105.71,-4.1],[105.94,-3.21],[105.44,-2.6],[104.61,-2.58],[104.81,-2.16],[104.3,-1.36],[103.31,-0.82],[101.14,-1.37],[100.2,0.89],[98.65,2.76],[98.63,3.66],[97.38,5.18],[96.6,5.08],[96.12,3.95]]],[[[105.93,-6.03],[105.63,-6.76],[106.55,-7.16],[106.32,-7.43],[108.16,-7.86],[109.04,-7.72],[110.78,-8.32],[112.41,-8.49],[113.07,-8.35],[114.33,-8.78],[113.95,-7.82],[112.68,-7.72],[112.27,-7.03],[111.04,-6.85],[110.81,-6.53],[110.03,-7.04],[108.56,-6.92],[107.77,-6.45],[105.93,-6.03]]],[[[126,-8.66],[125.08,-8.77],[123.67,-9.75],[123.49,-10.35],[124.15,-10.2],[125.21,-9.4],[126.87,-8.81],[127.04,-8.48],[126,-8.66]]],[[[127.8,1.9],[127.42,0.98],[127.64,-0.31],[128.3,-1.02],[127.86,0.1],[128.63,1.02],[128.55,1.45],[127.69,0.92],[127.8,1.9]]],[[[121.28,-8.91],[120.57,-8.39],[119.94,-8.94],[121.28,-8.91]]],[[[129.58,-3.58],[129.91,-3.39],[130.78,-3.88],[130.37,-3.13],[129.74,-2.98],[128.04,-3.06],[128.38,-3.55],[128.91,-3.25],[129.58,-3.58]]],[[[117.95,-8.16],[117.82,-8.81],[116.96,-8.53],[116.66,-9.06],[118.97,-8.88],[118.86,-8.48],[117.95,-8.16]]],[[[105.81,-2.38],[106.55,-3.18],[106.64,-2.71],[105.86,-1.63],[105.2,-2.11],[105.81,-2.38]]],[[[119.25,-9.83],[120.18,-10.35],[120.46,-9.93],[119.79,-9.46],[119.25,-9.83]]],[[[126.05,-3.43],[126.66,-3.88],[127.11,-3.72],[126.73,-3.23],[126.05,-3.43]]],[[[114.51,-8.45],[115.07,-8.78],[115.5,-8.47],[114.51,-8.45]]],[[[109,0.2],[109.18,-0.87],[109.94,-1.64],[110.1,-3.08],[110.8,-3.17],[111.59,-2.8],[111.74,-3.65],[112.58,-3.42],[112.8,-2.97],[113.61,-3.61],[114.1,-3.35],[114.58,-4.3],[115.57,-3.8],[116.35,-2.42],[116.05,-1.93],[117.05,-0.93],[117.37,-1],[117.32,-0.14],[117.86,0.87],[118.77,0.82],[117.7,1.9],[117.83,2.31],[117.07,3.51],[118.39,4.37],[118.11,4.94],[119.04,5.17],[118.38,5.64],[117.37,5.79],[117.51,6.39],[116.6,6.9],[115.36,4.88],[114.75,4.98],[113.81,4.26],[112.76,3.01],[111.37,2.6],[110.82,1.24],[109.93,0.19],[109,0.2]]]]},"properties":{"NAME":"Malaysian Islamic states","SUBJECTO":"Malaysian Islamic states","PARTOF":"Malaysian Islamic states"}},
{"type":"Feature","geometry":{"type":"MultiPolygon","coordinates":[[[[-26.79,71.56],[-25.29,71.57],[-23.75,70.59],[-21.71,70.39],[-21.9,71.5],[-25.07,72.63],[-27.36,72.86],[-27.44,73.29],[-24.08,73.76],[-22.82,73.33],[-20.33,73.42],[-21.76,74.31],[-19.72,74.21],[-20.62,74.95],[-19.19,75.44],[-19.57,76.11],[-22.38,76.64],[-18.06,76.81],[-19.18,77.82],[-21.77,77.77],[-19.76,78.87],[-19.05,80.43],[-16.44,80.45],[-12.71,81.62],[-16.47,81.9],[-23.34,80.62],[-22.06,81.96],[-32.6,81.97],[-22.59,82.42],[-26.42,83.34],[-32.51,83.58],[-45.21,82.97],[-44.68,81.73],[-49.65,82.48],[-49.94,81.68],[-53.77,82.24],[-60.04,81.88],[-61.11,81.18],[-67.14,80.56],[-64.62,79.95],[-65.48,79.16],[-72.38,78.53],[-69.69,77.56],[-66.8,77.78],[-67.74,77.19],[-71.18,77.26],[-68.38,76.78],[-69.04,76.29],[-66.56,75.93],[-63.65,76.38],[-58.64,75.79],[-54.56,72.87],[-55.63,71.73],[-55.01,71.33],[-53.32,71.89],[-51.72,71.59],[-50.82,70.25],[-52.37,70.67],[-53.67,70.36],[-50.57,69.87],[-50.95,68.54],[-52.84,68.51],[-50.49,67.97],[-50.48,67.48],[-52.81,67.77],[-53.1,65.87],[-52.08,65.37],[-51.8,64.23],[-50.14,64.74],[-51.37,63.73],[-49.86,62.97],[-50.05,62.31],[-49.12,62.1],[-48.92,61.42],[-47.63,60.6],[-45.46,60.89],[-45.62,60.6],[-43.01,59.83],[-42.27,62.19],[-43.23,62.68],[-41.83,62.69],[-40.52,63.78],[-41.48,64.27],[-40.35,64.53],[-39.99,65.53],[-38.47,65.65],[-38.04,66.4],[-37.15,66.32],[-37.58,65.55],[-34.43,66.38],[-32.96,67.64],[-26.96,68.5],[-22.16,70.06],[-24.58,70.3],[-27.47,70.21],[-28.38,70.46],[-26.79,71.56]]],[[[-53.55,69.28],[-52.08,69.77],[-54.59,70.24],[-53.55,69.28]]]]},"properties":{"NAME":null,"SUBJECTO":null,"PARTOF":null}},
{"type":"Feature","geometry":{"type":"MultiPolygon","coordinates":[[[[-73.11,-72.75],[-70.02,-72.67],[-68.63,-72.05],[-68.4,-71.13],[-70.33,-68.96],[-72.39,-69.26],[-71.8,-69.74],[-72.11,-71.05],[-75.28,-71.67],[-74.35,-72.21],[-72.03,-71.82],[-73.11,-72.75]]],[[[-102.55,-72.13],[-97.14,-72.67],[-95.91,-72.36],[-97.22,-71.82],[-101.16,-71.82],[-102.55,-72.13]]],[[[-55.18,-80.94],[-44.83,-80.32],[-44.21,-78.39],[-48.85,-78.08],[-50.86,-78.7],[-51.71,-79.78],[-53.87,-79.94],[-55.18,-80.94]]],[[[-164.06,-79.36],[-160.43,-79.97],[-158.8,-79.67],[-162.59,-78.82],[-164.06,-79.36]]],[[[169.77,-83.42],[158.14,-80.32],[159.84,-79.16],[163.64,-78.66],[166.75,-78.6],[162.33,-76.96],[162.35,-75.11],[165.19,-74.67],[164.62,-74.17],[167.58,-73.48],[168.9,-73.54],[170.73,-71.9],[167.63,-70.87],[162.49,-70.31],[160.6,-70.22],[157.31,-69.16],[151.09,-68.89],[150.89,-68.54],[146.88,-68],[145.59,-67.22],[141.16,-66.72],[134.21,-66.18],[130.27,-66.25],[129.01,-67.03],[126.8,-66.88],[126.41,-66.37],[125.13,-66.79],[122.46,-66.65],[118.29,-67.07],[115.68,-66.41],[114.44,-66.49],[113.01,-65.76],[110.61,-66.06],[109.4,-66.71],[102.63,-65.93],[100.88,-66.08],[99.12,-66.89],[98.66,-66.63],[95.72,-66.53],[90,-66.61],[88.65,-66.76],[88.3,-66.07],[87.22,-66.99],[85.52,-66.92],[81.81,-67.3],[78.26,-68.38],[76.87,-69.31],[75.4,-69.47],[71.92,-70.55],[69.53,-72.4],[67.36,-71.71],[69.07,-70.59],[67.51,-70.46],[68.95,-69.89],[69.77,-68.64],[69.37,-67.84],[62.81,-67.61],[56.63,-66.94],[57.1,-66.52],[55.14,-65.96],[52.45,-65.99],[50.01,-66.59],[50.27,-67.14],[48.31,-67.02],[48.85,-67.43],[42.56,-68.11],[39.65,-68.93],[38.33,-70.03],[33.54,-68.54],[32.75,-69.35],[23.71,-70.59],[17.6,-70.08],[12.66,-70.32],[11.11,-70.86],[8.49,-70.08],[0.68,-71.32],[-6.32,-71.42],[-7.2,-70.89],[-8.82,-71.82],[-9.75,-71.05],[-12.33,-71.68],[-11.83,-72.32],[-16.4,-73.44],[-17.09,-73.91],[-14.45,-74.06],[-17.17,-74.76],[-18.4,-75.69],[-23.58,-75.92],[-30.23,-76.84],[-33.16,-77.39],[-36.41,-78.62],[-36.41,-79.16],[-29.57,-79.22],[-28.91,-80.48],[-38.03,-80.94],[-43.83,-81.79],[-52.25,-82.02],[-58.97,-83.18],[-60.21,-82.33],[-67.93,-81.48],[-78.83,-80.01],[-76.43,-79.86],[-77.98,-79.09],[-82.92,-79.16],[-84.16,-78.24],[-79.14,-78.93],[-78.29,-78.31],[-80.76,-78.24],[-80.69,-77.57],[-74.5,-78.08],[-73.57,-77.48],[-75.82,-77.46],[-78.6,-76.61],[-77.82,-75.99],[-75.93,-76.48],[-70.56,-76.69],[-64.46,-75.69],[-61.37,-73.91],[-60.83,-72.75],[-61.68,-70.82],[-63.84,-68.65],[-65.15,-68.5],[-65.38,-67.34],[-63.84,-66.49],[-62.76,-66.65],[-62.37,-65.8],[-61.13,-64.87],[-57.27,-63.71],[-57.43,-63.25],[-64.23,-65.25],[-67.86,-67.57],[-67.08,-68.65],[-68.78,-69.81],[-67.08,-71.82],[-67.63,-72.75],[-75.58,-73.75],[-78.52,-73.72],[-80.99,-73.25],[-81.77,-74.02],[-86.32,-73.25],[-93.97,-73.17],[-96.52,-73.33],[-99.79,-73],[-103.25,-73.56],[-100.05,-75.31],[-105.64,-75.07],[-106.8,-75.38],[-110.56,-75.3],[-110.43,-74.29],[-113.43,-74.69],[-114.99,-74.45],[-120.17,-74.53],[-123.57,-74.84],[-127.12,-74.68],[-128.98,-74.91],[-134.77,-74.64],[-140.57,-75.26],[-149.61,-76.34],[-147.13,-76.53],[-146.15,-77.46],[-149.99,-77.73],[-154.17,-77.12],[-158.03,-77.27],[-158.19,-77.81],[-154.55,-79.12],[-148.6,-79.67],[-145.67,-80.52],[-148.84,-81.37],[-154.48,-81.06],[-152.08,-82.6],[-152,-84.38],[-138.82,-85.01],[-148.76,-85.07],[-156.56,-85.46],[-167.23,-84.76],[-180,-84.32],[-180,-85.32],[-180,-86.32],[-180,-87.32],[-180,-88.32],[-180,-89.32],[-180,-90],[-179.2,-90],[-178.2,-90],[-177.2,-90],[-176.2,-90],[-175.2,-90],[-174.2,-90],[-173.2,-90],[-172.2,-90],[-171.2,-90],[-170.2,-90],[-169.2,-90],[-168.2,-90],[-167.2,-90],[-166.2,-90],[-165.2,-90],[-164.2,-90],[-163.2,-90],[-162.2,-90],[-161.2,-90],[-160.2,-90],[-159.2,-90],[-158.2,-90],[-157.2,-90],[-156.2,-90],[-155.2,-90],[-154.2,-90],[-153.2,-90],[-152.2,-90],[-151.2,-90],[-150.2,-90],[-149.2,-90],[-148.2,-90],[-147.2,-90],[-146.2,-90],[-145.2,-90],[-144.2,-90],[-143.2,-90],[-142.2,-90],[-141.2,-90],[-140.2,-90],[-139.2,-90],[-138.2,-90],[-137.2,-90],[-136.2,-90],[-135.2,-90],[-134.2,-90],[-133.2,-90],[-132.2,-90],[-131.2,-90],[-130.2,-90],[-129.2,-90],[-128.2,-90],[-127.2,-90],[-126.2,-90],[-125.2,-90],[-124.2,-90],[-123.2,-90],[-122.2,-90],[-121.2,-90],[-120.2,-90],[-119.2,-90],[-118.2,-90],[-117.2,-90],[-116.2,-90],[-115.2,-90],[-114.2,-90],[-113.2,-90],[-112.2,-90],[-111.2,-90],[-110.2,-90],[-109.2,-90],[-108.2,-90],[-107.2,-90],[-106.2,-90],[-105.2,-90],[-104.2,-90],[-103.2,-90],[-102.2,-90],[-101.2,-90],[-100.2,-90],[-99.2,-90],[-98.2,-90],[-97.2,-90],[-96.2,-90],[-95.2,-90],[-94.2,-90],[-93.2,-90],[-92.2,-90],[-91.2,-90],[-90,-90],[-89.2,-90],[-88.2,-90],[-87.2,-90],[-86.2,-90],[-85.2,-90],[-84.2,-90],[-83.2,-90],[-82.2,-90],[-81.2,-90],[-80.2,-90],[-79.2,-90],[-78.2,-90],[-77.2,-90],[-76.2,-90],[-75.2,-90],[-74.2,-90],[-73.2,-90],[-72.2,-90],[-71.2,-90],[-70.2,-90],[-69.2,-90],[-68.2,-90],[-67.2,-90],[-66.2,-90],[-65.2,-90],[-64.2,-90],[-63.2,-90],[-62.2,-90],[-61.2,-90],[-60.2,-90],[-59.2,-90],[-58.2,-90],[-57.2,-90],[-56.2,-90],[-55.2,-90],[-54.2,-90],[-53.2,-90],[-52.2,-90],[-51.2,-90],[-50.2,-90],[-49.2,-90],[-48.2,-90],[-47.2,-90],[-46.2,-90],[-45.2,-90],[-44.2,-90],[-43.2,-90],[-42.2,-90],[-41.2,-90],[-40.2,-90],[-39.2,-90],[-38.2,-90],[-37.2,-90],[-36.2,-90],[-35.2,-90],[-34.2,-90],[-33.2,-90],[-32.2,-90],[-31.2,-90],[-30.2,-90],[-29.2,-90],[-28.2,-90],[-27.2,-90],[-26.2,-90],[-25.2,-90],[-24.2,-90],[-23.2,-90],[-22.2,-90],[-21.2,-90],[-20.2,-90],[-19.2,-90],[-18.2,-90],[-17.2,-90],[-16.2,-90],[-15.2,-90],[-14.2,-90],[-13.2,-90],[-12.2,-90],[-11.2,-90],[-10.2,-90],[-9.2,-90],[-8.2,-90],[-7.2,-90],[-6.2,-90],[-5.2,-90],[-4.2,-90],[-3.2,-90],[-2.2,-90],[-1.2,-90],[-0.2,-90],[0.78,-90],[1.78,-90],[2.78,-90],[3.78,-90],[4.78,-90],[5.78,-90],[6.78,-90],[7.78,-90],[8.78,-90],[9.78,-90],[10.78,-90],[11.78,-90],[12.78,-90],[13.78,-90],[14.78,-90],[15.78,-90],[16.78,-90],[17.78,-90],[18.78,-90],[19.78,-90],[20.78,-90],[21.78,-90],[22.78,-90],[23.78,-90],[24.78,-90],[25.78,-90],[26.78,-90],[27.78,-90],[28.78,-90],[29.78,-90],[30.78,-90],[31.78,-90],[32.78,-90],[33.78,-90],[34.78,-90],[35.78,-90],[36.78,-90],[37.78,-90],[38.78,-90],[39.78,-90],[40.78,-90],[41.78,-90],[42.78,-90],[43.78,-90],[44.78,-90],[45.78,-90],[46.78,-90],[47.78,-90],[48.78,-90],[49.78,-90],[50.78,-90],[51.78,-90],[52.78,-90],[53.78,-90],[54.78,-90],[55.78,-90],[56.78,-90],[57.78,-90],[58.78,-90],[59.78,-90],[60.78,-90],[61.78,-90],[62.78,-90],[63.78,-90],[64.78,-90],[65.78,-90],[66.78,-90],[67.78,-90],[68.78,-90],[69.78,-90],[70.78,-90],[71.78,-90],[72.78,-90],[73.78,-90],[74.78,-90],[75.78,-90],[76.78,-90],[77.78,-90],[78.78,-90],[79.78,-90],[80.78,-90],[81.78,-90],[82.78,-90],[83.78,-90],[84.78,-90],[85.78,-90],[86.78,-90],[87.78,-90],[88.78,-90],[89.78,-90],[89.8,-90],[90,-90],[91.78,-90],[92.78,-90],[93.78,-90],[94.78,-90],[95.78,-90],[96.78,-90],[97.78,-90],[98.78,-90],[99.78,-90],[100.78,-90],[101.78,-90],[102.78,-90],[103.78,-90],[104.78,-90],[105.78,-90],[106.78,-90],[107.78,-90],[108.78,-90],[109.78,-90],[110.78,-90],[111.78,-90],[112.78,-90],[113.78,-90],[114.78,-90],[115.78,-90],[116.78,-90],[117.78,-90],[118.78,-90],[119.78,-90],[120.78,-90],[121.78,-90],[122.78,-90],[123.78,-90],[124.78,-90],[125.78,-90],[126.78,-90],[127.78,-90],[128.78,-90],[129.78,-90],[130.78,-90],[131.78,-90],[132.78,-90],[133.78,-90],[134.78,-90],[135.78,-90],[136.78,-90],[137.78,-90],[138.78,-90],[139.78,-90],[140.78,-90],[141.78,-90],[142.78,-90],[143.78,-90],[144.78,-90],[145.78,-90],[146.78,-90],[147.78,-90],[148.78,-90],[149.78,-90],[150.78,-90],[151.78,-90],[152.78,-90],[153.78,-90],[154.78,-90],[155.78,-90],[156.78,-90],[157.78,-90],[158.78,-90],[159.78,-90],[160.78,-90],[161.78,-90],[162.78,-90],[163.78,-90],[164.78,-90],[165.78,-90],[166.78,-90],[167.78,-90],[168.78,-90],[169.78,-90],[170.78,-90],[171.78,-90],[172.78,-90],[173.78,-90],[174.78,-90],[175.78,-90],[176.78,-90],[177.78,-90],[178.78,-90],[180,-90],[180,-89.32],[180,-88.32],[180,-87.32],[180,-86.32],[180,-85.32],[180,-84.34],[172.58,-83.84],[169.77,-83.42]]]]},"properties":{"NAME":null,"SUBJECTO":null,"PARTOF":null}},
{"type":"Feature","geometry":{"type":"Polygon","coordinates":[[[10.73,11.29],[9.25,13.29],[6.96,14.25],[3.78,13.66],[3.56,12.18],[4.67,11.51],[7.18,11.05],[8.72,9.04],[9.42,9.04],[10.37,9.52],[10.84,10.58],[10.73,11.29]]]},"properties":{"NAME":"Hausa States","SUBJECTO":"Hausa States","PARTOF":"Hausa States"}},
{"type":"Feature","geometry":{"type":"Polygon","coordinates":[[[12.38,44.73],[11.17,45.07],[11.2,44.14],[12.02,44.17],[12.3,43.28],[11.96,42.01],[13.76,41.21],[13.93,41.75],[13.41,42.36],[14.08,42.63],[13.6,43.53],[12.7,43.93],[12.38,44.73]]]},"properties":{"NAME":"Papal States","SUBJECTO":"Papal States","PARTOF":"Papal States"}},
{"type":"Feature","geometry":{"type":"Polygon","coordinates":[[[48.01,-17.02],[47.48,-16.9],[46.65,-17.73],[45.29,-22.65],[45.53,-23.59],[47.19,-23.12],[48.49,-20.04],[48.01,-17.02]]]},"properties":{"NAME":"Merina Kingdom","SUBJECTO":"Merina Kingdom","PARTOF":"Expansionist Kingdom of Merina"}},
{"type":"Feature","geometry":{"type":"Polygon","coordinates":[[[-3.02,13.66],[-3.83,12.7],[-3.17,10.92],[-1.17,10.85],[0.08,11.73],[-0.06,13.29],[-1.69,13.8],[-3.02,13.66]]]},"properties":{"NAME":"Mossi States","SUBJECTO":"Mossi States","PARTOF":"Mossi States"}},
{"type":"Feature","geometry":{"type":"Polygon","coordinates":[[[20.02,12.64],[22.63,13.22],[22.81,13.76],[22.33,15.33],[21.54,16.6],[20.52,16.48],[19.79,14.97],[19.46,13.26],[19.85,13.22],[20.02,12.64]]]},"properties":{"NAME":"Wadai","SUBJECTO":"Wadai","PARTOF":"Wadai"}},
{"type":"Feature","geometry":{"type":"Polygon","coordinates":[[[22.69,15.33],[23.17,13.58],[24.32,12.79],[29.09,13.16],[30,14.24],[29.15,17.93],[27.46,18.17],[23.11,16.6],[22.69,15.33]]]},"properties":{"NAME":"Darfur","SUBJECTO":"Darfur","PARTOF":"Darfur"}},
{"type":"Feature","geometry":{"type":"Polygon","coordinates":[[[23.5,-10.33],[23.26,-9.67],[23.63,-6.77],[21.33,-6.71],[17.89,-7.38],[17.47,-8.16],[18.25,-11.12],[23.02,-10.82],[23.5,-10.33]]]},"properties":{"NAME":"Lunda","SUBJECTO":"Lunda","PARTOF":"Lunda"}},
{"type":"Feature","geometry":{"type":"Polygon","coordinates":[[[29.2,-5.32],[25.98,-5.14],[25.32,-6.53],[23.63,-6.77],[23.26,-9.67],[23.5,-10.33],[25.47,-10.4],[25.65,-9.97],[26.37,-10.27],[27.34,-9.61],[28.73,-9.73],[29.27,-9.19],[30.36,-9.25],[31,-8.77],[30.15,-7.3],[29.51,-6.72],[29.2,-5.32]]]},"properties":{"NAME":"Luba","SUBJECTO":"Luba","PARTOF":"Luba"}},
{"type":"Feature","geometry":{"type":"Polygon","coordinates":[[[12.37,-6.26],[13.39,-8.16],[13.08,-9.29],[14.33,-9.37],[14.1,-7.38],[14.99,-7.2],[15.05,-6.01],[14.58,-4.77],[13.27,-5.78],[12.37,-6.26]]]},"properties":{"NAME":"Congo","SUBJECTO":"Congo","PARTOF":"Congo"}},
{"type":"Feature","geometry":{"type":"Polygon","coordinates":[[[8.82,38.98],[9.48,39.14],[9.79,40.56],[9.31,41.18],[8.24,40.86],[8.37,39.31],[8.82,38.98]]]},"properties":{"NAME":"Sardinia","SUBJECTO":"Sardinia","PARTOF":"Sardinia"}},
{"type":"Feature","geometry":{"type":"Polygon","coordinates":[[[14.08,42.63],[13.41,42.36],[13.93,41.75],[13.76,41.21],[14.9,40.24],[15.67,40.09],[16.21,38.78],[15.63,38.23],[16.05,37.93],[17.09,38.92],[16.53,39.7],[16.95,40.48],[17.85,40.24],[18.03,40.6],[15.87,41.5],[16.01,41.9],[14.92,41.97],[14.08,42.63]]]},"properties":{"NAME":"Naples","SUBJECTO":"Naples","PARTOF":"Naples"}},
{"type":"Feature","geometry":{"type":"Polygon","coordinates":[[[14.94,36.74],[15.39,38.21],[13.81,37.97],[13.32,38.22],[12.45,37.77],[14.94,36.74]]]},"properties":{"NAME":"Sicily","SUBJECTO":"Sicily","PARTOF":"Sicily"}},
{"type":"Feature","geometry":{"type":"Polygon","coordinates":[[[101.97,22.53],[102.99,20.94],[104.13,20.94],[104.72,20.2],[104,19.7],[103.9,19.31],[104.81,18.72],[106.64,16.48],[107.11,16.17],[107.46,15],[107.3,14.18],[107.48,13.26],[107.48,12.58],[106.85,10.58],[107.27,10.35],[108.7,11.15],[109.07,11.64],[109.31,12.91],[108.79,15.09],[108.24,16.08],[106.43,17.55],[106.36,18.01],[105.53,18.84],[105.84,19.7],[106.81,20.91],[107.37,20.88],[107.88,21.46],[107.1,21.65],[106.51,22.33],[106.59,22.93],[105.31,23.3],[104.48,22.78],[101.97,22.53]]]},"properties":{"NAME":"Đại Việt","SUBJECTO":"Đại Việt","PARTOF":"Đại Việt"}},
{"type":"Feature","geometry":{"type":"Polygon","coordinates":[[[102.67,12.04],[103.04,10.9],[104.16,10.52],[104.98,9.98],[104.74,8.49],[106.48,9.55],[106.85,10.58],[107.48,12.58],[107.48,13.26],[105.02,13.41],[103.66,12.85],[102.67,12.04]]]},"properties":{"NAME":"Cambodia","SUBJECTO":"Cambodia","PARTOF":"Cambodia"}},
{"type":"Feature","geometry":{"type":"Polygon","coordinates":[[[6.53,16.71],[7.78,16.58],[8.41,17.21],[8.16,18.21],[7.16,18.46],[6.53,17.96],[6.53,16.71]]]},"properties":{"NAME":null,"SUBJECTO":null,"PARTOF":null}},
{"type":"Feature","geometry":{"type":"Polygon","coordinates":[[[57.4,23.84],[57.62,22.7],[58.18,21.85],[58.77,20.94],[59.84,22.28],[58.63,23.46],[57.4,23.84]]]},"properties":{"NAME":"Oman","SUBJECTO":"Oman","PARTOF":"Oman"}},
{"type":"Feature","geometry":{"type":"Polygon","coordinates":[[[47.49,43.58],[46.87,44.68],[44.75,44.44],[43.88,44.81],[43.38,46.19],[42.26,46.81],[40.63,46.69],[40.38,45.44],[39.63,45.69],[37.47,44.69],[38.92,44.21],[40.25,43.27],[41.41,42.79],[41.48,41.44],[42.88,41.55],[43.96,42.59],[44.98,42.77],[47.35,41.3],[48.22,41.47],[47.25,42.78],[47.49,43.58]]]},"properties":{"NAME":"Astrakhan Khanate","SUBJECTO":"Nogai Horde","PARTOF":"Astrakhan Khanate"}},
{"type":"Feature","geometry":{"type":"Polygon","coordinates":[[[-2,48.68],[-3.09,48.87],[-4.76,48.55],[-4.31,48.1],[-2.58,47.32],[-1.75,48.18],[-2,48.68]]]},"properties":{"NAME":"Britany","SUBJECTO":"Britany","PARTOF":"Britany"}},
{"type":"Feature","geometry":{"type":"Polygon","coordinates":[[[9.57,46.04],[10.51,45.37],[11.17,45.07],[12.38,44.73],[12.18,45.21],[13.37,45.69],[13.71,46.84],[12.07,46.93],[11.17,45.74],[10.52,45.74],[10.56,46.5],[9.57,46.04]]]},"properties":{"NAME":"Venice","SUBJECTO":"Venice","PARTOF":"Venice"}},
{"type":"Feature","geometry":{"type":"Polygon","coordinates":[[[5.38,5.61],[6.9,6.13],[7.37,6.94],[7.37,7.91],[6.88,8.64],[5.34,8.72],[4.82,7.93],[3.95,6.58],[5.38,5.61]]]},"properties":{"NAME":"Benin","SUBJECTO":"Benin","PARTOF":"Benin"}},
{"type":"Feature","geometry":{"type":"Polygon","coordinates":[[[53.96,19.73],[56.95,20.64],[58.18,21.85],[57.62,22.7],[57.4,23.84],[56.41,24.82],[56.37,26.24],[54.35,24.15],[53.69,23.99],[51.29,24.28],[51.59,25.61],[51.07,25.95],[50.97,24.44],[50.57,23.85],[49.7,24.41],[49.4,26.08],[48.47,26.7],[47.44,28.83],[46.51,28.97],[46.91,29.44],[44.08,30.34],[40.03,34.39],[38.04,34.6],[37.21,33.57],[36.52,31.16],[36.59,29.79],[37.42,27.83],[38.81,24.84],[40.65,24.15],[41.07,22.26],[41.81,21.71],[41.92,20.77],[43.07,18.65],[43.49,16.62],[44.51,14.1],[45.26,13.83],[46.34,14.1],[46.66,15.42],[47.84,16.42],[50.51,17.15],[53.96,19.73]]]},"properties":{"NAME":null,"SUBJECTO":null,"PARTOF":null}},
{"type":"Feature","geometry":{"type":"Polygon","coordinates":[[[50.51,17.15],[47.84,16.42],[46.66,15.42],[46.34,14.1],[46.88,13.47],[48.04,14.05],[48.96,14.22],[49.33,14.63],[51.6,15.38],[50.51,17.15]]]},"properties":{"NAME":"Hadramaut","SUBJECTO":"Hadramaut","PARTOF":"Hadramaut"}},
{"type":"Feature","geometry":{"type":"Polygon","coordinates":[[[50.51,17.15],[51.6,15.38],[52.89,16.61],[54.08,17.02],[54.91,16.97],[55.39,17.81],[53.96,19.73],[50.51,17.15]]]},"properties":{"NAME":"Mahra","SUBJECTO":"Mahra","PARTOF":"Mahra"}},
{"type":"Feature","geometry":{"type":"Polygon","coordinates":[[[53.96,19.73],[55.39,17.81],[56.26,17.98],[56.74,18.69],[57.84,19.03],[57.81,20.17],[58.51,20.42],[58.77,20.94],[58.18,21.85],[56.95,20.64],[53.96,19.73]]]},"properties":{"NAME":"Gharra","SUBJECTO":"Gharra","PARTOF":"Gharra"}},
{"type":"Feature","geometry":{"type":"Polygon","coordinates":[[[-71.41,-32.73],[-67.92,-26.26],[-67.67,-23.76],[-67.92,-22.01],[-66.54,-19.77],[-66.54,-18.27],[-67,-15.79],[-69.27,-15.22],[-69.6,-14.23],[-70.52,-13.74],[-74.29,-12.65],[-77.89,-6.98],[-77.93,-3.1],[-78.39,-2.91],[-78.56,-2.13],[-77.94,-1.72],[-77.99,2.47],[-79.06,1.68],[-79.38,1.02],[-80.09,0.82],[-80.34,-0.66],[-80.97,-1.03],[-80.74,-2.12],[-80.36,-2.73],[-79.81,-2.17],[-80.14,-3.41],[-81.3,-4.33],[-81.42,-4.68],[-80.88,-5.59],[-81.3,-6.04],[-80.07,-6.76],[-79.06,-8.22],[-77.69,-10.84],[-76.24,-13.5],[-76.24,-14.11],[-75.23,-15.22],[-74.05,-16.04],[-71.61,-17.22],[-70.58,-18.08],[-70.21,-19.07],[-70.11,-21.75],[-70.36,-23.66],[-70.4,-25.25],[-70.93,-27.73],[-71.43,-29.1],[-71.33,-30.1],[-71.68,-30.6],[-71.52,-32.18],[-71.41,-32.73]]]},"properties":{"NAME":"Inca Empire","SUBJECTO":"Inca Empire","PARTOF":"Inca Empire"}},
{"type":"Feature","geometry":{"type":"MultiPolygon","coordinates":[[[[-51.12,-31.47],[-50.47,-30.74],[-49.94,-29.63],[-48.94,-28.7],[-48.73,-28.37],[-48.56,-27.68],[-48.72,-25.43],[-46.21,-23.88],[-45.46,-23.86],[-44.56,-22.99],[-41.96,-22.92],[-41.93,-22.55],[-40.98,-22.09],[-40.93,-21.28],[-39.69,-19.41],[-39.67,-18.23],[-39.14,-17.77],[-38.95,-16],[-39.13,-14.32],[-38.8,-12.63],[-38.27,-12.89],[-37.19,-10.84],[-35.6,-9.63],[-35.11,-8.66],[-34.89,-7.61],[-35.46,-5.27],[-37.18,-4.95],[-38.79,-3.6],[-40.23,-2.85],[-41.1,-2.97],[-42.32,-2.82],[-43.33,-2.43],[-44.59,-3.15],[-44.46,-2.27],[-44.8,-1.74],[-47.24,-0.68],[-48.04,-0.82],[-48.39,-1.41],[-49.42,-2.36],[-49.29,-1.79],[-50.64,-1.88],[-50.98,-1.11],[-52.02,-1.57],[-51.53,-0.43],[-50.65,0.27],[-49.88,1.21],[-49.97,1.73],[-50.69,2.22],[-51.21,4.07],[-51.71,4.23],[-53.03,5.43],[-54.29,5.88],[-56.75,6],[-57.07,5.84],[-58.01,6.79],[-58.51,6.56],[-58.62,7.5],[-59.83,8.44],[-61.76,8.58],[-61.29,8.77],[-61.12,9.17],[-61.29,8.77],[-63.07,8.33],[-65.97,8.18],[-69.81,8.49],[-70.68,8.56],[-72.24,8.99],[-72.54,10.2],[-73.24,10.2],[-75.25,7.89],[-77.4,6.67],[-77.5,5.51],[-77.11,3.79],[-77.99,2.47],[-77.94,-1.72],[-77.85,-1.67],[-77.25,-2.1],[-77.25,-2.76],[-77.9,-3.11],[-77.93,-3.1],[-77.89,-6.98],[-74.29,-12.65],[-70.52,-13.74],[-69.6,-14.23],[-69.27,-15.22],[-67,-15.79],[-66.54,-18.27],[-66.54,-19.77],[-67.92,-22.01],[-67.67,-23.76],[-67.92,-26.26],[-71.41,-32.73],[-71.62,-33.71],[-72.63,-35.65],[-73.14,-37.16],[-73.28,-37.28],[-71.03,-37.21],[-70.29,-36.47],[-69.37,-34.44],[-69.37,-32.6],[-68.44,-30.94],[-68.41,-30.48],[-68.26,-28.54],[-67.15,-25.22],[-65.49,-19.14],[-65.72,-18.08],[-64.66,-16.8],[-64.19,-14.69],[-69.05,-8.24],[-70.16,-5.74],[-66.41,3.04],[-62.66,4.15],[-58.56,3.98],[-55.86,1.7],[-55.8,0.88],[-57.97,-0.59],[-58.44,-2.29],[-56.33,-4.33],[-54.16,-4.63],[-49.07,-4.74],[-46.28,-3.55],[-53.12,-14.28],[-48.47,-23.75],[-49.49,-24.55],[-49.84,-26.8],[-48.8,-28.48],[-49.55,-29.16],[-49.94,-29.63],[-50.47,-30.74],[-51.12,-31.47]]],[[[-72.59,-41.62],[-72.73,-41.55],[-73.46,-41.79],[-72.59,-41.62]]],[[[-65.78,-47.71],[-67.58,-49.06],[-67.83,-49.97],[-69.04,-50.56],[-69.11,-51.35],[-69.08,-51.5],[-69.04,-50.56],[-67.83,-49.97],[-67.58,-49.06],[-65.78,-47.71]]],[[[-71.44,-53.88],[-70.73,-52.8],[-69.24,-52.29],[-68.46,-52.42],[-69.24,-52.29],[-70.73,-52.8],[-71.44,-53.88]]],[[[-50.61,-30.3],[-51.23,-30.27],[-51.45,-31.02],[-52.04,-31.56],[-52.14,-31.74],[-52.35,-32.68],[-54.07,-34.65],[-54.62,-34.92],[-56.34,-35],[-58.34,-34.22],[-58.52,-34.59],[-58.34,-34.22],[-56.34,-35],[-54.62,-34.92],[-54.07,-34.65],[-52.35,-32.68],[-52.04,-31.56],[-51.45,-31.02],[-51.23,-30.27],[-50.61,-30.3]]],[[[-62.35,-39.33],[-62.31,-38.88],[-61.36,-39.03],[-59.52,-38.87],[-57.81,-38.39],[-56.7,-36.94],[-57.81,-38.39],[-59.52,-38.87],[-61.36,-39.03],[-62.31,-38.88],[-62.35,-39.33]]]]},"properties":{"NAME":null,"SUBJECTO":null,"PARTOF":null}},
{"type":"Feature","geometry":{"type":"Polygon","coordinates":[[[-98.17,28.25],[-97.55,27.92],[-95.17,29.11],[-95.82,29.64],[-97.53,28.68],[-97.65,28.56],[-98.17,28.25]]]},"properties":{"NAME":"Karankawa","SUBJECTO":"Karankawa","PARTOF":"Karankawa"}},
{"type":"Feature","geometry":{"type":"Polygon","coordinates":[[[-88.3,17.64],[-88.14,18.89],[-87.88,18.38],[-87.65,20.19],[-86.94,20.98],[-87.2,21.53],[-88.33,21.59],[-90,21.16],[-90,19.38],[-88.3,17.64]]]},"properties":{"NAME":"Mayas","SUBJECTO":"Mayas","PARTOF":"Mayas"}},
{"type":"Feature","geometry":{"type":"Polygon","coordinates":[[[-16.45,16.12],[-17.43,14.81],[-16.47,13.72],[-16.77,12.6],[-15.81,11.84],[-15.1,11.81],[-15.34,11.22],[-13.68,9.92],[-13.28,9.27],[-10.95,11.43],[-10.78,13.95],[-12.97,15.3],[-16.45,16.12]]]},"properties":{"NAME":"Senegal","SUBJECTO":"Senegal","PARTOF":"Senegal"}},
{"type":"Feature","geometry":{"type":"Polygon","coordinates":[[[-11.29,10.58],[-10.95,9.41],[-9.94,8.56],[-7.92,8.56],[-6.91,9.91],[-6.91,11.09],[-8.09,11.76],[-9.94,11.6],[-11.29,10.58]]]},"properties":{"NAME":null,"SUBJECTO":null,"PARTOF":null}},
{"type":"Feature","geometry":{"type":"Polygon","coordinates":[[[5.34,8.72],[4.64,9.81],[4.04,10.27],[2.82,10.18],[2.42,9.05],[3.37,8.06],[4.82,7.93],[5.34,8.72]]]},"properties":{"NAME":"Oyo","SUBJECTO":"Oyo","PARTOF":"Oyo"}},
{"type":"Feature","geometry":{"type":"MultiPolygon","coordinates":[[[[-0.3,5.48],[0.94,5.76],[1.18,6.08],[0.55,8.24],[0.12,8.54],[0.31,7.1],[0.1,6.34],[-0.63,6.75],[0.11,6.9],[-0.19,7.96],[-0.82,8.43],[-1.17,8.19],[-1.17,7.3],[-0.3,5.48]]],[[[0.09,8.56],[-0.77,8.46],[0.05,7.79],[0.09,8.56]]]]},"properties":{"NAME":"Akan","SUBJECTO":"Akan","PARTOF":"Akan"}},
{"type":"Feature","geometry":{"type":"Polygon","coordinates":[[[-0.06,13.29],[1.93,12.33],[2.74,12.47],[3.56,13.29],[3.41,14.1],[1.19,17.06],[-0.51,20.97],[-1.47,21.56],[-3.54,21.27],[-5.9,17.79],[-7.45,15.13],[-7.45,14.03],[-6.49,12.77],[-5.68,12.62],[-3.02,13.66],[-1.69,13.8],[-0.06,13.29]]]},"properties":{"NAME":"Songhai","SUBJECTO":"Songhai","PARTOF":"Songhai"}},
{"type":"Feature","geometry":{"type":"Polygon","coordinates":[[[8.34,3.19],[8.58,3.07],[8.83,3.61],[8.34,3.19]]]},"properties":{"NAME":null,"SUBJECTO":null,"PARTOF":null}},
{"type":"Feature","geometry":{"type":"Polygon","coordinates":[[[34.38,-20.27],[34.75,-18.94],[32.68,-16.79],[31.72,-16.5],[30.76,-17.02],[30.9,-18.27],[31.49,-19.23],[31.35,-19.97],[30.46,-21.08],[30.24,-21.97],[31.05,-22.34],[32.23,-22.34],[32.9,-21.82],[34.08,-21.75],[34.52,-21.3],[34.38,-20.27]]]},"properties":{"NAME":"Mwenemutapa","SUBJECTO":"Mwenemutapa","PARTOF":"Mwenemutapa"}},
{"type":"Feature","geometry":{"type":"Polygon","coordinates":[[[42.82,4.59],[41.96,5.69],[40.56,6.16],[36.08,5.69],[36.45,2.63],[38.41,1.04],[42.33,1.77],[42.82,2.96],[42.82,4.59]]]},"properties":{"NAME":"Oromo","SUBJECTO":"Oromo","PARTOF":"Oromo"}},
{"type":"Feature","geometry":{"type":"Polygon","coordinates":[[[50.08,11.48],[49.3,11.25],[47.39,11.16],[46.68,10.7],[45.91,10.83],[44.28,10.4],[43.37,11.46],[42.56,11.57],[43.47,12.1],[41.71,13.93],[41.18,12.34],[41.81,8.59],[42.35,7.8],[43.61,7.34],[46.11,7.41],[48.37,8.74],[50.08,11.48]]]},"properties":{"NAME":"Adal","SUBJECTO":"Adal","PARTOF":"Adal"}},
{"type":"Feature","geometry":{"type":"Polygon","coordinates":[[[41.71,13.93],[39.9,15.5],[39.8,15.09],[38.04,16.23],[36.08,16.11],[35.96,14.76],[36.46,8.55],[37.31,7.9],[39.07,7.49],[40.71,7.96],[41.81,8.59],[41.18,12.34],[41.71,13.93]]]},"properties":{"NAME":"Ethiopia","SUBJECTO":"Ethiopia","PARTOF":"Ethiopia"}},
{"type":"Feature","geometry":{"type":"Polygon","coordinates":[[[44.3,1.29],[42.79,1.32],[39.42,-1.38],[37.73,-4.58],[38.24,-9.29],[39.25,-11.14],[40.4,-11.23],[40.62,-10.77],[39.66,-9.8],[39.27,-7.8],[39.57,-7.04],[38.92,-6.34],[39.27,-4.78],[40.92,-2.08],[41.61,-1.59],[42.44,-0.51],[44.3,1.29]]]},"properties":{"NAME":"Islamic city-states","SUBJECTO":"Islamic city-states","PARTOF":"Islamic city-states"}},
{"type":"Feature","geometry":{"type":"Polygon","coordinates":[[[64.68,36.53],[64.35,37.87],[62.66,39.22],[58.62,39.05],[56.43,38.21],[53.94,38.16],[54.07,36.94],[53.8,36.68],[51.8,36.43],[50.25,36.89],[50.47,36.75],[49.56,34.26],[49.45,30.08],[50.13,30.07],[51.35,28.04],[52.41,27.58],[52.89,27.05],[54.65,26.39],[55.9,27.1],[56.79,26.97],[57.25,25.79],[59.03,25.31],[60.48,25.3],[61.99,29.62],[64.19,32.87],[65.53,34.84],[64.68,36.53]]]},"properties":{"NAME":"Safavid Empire","SUBJECTO":"Safavid Empire","PARTOF":"Safavid Empire"}},
{"type":"Feature","geometry":{"type":"Polygon","coordinates":[[[69.65,28.11],[70.75,28.1],[72.94,28.95],[75.3,28.95],[75.75,28.17],[75.41,26.99],[75.75,25.81],[77.77,25.64],[78.28,24.3],[78.95,23.96],[83.84,25.98],[83.7,29.18],[83.4,29.54],[81.45,30.4],[80.17,31.57],[79.33,35.63],[75.25,38.03],[73.81,38.03],[71.57,36.91],[71.25,38.04],[70.58,38.21],[69.9,37.78],[69.23,37.37],[66.34,36.31],[64.68,36.53],[65.53,34.84],[64.19,32.87],[67.38,32.31],[68.73,32.65],[69.57,33.83],[70.24,33.49],[70.24,31.14],[69.57,29.96],[68.57,29.1],[69.06,28.1],[69.65,28.11]]]},"properties":{"NAME":"Mughal Empire","SUBJECTO":"Mughal Empire","PARTOF":"Mughal Empire"}},
{"type":"Feature","geometry":{"type":"Polygon","coordinates":[[[75.75,25.81],[75.41,26.99],[75.75,28.17],[75.3,28.95],[72.94,28.95],[70.75,28.1],[69.65,28.11],[68.82,25.78],[69.01,24.63],[72.72,23.45],[75.75,25.81]]]},"properties":{"NAME":"Rajputana","SUBJECTO":"Rajputana","PARTOF":"Rajputana"}},
{"type":"Feature","geometry":{"type":"Polygon","coordinates":[[[73.49,16.29],[74.73,13.68],[75.21,12.1],[76.08,10.55],[76.7,8.71],[77.34,8.05],[77.9,8.26],[78.31,9],[79.16,9.28],[79.22,10.19],[79.79,10.25],[79.71,11.44],[80.32,13.33],[80.09,15.18],[80.46,15.77],[77.92,16.25],[76.91,16.31],[76.1,15.97],[75.07,15.97],[74.38,16.31],[73.49,16.29]]]},"properties":{"NAME":"Vijayanagara","SUBJECTO":"Vijayanagara","PARTOF":"Vijayanagara"}},
{"type":"Feature","geometry":{"type":"Polygon","coordinates":[[[84.68,20.21],[83.69,19.3],[81.69,17.89],[81.49,17.21],[82.32,17],[84.26,18.46],[85.38,19.61],[84.68,20.21]]]},"properties":{"NAME":"Orissa","SUBJECTO":"Orissa","PARTOF":"Orissa"}},
{"type":"Feature","geometry":{"type":"Polygon","coordinates":[[[84.68,20.21],[85.38,19.61],[86.12,19.81],[86.93,20.69],[86.8,21.14],[88.05,21.94],[88.38,21.58],[90,21.93],[90,22.96],[89.92,24.87],[87.18,24.87],[86.43,21.54],[84.68,20.21]]]},"properties":{"NAME":"Bengal","SUBJECTO":"Bengal","PARTOF":"Bengal"}},
{"type":"Feature","geometry":{"type":"Polygon","coordinates":[[[83.7,29.18],[85.14,28.34],[86.45,27.95],[88.21,27.87],[88.84,28.44],[91.41,27.94],[91.55,26.29],[94.32,26.88],[95.48,27.91],[97.34,28.18],[98.01,28.09],[98.22,27.55],[98.64,27.48],[100.68,28.69],[102.41,33.72],[101.69,36.31],[99.24,38.75],[89.62,36.88],[84.47,36.88],[80.13,36.88],[79.33,35.63],[80.17,31.57],[81.45,30.4],[83.4,29.54],[83.7,29.18]]]},"properties":{"NAME":"Tibet","SUBJECTO":"Tibet","PARTOF":"Tibet"}},
{"type":"Feature","geometry":{"type":"Polygon","coordinates":[[[94.22,21.36],[94.16,24.27],[92.7,25.73],[92.03,25.43],[91.55,26.29],[91.41,27.94],[88.84,28.44],[88.21,27.87],[86.45,27.95],[85.14,28.34],[83.7,29.18],[83.84,25.98],[78.95,23.96],[78.28,24.3],[77.77,25.64],[75.75,25.81],[72.72,23.45],[69.01,24.63],[68.82,25.78],[69.65,28.11],[69.06,28.1],[68.57,29.1],[69.57,29.96],[70.24,31.14],[70.24,33.49],[69.57,33.83],[68.73,32.65],[67.38,32.31],[64.19,32.87],[61.99,29.62],[60.48,25.3],[61.34,25.03],[64.42,25.17],[66.62,25.32],[67.32,24.09],[69.11,22.9],[70.41,22.75],[69.97,22.35],[68.89,22.29],[70.21,20.95],[71.02,20.66],[72.12,21.16],[72.32,22.12],[72.7,22.13],[72.77,21.15],[73.11,20.83],[72.76,20.06],[72.85,19.24],[72.79,19.88],[73.49,19.91],[74.27,21.91],[73.71,22.95],[76.93,23.9],[76.09,21.05],[78.57,20.44],[78.53,19.12],[79.21,18.85],[78.87,18.27],[79.33,17.23],[79.96,17.6],[81.49,17.21],[81.69,17.89],[83.69,19.3],[84.68,20.21],[86.43,21.54],[87.18,24.87],[89.92,24.87],[90,22.96],[90,22.56],[91.41,22.72],[92.18,20.89],[92.83,20.42],[94.22,21.36]]]},"properties":{"NAME":"Islamic and Hindu states","SUBJECTO":"Islamic and Hindu states","PARTOF":"Islamic and Hindu states"}},
{"type":"Feature","geometry":{"type":"Polygon","coordinates":[[[94.22,21.36],[92.83,20.42],[93.97,19.19],[94.42,18.14],[94.46,17.26],[94.95,18.51],[96.95,18.99],[97.37,18.45],[97.71,18.51],[98.02,19.75],[97.89,20.96],[97.86,22.57],[97.31,23.42],[97.19,24.39],[96.22,24.58],[96.04,22.15],[95.07,21.48],[94.22,21.36]]]},"properties":{"NAME":"Burmese kingdoms","SUBJECTO":"Burmese kingdoms","PARTOF":"Burmese kingdoms"}},
{"type":"Feature","geometry":{"type":"Polygon","coordinates":[[[109.43,18.1],[110.26,18.63],[110.89,19.71],[110.62,20.02],[109.55,19.91],[108.58,19.19],[108.65,18.48],[109.43,18.1]]]},"properties":{"NAME":null,"SUBJECTO":null,"PARTOF":null}},
{"type":"Feature","geometry":{"type":"Polygon","coordinates":[[[94.46,17.26],[94.14,16.01],[94.82,16.21],[95.33,15.68],[96.47,16.51],[96.88,17.35],[97.57,16.45],[97.82,14.62],[98.4,13.27],[98.49,14.37],[98.18,15.21],[97.71,18.05],[97.37,18.45],[96.95,18.99],[94.95,18.51],[94.46,17.26]]]},"properties":{"NAME":"Pegu","SUBJECTO":"Pegu","PARTOF":"Pegu"}},
{"type":"Feature","geometry":{"type":"Polygon","coordinates":[[[98.56,21.12],[100.44,20.04],[103.46,19.05],[104,19.7],[104.72,20.2],[104.13,20.94],[102.99,20.94],[101.97,22.53],[101.55,22.28],[100.39,22.46],[98.98,23.15],[98.59,22.57],[98.56,21.12]]]},"properties":{"NAME":"Laos","SUBJECTO":"Laos","PARTOF":"Laos"}},
{"type":"Feature","geometry":{"type":"Polygon","coordinates":[[[97.89,20.96],[98.56,21.12],[98.59,22.57],[98.98,23.15],[98.53,24.15],[97.98,26.15],[98.22,27.55],[98.01,28.09],[97.34,28.18],[95.48,27.91],[94.32,26.88],[91.55,26.29],[92.03,25.43],[92.7,25.73],[94.16,24.27],[94.22,21.36],[95.07,21.48],[96.04,22.15],[96.22,24.58],[97.19,24.39],[97.31,23.42],[97.86,22.57],[97.89,20.96]]]},"properties":{"NAME":"Shan states","SUBJECTO":"Shan states","PARTOF":"Shan states"}},
{"type":"Feature","geometry":{"type":"Polygon","coordinates":[[[98.22,27.55],[97.98,26.15],[98.53,24.15],[98.98,23.15],[100.39,22.46],[101.55,22.28],[101.97,22.53],[104.48,22.78],[105.31,23.3],[106.59,22.93],[106.51,22.33],[107.1,21.65],[107.88,21.46],[108.55,21.82],[109.61,21.06],[109.93,20.24],[110.57,21.23],[112.75,21.76],[113.72,22.48],[115.31,22.77],[115.71,22.64],[117.85,24.05],[119.47,25.77],[119.43,26.59],[120.35,27.18],[121.36,28.39],[121.77,29.83],[121.16,30.19],[119.94,30.12],[121.57,30.71],[121.27,31.45],[121.61,31.83],[120.66,32.54],[119.97,34.14],[119.02,34.69],[120.14,36.19],[120.86,36.58],[122.26,36.73],[122.39,37.3],[121.43,37.34],[120.66,37.74],[119.6,37.12],[118.95,37.08],[118.88,37.95],[117.59,38.28],[117.75,39.2],[118.98,39.22],[119.39,39.84],[120.27,40.15],[121.01,40.85],[122.11,40.35],[121.24,39.55],[121.66,39.33],[121.07,38.75],[123.04,39.67],[124.13,39.84],[125.88,40.95],[126.47,41.65],[128.1,41.45],[127.98,42.11],[128.76,42.06],[129.97,42.96],[130.44,42.28],[131.58,43.21],[132.95,42.67],[134.14,42.99],[136.03,44.4],[137.72,46],[139.21,47.81],[140.08,48.5],[140.32,50.52],[141.26,52.1],[141.12,53.05],[139.38,54.08],[138.42,54.09],[137.98,53.46],[137.24,53.46],[136.16,53.02],[134.68,52.95],[134.24,53.46],[133.42,52.65],[132.02,52.43],[131.13,53.91],[130.54,53.91],[130.91,55.24],[130.39,56.05],[129.21,56.87],[127.58,56.62],[120.39,46.42],[107.71,43.25],[103.56,39.9],[102.12,39.76],[100.54,40.33],[99.39,39.76],[99.24,38.75],[101.69,36.31],[102.41,33.72],[100.68,28.69],[98.64,27.48],[98.22,27.55]]]},"properties":{"NAME":"Ming Chinese Empire","SUBJECTO":"Ming Chinese Empire","PARTOF":"Ming Chinese Empire"}},
{"type":"Feature","geometry":{"type":"Polygon","coordinates":[[[52.61,72.74],[51.48,71.84],[54.31,71.21],[55,70.52],[57.24,70.69],[55.72,71.64],[55.52,72.48],[56.51,73.17],[53.5,73.14],[52.61,72.74]]]},"properties":{"NAME":null,"SUBJECTO":null,"PARTOF":null}},
{"type":"Feature","geometry":{"type":"Polygon","coordinates":[[[55.42,73.55],[56.96,73.36],[58.85,74.69],[60.46,75.16],[66.55,75.98],[68.94,76.61],[59.02,75.8],[56.99,75.27],[55.42,73.55]]]},"properties":{"NAME":"central Asian khanates","SUBJECTO":"central Asian khanates","PARTOF":"central Asian khanates"}},
{"type":"Feature","geometry":{"type":"Polygon","coordinates":[[[80.56,5.93],[81.2,6.08],[81.87,7.08],[80.66,9.3],[80.18,9.45],[79.71,8.93],[79.85,7.06],[80.22,6.06],[80.56,5.93]]]},"properties":{"NAME":"Saylan","SUBJECTO":"Saylan","PARTOF":"Saylan"}},
{"type":"Feature","geometry":{"type":"Polygon","coordinates":[[[96.12,3.95],[96.6,5.08],[95.46,5.57],[95.19,5.41],[96.12,3.95]]]},"properties":{"NAME":"Aceh","SUBJECTO":"Aceh","PARTOF":"Aceh"}},
{"type":"Feature","geometry":{"type":"MultiPolygon","coordinates":[[[[103.31,-0.82],[103.72,0.02],[102.47,0.62],[101.06,2.08],[100.46,2.12],[99.86,2.9],[98.63,3.66],[98.65,2.76],[100.2,0.89],[101.14,-1.37],[103.31,-0.82]]],[[[103.33,3.39],[101.84,3.46],[101.26,3.23],[101.34,2.78],[103.43,1.38],[104.18,1.39],[103.44,2.63],[103.33,3.39]]],[[[109,0.2],[109.93,0.19],[110.82,1.24],[109.28,1.88],[108.81,0.81],[109,0.2]]]]},"properties":{"NAME":"Malacca","SUBJECTO":"Malacca","PARTOF":"Malacca"}},
{"type":"Feature","geometry":{"type":"Polygon","coordinates":[[[-1.95,55.56],[-3.29,55.97],[-2.72,56.18],[-1.94,57.4],[-4.15,57.55],[-3.17,58.52],[-5.35,58.09],[-5.06,57.75],[-6.04,56.47],[-5.27,56.54],[-5.57,55.75],[-4.71,56.13],[-5.11,54.79],[-3.19,54.85],[-1.95,55.56]]]},"properties":{"NAME":"Scotland","SUBJECTO":"Scotland","PARTOF":"Scotland"}},
{"type":"Feature","geometry":{"type":"Polygon","coordinates":[[[-5.7,55.33],[-5.48,55.44],[-5.69,55.63],[-5.7,55.33]]]},"properties":{"NAME":"England and Ireland","SUBJECTO":"England and Ireland","PARTOF":"England and Ireland"}},
{"type":"Feature","geometry":{"type":"Polygon","coordinates":[[[5.54,52.25],[4.64,52.76],[4.26,52.07],[3,51.31],[1.8,50.92],[1.83,50.24],[3.82,50.04],[5.7,49.39],[6.16,49.93],[5.95,51.5],[5.54,52.25]]]},"properties":{"NAME":"Habsburg Netherlands","SUBJECTO":"Habsburg Netherlands","PARTOF":"Habsburg Netherlands"}},
{"type":"Feature","geometry":{"type":"MultiPolygon","coordinates":[[[[-7.43,55.06],[-8.35,55.1],[-8.59,54.2],[-9.89,54.33],[-10.16,53.37],[-9.31,53.12],[-10.22,51.76],[-9.82,51.43],[-6.41,52.21],[-6.04,52.89],[-6.44,53.9],[-5.66,54.32],[-6.02,55.09],[-7.43,55.06]]],[[[-3.19,54.85],[-2.91,53.27],[-3.96,53.21],[-4.29,52.2],[-5,51.7],[-3.07,51.18],[-4.28,51.19],[-5.78,50.13],[-5.28,49.96],[-3.52,50.62],[0.19,50.73],[1.36,51.35],[0.25,51.45],[1.51,52.03],[1.38,52.81],[0.01,52.79],[-0.3,54.03],[-1.39,54.68],[-1.95,55.56],[-3.19,54.85]]]]},"properties":{"NAME":"England and Ireland","SUBJECTO":"England and Ireland","PARTOF":"England and Ireland"}},
{"type":"Feature","geometry":{"type":"Polygon","coordinates":[[[21.01,55.82],[20.99,54.81],[19.33,54.16],[18.67,54.26],[18.79,53.31],[20.33,52.97],[22.82,53.56],[22.39,54.04],[22.8,54.74],[21.01,55.82]]]},"properties":{"NAME":"Prussia","SUBJECTO":"Prussia","PARTOF":"Prussia"}},
{"type":"Feature","geometry":{"type":"Polygon","coordinates":[[[-11,28.65],[-9.53,28.14],[-6.77,29.68],[-4.37,30.63],[-3.76,31.73],[-2.4,32.25],[-1.07,32.45],[-1.68,33.26],[-1.74,34.61],[-2.19,35.05],[-3.01,35.39],[-4.59,35.15],[-5.57,35.86],[-5.93,35.73],[-7,33.87],[-8.31,33.34],[-9.22,32.58],[-9.81,31.29],[-9.66,29.95],[-11,28.65]]]},"properties":{"NAME":"Watassid Morocco","SUBJECTO":"Watassid Morocco","PARTOF":"Watassid Morocco"}},
{"type":"Feature","geometry":{"type":"Polygon","coordinates":[[[-1.07,32.45],[-2.4,32.25],[-3.76,31.73],[-4.37,30.63],[-6.77,29.68],[-9.53,28.14],[-11,28.65],[-11.58,28.23],[-12.87,27.86],[-13.63,26.59],[-14.37,26.12],[-14.82,24.73],[-15.71,23.87],[-16.35,22.49],[-16.98,21.6],[-16.35,20.52],[-15.98,18.18],[-16.45,16.12],[-12.97,15.3],[-10.78,13.95],[-10.95,11.43],[-13.28,9.27],[-12.93,8.63],[-13.21,8.35],[-12.26,7.35],[-9.94,5.86],[-9.25,5.17],[-7.53,4.34],[-5,5.24],[-3.03,5.27],[-2.03,4.7],[-0.3,5.48],[-1.17,7.3],[-1.17,8.19],[-0.82,8.43],[-0.77,8.46],[0.09,8.56],[0.12,8.54],[0.55,8.24],[1.18,6.08],[3.46,6.38],[3.95,6.58],[4.82,7.93],[3.37,8.06],[2.42,9.05],[2.82,10.18],[4.04,10.27],[4.64,9.81],[5.34,8.72],[6.88,8.64],[7.37,7.91],[7.37,6.94],[6.9,6.13],[5.38,5.61],[5.61,4.63],[6.09,4.33],[8.14,4.47],[8.33,4.84],[9.03,4.14],[9.65,4.02],[9.92,2.82],[9.85,1.88],[9.37,1.17],[9.47,0.12],[8.82,-0.9],[9.47,-1.59],[9.66,-2.42],[11.77,-4.54],[12.26,-5.47],[12.37,-6.26],[13.27,-5.78],[14.58,-4.77],[15.05,-6.01],[14.99,-7.2],[14.1,-7.38],[14.33,-9.37],[13.08,-9.29],[13.64,-10.3],[13.81,-11.66],[13.34,-12.65],[12.59,-13.46],[12.06,-15.59],[11.78,-15.87],[11.77,-17.6],[12.08,-18.49],[12.93,-19.74],[13.8,-21.44],[14.42,-22.27],[14.4,-23.07],[14.91,-25.02],[14.84,-25.62],[15.45,-27.62],[16.79,-29.14],[18.18,-31.81],[18.23,-32.9],[17.87,-32.99],[18.46,-33.83],[18.29,-34.25],[19.18,-34.42],[19.88,-34.99],[20.26,-34.62],[21.67,-34.51],[22.68,-34.1],[24.43,-34.33],[25.62,-33.92],[26.66,-33.85],[28.92,-32.3],[30.39,-30.81],[31.56,-29.21],[32.23,-28.74],[32.77,-27.52],[32.9,-26.37],[32.5,-26.07],[33.35,-25.3],[34.88,-24.72],[35.43,-24.23],[35.51,-22.18],[35.26,-22.27],[34.7,-20.57],[34.73,-19.86],[35.91,-19.03],[37.28,-17.71],[39.47,-16.72],[40.39,-15.74],[40.85,-14.58],[40.62,-14.48],[40.4,-11.23],[39.25,-11.14],[38.24,-9.29],[37.73,-4.58],[39.42,-1.38],[42.79,1.32],[44.3,1.29],[45.54,1.97],[46.36,2.67],[48.47,5.2],[49.05,6.42],[50.78,9.37],[51.25,11.66],[50.7,11.95],[50.08,11.48],[48.37,8.74],[46.11,7.41],[43.61,7.34],[42.35,7.8],[41.81,8.59],[40.71,7.96],[39.07,7.49],[37.31,7.9],[36.46,8.55],[35.96,14.76],[36.08,16.11],[38.04,16.23],[39.8,15.09],[39.52,15.46],[38.53,18.16],[37.43,17.7],[36.45,18.07],[35.96,19.42],[37.17,20.76],[36.8,21.91],[35.25,21.37],[32.66,21],[31.64,21.28],[32.16,20.64],[33.88,19.66],[34.61,18.07],[33.63,15.74],[34,13.66],[33.14,11.58],[31.67,11.58],[31.43,13.29],[31.67,15.86],[30.69,16.84],[29.47,19.17],[29.47,20.77],[30.35,22.11],[29.43,22.66],[26.17,30.32],[22.43,31.26],[21.2,31.08],[19.97,29.72],[18.86,29.56],[17.58,30.34],[15.63,30.52],[15.14,25.1],[9.67,24.22],[9.46,25.18],[13.67,26.14],[13.88,31.06],[13.08,31.83],[8.77,33.19],[8.02,33.02],[6.27,31.87],[0.87,31.99],[-1.07,32.45]],[[10.73,11.29],[10.84,10.58],[10.37,9.52],[9.42,9.04],[8.72,9.04],[7.18,11.05],[4.67,11.51],[3.56,12.18],[3.78,13.66],[6.96,14.25],[9.25,13.29],[10.73,11.29]],[[14.81,12.53],[11.91,11.07],[10.73,11.29],[10.21,13.73],[11.39,15.5],[11.61,20.6],[12.06,20.97],[13.31,20.97],[17.01,15.5],[17.3,14.47],[16.89,13.58],[16.48,13.37],[17.16,13.47],[19.46,13.26],[19.79,14.97],[20.52,16.48],[21.54,16.6],[22.33,15.33],[22.81,13.76],[22.63,13.22],[20.02,12.64],[20.21,12.05],[16.63,11.1],[14.99,12.1],[14.81,12.53]],[[34.38,-20.27],[34.52,-21.3],[34.08,-21.75],[32.9,-21.82],[32.23,-22.34],[31.05,-22.34],[30.24,-21.97],[30.46,-21.08],[31.35,-19.97],[31.49,-19.23],[30.9,-18.27],[30.76,-17.02],[31.72,-16.5],[32.68,-16.79],[34.75,-18.94],[34.38,-20.27]],[[-11.29,10.58],[-9.94,11.6],[-8.09,11.76],[-6.91,11.09],[-6.91,9.91],[-7.92,8.56],[-9.94,8.56],[-10.95,9.41],[-11.29,10.58]],[[6.53,16.71],[6.53,17.96],[7.16,18.46],[8.16,18.21],[8.41,17.21],[7.78,16.58],[6.53,16.71]],[[31,-8.77],[30.36,-9.25],[29.27,-9.19],[28.73,-9.73],[27.34,-9.61],[26.37,-10.27],[25.65,-9.97],[25.47,-10.4],[23.5,-10.33],[23.02,-10.82],[18.25,-11.12],[17.47,-8.16],[17.89,-7.38],[21.33,-6.71],[23.63,-6.77],[25.32,-6.53],[25.98,-5.14],[29.2,-5.32],[29.2,-3.34],[29.65,-4.42],[29.95,-5.9],[29.73,-6.09],[29.92,-6.46],[30.53,-6.92],[31.14,-8.45],[31,-8.77]],[[22.69,15.33],[23.11,16.6],[27.46,18.17],[29.15,17.93],[30,14.24],[29.09,13.16],[24.32,12.79],[23.17,13.58],[22.69,15.33]],[[-3.02,13.66],[-5.68,12.62],[-6.49,12.77],[-7.45,14.03],[-7.45,15.13],[-5.9,17.79],[-3.54,21.27],[-1.47,21.56],[-0.51,20.97],[1.19,17.06],[3.41,14.1],[3.56,13.29],[2.74,12.47],[1.93,12.33],[-0.06,13.29],[0.08,11.73],[-1.17,10.85],[-3.17,10.92],[-3.83,12.7],[-3.02,13.66]],[[42.82,4.59],[42.82,2.96],[42.33,1.77],[38.41,1.04],[36.45,2.63],[36.08,5.69],[40.56,6.16],[41.96,5.69],[42.82,4.59]],[[34.89,-13.72],[34.32,-13.38],[34.06,-12.05],[34.32,-11.68],[34,-9.5],[34.52,-10.03],[34.6,-11.04],[34.96,-11.58],[34.73,-12.16],[34.89,-13.72]],[[34.33,-0.34],[33.28,-2.12],[33.42,-2.53],[32.24,-2.28],[31.82,-2.8],[31.72,-0.79],[32.21,0.01],[33.97,0.21],[34.33,-0.34]]]},"properties":{"NAME":null,"SUBJECTO":null,"PARTOF":null}},
{"type":"Feature","geometry":{"type":"Polygon","coordinates":[[[9.43,42.79],[8.61,42.49],[8.73,41.56],[9.17,41.35],[9.43,42.79]]]},"properties":{"NAME":"Holy Roman Empire","SUBJECTO":"Holy Roman Empire","PARTOF":"Holy Roman Empire"}},
{"type":"Feature","geometry":{"type":"Polygon","coordinates":[[[9.7,44.46],[9.98,44.05],[10.74,42.85],[11.96,42.01],[12.3,43.28],[12.02,44.17],[11.2,44.14],[11.17,45.07],[10.51,45.37],[10.28,44.4],[9.7,44.46]]]},"properties":{"NAME":"Florence","SUBJECTO":"Florence","PARTOF":"Florence"}},
{"type":"Feature","geometry":{"type":"Polygon","coordinates":[[[7.47,43.81],[8.67,44.42],[9.98,44.05],[9.7,44.46],[8.22,44.67],[7.47,43.81]]]},"properties":{"NAME":"Genoa","SUBJECTO":"Genoa","PARTOF":"Genoa"}},
{"type":"Feature","geometry":{"type":"Polygon","coordinates":[[[-106.38,37.18],[-108.03,36.61],[-109.33,37.19],[-110.34,37.17],[-110.46,36.24],[-109.88,35.58],[-110.39,35.17],[-111.19,35.45],[-110.97,34.97],[-110.79,34.71],[-110.06,34.47],[-109.28,33.85],[-109.35,34.68],[-109.35,34.72],[-109.38,35.05],[-109.08,35.3],[-108.88,35.37],[-108.44,35.3],[-107.25,35.11],[-106.69,35.98],[-105.27,36.45],[-104.63,36.97],[-106.38,37.18]]]},"properties":{"NAME":"Navaho","SUBJECTO":"Navaho","PARTOF":"Navaho"}},
{"type":"Feature","geometry":{"type":"Polygon","coordinates":[[[-87.78,38.36],[-88.37,37.09],[-87.96,36.87],[-87.69,35.8],[-86.69,35.11],[-86.67,35.1],[-83.25,36.67],[-81.88,37.36],[-82.06,38.33],[-83.1,38.96],[-84.69,39.25],[-86.08,39.2],[-87.55,38.7],[-87.78,38.36]]]},"properties":{"NAME":"Shawnee","SUBJECTO":"Shawnee","PARTOF":"Shawnee"}},
{"type":"Feature","geometry":{"type":"Polygon","coordinates":[[[-91.98,30.23],[-92.02,29.82],[-91.24,29.32],[-89.03,29.12],[-89.52,29.98],[-91.18,29.86],[-91.98,30.23]]]},"properties":{"NAME":"Chtimacha","SUBJECTO":"Chtimacha","PARTOF":"Chtimacha"}},
{"type":"Feature","geometry":{"type":"Polygon","coordinates":[[[-75.37,42.06],[-75.72,41.48],[-75.94,39.65],[-75.86,39.44],[-75.65,38.77],[-75.05,38.54],[-75.62,39.67],[-74.86,38.99],[-74.15,39.77],[-74.22,40.51],[-74.23,40.54],[-73.78,40.88],[-73.74,41.5],[-74.6,42.64],[-75.37,42.06]]]},"properties":{"NAME":"Delaware","SUBJECTO":"Delaware","PARTOF":"Delaware"}},
{"type":"Feature","geometry":{"type":"Polygon","coordinates":[[[-98.42,29.69],[-97.75,30.22],[-97.48,31.1],[-98.4,31.38],[-99.45,32.24],[-99.69,33.94],[-100.55,34.76],[-101.27,35.95],[-101.68,37.62],[-103.3,35.92],[-104.17,35.39],[-104.36,34.89],[-103.83,34.22],[-103.37,32.39],[-100.3,31.12],[-100.11,31.04],[-98.42,29.69]]]},"properties":{"NAME":"Comanche","SUBJECTO":"Comanche","PARTOF":"Comanche"}},
{"type":"Feature","geometry":{"type":"Polygon","coordinates":[[[-101.06,42.42],[-101.39,41.72],[-100.71,41.02],[-99.85,39.81],[-99.52,38.77],[-97.81,38.78],[-97.04,40.25],[-96.72,41.19],[-98.29,42.32],[-100.86,42.76],[-100.87,42.76],[-101.06,42.42]]]},"properties":{"NAME":"Pawnee","SUBJECTO":"Pawnee","PARTOF":"Pawnee"}},
{"type":"Feature","geometry":{"type":"Polygon","coordinates":[[[-103.48,42.61],[-102.23,44.17],[-103.22,45.19],[-103.7,45.3],[-104.55,45.07],[-105.98,43.31],[-104.83,42.24],[-104.16,41.97],[-103.48,42.61]]]},"properties":{"NAME":"Cheyenne","SUBJECTO":"Cheyenne","PARTOF":"Cheyenne"}},
{"type":"Feature","geometry":{"type":"Polygon","coordinates":[[[-85.82,31.86],[-85.67,32.76],[-86.11,32.91],[-87.16,32.95],[-87.32,31.87],[-85.82,31.86]]]},"properties":{"NAME":"Alabama","SUBJECTO":"Alabama","PARTOF":"Alabama"}},
{"type":"Feature","geometry":{"type":"Polygon","coordinates":[[[-89.95,32.96],[-90.76,32.97],[-91.63,32.96],[-91.63,31.94],[-90.41,32.05],[-89.97,32.58],[-89.95,32.96]]]},"properties":{"NAME":"Tunica","SUBJECTO":"Tunica","PARTOF":"Tunica"}},
{"type":"Feature","geometry":{"type":"Polygon","coordinates":[[[-83.74,30.38],[-85.06,30.34],[-85.08,30.31],[-85.3,29.66],[-83.85,30.01],[-83.74,30.38]]]},"properties":{"NAME":"Apalachee","SUBJECTO":"Apalachee","PARTOF":"Apalachee"}},
{"type":"Feature","geometry":{"type":"Polygon","coordinates":[[[-104.54,47.13],[-103.99,47.64],[-105.01,47.76],[-106.19,47.91],[-107.81,47.19],[-110.18,46.78],[-111.55,45.51],[-110.28,44.75],[-107.31,43.98],[-107.18,43.96],[-106.82,43.71],[-105.98,43.31],[-104.55,45.07],[-104.54,47.13]]]},"properties":{"NAME":"Crow","SUBJECTO":"Crow","PARTOF":"Crow"}},
{"type":"Feature","geometry":{"type":"Polygon","coordinates":[[[-95.35,34.05],[-95.45,35.13],[-97.51,34.88],[-98.96,35],[-99.45,34.77],[-99.69,33.94],[-99.45,32.24],[-98.4,31.38],[-97.48,31.1],[-96.83,32.35],[-96.15,33.32],[-95.39,33.61],[-95.35,34.05]]]},"properties":{"NAME":"Wichita","SUBJECTO":"Wichita","PARTOF":"Wichita"}},
{"type":"Feature","geometry":{"type":"Polygon","coordinates":[[[-88.37,37.09],[-87.78,38.36],[-87.74,40.34],[-87.38,41.64],[-87.79,42.83],[-89.1,42.89],[-89.83,42.68],[-91.04,43.84],[-91.14,43.93],[-92.45,42.69],[-91.37,42.11],[-91.33,41.54],[-92.04,40.87],[-92.8,40.34],[-92.22,40.09],[-91.63,38.47],[-90.53,37.94],[-90.81,37.18],[-89.1,36.95],[-88.37,37.09]]]},"properties":{"NAME":"Illinois","SUBJECTO":"Illinois","PARTOF":"Illinnois"}},
{"type":"Feature","geometry":{"type":"Polygon","coordinates":[[[-75.86,39.44],[-76.33,38.54],[-75.67,37.9],[-75.05,38.54],[-75.65,38.77],[-75.86,39.44]]]},"properties":{"NAME":"Ninticoy","SUBJECTO":"Ninticoy","PARTOF":"Ninticoy"}},
{"type":"Feature","geometry":{"type":"Polygon","coordinates":[[[-73.74,41.5],[-73.78,40.88],[-72.43,41.33],[-72.49,41.91],[-73.08,42.18],[-73.74,41.5]]]},"properties":{"NAME":"Wappynger","SUBJECTO":"Wappynger","PARTOF":"Wappynger"}},
{"type":"Feature","geometry":{"type":"Polygon","coordinates":[[[-73.11,44.66],[-73.66,43.27],[-74.6,42.64],[-73.74,41.5],[-73.08,42.18],[-72.52,43.58],[-72.66,43.7],[-72.4,44.39],[-73.11,44.66]]]},"properties":{"NAME":"Mahican","SUBJECTO":"Mahican","PARTOF":"Mahican"}},
{"type":"Feature","geometry":{"type":"Polygon","coordinates":[[[-72.1,42.9],[-72.52,43.58],[-73.08,42.18],[-72.49,41.91],[-72.34,42.21],[-72.1,42.9]]]},"properties":{"NAME":"Pocumtuk","SUBJECTO":"Pocumtuk","PARTOF":"Pocumtuk"}},
{"type":"Feature","geometry":{"type":"Polygon","coordinates":[[[-71.23,45.33],[-71.2,44.5],[-70.54,43.4],[-69.25,43.99],[-68.78,44.63],[-67.17,44.71],[-67.09,44.97],[-67.9,45.67],[-67.84,47.06],[-69.22,47.47],[-71.23,45.33]]]},"properties":{"NAME":"Abnaki","SUBJECTO":"Abnaki","PARTOF":"Abnaki"}},
{"type":"Feature","geometry":{"type":"Polygon","coordinates":[[[-71.74,41.95],[-70.53,42.02],[-71.27,42.58],[-71.74,41.95]]]},"properties":{"NAME":"Massachusett","SUBJECTO":"Massachusett","PARTOF":"Massachusett"}},
{"type":"Feature","geometry":{"type":"Polygon","coordinates":[[[-76.34,39.45],[-75.94,39.65],[-75.72,41.48],[-75.37,42.06],[-78.13,42.4],[-78.79,40.66],[-77.8,39.94],[-76.34,39.45]]]},"properties":{"NAME":"Susquehanna","SUBJECTO":"Susquehanna","PARTOF":"Susquehanna"}},
{"type":"Feature","geometry":{"type":"Polygon","coordinates":[[[-106.53,42.12],[-105.12,40.86],[-104.26,39.82],[-104.16,37.78],[-102.87,37.6],[-102.87,36.38],[-101.68,37.62],[-99.52,38.77],[-99.85,39.81],[-100.71,41.02],[-101.27,41.13],[-103.2,41.61],[-104.16,41.97],[-104.83,42.24],[-105.98,43.31],[-106.82,43.71],[-106.53,42.12]]]},"properties":{"NAME":"Arapaho","SUBJECTO":"Arapaho","PARTOF":"Arapaho"}},
{"type":"Feature","geometry":{"type":"Polygon","coordinates":[[[-97.51,34.88],[-97.41,35.58],[-96.59,37.25],[-97.16,38.29],[-97.81,38.78],[-99.52,38.77],[-101.68,37.62],[-101.27,35.95],[-100.55,34.76],[-99.69,33.94],[-99.45,34.77],[-98.96,35],[-97.51,34.88]]]},"properties":{"NAME":"Kiowa","SUBJECTO":"Kiowa","PARTOF":"Kiowa"}},
{"type":"Feature","geometry":{"type":"Polygon","coordinates":[[[-96.15,33.32],[-96.83,32.35],[-97.48,31.1],[-97.75,30.22],[-98.42,29.69],[-97.54,28.69],[-97.53,28.68],[-95.82,29.64],[-96.21,31.16],[-95.47,31.22],[-95.56,31.67],[-95.23,32.28],[-94.52,32.51],[-95.39,33.61],[-96.15,33.32]]]},"properties":{"NAME":"Tonkawa","SUBJECTO":"Tonkawa","PARTOF":"Tonkawa"}},
{"type":"Feature","geometry":{"type":"Polygon","coordinates":[[[-111.19,35.45],[-110.39,35.17],[-109.88,35.58],[-110.46,36.24],[-111.18,35.48],[-111.19,35.45]]]},"properties":{"NAME":"Hopie","SUBJECTO":"Hopie","PARTOF":"Hopie"}},
{"type":"Feature","geometry":{"type":"Polygon","coordinates":[[[-114.14,34.83],[-113.94,34.35],[-114.33,33.19],[-113.83,32.95],[-112.77,33.14],[-111.77,33.49],[-111.23,33.55],[-111.29,33.91],[-111.54,34.4],[-111.88,35.11],[-112.82,35.16],[-113.59,34.58],[-114.14,34.83]]]},"properties":{"NAME":"Yavapai","SUBJECTO":"Yavapai","PARTOF":"Yavapai"}},
{"type":"Feature","geometry":{"type":"Polygon","coordinates":[[[-115.24,34.01],[-115.49,34.59],[-116.21,34.71],[-116.58,35.75],[-117.51,35.11],[-118.4,35.46],[-119.04,35.22],[-118.6,34.6],[-117.38,34.38],[-116.88,34.16],[-115.24,34.01]]]},"properties":{"NAME":"Serano","SUBJECTO":"Serano","PARTOF":"Serano"}},
{"type":"Feature","geometry":{"type":"Polygon","coordinates":[[[-107.13,33.22],[-106.06,34.48],[-107.08,34.45],[-107.37,33.51],[-107.13,33.22]]]},"properties":{"NAME":"Riro","SUBJECTO":"Riro","PARTOF":"Riro"}},
{"type":"Feature","geometry":{"type":"Polygon","coordinates":[[[-101.14,44.72],[-99.98,44.79],[-100.21,46.35],[-101.27,46.35],[-101.14,44.72]]]},"properties":{"NAME":"Arikara","SUBJECTO":"Arikara","PARTOF":"Arikara"}},
{"type":"Feature","geometry":{"type":"Polygon","coordinates":[[[-121.94,38.18],[-121.82,37.88],[-120.78,38.22],[-119.7,37.62],[-119.61,37.64],[-119.37,37.97],[-119.48,38.32],[-120.11,38.87],[-120.95,38.89],[-121.94,38.18]]]},"properties":{"NAME":"Miwok","SUBJECTO":"Miwok","PARTOF":"Miwok"}},
{"type":"Feature","geometry":{"type":"Polygon","coordinates":[[[-98.01,42.76],[-97.27,42.9],[-96.35,42.47],[-96.1,41.94],[-94.66,42.09],[-94.03,42.63],[-93.99,43.25],[-94.59,44.21],[-95.83,44.51],[-97.28,44.4],[-99.82,44.52],[-99.86,44.33],[-98.01,42.76]]]},"properties":{"NAME":"Yankton","SUBJECTO":"Yankton","PARTOF":"Yankton"}},
{"type":"Feature","geometry":{"type":"Polygon","coordinates":[[[-125.46,49.17],[-123.9,48.47],[-123.86,49.16],[-124.72,49.49],[-125.72,50.41],[-127.85,50.86],[-128.34,50.67],[-125.46,49.17]]]},"properties":{"NAME":"Kwakwaka'wakw","SUBJECTO":"Kwakwaka'wakw","PARTOF":"Kwakwaka'wakw"}},
{"type":"Feature","geometry":{"type":"Polygon","coordinates":[[[-124.58,71.9],[-123.47,71.2],[-120.84,71.53],[-120.45,72.3],[-115.65,73.63],[-117.34,74.17],[-121.24,74.58],[-124.91,74.44],[-124.06,73.87],[-125.9,72.15],[-124.58,71.9]]]},"properties":{"NAME":null,"SUBJECTO":null,"PARTOF":null}},
{"type":"Feature","geometry":{"type":"Polygon","coordinates":[[[-87.05,63.75],[-85.6,63.75],[-85.46,63.21],[-82.73,64.08],[-82.11,64.64],[-85.56,65.86],[-87.05,63.75]]]},"properties":{"NAME":null,"SUBJECTO":null,"PARTOF":null}},
{"type":"Feature","geometry":{"type":"Polygon","coordinates":[[[-76.79,68.15],[-77.06,67.33],[-75.77,67.3],[-75.12,68.11],[-76.79,68.15]]]},"properties":{"NAME":null,"SUBJECTO":null,"PARTOF":null}},
{"type":"Feature","geometry":{"type":"Polygon","coordinates":[[[-98.88,68.89],[-96.79,68.53],[-95.51,68.81],[-97.74,69.83],[-98.88,68.89]]]},"properties":{"NAME":null,"SUBJECTO":null,"PARTOF":null}},
{"type":"Feature","geometry":{"type":"Polygon","coordinates":[[[-111.64,72.73],[-114.47,72.63],[-114.65,73.35],[-117.22,72.86],[-118.99,72.03],[-115.74,71.3],[-118.5,71.05],[-117.76,70.72],[-113.76,70.74],[-111.54,70.33],[-117.57,69.99],[-115.91,69.35],[-113.92,69.25],[-113.15,68.6],[-110.45,68.65],[-107.54,69.06],[-106.85,69.45],[-104.19,68.9],[-101.81,69.14],[-103.36,69.64],[-101.06,70.03],[-103.86,70.7],[-105.31,72.65],[-108.18,73.38],[-107.53,72.02],[-108.99,72.73],[-111.73,72.33],[-111.64,72.73]]]},"properties":{"NAME":null,"SUBJECTO":null,"PARTOF":null}},
{"type":"Feature","geometry":{"type":"Polygon","coordinates":[[[-101.41,72.29],[-98.94,71.39],[-97.28,71.65],[-96.35,72.5],[-98.39,73.13],[-96.94,73.79],[-100.93,73.86],[-99.96,73.26],[-101.41,72.29]]]},"properties":{"NAME":null,"SUBJECTO":null,"PARTOF":null}},
{"type":"Feature","geometry":{"type":"Polygon","coordinates":[[[-95.49,73.61],[-95.06,72.28],[-94.27,72.85],[-92,72.84],[-90,74],[-95.07,74.06],[-95.49,73.61]]]},"properties":{"NAME":null,"SUBJECTO":null,"PARTOF":null}},
{"type":"Feature","geometry":{"type":"MultiPolygon","coordinates":[[[[-94.74,59.86],[-93.42,61.86],[-91.89,62.6],[-92.29,62.92],[-90,62.95],[-90,63.3],[-92.35,63.58],[-93.32,63.97],[-90,63.61],[-89.97,64.19],[-88.38,64.06],[-87.16,65.06],[-88.17,65.13],[-90,65.97],[-87.79,65.35],[-85.99,66.16],[-86.74,66.57],[-83.74,66.31],[-81.5,67.07],[-81.29,67.5],[-82.69,68.7],[-81.48,69.19],[-84.31,69.83],[-85.38,69.7],[-84.56,68.99],[-85.4,68.76],[-86.49,67.38],[-87.33,67.17],[-88.32,67.81],[-87.86,68.28],[-88.91,69.23],[-90,68.37],[-90,69.49],[-92.67,69.74],[-91.66,70.29],[-94.42,71.88],[-96.7,70.84],[-96.13,69.94],[-94.04,69.55],[-93.41,68.54],[-95.32,68.06],[-95.26,67.03],[-96.26,67.32],[-96.21,68.07],[-97.83,68.4],[-97.26,67.6],[-98.89,67.82],[-101.91,67.71],[-105.64,68.35],[-107.66,67.96],[-107.13,66.96],[-110.53,67.92],[-112.5,67.69],[-115.56,67.9],[-114.11,68.35],[-115.29,68.89],[-117.83,69.01],[-122.33,69.88],[-123.08,69.84],[-107.51,58.9],[-94.74,59.86]]],[[[-71.88,63.8],[-71.32,63.06],[-69.16,62.42],[-65.94,61.79],[-66.33,62.32],[-68.48,63.34],[-67.77,63.8],[-64.77,62.48],[-65.04,64.41],[-66.6,64.77],[-68.38,66.28],[-66.91,66.59],[-65.03,65.95],[-64.84,65.38],[-63.35,65.02],[-63.38,65.93],[-61.21,66.64],[-63.93,67.41],[-64.83,67.95],[-66.74,67.93],[-68.67,68.72],[-68.53,69.25],[-66.67,69.19],[-68.47,70.56],[-70.29,70.62],[-72.53,71.63],[-73.28,71.16],[-75.32,72.55],[-78.36,72.58],[-78.57,71.93],[-81.04,72.38],[-80.49,73.04],[-82.7,73.78],[-84.86,73.35],[-85.5,72.61],[-84.29,72.26],[-86.33,71.99],[-86.66,73.1],[-85.25,73.78],[-86.89,73.83],[-89.1,73.2],[-90,71.54],[-87.17,71.02],[-89.15,70.97],[-87.95,70.38],[-80.83,69.71],[-81.01,70.18],[-78.71,70.01],[-79.1,70.66],[-73.18,68.3],[-72.3,67.26],[-74.28,66.06],[-73.42,65.53],[-75.79,65.2],[-77.36,65.38],[-78.1,64.51],[-76.53,64.23],[-74.56,64.78],[-73.16,64.57],[-71.88,63.8]]]]},"properties":{"NAME":"T'atsaot'ine","SUBJECTO":"T'atsaot'ine","PARTOF":"T'atsaot'ine"}},
{"type":"Feature","geometry":{"type":"Polygon","coordinates":[[[-90,75.97],[-90,76.59],[-93.08,76.53],[-91.87,74.79],[-88.14,74.57],[-80.35,74.62],[-79.5,75.28],[-83.56,75.9],[-86.18,75.41],[-89.04,75.46],[-90,75.97]]]},"properties":{"NAME":null,"SUBJECTO":null,"PARTOF":null}},
{"type":"Feature","geometry":{"type":"Polygon","coordinates":[[[-90,82.02],[-89.24,80.86],[-85.19,81.32],[-85.5,80.62],[-78.96,81.03],[-82.26,80.05],[-86.17,80.28],[-83.91,79.26],[-81.6,78.75],[-85.81,78.91],[-84.93,77.35],[-86.44,77.82],[-89.42,76.61],[-85.04,76.41],[-81.38,76.65],[-80.81,76.24],[-78.21,76.55],[-78.37,78.03],[-76.14,78.07],[-74.96,79.12],[-77.24,79.58],[-71.45,79.85],[-66.48,81.3],[-67.59,81.96],[-63.92,82.01],[-62.43,82.63],[-70.58,83.18],[-81.52,82.69],[-80.09,81.97],[-84.95,82.38],[-90,82.02]]]},"properties":{"NAME":null,"SUBJECTO":null,"PARTOF":null}},
{"type":"Feature","geometry":{"type":"Polygon","coordinates":[[[-100.1,75.76],[-99.94,75.08],[-98,75.16],[-97.82,76.48],[-101.75,76.54],[-102.15,75.64],[-100.1,75.76]]]},"properties":{"NAME":null,"SUBJECTO":null,"PARTOF":null}},
{"type":"Feature","geometry":{"type":"Polygon","coordinates":[[[-96.81,76.92],[-93.94,76.4],[-94.2,76.9],[-96.81,76.92]]]},"properties":{"NAME":null,"SUBJECTO":null,"PARTOF":null}},
{"type":"Feature","geometry":{"type":"Polygon","coordinates":[[[-113.02,77.6],[-110.62,77.54],[-109.66,77.95],[-113.02,77.6]]]},"properties":{"NAME":null,"SUBJECTO":null,"PARTOF":null}},
{"type":"Feature","geometry":{"type":"Polygon","coordinates":[[[-98.34,78.8],[-97.46,78.1],[-95.1,78.44],[-98.34,78.8]]]},"properties":{"NAME":null,"SUBJECTO":null,"PARTOF":null}},
{"type":"Feature","geometry":{"type":"Polygon","coordinates":[[[-115.8,76.34],[-115.15,75.76],[-117.4,75.41],[-115.19,75.15],[-112.81,75.42],[-111.37,75.1],[-114.22,74.84],[-112.2,74.5],[-109.07,75.13],[-105.77,75.23],[-105.5,75.85],[-108.16,76.01],[-108.97,76.87],[-110.38,76.43],[-109.14,75.71],[-111.39,75.66],[-114.37,76.47],[-115.8,76.34]]]},"properties":{"NAME":null,"SUBJECTO":null,"PARTOF":null}},
{"type":"Feature","geometry":{"type":"Polygon","coordinates":[[[-121.46,76.27],[-120.45,75.95],[-118.74,76.94],[-116.24,76.78],[-116.36,77.58],[-119.7,77.31],[-122.66,76.54],[-121.46,76.27]]]},"properties":{"NAME":null,"SUBJECTO":null,"PARTOF":null}},
{"type":"Feature","geometry":{"type":"Polygon","coordinates":[[[-100.89,78.18],[-99.89,78.66],[-105.45,79.4],[-100.89,78.18]]]},"properties":{"NAME":null,"SUBJECTO":null,"PARTOF":null}},
{"type":"Feature","geometry":{"type":"Polygon","coordinates":[[[-89.27,80.39],[-92.02,81.26],[-96.59,80.09],[-95.04,79.4],[-93.18,79.53],[-92.7,78.43],[-89.12,78.34],[-85.76,79.38],[-89.27,80.39]]]},"properties":{"NAME":null,"SUBJECTO":null,"PARTOF":null}},
{"type":"Feature","geometry":{"type":"Polygon","coordinates":[[[-76.47,56.55],[-61.41,57.05],[-64.67,60.18],[-65.56,59.58],[-65.93,58.42],[-68,58.17],[-68.57,58.78],[-69.73,58.56],[-69.34,59.21],[-70.03,60.88],[-73.39,62.35],[-75.69,62.22],[-77.36,62.52],[-78,62.1],[-77.46,61.53],[-78.18,60.74],[-77.39,60.69],[-77.21,59.75],[-78.47,58.71],[-76.77,57.66],[-76.47,56.55]]]},"properties":{"NAME":"Naskapi Innu","SUBJECTO":"Naskapi Innu","PARTOF":"Naskapi Innu"}},
{"type":"Feature","geometry":{"type":"Polygon","coordinates":[[[-82.71,28.52],[-82.84,27.84],[-81.74,25.92],[-81.1,25.13],[-80.31,25.24],[-80.05,26.55],[-80.6,28.52],[-82.71,28.52]]]},"properties":{"NAME":"Caloosahatchee culture","SUBJECTO":"Caloosahatchee culture","PARTOF":"Caloosahatchee culture"}},
{"type":"Feature","geometry":{"type":"Polygon","coordinates":[[[-102.59,53.56],[-100.09,52.31],[-98.49,52.35],[-92.14,52.53],[-81.99,52.8],[-82.34,52.98],[-82.33,54.14],[-82.4,54.27],[-82.2,54.97],[-84.47,55.17],[-87.47,55.91],[-88.77,56.74],[-89.73,56.93],[-91.34,57.16],[-92.18,56.97],[-93.07,58.55],[-94.68,58.88],[-94.74,59.86],[-107.51,58.9],[-112.45,58.52],[-111.98,58.29],[-102.59,53.56]]]},"properties":{"NAME":"Cree","SUBJECTO":"Cree","PARTOF":"Cree"}},
{"type":"Feature","geometry":{"type":"Polygon","coordinates":[[[-61.69,17.02],[-61.83,17.16],[-61.89,17.03],[-61.69,17.02]]]},"properties":{"NAME":null,"SUBJECTO":null,"PARTOF":null}},
{"type":"Feature","geometry":{"type":"MultiPolygon","coordinates":[[[[-14.51,28.05],[-13.88,28.2],[-13.78,28.88],[-14.51,28.05]]],[[[-17.29,28.28],[-16.64,28.05],[-16.08,28.54],[-17.29,28.28]]]]},"properties":{"NAME":"Guanches","SUBJECTO":"Guanches","PARTOF":"Guanches"}},
{"type":"Feature","geometry":{"type":"MultiPolygon","coordinates":[[[[137.68,-8.46],[138.3,-8.54],[138.89,-7.78],[138.19,-7.68],[137.68,-8.46]]],[[[149.38,-6.21],[150.28,-6.34],[151.8,-5.71],[152.27,-4.78],[151.54,-4.41],[151.59,-4.9],[150.29,-5.71],[149.87,-5.4],[149.41,-5.74],[148.38,-5.66],[149.38,-6.21]]],[[[142.41,-3.31],[139.59,-2.38],[137.85,-1.61],[137.08,-2.25],[136.27,-2.42],[135.25,-3.54],[134.28,-2.85],[133.91,-1.01],[132.25,-0.53],[131.21,-1.02],[131.06,-1.54],[131.82,-1.67],[132.22,-2.34],[133.86,-2.25],[133.78,-2.72],[132.02,-2.82],[132.75,-3.4],[132.93,-4.27],[133.75,-3.19],[133.86,-3.77],[134.78,-4.31],[137.39,-5.12],[137.82,-5.43],[139.16,-7.73],[138.92,-8.32],[139.98,-8.24],[140.95,-9.27],[142.61,-9.38],[143.33,-9],[142.25,-8.31],[143.44,-8.36],[144.38,-7.76],[145.82,-8.1],[146.65,-9.28],[147.87,-10.18],[149.78,-10.41],[150.49,-10.74],[150.42,-10.29],[148.59,-9.16],[148.03,-8.25],[147.38,-7.8],[146.91,-6.89],[147.74,-6.74],[147.38,-6.12],[145.59,-5.42],[145.73,-5],[143.45,-3.61],[142.41,-3.31]]]]},"properties":{"NAME":"Papuans","SUBJECTO":"Papuans","PARTOF":"Papous"}},
{"type":"Feature","geometry":{"type":"Polygon","coordinates":[[[-59.53,13.05],[-59.43,13.16],[-59.65,13.32],[-59.53,13.05]]]},"properties":{"NAME":null,"SUBJECTO":null,"PARTOF":null}},
{"type":"Feature","geometry":{"type":"Polygon","coordinates":[[[-61.36,15.2],[-61.3,15.57],[-61.49,15.54],[-61.36,15.2]]]},"properties":{"NAME":null,"SUBJECTO":null,"PARTOF":null}},
{"type":"Feature","geometry":{"type":"Polygon","coordinates":[[[-61.75,12],[-61.64,12.03],[-61.61,12.23],[-61.75,12]]]},"properties":{"NAME":null,"SUBJECTO":null,"PARTOF":null}},
{"type":"Feature","geometry":{"type":"Polygon","coordinates":[[[-60.86,14.4],[-61.03,14.83],[-61.23,14.81],[-60.86,14.4]]]},"properties":{"NAME":null,"SUBJECTO":null,"PARTOF":null}},
{"type":"Feature","geometry":{"type":"Polygon","coordinates":[[[-62.17,16.67],[-62.18,16.81],[-62.24,16.71],[-62.17,16.67]]]},"properties":{"NAME":null,"SUBJECTO":null,"PARTOF":null}},
{"type":"Feature","geometry":{"type":"Polygon","coordinates":[[[-63.17,18.16],[-62.99,18.23],[-63.06,18.26],[-63.17,18.16]]]},"properties":{"NAME":null,"SUBJECTO":null,"PARTOF":null}},
{"type":"Feature","geometry":{"type":"Polygon","coordinates":[[[-62.7,17.34],[-62.78,17.29],[-62.62,17.24],[-62.7,17.34]]]},"properties":{"NAME":null,"SUBJECTO":null,"PARTOF":null}},
{"type":"Feature","geometry":{"type":"Polygon","coordinates":[[[-60.95,13.71],[-60.95,14.1],[-61.08,13.9],[-60.95,13.71]]]},"properties":{"NAME":null,"SUBJECTO":null,"PARTOF":null}},
{"type":"Feature","geometry":{"type":"Polygon","coordinates":[[[-61.17,13.13],[-61.14,13.38],[-61.28,13.25],[-61.17,13.13]]]},"properties":{"NAME":null,"SUBJECTO":null,"PARTOF":null}},
{"type":"Feature","geometry":{"type":"Polygon","coordinates":[[[-64.76,17.77],[-64.9,17.68],[-64.67,17.71],[-64.76,17.77]]]},"properties":{"NAME":null,"SUBJECTO":null,"PARTOF":null}},
{"type":"Feature","geometry":{"type":"Polygon","coordinates":[[[-61.35,16.33],[-61.79,16.24],[-61.7,15.95],[-61.35,16.33]]]},"properties":{"NAME":null,"SUBJECTO":null,"PARTOF":null}},
{"type":"Feature","geometry":{"type":"Polygon","coordinates":[[[-68.97,12.2],[-68.83,12.05],[-68.82,12.16],[-68.97,12.2]]]},"properties":{"NAME":null,"SUBJECTO":null,"PARTOF":null}},
{"type":"Feature","geometry":{"type":"Polygon","coordinates":[[[-63.01,18.07],[-63.05,18.12],[-63.14,18.06],[-63.01,18.07]]]},"properties":{"NAME":null,"SUBJECTO":null,"PARTOF":null}},
{"type":"Feature","geometry":{"type":"Polygon","coordinates":[[[-63.14,18.06],[-63.03,18.02],[-63.01,18.07],[-63.14,18.06]]]},"properties":{"NAME":null,"SUBJECTO":null,"PARTOF":null}},
{"type":"Feature","geometry":{"type":"Polygon","coordinates":[[[-91.63,31.94],[-92.7,31.61],[-92.46,30.58],[-91.54,30.8],[-91.25,31.18],[-90.26,31.32],[-90.23,32.02],[-90.41,32.05],[-91.63,31.94]]]},"properties":{"NAME":"Natchez","SUBJECTO":"Natchez","PARTOF":"Natchez"}},
{"type":"Feature","geometry":{"type":"Polygon","coordinates":[[[-100.11,31.04],[-100.3,31.12],[-101.27,29.67],[-100.82,29.3],[-100.33,28.72],[-98.17,28.25],[-97.65,28.56],[-97.54,28.69],[-98.42,29.69],[-100.11,31.04]]]},"properties":{"NAME":"Lipan","SUBJECTO":"Lipan","PARTOF":"Lipan"}},
{"type":"Feature","geometry":{"type":"Polygon","coordinates":[[[-92.85,34.66],[-95.42,34.74],[-95.35,34.05],[-95.39,33.61],[-94.52,32.51],[-95.23,32.28],[-95.56,31.67],[-94.71,30.75],[-92.46,30.58],[-92.7,31.61],[-91.63,31.94],[-91.63,32.96],[-92.85,34.66]]]},"properties":{"NAME":"Caddo","SUBJECTO":"Caddo","PARTOF":"Caddo"}},
{"type":"Feature","geometry":{"type":"Polygon","coordinates":[[[-71.69,45.32],[-72.66,43.7],[-72.52,43.58],[-72.1,42.9],[-71.99,42.63],[-71.27,42.58],[-70.54,43.4],[-71.2,44.5],[-71.23,45.33],[-71.69,45.32]]]},"properties":{"NAME":"Pennacook","SUBJECTO":"Pennacook","PARTOF":"Pennacook"}},
{"type":"Feature","geometry":{"type":"Polygon","coordinates":[[[-116.88,36.75],[-117.91,35.78],[-118.61,35.63],[-118.4,35.46],[-117.51,35.11],[-116.58,35.75],[-116.7,35.99],[-116.88,36.75]]]},"properties":{"NAME":"Kawahsu","SUBJECTO":"Kawahsu","PARTOF":"Kawahsu"}},
{"type":"Feature","geometry":{"type":"Polygon","coordinates":[[[-121.82,37.88],[-121.15,37.36],[-120.9,36.58],[-119.74,35.57],[-119.4,35.28],[-119.04,35.22],[-118.4,35.46],[-118.61,35.63],[-118.64,36.81],[-119.57,37.65],[-119.7,37.62],[-120.78,38.22],[-121.82,37.88]]]},"properties":{"NAME":"Yokuts","SUBJECTO":"Yokuts","PARTOF":"Yokuts"}},
{"type":"Feature","geometry":{"type":"Polygon","coordinates":[[[-113.43,45.36],[-114.21,45.53],[-116.12,44.71],[-116.16,43.02],[-116.88,41.98],[-117.74,38.69],[-118.01,36.62],[-117.91,35.78],[-116.88,36.75],[-115.96,36.47],[-115.66,36.73],[-115.39,38.27],[-113.52,38.89],[-111.87,40.57],[-109.56,40.89],[-105.12,40.86],[-106.53,42.12],[-106.82,43.71],[-107.18,43.96],[-107.75,44.04],[-110.28,44.75],[-111.55,45.51],[-112.4,45.23],[-113.43,45.36]]]},"properties":{"NAME":"Shoshoni","SUBJECTO":"Shoshoni","PARTOF":"Shoshoni"}},
{"type":"Feature","geometry":{"type":"Polygon","coordinates":[[[-123.93,39.82],[-123.8,39.03],[-123.25,38.55],[-122.72,38.69],[-122.72,38.99],[-122.78,39.53],[-122.82,39.53],[-123.93,39.82]]]},"properties":{"NAME":"Pomo","SUBJECTO":"Pomo","PARTOF":"Pomo"}},
{"type":"Feature","geometry":{"type":"Polygon","coordinates":[[[-88.29,30.77],[-88.75,30.39],[-88.21,30.35],[-88.29,30.77]]]},"properties":{"NAME":"Biloxi","SUBJECTO":"Biloxi","PARTOF":"Biloxi"}},
{"type":"Feature","geometry":{"type":"Polygon","coordinates":[[[-117.85,46.35],[-118.95,46.03],[-119,44.93],[-117.39,44.79],[-117.71,45.64],[-117.57,46.02],[-117.85,46.35]]]},"properties":{"NAME":"Cayuse","SUBJECTO":"Cayuse","PARTOF":"Cayuse"}},
{"type":"Feature","geometry":{"type":"Polygon","coordinates":[[[-53.11,48.52],[-54.13,48.84],[-53.51,49.28],[-55.11,49.28],[-56.66,50.06],[-55.42,51.43],[-56.15,51.47],[-57.36,50.6],[-58.13,49.5],[-58.14,48.6],[-59.32,47.96],[-59.16,47.67],[-54.78,47.71],[-55.83,47.13],[-55.41,46.95],[-54.21,47.8],[-54.13,47.11],[-53.07,46.73],[-52.73,47.45],[-53.88,48.19],[-53.11,48.52]]]},"properties":{"NAME":"Beothuk","SUBJECTO":"Beothuk","PARTOF":"Beothuk"}},
{"type":"Feature","geometry":{"type":"Polygon","coordinates":[[[-65.24,50.35],[-64.33,50.3],[-63.85,50.3],[-63.21,50.35],[-61.64,50.28],[-60.14,50.41],[-58.52,51.38],[-56.96,51.49],[-55.66,52.19],[-55.77,53.16],[-58.08,54.08],[-60.25,53.28],[-60.14,53.68],[-57.43,54.58],[-59.69,55.15],[-60.57,55.07],[-60.47,55.66],[-61.79,56.19],[-62.95,54.22],[-64.88,50.33],[-65.24,50.35]]]},"properties":{"NAME":"Montagnais Innu","SUBJECTO":"Montagnais Innu","PARTOF":"Montagnais Innu"}},
{"type":"Feature","geometry":{"type":"Polygon","coordinates":[[[-94.47,38.79],[-91.63,38.47],[-92.22,40.09],[-92.8,40.34],[-93.71,40.18],[-95.02,40.68],[-95.26,39.96],[-94.47,38.79]]]},"properties":{"NAME":"Missouri","SUBJECTO":"Missouri","PARTOF":"Missouri"}},
{"type":"Feature","geometry":{"type":"Polygon","coordinates":[[[-97.04,40.25],[-97.81,38.78],[-97.16,38.29],[-94.47,38.79],[-95.26,39.96],[-97.04,40.25]]]},"properties":{"NAME":"Kansa","SUBJECTO":"Kansa","PARTOF":"Kansa"}},
{"type":"Feature","geometry":{"type":"Polygon","coordinates":[[[-121.46,48.05],[-122.36,48.17],[-122.63,47.49],[-122.48,47.47],[-121.51,47.36],[-121.29,47.45],[-121.28,47.58],[-121.46,48.05]]]},"properties":{"NAME":null,"SUBJECTO":null,"PARTOF":null}},
{"type":"Feature","geometry":{"type":"Polygon","coordinates":[[[-90.81,37.18],[-90.53,37.94],[-91.63,38.47],[-94.47,38.79],[-97.16,38.29],[-96.59,37.25],[-97.41,35.58],[-97.51,34.88],[-95.45,35.13],[-95.35,34.05],[-95.42,34.74],[-92.85,34.66],[-91.84,35.72],[-90.81,37.18]]]},"properties":{"NAME":"Osage","SUBJECTO":"Osage","PARTOF":"Osage"}},
{"type":"Feature","geometry":{"type":"Polygon","coordinates":[[[-89.1,36.95],[-90.81,37.18],[-91.84,35.72],[-92.85,34.66],[-91.63,32.96],[-90.76,32.97],[-90.71,33.38],[-90.48,33.88],[-89.8,35.02],[-89.67,36.19],[-89.1,36.95]]]},"properties":{"NAME":"Quapaw","SUBJECTO":"Quapaw","PARTOF":"Quapaw"}},
{"type":"Feature","geometry":{"type":"Polygon","coordinates":[[[-100.47,47.69],[-101.91,47.16],[-101.58,46.82],[-100.31,46.9],[-100.47,47.69]]]},"properties":{"NAME":null,"SUBJECTO":null,"PARTOF":null}},
{"type":"Feature","geometry":{"type":"Polygon","coordinates":[[[-124.16,48.25],[-124.59,47.91],[-124.28,47.98],[-124.16,48.25]]]},"properties":{"NAME":null,"SUBJECTO":null,"PARTOF":null}},
{"type":"Feature","geometry":{"type":"Polygon","coordinates":[[[-124.28,47.98],[-124.59,47.91],[-124.35,47.53],[-123.75,47.71],[-124.28,47.98]]]},"properties":{"NAME":null,"SUBJECTO":null,"PARTOF":null}},
{"type":"Feature","geometry":{"type":"Polygon","coordinates":[[[-123.13,47.53],[-122.94,48.09],[-123.34,47.66],[-123.13,47.53]]]},"properties":{"NAME":null,"SUBJECTO":null,"PARTOF":null}},
{"type":"Feature","geometry":{"type":"Polygon","coordinates":[[[-123.34,47.66],[-122.94,48.09],[-124.16,48.25],[-124.28,47.98],[-123.75,47.71],[-123.53,47.57],[-123.34,47.66]]]},"properties":{"NAME":null,"SUBJECTO":null,"PARTOF":null}},
{"type":"Feature","geometry":{"type":"Polygon","coordinates":[[[-123.53,47.57],[-123.75,47.71],[-124.35,47.53],[-124.12,47.1],[-123.65,47.42],[-123.53,47.57]]]},"properties":{"NAME":null,"SUBJECTO":null,"PARTOF":null}},
{"type":"Feature","geometry":{"type":"Polygon","coordinates":[[[-123.65,47.42],[-124.12,47.1],[-124.18,46.81],[-123.71,46.63],[-123.17,46.83],[-123.65,47.42]]]},"properties":{"NAME":null,"SUBJECTO":null,"PARTOF":null}},
{"type":"Feature","geometry":{"type":"Polygon","coordinates":[[[-124.57,43.16],[-124.37,42.19],[-123.85,42.28],[-123.88,42.69],[-123.95,43.05],[-124.57,43.16]]]},"properties":{"NAME":null,"SUBJECTO":null,"PARTOF":null}},
{"type":"Feature","geometry":{"type":"Polygon","coordinates":[[[-123.88,42.69],[-123.85,42.28],[-123.55,41.94],[-123.18,42.22],[-123.22,42.68],[-123.88,42.69]]]},"properties":{"NAME":null,"SUBJECTO":null,"PARTOF":null}},
{"type":"Feature","geometry":{"type":"Polygon","coordinates":[[[-123.85,42.28],[-124.37,42.19],[-124.19,41.73],[-123.64,41.8],[-123.55,41.94],[-123.85,42.28]]]},"properties":{"NAME":null,"SUBJECTO":null,"PARTOF":null}},
{"type":"Feature","geometry":{"type":"Polygon","coordinates":[[[-91.04,43.84],[-91.13,43.93],[-91.14,43.93],[-91.04,43.84]]]},"properties":{"NAME":null,"SUBJECTO":null,"PARTOF":null}},
{"type":"Feature","geometry":{"type":"Polygon","coordinates":[[[-124.26,41.02],[-124.35,40.81],[-123.91,41.02],[-124.26,41.02]]]},"properties":{"NAME":null,"SUBJECTO":null,"PARTOF":null}},
{"type":"Feature","geometry":{"type":"Polygon","coordinates":[[[-112.14,32.83],[-112.71,32.71],[-113.73,32.57],[-114.72,31.76],[-113.05,31.14],[-112.72,30.07],[-112.05,30.23],[-111.63,31.63],[-112.14,32.83]]]},"properties":{"NAME":"Papago","SUBJECTO":"Papago","PARTOF":"Papago"}},
{"type":"Feature","geometry":{"type":"Polygon","coordinates":[[[-117.38,34.38],[-118.6,34.6],[-118.67,34.1],[-117.97,33.71],[-117.38,34.38]]]},"properties":{"NAME":null,"SUBJECTO":null,"PARTOF":null}},
{"type":"Feature","geometry":{"type":"Polygon","coordinates":[[[-116.83,33.62],[-116.88,34.16],[-117.38,34.38],[-117.97,33.71],[-117.38,33.11],[-116.44,33.27],[-116.83,33.62]]]},"properties":{"NAME":"Luiseno","SUBJECTO":"Luiseno","PARTOF":"Luiseno"}},
{"type":"Feature","geometry":{"type":"Polygon","coordinates":[[[-90.26,31.32],[-91.25,31.18],[-91.54,30.8],[-90.37,30.76],[-90.26,31.32]]]},"properties":{"NAME":"Houma","SUBJECTO":"Houma","PARTOF":"Houma"}},
{"type":"Feature","geometry":{"type":"Polygon","coordinates":[[[-90.48,33.88],[-90.71,33.38],[-89.03,33.44],[-89.07,33.85],[-90.48,33.88]]]},"properties":{"NAME":null,"SUBJECTO":null,"PARTOF":null}},
{"type":"Feature","geometry":{"type":"Polygon","coordinates":[[[-71.79,41.64],[-71.45,41.43],[-69.92,41.72],[-70.53,42.02],[-71.74,41.95],[-71.79,41.64]]]},"properties":{"NAME":"Cusabo","SUBJECTO":"Cusabo","PARTOF":"Cusabo"}},
{"type":"Feature","geometry":{"type":"Polygon","coordinates":[[[-85.05,34.97],[-83.16,35.96],[-83.25,36.67],[-86.67,35.1],[-85.05,34.97]]]},"properties":{"NAME":"Yuchi","SUBJECTO":"Yuchi","PARTOF":"Yuchi"}},
{"type":"Feature","geometry":{"type":"Polygon","coordinates":[[[-80.22,37.64],[-81.88,37.36],[-83.25,36.67],[-83.16,35.96],[-85.05,34.97],[-85.04,34.97],[-85.09,34.19],[-85.01,33.92],[-83.7,34.05],[-82.49,35],[-82,35.74],[-80.58,36.87],[-80.22,37.64]]]},"properties":{"NAME":"Cherokee","SUBJECTO":"Cherokee","PARTOF":"Cherokee"}},
{"type":"Feature","geometry":{"type":"Polygon","coordinates":[[[-109.35,34.72],[-109.34,34.7],[-109.29,34.64],[-108.37,34.48],[-108.33,34.88],[-108.44,35.3],[-108.88,35.37],[-109.08,35.3],[-109.38,35.05],[-109.35,34.72]]]},"properties":{"NAME":"Zuni","SUBJECTO":"Zuni","PARTOF":"Zuni"}},
{"type":"Feature","geometry":{"type":"Polygon","coordinates":[[[-107.32,33.16],[-107.28,32.66],[-106.45,31.76],[-104.78,30.59],[-103.74,29.23],[-102.72,29.75],[-101.27,29.67],[-100.3,31.12],[-103.37,32.39],[-103.83,34.22],[-104.36,34.89],[-104.17,35.39],[-105.36,35.83],[-105.43,35.27],[-105.79,34.77],[-106.06,34.48],[-107.13,33.22],[-107.32,33.16]]]},"properties":{"NAME":"Mescalero","SUBJECTO":"Mescalero","PARTOF":"Mescalero"}},
{"type":"Feature","geometry":null,"properties":{"NAME":"Apache","SUBJECTO":"Apache","PARTOF":"Apache"}},
{"type":"Feature","geometry":{"type":"Polygon","coordinates":[[[-105.27,36.45],[-105.36,35.83],[-104.17,35.39],[-103.3,35.92],[-102.87,36.38],[-102.87,37.6],[-104.16,37.78],[-104.63,36.97],[-105.27,36.45]]]},"properties":{"NAME":"Jicarilla","SUBJECTO":"Jicarilla","PARTOF":"Jicarilla"}},
{"type":"Feature","geometry":null,"properties":{"NAME":null,"SUBJECTO":null,"PARTOF":null}},
{"type":"Feature","geometry":{"type":"Polygon","coordinates":[[[-103.3,35.92],[-101.68,37.62],[-102.87,36.38],[-103.3,35.92]]]},"properties":{"NAME":null,"SUBJECTO":null,"PARTOF":null}},
{"type":"Feature","geometry":null,"properties":{"NAME":null,"SUBJECTO":null,"PARTOF":null}},
{"type":"Feature","geometry":{"type":"Polygon","coordinates":[[[-114.93,33.89],[-115.24,34.01],[-116.88,34.16],[-116.83,33.62],[-116.44,33.27],[-116.35,33.29],[-115.12,33.5],[-115.06,33.51],[-114.93,33.89]]]},"properties":{"NAME":"Cahulia","SUBJECTO":"Cahulia","PARTOF":"Cahulia"}},
{"type":"Feature","geometry":{"type":"Polygon","coordinates":[[[-115.06,33.51],[-114.33,33.19],[-113.94,34.35],[-114.66,34.35],[-114.93,33.89],[-115.06,33.51]]]},"properties":{"NAME":null,"SUBJECTO":null,"PARTOF":null}},
{"type":"Feature","geometry":{"type":"Polygon","coordinates":[[[-106.79,34.93],[-106.49,35.12],[-106.27,35.27],[-106.46,35.69],[-106.9,35.33],[-106.99,35.37],[-107.25,35.11],[-106.9,34.6],[-106.85,34.77],[-106.79,34.93]]]},"properties":{"NAME":null,"SUBJECTO":null,"PARTOF":null}},
{"type":"Feature","geometry":{"type":"Polygon","coordinates":[[[-106.49,35.12],[-106.79,34.93],[-106.85,34.77],[-106.06,34.48],[-106.49,35.12]]]},"properties":{"NAME":null,"SUBJECTO":null,"PARTOF":null}},
{"type":"Feature","geometry":{"type":"Polygon","coordinates":[[[-107.25,35.11],[-108.44,35.3],[-108.33,34.88],[-108.37,34.48],[-106.9,34.6],[-107.25,35.11]]]},"properties":{"NAME":null,"SUBJECTO":null,"PARTOF":null}},
{"type":"Feature","geometry":{"type":"Polygon","coordinates":[[[-114.14,34.83],[-113.59,34.58],[-112.82,35.16],[-113.37,35.89],[-114.77,36.19],[-114.73,35.74],[-114.14,34.83]]]},"properties":{"NAME":"Walapai","SUBJECTO":"Walapai","PARTOF":"Walapai"}},
{"type":"Feature","geometry":{"type":"Polygon","coordinates":[[[-105.27,36.45],[-105.84,35.96],[-105.36,35.83],[-105.27,36.45]]]},"properties":{"NAME":null,"SUBJECTO":null,"PARTOF":null}},
{"type":"Feature","geometry":{"type":"Polygon","coordinates":[[[-106.49,35.12],[-105.79,34.77],[-105.43,35.27],[-106.14,35.54],[-106.27,35.27],[-106.49,35.12]]]},"properties":{"NAME":"Tano","SUBJECTO":"Tano","PARTOF":"Tano"}},
{"type":"Feature","geometry":{"type":"Polygon","coordinates":[[[-106.69,35.98],[-106.99,35.37],[-106.9,35.33],[-106.46,35.69],[-106.69,35.98]]]},"properties":{"NAME":null,"SUBJECTO":null,"PARTOF":null}},
{"type":"Feature","geometry":{"type":"Polygon","coordinates":[[[-106.69,35.98],[-106.46,35.69],[-106.14,35.54],[-105.43,35.27],[-105.36,35.83],[-105.84,35.96],[-106.69,35.98]]]},"properties":{"NAME":"Pewa","SUBJECTO":"Pewa","PARTOF":"Pewa"}},
{"type":"Feature","geometry":{"type":"Polygon","coordinates":[[[-113.52,38.89],[-112.46,38.68],[-111.75,37.87],[-111.12,37.86],[-110.34,37.17],[-109.33,37.19],[-108.03,36.61],[-106.38,37.18],[-104.63,36.97],[-104.16,37.78],[-104.26,39.82],[-105.12,40.86],[-109.56,40.89],[-111.87,40.57],[-113.52,38.89]]]},"properties":{"NAME":"Ute","SUBJECTO":"Ute","PARTOF":"Ute"}},
{"type":"Feature","geometry":{"type":"Polygon","coordinates":[[[-106.77,24.44],[-107.34,24.22],[-105.54,22.28],[-105.29,21.52],[-105.51,20.1],[-103.75,20.61],[-103.61,21.01],[-104.01,21.39],[-103.53,21.92],[-103.7,21.91],[-104.8,22.06],[-105.29,23.1],[-105.47,22.84],[-106.77,24.44]]]},"properties":{"NAME":"Nayarit","SUBJECTO":"Nayarit","PARTOF":"Nayarit"}},
{"type":"Feature","geometry":{"type":"Polygon","coordinates":[[[-80.6,28.52],[-81.41,30.07],[-81.42,30.98],[-81.89,30.98],[-82.2,30.99],[-82.84,30.99],[-83.74,30.38],[-83.85,30.01],[-82.65,28.91],[-82.71,28.52],[-80.6,28.52]]]},"properties":{"NAME":"Timucua","SUBJECTO":"Timucua","PARTOF":"Timucua"}},
{"type":"Feature","geometry":{"type":"Polygon","coordinates":[[[-77.47,35.2],[-78.24,35.55],[-78.06,36.5],[-80.58,36.87],[-82,35.74],[-82.49,35],[-82.05,34.25],[-81.06,33.95],[-80.48,33.66],[-80.3,33.42],[-79.89,33.22],[-79.43,33.04],[-79.2,33.46],[-77.96,33.93],[-77.2,34.68],[-77.47,35.2]]]},"properties":{"NAME":"Catawba","SUBJECTO":"Catawba","PARTOF":"Catawba"}},
{"type":"Feature","geometry":{"type":"Polygon","coordinates":[[[-77.12,36.68],[-77.1,36.77],[-77.13,36.92],[-77.52,37.18],[-78.05,36.93],[-77.12,36.68]]]},"properties":{"NAME":null,"SUBJECTO":null,"PARTOF":null}},
{"type":"Feature","geometry":{"type":"Polygon","coordinates":[[[-77.25,38.68],[-76.32,38.11],[-76.34,39.45],[-77.8,39.94],[-78.41,39.02],[-77.73,38.7],[-77.25,38.68]]]},"properties":{"NAME":"Conoy","SUBJECTO":"Conoy","PARTOF":"Conoy"}},
{"type":"Feature","geometry":{"type":"Polygon","coordinates":[[[-106.28,51.52],[-108.64,50.2],[-106.19,47.91],[-105.01,47.76],[-103.99,47.64],[-101.91,47.16],[-100.47,47.69],[-98.72,48.28],[-98.35,48.6],[-98.49,52.35],[-100.09,52.31],[-102.59,53.56],[-106.28,51.52]]]},"properties":{"NAME":"Assiniboin","SUBJECTO":"Assiniboin","PARTOF":"Assiniboin"}},
{"type":"Feature","geometry":{"type":"Polygon","coordinates":[[[-113.68,48.5],[-112.59,46.67],[-113.43,45.36],[-112.4,45.23],[-111.55,45.51],[-110.28,44.75],[-107.75,44.04],[-107.31,43.98],[-110.28,44.75],[-111.55,45.51],[-110.18,46.78],[-110.53,49.15],[-109.64,49.65],[-110.61,50.34],[-114.08,49.77],[-114.03,49.62],[-113.68,48.5]]]},"properties":{"NAME":"Blackfoot","SUBJECTO":"Blackfoot","PARTOF":"Blackfoot"}},
{"type":"Feature","geometry":{"type":"Polygon","coordinates":[[[-110.18,46.78],[-107.81,47.19],[-106.19,47.91],[-108.64,50.2],[-109.64,49.65],[-110.53,49.15],[-110.18,46.78]]]},"properties":{"NAME":"Aaniiih","SUBJECTO":"Gros Ventre","PARTOF":"Aaniiih"}},
{"type":"Feature","geometry":{"type":"Polygon","coordinates":[[[-96.72,41.19],[-97.04,40.25],[-95.26,39.96],[-95.02,40.68],[-95.49,40.82],[-96.52,41.21],[-96.72,41.19]]]},"properties":{"NAME":"Oto","SUBJECTO":"Oto","PARTOF":"Oto"}},
{"type":"Feature","geometry":{"type":"Polygon","coordinates":[[[-96.52,41.21],[-95.49,40.82],[-95.02,40.68],[-93.71,40.18],[-92.8,40.34],[-92.04,40.87],[-91.33,41.54],[-91.37,42.11],[-92.45,42.69],[-94.03,42.63],[-94.66,42.09],[-96.1,41.94],[-96.52,41.21]]]},"properties":{"NAME":"Iowa","SUBJECTO":"Iowa","PARTOF":"Iowa"}},
{"type":"Feature","geometry":{"type":"Polygon","coordinates":[[[-98.29,42.32],[-96.72,41.19],[-96.52,41.21],[-96.1,41.94],[-96.35,42.47],[-97.27,42.9],[-98.01,42.76],[-98.29,42.32]]]},"properties":{"NAME":"Omaha","SUBJECTO":"Omaha","PARTOF":"Omaha"}},
{"type":"Feature","geometry":{"type":"Polygon","coordinates":[[[-100.45,44.15],[-100.93,43.89],[-100.86,42.76],[-98.29,42.32],[-98.01,42.76],[-99.86,44.33],[-100.45,44.15]]]},"properties":{"NAME":"Ponca","SUBJECTO":"Ponca","PARTOF":"Ponca"}},
{"type":"Feature","geometry":{"type":"Polygon","coordinates":[[[-95.91,44.63],[-95.83,44.51],[-94.59,44.21],[-93.99,43.25],[-94.03,42.63],[-92.45,42.69],[-91.14,43.93],[-91.13,43.93],[-93.53,46.1],[-93.35,47.24],[-93.86,47.65],[-95.07,47.65],[-96.8,47.17],[-96.51,46.64],[-97.24,45.34],[-95.91,44.63]]]},"properties":{"NAME":"Santee","SUBJECTO":"Santee","PARTOF":"Santee"}},
{"type":"Feature","geometry":{"type":"Polygon","coordinates":[[[-90.7,44.08],[-91.13,43.93],[-91.04,43.84],[-89.83,42.68],[-89.1,42.89],[-88.14,44.05],[-90.7,44.08]]]},"properties":{"NAME":null,"SUBJECTO":null,"PARTOF":null}},
{"type":"Feature","geometry":{"type":"Polygon","coordinates":[[[-101.91,47.16],[-103.99,47.64],[-104.54,47.13],[-104.55,45.07],[-103.7,45.3],[-103.22,45.19],[-102.23,44.17],[-103.48,42.61],[-104.16,41.97],[-103.2,41.61],[-101.27,41.14],[-101.39,41.72],[-101.06,42.42],[-100.87,42.76],[-100.93,43.89],[-100.45,44.15],[-99.86,44.33],[-99.82,44.52],[-99.98,44.79],[-101.14,44.72],[-101.27,46.35],[-101.58,46.82],[-101.91,47.16]]]},"properties":{"NAME":"Teton","SUBJECTO":"Teton","PARTOF":"Teton"}},
{"type":"Feature","geometry":{"type":"Polygon","coordinates":[[[-101.58,46.82],[-101.27,46.35],[-100.29,46.62],[-100.31,46.9],[-101.58,46.82]]]},"properties":{"NAME":"Mandan","SUBJECTO":"Mandan","PARTOF":"Mandan"}},
{"type":"Feature","geometry":{"type":"Polygon","coordinates":[[[-98.72,48.28],[-100.47,47.69],[-100.31,46.9],[-100.29,46.62],[-100.21,46.35],[-99.98,44.79],[-99.82,44.52],[-97.28,44.4],[-95.91,44.63],[-97.24,45.34],[-96.51,46.64],[-96.8,47.17],[-98.13,47.6],[-98.72,48.28]]]},"properties":{"NAME":"Yankontai","SUBJECTO":"Yankontai","PARTOF":"Yankontai"}},
{"type":"Feature","geometry":{"type":"Polygon","coordinates":[[[-72.49,41.91],[-72.43,41.33],[-71.79,41.64],[-71.74,41.95],[-72.49,41.91]]]},"properties":{"NAME":null,"SUBJECTO":null,"PARTOF":null}},
{"type":"Feature","geometry":{"type":"Polygon","coordinates":[[[-71.74,41.95],[-71.27,42.58],[-71.99,42.63],[-72.34,42.21],[-72.49,41.91],[-71.74,41.95]]]},"properties":{"NAME":null,"SUBJECTO":null,"PARTOF":null}},
{"type":"Feature","geometry":{"type":"Polygon","coordinates":[[[-122.72,38.69],[-123.25,38.55],[-122.49,38.16],[-122.31,38.22],[-122.35,38.52],[-122.72,38.69]]]},"properties":{"NAME":null,"SUBJECTO":null,"PARTOF":null}},
{"type":"Feature","geometry":{"type":"Polygon","coordinates":[[[-89.32,44.91],[-90.02,45.33],[-90.44,44.4],[-90.7,44.08],[-88.14,44.05],[-87.92,44.35],[-89.32,44.91]]]},"properties":{"NAME":"Fox","SUBJECTO":"Fox","PARTOF":"Fox"}},
{"type":"Feature","geometry":{"type":"Polygon","coordinates":[[[-87.51,46.69],[-88.46,46.92],[-87.88,47.46],[-89.31,46.88],[-90.88,46.6],[-91.41,46.8],[-90.02,45.33],[-89.32,44.91],[-87.97,44.37],[-87.85,44.61],[-87.87,44.88],[-88.67,46.13],[-87.51,46.69]]]},"properties":{"NAME":null,"SUBJECTO":null,"PARTOF":null}},
{"type":"Feature","geometry":{"type":"Polygon","coordinates":[[[-87.62,45.03],[-87.64,45],[-87.62,45.02],[-87.62,45.03]]]},"properties":{"NAME":null,"SUBJECTO":null,"PARTOF":null}},
{"type":"Feature","geometry":{"type":"Polygon","coordinates":[[[-83.27,45.04],[-83.29,45.03],[-83.26,45.02],[-83.27,45.04]]]},"properties":{"NAME":null,"SUBJECTO":null,"PARTOF":null}},
{"type":"Feature","geometry":{"type":"Polygon","coordinates":[[[-91.41,46.8],[-91.15,47.37],[-87.72,48.91],[-81.51,52.14],[-81.75,52.17],[-81.85,52.71],[-81.99,52.8],[-92.14,52.53],[-98.49,52.35],[-98.35,48.6],[-98.72,48.28],[-98.13,47.6],[-96.8,47.17],[-95.07,47.65],[-93.86,47.65],[-93.35,47.24],[-93.53,46.1],[-91.13,43.93],[-90.7,44.08],[-90.44,44.4],[-90.02,45.33],[-91.41,46.8]]]},"properties":{"NAME":"Obiwa","SUBJECTO":"Obiwa","PARTOF":"Obiwa"}},
{"type":"Feature","geometry":{"type":"Polygon","coordinates":[[[-87.79,42.83],[-87.91,43.19],[-87.34,44.82],[-87.85,44.61],[-87.97,44.37],[-87.92,44.35],[-88.14,44.05],[-89.1,42.89],[-87.79,42.83]]]},"properties":{"NAME":"Winebago","SUBJECTO":"Winebago","PARTOF":"Winebago"}},
{"type":"Feature","geometry":{"type":"Polygon","coordinates":[[[-79.61,42.36],[-81.63,41.56],[-82.84,41.46],[-83.13,42.05],[-82.37,43.04],[-82.37,43.05],[-83.74,42.63],[-85.44,41.67],[-85.17,40.64],[-82.96,40.59],[-80.75,40.68],[-79.92,40.42],[-79.14,38.6],[-78.41,39.02],[-77.8,39.94],[-78.79,40.66],[-78.13,42.4],[-79.01,42.61],[-79.61,42.36]]]},"properties":{"NAME":"Erie","SUBJECTO":"Erie","PARTOF":"Erie"}},
{"type":"Feature","geometry":{"type":"Polygon","coordinates":[[[-84.8,45.86],[-85.03,45.37],[-86.07,44.87],[-86.49,44],[-86.25,42.52],[-85.44,41.67],[-83.74,42.63],[-82.37,43.05],[-82.84,44.03],[-83.59,43.67],[-83.29,45.03],[-83.27,45.04],[-84.74,45.86],[-84.8,45.86]]]},"properties":{"NAME":"Potawatomi","SUBJECTO":"Potawatomi","PARTOF":"Potawatomi"}},
{"type":"Feature","geometry":{"type":"Polygon","coordinates":[[[-85.44,41.67],[-86.25,42.52],[-87.38,41.64],[-87.74,40.34],[-87.65,38.88],[-86.32,40.03],[-85.17,40.64],[-85.44,41.67]]]},"properties":{"NAME":"Miami","SUBJECTO":"Miami","PARTOF":"Miami"}},
{"type":"Feature","geometry":{"type":"Polygon","coordinates":[[[-87.62,45.03],[-87,45.86],[-85.38,46.07],[-84.8,45.86],[-84.74,45.86],[-83.74,46.26],[-84.56,46.54],[-85.1,46.75],[-86.73,46.44],[-87.51,46.69],[-88.67,46.13],[-87.87,44.88],[-87.64,45],[-87.62,45.03]]]},"properties":{"NAME":"Menomini","SUBJECTO":"Menomini","PARTOF":"Menomini"}},
{"type":"Feature","geometry":{"type":"Polygon","coordinates":[[[-76.02,44.32],[-76.17,43.63],[-77.76,43.32],[-78.98,43.23],[-78.76,42.75],[-79.01,42.61],[-78.13,42.4],[-75.37,42.06],[-74.6,42.64],[-73.66,43.27],[-73.11,44.66],[-73,45.02],[-74.78,45.02],[-76.02,44.32]]]},"properties":{"NAME":"Iroquois","SUBJECTO":"Iroquois","PARTOF":"Iroquois"}},
{"type":"Feature","geometry":{"type":"Polygon","coordinates":[[[-87.72,48.91],[-86.38,48.73],[-85.8,47.97],[-85.03,47.94],[-84.56,46.54],[-83.74,46.26],[-80.76,45.97],[-79.71,44.74],[-80.22,44.5],[-81.3,45.22],[-81.81,43.32],[-82.37,43.04],[-83.13,42.05],[-82.48,41.96],[-81.44,42.59],[-80.35,42.6],[-80.02,42.81],[-78.89,42.87],[-79.61,42.36],[-79.01,42.61],[-78.76,42.75],[-78.98,43.23],[-77.76,43.32],[-79.79,43.3],[-79.15,43.77],[-77.18,43.84],[-76.02,44.32],[-74.78,45.02],[-73,45.02],[-73.11,44.66],[-72.4,44.39],[-72.66,43.7],[-71.69,45.32],[-71.23,45.33],[-69.22,47.47],[-67.84,47.06],[-67.9,45.67],[-67.09,44.97],[-66.44,45.13],[-67.35,48.85],[-69.25,48.12],[-71.04,46.74],[-69.51,48.46],[-68.31,49.23],[-67.32,49.43],[-66.37,50.31],[-65.24,50.35],[-62.95,54.22],[-61.79,56.19],[-62.33,56.77],[-61.41,57.05],[-76.47,56.55],[-77.23,55.61],[-79.55,54.69],[-78.93,54.08],[-78.74,52.74],[-78.72,52.69],[-78.57,52.49],[-78.55,52.01],[-78.7,51.57],[-79.53,51.42],[-79.34,50.84],[-80.36,51.3],[-81.51,52.14],[-87.72,48.91]]]},"properties":{"NAME":null,"SUBJECTO":null,"PARTOF":null}},
{"type":"Feature","geometry":{"type":"Polygon","coordinates":[[[-85.06,30.34],[-83.74,30.38],[-82.84,30.99],[-82.2,30.99],[-82.55,32.92],[-83.76,33.27],[-84.34,32.75],[-85.06,30.34]]]},"properties":{"NAME":"Hitchiti","SUBJECTO":"Hitchiti","PARTOF":"Hitchiti"}},
{"type":"Feature","geometry":{"type":"Polygon","coordinates":[[[-87.32,31.87],[-87.16,32.95],[-87.11,33.26],[-88.85,33.28],[-89.95,32.96],[-89.97,32.58],[-89.45,32.04],[-90.23,32.02],[-90.26,31.32],[-90.37,30.76],[-91.54,30.8],[-92.46,30.58],[-91.98,30.23],[-91.18,29.86],[-89.52,29.98],[-88.75,30.39],[-88.29,30.77],[-88.24,31.69],[-87.32,31.87]]]},"properties":{"NAME":"Choctaw","SUBJECTO":"Choctaw","PARTOF":"Choctaw"}},
{"type":"Feature","geometry":{"type":"Polygon","coordinates":[[[-86.69,35.11],[-87.69,35.8],[-87.96,36.87],[-88.37,37.09],[-89.1,36.95],[-89.67,36.19],[-89.8,35.02],[-90.48,33.88],[-89.07,33.85],[-89.03,33.44],[-90.71,33.38],[-90.76,32.97],[-89.95,32.96],[-88.85,33.28],[-87.11,33.26],[-86.69,35.11]]]},"properties":{"NAME":"Chickasaw","SUBJECTO":"Chickasaw","PARTOF":"Chickasaw"}},
{"type":"Feature","geometry":{"type":"Polygon","coordinates":[[[-89.97,32.58],[-90.41,32.05],[-90.23,32.02],[-89.45,32.04],[-89.97,32.58]]]},"properties":{"NAME":null,"SUBJECTO":null,"PARTOF":null}},
{"type":"Feature","geometry":{"type":"Polygon","coordinates":[[[-87.32,31.87],[-88.24,31.69],[-88.29,30.77],[-87.77,30.26],[-86.62,30.41],[-86.67,31.86],[-87.32,31.87]]]},"properties":{"NAME":"Naniaho","SUBJECTO":"Naniaho","PARTOF":"Naniaho"}},
{"type":"Feature","geometry":{"type":"Polygon","coordinates":[[[-86.67,35.1],[-87.11,33.26],[-87.16,32.95],[-86.11,32.91],[-86.12,33.55],[-85.01,33.92],[-85.09,34.19],[-85.04,34.97],[-86.23,34.97],[-86.67,35.1]]]},"properties":{"NAME":"Knucati","SUBJECTO":"Knucati","PARTOF":"Knucati"}},
{"type":"Feature","geometry":null,"properties":{"NAME":null,"SUBJECTO":null,"PARTOF":null}},
{"type":"Feature","geometry":null,"properties":{"NAME":null,"SUBJECTO":null,"PARTOF":null}},
{"type":"Feature","geometry":null,"properties":{"NAME":null,"SUBJECTO":null,"PARTOF":null}},
{"type":"Feature","geometry":{"type":"Polygon","coordinates":[[[-85.05,34.97],[-86.67,35.1],[-86.23,34.97],[-85.05,34.97]]]},"properties":{"NAME":null,"SUBJECTO":null,"PARTOF":null}},
{"type":"Feature","geometry":{"type":"Polygon","coordinates":[[[-120.95,35.49],[-120.53,34.51],[-118.67,34.1],[-118.6,34.6],[-119.04,35.22],[-119.4,35.28],[-119.74,35.57],[-120.95,35.49]]]},"properties":{"NAME":"Chumash","SUBJECTO":"Chumash","PARTOF":"Chumash"}},
{"type":"Feature","geometry":{"type":"Polygon","coordinates":[[[-121.98,36.53],[-121.65,36.1],[-121.34,36.46],[-121.98,36.53]]]},"properties":{"NAME":null,"SUBJECTO":null,"PARTOF":null}},
{"type":"Feature","geometry":{"type":"Polygon","coordinates":[[[-123.55,44.73],[-123.43,44.27],[-123.14,43.51],[-122.84,43.5],[-122,43.51],[-122.01,44.34],[-122.11,44.35],[-122.82,45.08],[-123,45.63],[-123.35,45.54],[-123.49,45.02],[-123.55,44.73]]]},"properties":{"NAME":"Kalapuya","SUBJECTO":"Kalapuya","PARTOF":"Kalapuya"}},
{"type":"Feature","geometry":{"type":"Polygon","coordinates":[[[-114.21,45.53],[-114.47,46.37],[-116.43,46.8],[-117.1,46.78],[-117.85,46.35],[-117.57,46.02],[-117.71,45.64],[-117.39,44.79],[-116.12,44.71],[-114.21,45.53]]]},"properties":{"NAME":"Nez Perce","SUBJECTO":"Nez Perce","PARTOF":"Nez Perce"}},
{"type":"Feature","geometry":{"type":"Polygon","coordinates":[[[-117.36,47.9],[-116.15,47.83],[-115.25,47.46],[-115.63,48.3],[-117.29,48.9],[-117.99,48.37],[-117.89,48.28],[-117.36,47.9]]]},"properties":{"NAME":"Kalispel","SUBJECTO":"Kalispel","PARTOF":"Kalispel"}},
{"type":"Feature","geometry":{"type":"Polygon","coordinates":[[[-114.21,45.53],[-113.43,45.36],[-112.59,46.67],[-113.68,48.5],[-115.19,48.94],[-115.63,48.3],[-115.25,47.46],[-116.15,47.83],[-116.43,46.8],[-114.47,46.37],[-114.21,45.53]]]},"properties":{"NAME":"Flathead","SUBJECTO":"Flathead","PARTOF":"Flathead"}},
{"type":"Feature","geometry":{"type":"Polygon","coordinates":[[[-120.41,46.96],[-120.41,47.13],[-121.28,47.58],[-121.29,47.45],[-120.41,46.96]]]},"properties":{"NAME":null,"SUBJECTO":null,"PARTOF":null}},
{"type":"Feature","geometry":{"type":"Polygon","coordinates":[[[-120.07,46.94],[-120.41,46.96],[-121.38,47.01],[-121.51,46.75],[-120.6,45.71],[-120.59,45.72],[-120.17,45.8],[-118.95,46.03],[-119.05,46.75],[-120.07,46.94]]]},"properties":{"NAME":"Yakima","SUBJECTO":"Yakima","PARTOF":"Yakima"}},
{"type":"Feature","geometry":{"type":"Polygon","coordinates":[[[-119.47,44.77],[-119,44.93],[-118.95,46.03],[-120.17,45.8],[-119.47,44.77]]]},"properties":{"NAME":"Umatilla","SUBJECTO":"Umatilla","PARTOF":"Umatilla"}},
{"type":"Feature","geometry":{"type":"Polygon","coordinates":[[[-121.11,45.31],[-121.87,45.1],[-122.11,44.35],[-122.01,44.34],[-119.47,44.77],[-120.17,45.8],[-120.59,45.72],[-121,45.63],[-121.11,45.31]]]},"properties":{"NAME":"Tenimo","SUBJECTO":"Tenimo","PARTOF":"Tenimo"}},
{"type":"Feature","geometry":{"type":"Polygon","coordinates":[[[-120.51,48.75],[-119.98,47.87],[-119.47,47.8],[-119.24,48.71],[-120.51,48.75]]]},"properties":{"NAME":null,"SUBJECTO":null,"PARTOF":null}},
{"type":"Feature","geometry":{"type":"Polygon","coordinates":[[[-117.43,47.01],[-118.85,46.72],[-119.05,46.75],[-118.95,46.03],[-117.85,46.35],[-117.1,46.78],[-117.43,47.01]]]},"properties":{"NAME":null,"SUBJECTO":null,"PARTOF":null}},
{"type":"Feature","geometry":{"type":"Polygon","coordinates":[[[-120.92,49.04],[-120.51,48.75],[-119.24,48.71],[-119.12,49.2],[-120.92,49.04]]]},"properties":{"NAME":null,"SUBJECTO":null,"PARTOF":null}},
{"type":"Feature","geometry":{"type":"Polygon","coordinates":[[[-120.43,40.97],[-121.24,41.08],[-121.18,40.61],[-120.5,40.67],[-120.43,40.97]]]},"properties":{"NAME":null,"SUBJECTO":null,"PARTOF":null}},
{"type":"Feature","geometry":{"type":"Polygon","coordinates":[[[-120.39,42.09],[-121.38,42.33],[-122.17,42.02],[-122.19,42],[-121.97,41.4],[-121.3,41.58],[-120.5,41.81],[-120.39,42.09]]]},"properties":{"NAME":"Modoc","SUBJECTO":"Modoc","PARTOF":"Modoc"}},
{"type":"Feature","geometry":{"type":"Polygon","coordinates":[[[-121.99,39.6],[-121.73,39.03],[-121.04,39.59],[-120.39,39.66],[-120.19,40.1],[-120.5,40.67],[-121.18,40.61],[-121.41,40.58],[-121.98,40.06],[-121.99,39.6]]]},"properties":{"NAME":"Maiou","SUBJECTO":"Maiou","PARTOF":"Maiou"}},
{"type":"Feature","geometry":{"type":"Polygon","coordinates":[[[-121.78,46.65],[-122.14,46.59],[-121.99,46.36],[-121.78,46.65]]]},"properties":{"NAME":null,"SUBJECTO":null,"PARTOF":null}},
{"type":"Feature","geometry":{"type":"Polygon","coordinates":[[[-122.59,47.23],[-122.48,47.47],[-122.63,47.49],[-123.13,47.53],[-123.34,47.66],[-123.53,47.57],[-123.65,47.42],[-123.17,46.83],[-122.59,47.23]]]},"properties":{"NAME":null,"SUBJECTO":null,"PARTOF":null}},
{"type":"Feature","geometry":{"type":"Polygon","coordinates":[[[-121.38,47.01],[-121.51,47.36],[-122.48,47.47],[-122.59,47.23],[-122.14,46.59],[-121.78,46.65],[-121.51,46.75],[-121.38,47.01]]]},"properties":{"NAME":null,"SUBJECTO":null,"PARTOF":null}},
{"type":"Feature","geometry":{"type":"Polygon","coordinates":[[[-121.51,47.36],[-121.38,47.01],[-120.41,46.96],[-121.29,47.45],[-121.51,47.36]]]},"properties":{"NAME":null,"SUBJECTO":null,"PARTOF":null}},
{"type":"Feature","geometry":{"type":"Polygon","coordinates":[[[-122.3,45.01],[-122.28,45],[-122.28,45.01],[-122.3,45.01]]]},"properties":{"NAME":null,"SUBJECTO":null,"PARTOF":null}},
{"type":"Feature","geometry":{"type":"Polygon","coordinates":[[[-121.9,45.68],[-121.9,45.67],[-121.88,45.69],[-121.9,45.68]]]},"properties":{"NAME":null,"SUBJECTO":null,"PARTOF":null}},
{"type":"Feature","geometry":{"type":"Polygon","coordinates":[[[-121.51,46.75],[-121.78,46.65],[-121.99,46.36],[-122.38,45.58],[-121.9,45.68],[-121.88,45.69],[-121,45.63],[-120.59,45.72],[-120.6,45.71],[-121.51,46.75]]]},"properties":{"NAME":"Kijkitat","SUBJECTO":"Kijkitat","PARTOF":"Kijkitat"}},
{"type":"Feature","geometry":{"type":"Polygon","coordinates":[[[-122.11,44.35],[-121.87,45.1],[-122.28,45.01],[-122.28,45],[-122.3,45.01],[-122.82,45.08],[-122.11,44.35]]]},"properties":{"NAME":null,"SUBJECTO":null,"PARTOF":null}},
{"type":"Feature","geometry":{"type":"Polygon","coordinates":[[[-118.78,47.58],[-119.47,47.8],[-119.98,47.87],[-120.07,46.94],[-119.05,46.75],[-118.85,46.72],[-118.78,47.58]]]},"properties":{"NAME":null,"SUBJECTO":null,"PARTOF":null}},
{"type":"Feature","geometry":{"type":"Polygon","coordinates":[[[-121.77,48.65],[-122.5,48.61],[-122.36,48.17],[-121.46,48.05],[-121.38,48.34],[-121.19,48.59],[-121.77,48.65]]]},"properties":{"NAME":null,"SUBJECTO":null,"PARTOF":null}},
{"type":"Feature","geometry":{"type":"Polygon","coordinates":[[[-121.05,48.77],[-121.38,48.34],[-121.46,48.05],[-121.28,47.58],[-120.41,47.13],[-120.07,46.94],[-119.98,47.87],[-120.51,48.75],[-120.92,49.04],[-121.18,49.02],[-121.05,48.77]]]},"properties":{"NAME":null,"SUBJECTO":null,"PARTOF":null}},
{"type":"Feature","geometry":{"type":"Polygon","coordinates":[[[-117.43,47.01],[-117.1,46.78],[-116.43,46.8],[-116.15,47.83],[-117.36,47.9],[-117.43,47.01]]]},"properties":{"NAME":null,"SUBJECTO":null,"PARTOF":null}},
{"type":"Feature","geometry":{"type":"Polygon","coordinates":[[[-117.36,47.9],[-117.89,48.28],[-118.78,47.58],[-118.85,46.72],[-117.43,47.01],[-117.36,47.9]]]},"properties":{"NAME":"Spokane","SUBJECTO":"Spokane","PARTOF":"Spokane"}},
{"type":"Feature","geometry":{"type":"Polygon","coordinates":[[[-117.29,48.9],[-117.34,49.35],[-119.12,49.2],[-119.24,48.71],[-117.99,48.37],[-117.29,48.9]]]},"properties":{"NAME":null,"SUBJECTO":null,"PARTOF":null}},
{"type":"Feature","geometry":{"type":"Polygon","coordinates":[[[-115.63,48.3],[-115.19,48.94],[-113.68,48.5],[-114.03,49.62],[-114.27,49.6],[-117.34,49.35],[-117.29,48.9],[-115.63,48.3]]]},"properties":{"NAME":null,"SUBJECTO":null,"PARTOF":null}},
{"type":"Feature","geometry":{"type":"Polygon","coordinates":[[[-117.99,48.37],[-119.24,48.71],[-119.47,47.8],[-118.78,47.58],[-117.89,48.28],[-117.99,48.37]]]},"properties":{"NAME":null,"SUBJECTO":null,"PARTOF":null}},
{"type":"Feature","geometry":{"type":"Polygon","coordinates":[[[-120.39,39.66],[-121.04,39.59],[-120.95,38.89],[-120.11,38.87],[-120.39,39.66]]]},"properties":{"NAME":null,"SUBJECTO":null,"PARTOF":null}},
{"type":"Feature","geometry":{"type":"Polygon","coordinates":[[[-118.64,36.81],[-118.34,37.24],[-119.37,37.97],[-119.61,37.64],[-119.57,37.65],[-118.64,36.81]]]},"properties":{"NAME":null,"SUBJECTO":null,"PARTOF":null}},
{"type":"Feature","geometry":{"type":"Polygon","coordinates":[[[-118.01,36.62],[-118.34,37.24],[-118.64,36.81],[-118.61,35.63],[-117.91,35.78],[-118.01,36.62]]]},"properties":{"NAME":null,"SUBJECTO":null,"PARTOF":null}},
{"type":"Feature","geometry":{"type":"Polygon","coordinates":[[[-119,44.93],[-119.47,44.77],[-122.01,44.34],[-122,43.51],[-121.89,43.31],[-121.29,43.17],[-120.39,42.09],[-120.5,41.81],[-120.43,40.97],[-120.5,40.67],[-120.19,40.1],[-119.36,38.86],[-119.48,38.32],[-119.37,37.97],[-118.34,37.24],[-118.01,36.62],[-117.74,38.69],[-116.88,41.98],[-116.16,43.02],[-116.12,44.71],[-117.39,44.79],[-119,44.93]]]},"properties":{"NAME":"Northern Paiute","SUBJECTO":"Northern Paiute","PARTOF":"Northern Paiute"}},
{"type":"Feature","geometry":{"type":"Polygon","coordinates":[[[-114.93,35.56],[-115.96,36.47],[-116.88,36.75],[-116.7,35.99],[-116.58,35.75],[-116.21,34.71],[-115.49,34.59],[-115.24,34.01],[-114.93,33.89],[-114.66,34.35],[-114.93,35.56]]]},"properties":{"NAME":null,"SUBJECTO":null,"PARTOF":null}},
{"type":"Feature","geometry":{"type":"Polygon","coordinates":[[[-113.37,35.89],[-112.58,36.38],[-111.2,35.47],[-111.18,35.48],[-110.46,36.24],[-110.34,37.17],[-111.12,37.86],[-111.75,37.87],[-112.46,38.68],[-113.52,38.89],[-115.39,38.27],[-115.66,36.73],[-115.96,36.47],[-114.93,35.56],[-114.73,35.74],[-114.77,36.19],[-113.37,35.89]]]},"properties":{"NAME":"Southern Paiute","SUBJECTO":"Southern Paiute","PARTOF":"Southern Paiute"}},
{"type":"Feature","geometry":{"type":"Polygon","coordinates":[[[-111.19,35.45],[-111.18,35.48],[-111.2,35.47],[-111.19,35.45]]]},"properties":{"NAME":null,"SUBJECTO":null,"PARTOF":null}},
{"type":"Feature","geometry":{"type":"Polygon","coordinates":[[[-124.26,44.36],[-124.14,43.65],[-123.32,43.35],[-123.14,43.51],[-123.43,44.27],[-124.26,44.36]]]},"properties":{"NAME":null,"SUBJECTO":null,"PARTOF":null}},
{"type":"Feature","geometry":{"type":"Polygon","coordinates":[[[-124.15,44.75],[-124.26,44.36],[-123.43,44.27],[-123.55,44.73],[-124.15,44.75]]]},"properties":{"NAME":null,"SUBJECTO":null,"PARTOF":null}},
{"type":"Feature","geometry":{"type":"Polygon","coordinates":[[[-124.06,45.13],[-124.15,44.75],[-123.55,44.73],[-123.49,45.02],[-124.06,45.13]]]},"properties":{"NAME":null,"SUBJECTO":null,"PARTOF":null}},
{"type":"Feature","geometry":{"type":"Polygon","coordinates":[[[-124.04,45.89],[-124.06,45.13],[-123.49,45.02],[-123.35,45.54],[-123.65,45.86],[-124.04,45.89]]]},"properties":{"NAME":null,"SUBJECTO":null,"PARTOF":null}},
{"type":"Feature","geometry":{"type":"Polygon","coordinates":[[[-122.81,45.77],[-122.38,45.58],[-121.99,46.36],[-122.14,46.59],[-122.59,47.23],[-123.17,46.83],[-123.71,46.63],[-122.81,45.77]]]},"properties":{"NAME":null,"SUBJECTO":null,"PARTOF":null}},
{"type":"Feature","geometry":{"type":"Polygon","coordinates":[[[-123.65,45.86],[-123.35,45.54],[-123,45.63],[-122.97,45.65],[-123.65,45.86]]]},"properties":{"NAME":null,"SUBJECTO":null,"PARTOF":null}},
{"type":"Feature","geometry":{"type":"Polygon","coordinates":[[[-122.81,45.77],[-123.71,46.63],[-124.18,46.81],[-124.04,45.89],[-123.65,45.86],[-122.97,45.65],[-122.81,45.77]]]},"properties":{"NAME":null,"SUBJECTO":null,"PARTOF":null}},
{"type":"Feature","geometry":{"type":"Polygon","coordinates":[[[-123.95,43.05],[-123.32,43.35],[-124.14,43.65],[-124.57,43.16],[-123.95,43.05]]]},"properties":{"NAME":null,"SUBJECTO":null,"PARTOF":null}},
{"type":"Feature","geometry":{"type":"Polygon","coordinates":[[[-123.01,42.08],[-123.18,42.22],[-123.55,41.94],[-123.64,41.8],[-123.52,41.36],[-123.28,41.19],[-123.11,41.24],[-123.01,42.08]]]},"properties":{"NAME":null,"SUBJECTO":null,"PARTOF":null}},
{"type":"Feature","geometry":{"type":"Polygon","coordinates":[[[-122.19,42],[-122.17,42.02],[-122.36,42.64],[-122.71,42.89],[-123.22,42.68],[-123.18,42.22],[-123.01,42.08],[-122.19,42]]]},"properties":{"NAME":null,"SUBJECTO":null,"PARTOF":null}},
{"type":"Feature","geometry":{"type":"Polygon","coordinates":[[[-122.79,39.57],[-122.82,39.53],[-122.78,39.53],[-122.79,39.57]]]},"properties":{"NAME":null,"SUBJECTO":null,"PARTOF":null}},
{"type":"Feature","geometry":{"type":"Polygon","coordinates":[[[-122.71,42.89],[-122.84,43.5],[-123.14,43.51],[-123.32,43.35],[-123.95,43.05],[-123.88,42.69],[-123.22,42.68],[-122.71,42.89]]]},"properties":{"NAME":null,"SUBJECTO":null,"PARTOF":null}},
{"type":"Feature","geometry":{"type":"Polygon","coordinates":[[[-122.36,42.64],[-121.89,43.31],[-122,43.51],[-122.84,43.5],[-122.71,42.89],[-122.36,42.64]]]},"properties":{"NAME":null,"SUBJECTO":null,"PARTOF":null}},
{"type":"Feature","geometry":{"type":"Polygon","coordinates":[[[-121.29,43.17],[-121.89,43.31],[-122.36,42.64],[-122.17,42.02],[-121.38,42.33],[-120.39,42.09],[-121.29,43.17]]]},"properties":{"NAME":null,"SUBJECTO":null,"PARTOF":null}},
{"type":"Feature","geometry":{"type":"Polygon","coordinates":[[[-123,40.47],[-123.17,40.45],[-124.02,39.96],[-123.93,39.82],[-122.82,39.53],[-122.79,39.57],[-123,40.47]]]},"properties":{"NAME":null,"SUBJECTO":null,"PARTOF":null}},
{"type":"Feature","geometry":{"type":"Polygon","coordinates":[[[-123.28,41.19],[-123.52,41.36],[-123.91,41.02],[-124.35,40.81],[-124.02,39.96],[-123.17,40.45],[-123.31,40.77],[-123.28,41.19]]]},"properties":{"NAME":null,"SUBJECTO":null,"PARTOF":null}},
{"type":"Feature","geometry":{"type":"Polygon","coordinates":[[[-122.97,41.12],[-123.31,40.77],[-123.17,40.45],[-123,40.47],[-122.28,40.57],[-122.05,40.92],[-122.1,41.08],[-122.97,41.12]]]},"properties":{"NAME":null,"SUBJECTO":null,"PARTOF":null}},
{"type":"Feature","geometry":{"type":"Polygon","coordinates":[[[-121.24,41.08],[-120.43,40.97],[-120.5,41.81],[-121.3,41.58],[-121.24,41.08]]]},"properties":{"NAME":null,"SUBJECTO":null,"PARTOF":null}},
{"type":"Feature","geometry":{"type":"Polygon","coordinates":[[[-112.82,35.16],[-111.88,35.11],[-111.2,35.47],[-112.58,36.38],[-113.37,35.89],[-112.82,35.16]]]},"properties":{"NAME":"Havasupai","SUBJECTO":"Havasupai","PARTOF":"Havasupai"}},
{"type":"Feature","geometry":{"type":"Polygon","coordinates":[[[-114.73,35.74],[-114.93,35.56],[-114.66,34.35],[-113.94,34.35],[-114.14,34.83],[-114.73,35.74]]]},"properties":{"NAME":null,"SUBJECTO":null,"PARTOF":null}},
{"type":"Feature","geometry":{"type":"Polygon","coordinates":[[[-114.1,28.07],[-115.05,27.85],[-114.48,27.24],[-113.29,26.81],[-112.41,26.19],[-112.17,25.01],[-110.22,23.4],[-110,22.89],[-109.52,23.19],[-110.8,24.88],[-111.59,26.76],[-111.91,26.66],[-112.76,27.88],[-114.1,28.07]]]},"properties":{"NAME":"Cochimí","SUBJECTO":"Cochimí","PARTOF":"Cochimí"}},
{"type":"Feature","geometry":{"type":"Polygon","coordinates":[[[-111.23,33.55],[-111.77,33.49],[-112.14,32.83],[-111.63,31.63],[-112.05,30.23],[-110.37,30.61],[-110.44,32.13],[-111.23,33.55]]]},"properties":{"NAME":"Pima","SUBJECTO":"Pima","PARTOF":"Pima"}},
{"type":"Feature","geometry":{"type":"Polygon","coordinates":[[[-110.43,33.88],[-110.71,33.96],[-111.29,33.91],[-111.23,33.55],[-110.44,32.13],[-109.96,32.39],[-110.43,33.88]]]},"properties":{"NAME":null,"SUBJECTO":null,"PARTOF":null}},
{"type":"Feature","geometry":{"type":"Polygon","coordinates":[[[-110.37,30.61],[-108.69,31],[-108.2,31.71],[-106.45,31.76],[-107.28,32.66],[-107.32,33.16],[-107.37,33.51],[-107.08,34.45],[-108.37,34.48],[-109.29,34.64],[-109.35,34.72],[-109.35,34.68],[-109.28,33.85],[-109.29,33.14],[-109.96,32.39],[-110.44,32.13],[-110.37,30.61]]]},"properties":{"NAME":"Chiricahua","SUBJECTO":"Chiricahua","PARTOF":"Chiricahua"}},
{"type":"Feature","geometry":{"type":"Polygon","coordinates":[[[-110.97,34.97],[-111.19,35.45],[-111.2,35.47],[-111.88,35.11],[-111.54,34.4],[-110.97,34.97]]]},"properties":{"NAME":null,"SUBJECTO":null,"PARTOF":null}},
{"type":"Feature","geometry":{"type":"Polygon","coordinates":[[[-110.79,34.71],[-110.97,34.97],[-111.54,34.4],[-111.29,33.91],[-110.71,33.96],[-110.79,34.71]]]},"properties":{"NAME":null,"SUBJECTO":null,"PARTOF":null}},
{"type":"Feature","geometry":{"type":"Polygon","coordinates":[[[-109.96,32.39],[-109.29,33.14],[-109.28,33.85],[-109.35,34.68],[-109.28,33.85],[-110.06,34.47],[-110.43,33.88],[-109.96,32.39]]]},"properties":{"NAME":null,"SUBJECTO":null,"PARTOF":null}},
{"type":"Feature","geometry":{"type":"Polygon","coordinates":[[[-110.71,33.96],[-110.43,33.88],[-110.06,34.47],[-110.79,34.71],[-110.71,33.96]]]},"properties":{"NAME":null,"SUBJECTO":null,"PARTOF":null}},
{"type":"Feature","geometry":{"type":"Polygon","coordinates":[[[-79.14,38.6],[-79.92,40.42],[-80.75,40.68],[-82.96,40.59],[-85.17,40.64],[-86.32,40.03],[-87.65,38.88],[-87.74,40.34],[-87.78,38.36],[-87.55,38.7],[-86.08,39.2],[-84.69,39.25],[-83.1,38.96],[-82.06,38.33],[-81.88,37.36],[-80.22,37.64],[-79.14,38.6]]]},"properties":{"NAME":null,"SUBJECTO":null,"PARTOF":null}},
{"type":"Feature","geometry":{"type":"Polygon","coordinates":[[[-76.97,36.08],[-76.98,35.56],[-76.14,35.38],[-75.73,35.88],[-76.73,36.16],[-76.97,36.08]]]},"properties":{"NAME":null,"SUBJECTO":null,"PARTOF":null}},
{"type":"Feature","geometry":{"type":"Polygon","coordinates":[[[-77.13,35.32],[-77.06,35.21],[-77,35.52],[-77.13,35.32]]]},"properties":{"NAME":null,"SUBJECTO":null,"PARTOF":null}},
{"type":"Feature","geometry":{"type":"Polygon","coordinates":[[[-77.2,34.68],[-76.31,34.98],[-77.06,35.21],[-77.13,35.32],[-77.47,35.2],[-77.2,34.68]]]},"properties":{"NAME":"Catawba","SUBJECTO":"Catawba","PARTOF":"Catawba"}},
{"type":"Feature","geometry":{"type":"Polygon","coordinates":[[[-76.31,37.05],[-76.28,37.06],[-76.29,37.2],[-76.31,37.05]]]},"properties":{"NAME":null,"SUBJECTO":null,"PARTOF":null}},
{"type":"Feature","geometry":{"type":"Polygon","coordinates":[[[-77.52,37.18],[-77.73,38.7],[-78.41,39.02],[-79.14,38.6],[-80.22,37.64],[-80.58,36.87],[-78.06,36.5],[-78.05,36.93],[-77.52,37.18]]]},"properties":{"NAME":"Tutelo","SUBJECTO":"Tutelo","PARTOF":"Tutelo"}},
{"type":"Feature","geometry":{"type":"Polygon","coordinates":[[[-81.06,32.43],[-80.88,32.06],[-79.43,33.04],[-79.88,33.23],[-80.22,33],[-80.66,32.76],[-81.06,32.43]]]},"properties":{"NAME":"Cusabo","SUBJECTO":"Cusabo","PARTOF":"Cusabo"}},
{"type":"Feature","geometry":{"type":"Polygon","coordinates":[[[-116.35,33.29],[-116.44,33.27],[-117.38,33.11],[-116.62,31.88],[-116.26,32.43],[-116.35,33.29]]]},"properties":{"NAME":null,"SUBJECTO":null,"PARTOF":null}},
{"type":"Feature","geometry":{"type":"Polygon","coordinates":[[[-112.77,33.14],[-113.83,32.95],[-113.73,32.57],[-112.71,32.71],[-112.77,33.14]]]},"properties":{"NAME":null,"SUBJECTO":null,"PARTOF":null}},
{"type":"Feature","geometry":{"type":"Polygon","coordinates":[[[-112.71,32.71],[-112.14,32.83],[-111.77,33.49],[-112.77,33.14],[-112.71,32.71]]]},"properties":{"NAME":null,"SUBJECTO":null,"PARTOF":null}},
{"type":"Feature","geometry":{"type":"Polygon","coordinates":[[[-116.26,32.43],[-116.62,31.88],[-116.7,31.59],[-115.6,29.69],[-114.07,28.42],[-114.1,28.07],[-112.76,27.88],[-113.59,29.1],[-114.68,30.14],[-114.9,31.61],[-115.4,31.91],[-116.26,32.43]]]},"properties":{"NAME":"Guachimis","SUBJECTO":"Guachimis","PARTOF":"Guachimis"}},
{"type":"Feature","geometry":{"type":"Polygon","coordinates":[[[-115.12,33.5],[-116.35,33.29],[-116.26,32.43],[-115.4,31.91],[-114.87,33.1],[-115.12,33.5]]]},"properties":{"NAME":"Kamia","SUBJECTO":"Kamia","PARTOF":"Kamia"}},
{"type":"Feature","geometry":{"type":"Polygon","coordinates":[[[-115.4,31.91],[-114.9,31.61],[-114.72,31.76],[-113.73,32.57],[-113.83,32.95],[-114.33,33.19],[-115.06,33.51],[-115.12,33.5],[-114.87,33.1],[-115.4,31.91]]]},"properties":{"NAME":"Yuma","SUBJECTO":"Yuma","PARTOF":"Yuma"}},
{"type":"Feature","geometry":{"type":"Polygon","coordinates":[[[-119.74,35.57],[-120.9,36.58],[-121.34,36.46],[-121.65,36.1],[-120.95,35.49],[-119.74,35.57]]]},"properties":{"NAME":"Saunan","SUBJECTO":"Saunan","PARTOF":"Saunan"}},
{"type":"Feature","geometry":{"type":"Polygon","coordinates":[[[-121.34,36.46],[-120.9,36.58],[-121.15,37.36],[-121.82,37.88],[-121.94,38.18],[-122.31,38.22],[-122.49,38.16],[-121.98,36.53],[-121.34,36.46]]]},"properties":{"NAME":"Costanoan","SUBJECTO":"Costanoan","PARTOF":"Costanoan"}},
{"type":"Feature","geometry":{"type":"Polygon","coordinates":[[[-122.72,38.99],[-122.72,38.69],[-122.35,38.52],[-122.72,38.99]]]},"properties":{"NAME":null,"SUBJECTO":null,"PARTOF":null}},
{"type":"Feature","geometry":{"type":"Polygon","coordinates":[[[-122.78,39.53],[-122.72,38.99],[-122.35,38.52],[-122.31,38.22],[-121.94,38.18],[-120.95,38.89],[-121.04,39.59],[-121.73,39.03],[-121.99,39.6],[-122.79,39.57],[-122.78,39.53]]]},"properties":{"NAME":"Patwin","SUBJECTO":"Patwin","PARTOF":"Patwin"}},
{"type":"Feature","geometry":{"type":"Polygon","coordinates":[[[-122.28,40.57],[-123,40.47],[-122.79,39.57],[-121.99,39.6],[-121.98,40.06],[-122.28,40.57]]]},"properties":{"NAME":null,"SUBJECTO":null,"PARTOF":null}},
{"type":"Feature","geometry":{"type":"Polygon","coordinates":[[[-121.41,40.58],[-121.18,40.61],[-121.24,41.08],[-121.7,40.97],[-121.41,40.58]]]},"properties":{"NAME":null,"SUBJECTO":null,"PARTOF":null}},
{"type":"Feature","geometry":{"type":"Polygon","coordinates":[[[-121.7,40.97],[-122.05,40.92],[-122.28,40.57],[-121.98,40.06],[-121.41,40.58],[-121.7,40.97]]]},"properties":{"NAME":null,"SUBJECTO":null,"PARTOF":null}},
{"type":"Feature","geometry":{"type":"Polygon","coordinates":[[[-122.05,40.92],[-121.7,40.97],[-121.24,41.08],[-121.3,41.58],[-121.97,41.4],[-122.1,41.08],[-122.05,40.92]]]},"properties":{"NAME":null,"SUBJECTO":null,"PARTOF":null}},
{"type":"Feature","geometry":{"type":"Polygon","coordinates":[[[-122.1,41.08],[-121.97,41.4],[-122.19,42],[-123.01,42.08],[-123.11,41.24],[-122.97,41.12],[-122.1,41.08]]]},"properties":{"NAME":null,"SUBJECTO":null,"PARTOF":null}},
{"type":"Feature","geometry":{"type":"Polygon","coordinates":[[[-123.31,40.77],[-122.97,41.12],[-123.11,41.24],[-123.28,41.19],[-123.31,40.77]]]},"properties":{"NAME":null,"SUBJECTO":null,"PARTOF":null}},
{"type":"Feature","geometry":{"type":"Polygon","coordinates":[[[-123.91,41.02],[-123.52,41.36],[-123.64,41.8],[-124.19,41.73],[-124.26,41.02],[-123.91,41.02]]]},"properties":{"NAME":null,"SUBJECTO":null,"PARTOF":null}},
{"type":"Feature","geometry":{"type":"Polygon","coordinates":[[[-77.1,36.77],[-77.12,36.68],[-76.97,36.08],[-76.73,36.16],[-76.7,36.17],[-76.4,36.42],[-77.1,36.77]]]},"properties":{"NAME":null,"SUBJECTO":null,"PARTOF":null}},
{"type":"Feature","geometry":{"type":"Polygon","coordinates":[[[-75.87,36.58],[-75.73,36.12],[-75.52,35.86],[-75.72,36.22],[-75.84,36.58],[-75.87,36.58]]]},"properties":{"NAME":null,"SUBJECTO":null,"PARTOF":null}},
{"type":"Feature","geometry":{"type":"Polygon","coordinates":[[[-76.29,37.2],[-76.22,37.94],[-77.25,38.68],[-77.73,38.7],[-77.52,37.18],[-77.13,36.92],[-76.66,37.15],[-76.31,37.05],[-76.29,37.2]]]},"properties":{"NAME":null,"SUBJECTO":null,"PARTOF":null}},
{"type":"Feature","geometry":{"type":"Polygon","coordinates":[[[-76.01,36.52],[-75.87,36.58],[-75.84,36.58],[-76.33,36.94],[-76.38,36.53],[-76.01,36.52]]]},"properties":{"NAME":null,"SUBJECTO":null,"PARTOF":null}},
{"type":"Feature","geometry":{"type":"Polygon","coordinates":[[[-76.38,36.53],[-76.4,36.42],[-76.7,36.17],[-75.79,36.14],[-76.01,36.52],[-76.38,36.53]]]},"properties":{"NAME":null,"SUBJECTO":null,"PARTOF":null}},
{"type":"Feature","geometry":{"type":"Polygon","coordinates":[[[-76.4,36.42],[-76.38,36.53],[-76.33,36.94],[-76.66,37.15],[-77.13,36.92],[-77.1,36.77],[-76.4,36.42]]]},"properties":{"NAME":null,"SUBJECTO":null,"PARTOF":null}},
{"type":"Feature","geometry":{"type":"Polygon","coordinates":[[[-78.05,36.93],[-78.06,36.5],[-78.24,35.55],[-77.47,35.2],[-77.13,35.32],[-77,35.52],[-76.98,35.56],[-76.97,36.08],[-77.12,36.68],[-78.05,36.93]]]},"properties":{"NAME":null,"SUBJECTO":null,"PARTOF":null}},
{"type":"Feature","geometry":{"type":"Polygon","coordinates":[[[-156.03,20.2],[-155.78,18.95],[-154.92,19.56],[-156.03,20.2]]]},"properties":{"NAME":"Polynesians","SUBJECTO":"Polynesians","PARTOF":"Polynesians"}},
{"type":"Feature","geometry":{"type":"Polygon","coordinates":[[[-153.17,59.74],[-161,63.63],[-163.31,63.04],[-164.29,63.25],[-166.19,61.75],[-165.9,61.27],[-163.52,60.71],[-165.13,60.54],[-164.03,59.8],[-162.38,60.16],[-161.94,58.72],[-159.81,58.94],[-157.15,58.69],[-154.1,59.41],[-153.17,59.74]]]},"properties":{"NAME":"Yup'ik & Cup'ik","SUBJECTO":"Yup'ik & Cup'ik","PARTOF":"Yup'ik & Cup'ik"}},
{"type":"Feature","geometry":{"type":"MultiPolygon","coordinates":[[[[-160.36,55.66],[-161.32,55.88],[-162.58,55.39],[-160.36,55.66]]],[[[-164.56,54.83],[-164.56,54.33],[-163.21,54.74],[-164.56,54.83]]],[[[-151.78,59.96],[-151.39,59.21],[-149.33,60.03],[-148.49,59.9],[-148.76,60.68],[-151.78,59.96]]],[[[-154.34,57.49],[-153.88,56.94],[-152.38,57.52],[-153.4,57.8],[-154.34,57.49]]],[[[-157.15,58.69],[-157.67,57.6],[-160.46,56.2],[-160.17,55.81],[-156.5,57.1],[-156.68,57.4],[-154.65,58.08],[-153.45,58.88],[-154.1,59.41],[-157.15,58.69]]]]},"properties":{"NAME":"Suspiaq","SUBJECTO":"Suspiaq","PARTOF":"Suspiaq"}},
{"type":"Feature","geometry":{"type":"Polygon","coordinates":[[[-77.9,-3.11],[-77.25,-2.76],[-77.25,-2.1],[-77.85,-1.67],[-78.56,-2.13],[-78.39,-2.91],[-77.9,-3.11]]]},"properties":{"NAME":"Shuar","SUBJECTO":"Shuar","PARTOF":"Shuar"}},
{"type":"Feature","geometry":{"type":"Polygon","coordinates":[[[19.33,57.96],[19.1,57.98],[19.14,57.91],[19.33,57.96]]]},"properties":{"NAME":null,"SUBJECTO":null,"PARTOF":null}},
{"type":"Feature","geometry":{"type":"MultiPolygon","coordinates":[[[[-160.93,63.95],[-157.18,64.01],[-138.3,69.14],[-141.16,69.6],[-143.31,70.2],[-145.27,70.12],[-149.29,70.54],[-152.14,70.53],[-152.97,70.93],[-160.24,70.86],[-162.88,70],[-164.07,69.06],[-166.3,68.88],[-166.84,68.41],[-164.51,67.8],[-163.74,67.22],[-160.03,66.57],[-162.28,66.07],[-164.46,66.6],[-168.18,65.69],[-165.66,65.25],[-166.59,64.73],[-163.03,64.44],[-161.29,64.96],[-160.93,63.95]]],[[[-171.86,63.5],[-169.9,63.08],[-169.33,63.4],[-171.74,63.75],[-171.86,63.5]]]]},"properties":{"NAME":"Inupiaq","SUBJECTO":"Inupiaq","PARTOF":"Inupiaq"}},
{"type":"Feature","geometry":{"type":"MultiPolygon","coordinates":[[[[-123.08,69.84],[-125.19,69.41],[-127.94,70.08],[-129.76,69.66],[-133.48,62.93],[-132.3,62.54],[-124.94,64.83],[-118.2,62.71],[-111.37,58.61],[-112.45,58.52],[-107.51,58.9],[-123.08,69.84]]],[[[-120.92,49.04],[-119.12,49.2],[-120.61,49.07],[-125.76,53.13],[-127.87,52.41],[-127.04,52.46],[-127.46,51.02],[-124.94,50.6],[-124.47,49.81],[-123.98,49.97],[-122.68,48.9],[-121.18,49.02],[-120.92,49.04]]],[[[-106.28,51.52],[-114.47,52],[-114.27,49.6],[-114.03,49.62],[-114.08,49.77],[-110.61,50.34],[-109.64,49.65],[-108.64,50.2],[-106.28,51.52]]],[[[-134.8,60.55],[-132.05,59.85],[-128.43,55.67],[-130.08,57.57],[-128.7,60.74],[-133.46,61.54],[-134.31,61.43],[-134.8,60.55]]]]},"properties":{"NAME":null,"SUBJECTO":null,"PARTOF":null}},
{"type":"Feature","geometry":{"type":"MultiPolygon","coordinates":[[[[-132.35,53.36],[-132.08,54.02],[-133.05,54.07],[-132.35,53.36]]],[[[-132.18,55.28],[-133.52,56.21],[-132.17,54.85],[-132.18,55.28]]],[[[-136.02,58.21],[-136.6,57.9],[-135.15,57.6],[-136.02,58.21]]],[[[-129.97,53.91],[-128.43,55.67],[-132.05,59.85],[-134.8,60.55],[-138.61,61.53],[-145.51,62.58],[-147.07,60.91],[-144.41,60.09],[-140.13,59.77],[-137.09,58.45],[-136.15,58.9],[-133.47,57.84],[-133.4,57.22],[-132.1,56.35],[-132.26,55.85],[-131.19,56.03],[-129.97,53.91]]]]},"properties":{"NAME":"Eyaq","SUBJECTO":"Eyaq","PARTOF":"Eyaq"}},
{"type":"Feature","geometry":{"type":"Polygon","coordinates":[[[-102.37,21.58],[-103.61,21.01],[-103.75,20.61],[-102.76,20.46],[-101.94,20.9],[-101.84,21.78],[-102.37,21.58]]]},"properties":{"NAME":"Tecuexe","SUBJECTO":"Tecuexe","PARTOF":"Tecuexe"}},
{"type":"Feature","geometry":{"type":"Polygon","coordinates":[[[-101.23,20.78],[-101.94,20.9],[-102.76,20.46],[-101.47,20.06],[-101.23,20.78]]]},"properties":{"NAME":null,"SUBJECTO":null,"PARTOF":null}},
{"type":"Feature","geometry":{"type":"Polygon","coordinates":[[[-103.7,21.91],[-103.53,21.92],[-102.8,22.03],[-102.12,22.68],[-102.57,23.4],[-102.42,24.18],[-102.79,24.97],[-103.51,25.7],[-103.76,26.38],[-104.69,26.44],[-105.04,26],[-104.81,25.04],[-104.84,23.76],[-104.6,23.49],[-103.67,22.46],[-103.7,21.91]]]},"properties":{"NAME":"Zacatecs","SUBJECTO":"Zacatecs","PARTOF":"Zacatecs"}},
{"type":"Feature","geometry":{"type":"Polygon","coordinates":[[[-102.8,22.03],[-103.53,21.92],[-104.01,21.39],[-103.61,21.01],[-102.37,21.58],[-102.8,22.03]]]},"properties":{"NAME":"Caxcane","SUBJECTO":"Caxcane","PARTOF":"Caxcane"}},
{"type":"Feature","geometry":{"type":"Polygon","coordinates":[[[-102.79,24.97],[-102.42,24.18],[-102.57,23.4],[-102.12,22.68],[-100.48,21.6],[-100.18,21.94],[-99.44,22.81],[-99.85,23.31],[-99.95,23.59],[-100.63,24.19],[-99.66,24.46],[-99.75,24.71],[-100.23,25.35],[-101.65,25.76],[-101.67,25.4],[-102.57,25.55],[-102.79,24.97]]]},"properties":{"NAME":"Guachichiles","SUBJECTO":"Guachichiles","PARTOF":"Guachichiles"}},
{"type":"Feature","geometry":{"type":"Polygon","coordinates":[[[-101.23,20.78],[-100.4,20.52],[-100.33,21.09],[-100.48,21.6],[-102.12,22.68],[-102.8,22.03],[-102.37,21.58],[-101.84,21.78],[-101.94,20.9],[-101.23,20.78]]]},"properties":{"NAME":"Guamar / Pecchichitane","SUBJECTO":"Guamar / Pecchichitane","PARTOF":"Guamar / Pecchichitane"}},
{"type":"Feature","geometry":{"type":"Polygon","coordinates":[[[-105.29,23.1],[-104.8,22.06],[-103.7,21.91],[-103.67,22.46],[-104.6,23.49],[-105.21,23.57],[-105.29,23.1]]]},"properties":{"NAME":"Xecora","SUBJECTO":"Xecora","PARTOF":"Xecora"}},
{"type":"Feature","geometry":{"type":"Polygon","coordinates":[[[-97.88,22.48],[-98.66,22.92],[-98.49,22.36],[-99.08,22.39],[-99.51,21.8],[-99.76,21.15],[-100.33,21.09],[-100.4,20.52],[-101.23,20.78],[-101.47,20.06],[-102.76,20.46],[-103.75,20.61],[-105.51,20.1],[-104.95,19.44],[-103.49,18.35],[-101.99,18.03],[-101.22,17.42],[-98.86,16.6],[-97.88,16.05],[-96.33,15.75],[-95.13,16.3],[-94.08,16.11],[-91.52,14.06],[-90,13.94],[-89.99,13.68],[-87.69,13.02],[-85.62,10.83],[-85.78,10.14],[-85.09,9.58],[-83.61,9.15],[-82.96,8.05],[-82.38,8.32],[-81.12,7.94],[-80.66,7.25],[-79.98,7.49],[-80.4,8.06],[-79.07,9.03],[-78.38,8.39],[-77.9,7.17],[-77.4,6.67],[-75.25,7.89],[-73.24,10.2],[-72.54,10.2],[-72.24,8.99],[-70.68,8.56],[-69.81,8.49],[-69.23,9.79],[-64.91,9.29],[-63,9.29],[-61.41,9.7],[-62.1,10.02],[-62.3,9.72],[-62.91,10.55],[-64.07,10.63],[-64.88,10.14],[-66.48,10.68],[-67.98,10.54],[-68.69,11.38],[-69.87,11.76],[-69.85,11.71],[-69.79,11.69],[-71.1,11.12],[-71.46,10.88],[-71.5,10.77],[-71.5,10.65],[-71.44,10.47],[-71.09,9.92],[-71.1,9.33],[-71.6,9.09],[-72.11,9.9],[-71.69,10.77],[-71.99,11.61],[-71.19,11.91],[-71.44,12.42],[-73.36,11.32],[-74.22,11.37],[-75.45,10.63],[-75.7,9.43],[-76.76,8.69],[-76.86,7.93],[-78.27,9.39],[-79.5,9.64],[-80.96,8.86],[-82.23,9.05],[-83.91,11.25],[-83.66,13.71],[-83.31,14.77],[-84.65,15.93],[-86.37,15.8],[-88.94,15.9],[-88.44,16.44],[-88.3,17.64],[-90,19.38],[-91.7,18.82],[-94.24,18.24],[-96.01,18.93],[-97.5,21.19],[-97.88,22.48]]]},"properties":{"NAME":"Viceroyalty of New Spain","SUBJECTO":"Viceroyalty of New Spain","PARTOF":"Vice Royalty of New Spain"}},
{"type":"Feature","geometry":{"type":"Polygon","coordinates":[[[-98.91,23.22],[-99.08,22.39],[-98.49,22.36],[-98.66,22.92],[-97.88,22.48],[-97.82,24.21],[-97.26,25.81],[-97.64,26.84],[-98.53,26.5],[-99.14,24.92],[-98.97,24.3],[-98.87,23.67],[-98.91,23.22]]]},"properties":{"NAME":"Tamalipueca","SUBJECTO":"Tamalipueca","PARTOF":"Tamalipueca"}},
{"type":"Feature","geometry":{"type":"Polygon","coordinates":[[[-106.77,24.44],[-105.47,22.84],[-105.29,23.1],[-105.21,23.57],[-106,24.71],[-106.77,24.44]]]},"properties":{"NAME":null,"SUBJECTO":null,"PARTOF":null}},
{"type":"Feature","geometry":{"type":"Polygon","coordinates":[[[-111.24,28.09],[-109.43,28.32],[-108.76,28.15],[-107.84,26.48],[-105.23,27.2],[-104.23,28.2],[-103.43,27.7],[-102.05,28.08],[-101.23,28.3],[-100.82,29.3],[-101.27,29.67],[-102.72,29.75],[-103.74,29.23],[-104.78,30.59],[-106.45,31.76],[-108.2,31.71],[-108.69,31],[-110.37,30.61],[-112.05,30.23],[-112.72,30.07],[-111.24,28.09]]]},"properties":{"NAME":"Apache","SUBJECTO":"Apache","PARTOF":"Apache"}},
{"type":"Feature","geometry":{"type":"Polygon","coordinates":[[[-107.84,26.48],[-108.76,28.15],[-109.43,28.32],[-111.24,28.09],[-110.6,27.86],[-110.38,27.21],[-109.13,26.29],[-109.26,25.65],[-108.04,25.02],[-107.7,26.26],[-107.84,26.48]]]},"properties":{"NAME":"Cahitas","SUBJECTO":"Cahitas","PARTOF":"Cahitas"}},
{"type":"Feature","geometry":{"type":"Polygon","coordinates":[[[-105.23,27.2],[-107.84,26.48],[-107.7,26.26],[-107.31,26.11],[-106,24.71],[-105.21,23.57],[-104.6,23.49],[-104.84,23.76],[-104.81,25.04],[-105.04,26],[-104.69,26.44],[-105.23,27.2]]]},"properties":{"NAME":"Tepehuane","SUBJECTO":"Tepehuane","PARTOF":"Tepehuane"}},
{"type":"Feature","geometry":{"type":"Polygon","coordinates":[[[-106,24.71],[-107.31,26.11],[-107.7,26.26],[-108.04,25.02],[-107.34,24.22],[-106.77,24.44],[-106,24.71]]]},"properties":{"NAME":"Acaxea","SUBJECTO":"Acaxea","PARTOF":"Acaxea"}},
{"type":"Feature","geometry":{"type":"Polygon","coordinates":[[[-101.86,26.5],[-101.84,26.5],[-101.85,26.51],[-101.86,26.5]]]},"properties":{"NAME":null,"SUBJECTO":null,"PARTOF":null}},
{"type":"Feature","geometry":{"type":"Polygon","coordinates":[[[-103.14,26.66],[-103.43,27.7],[-104.23,28.2],[-105.23,27.2],[-104.69,26.44],[-103.76,26.38],[-103.14,26.66]]]},"properties":{"NAME":"Chisos","SUBJECTO":"Chisos","PARTOF":"Chisos"}},
{"type":"Feature","geometry":{"type":"Polygon","coordinates":[[[-99.51,21.8],[-100.18,21.94],[-100.48,21.6],[-100.33,21.09],[-99.76,21.15],[-99.51,21.8]]]},"properties":{"NAME":"Otomies","SUBJECTO":"Otomies","PARTOF":"Otomies"}},
{"type":"Feature","geometry":{"type":"Polygon","coordinates":[[[-103.51,25.7],[-102.79,24.97],[-102.57,25.55],[-101.67,25.4],[-101.65,25.76],[-101.84,26.5],[-101.86,26.5],[-102.46,25.99],[-103.51,25.7]]]},"properties":{"NAME":"Irritilas","SUBJECTO":"Irritilas","PARTOF":"Irritilas"}},
{"type":"Feature","geometry":{"type":"Polygon","coordinates":[[[-101.85,26.51],[-102.05,28.08],[-103.43,27.7],[-103.14,26.66],[-101.86,26.5],[-101.85,26.51]]]},"properties":{"NAME":"Toboso","SUBJECTO":"Toboso","PARTOF":"Toboso"}},
{"type":"Feature","geometry":{"type":"Polygon","coordinates":[[[-101.86,26.5],[-103.14,26.66],[-103.76,26.38],[-103.51,25.7],[-102.46,25.99],[-101.86,26.5]]]},"properties":{"NAME":"Lagunero","SUBJECTO":"Lagunero","PARTOF":"Lagunero"}},
{"type":"Feature","geometry":{"type":"Polygon","coordinates":[[[-99.14,24.92],[-98.53,26.5],[-97.64,26.84],[-97.27,27.67],[-97.55,27.92],[-98.17,28.25],[-100.33,28.72],[-100.82,29.3],[-101.23,28.3],[-102.05,28.08],[-101.85,26.51],[-101.84,26.5],[-101.65,25.76],[-100.23,25.35],[-99.75,24.71],[-99.14,24.92]]]},"properties":{"NAME":"Coahuiltec","SUBJECTO":"Coahuiltec","PARTOF":"Coahuiltec"}},
{"type":"Feature","geometry":{"type":"Polygon","coordinates":[[[-98.97,24.3],[-99.14,24.92],[-99.75,24.71],[-99.66,24.46],[-98.97,24.3]]]},"properties":{"NAME":"Tancalba","SUBJECTO":"Tancalba","PARTOF":"Tancalba"}},
{"type":"Feature","geometry":{"type":"Polygon","coordinates":[[[-98.91,23.22],[-99.85,23.31],[-99.44,22.81],[-100.18,21.94],[-99.51,21.8],[-99.08,22.39],[-98.91,23.22]]]},"properties":{"NAME":null,"SUBJECTO":null,"PARTOF":null}},
{"type":"Feature","geometry":{"type":"Polygon","coordinates":[[[-99.89,23.86],[-99.95,23.59],[-99.85,23.31],[-98.91,23.22],[-98.87,23.67],[-99.25,23.93],[-99.31,23.68],[-99.89,23.86]]]},"properties":{"NAME":"Pisones","SUBJECTO":"Pisones","PARTOF":"Pisones"}},
{"type":"Feature","geometry":{"type":"Polygon","coordinates":[[[-98.87,23.67],[-98.97,24.3],[-99.66,24.46],[-100.63,24.19],[-99.95,23.59],[-99.89,23.86],[-99.25,23.93],[-98.87,23.67]]]},"properties":{"NAME":"Janabres","SUBJECTO":"Janabres","PARTOF":"Janabres"}},
{"type":"Feature","geometry":{"type":"Polygon","coordinates":[[[-99.25,23.93],[-99.89,23.86],[-99.31,23.68],[-99.25,23.93]]]},"properties":{"NAME":"Maratines","SUBJECTO":"Maratines","PARTOF":"Maratines"}},
{"type":"Feature","geometry":{"type":"Polygon","coordinates":[[[-81.89,30.98],[-81.42,30.98],[-80.88,32.06],[-81.06,32.43],[-81.89,30.98]]]},"properties":{"NAME":null,"SUBJECTO":null,"PARTOF":null}},
{"type":"Feature","geometry":{"type":"Polygon","coordinates":[[[-81.89,30.98],[-81.06,32.43],[-79.89,33.22],[-80.3,33.42],[-80.48,33.66],[-81.06,33.95],[-82.05,34.25],[-82.49,35],[-83.7,34.05],[-85.01,33.92],[-86.12,33.55],[-86.11,32.91],[-85.67,32.76],[-85.82,31.86],[-85.42,31.49],[-85.26,30.63],[-85.08,30.31],[-85.06,30.34],[-84.34,32.75],[-83.76,33.27],[-82.55,32.92],[-82.2,30.99],[-81.89,30.98]]]},"properties":{"NAME":"Muskogee","SUBJECTO":"Muskogee","PARTOF":"Muskogee"}},
{"type":"Feature","geometry":{"type":"Polygon","coordinates":[[[-120.39,39.66],[-120.11,38.87],[-119.48,38.32],[-119.36,38.86],[-120.19,40.1],[-120.39,39.66]]]},"properties":{"NAME":null,"SUBJECTO":null,"PARTOF":null}},
{"type":"Feature","geometry":{"type":"MultiPolygon","coordinates":[[[[143.06,53.06],[142.67,53.54],[141.77,53.27],[141.64,51.81],[142.15,50.89],[142.05,49.35],[141.74,48.81],[142.04,47.96],[141.62,46.56],[141.9,45.91],[142.33,46.56],[143.44,46.57],[142.49,47.9],[142.85,49.13],[143.6,49.23],[144.54,48.75],[142.94,51.62],[143.06,53.06]]],[[[140.01,41.38],[141.16,41.75],[140.25,42.23],[141.93,42.5],[143.21,41.93],[143.85,42.77],[145.45,43.17],[145.06,43.79],[143.51,44.16],[141.88,45.44],[141.52,45.18],[141.71,43.91],[141.3,43.19],[140.6,43.33],[139.71,42.48],[140.01,41.38]]]]},"properties":{"NAME":"Ainu","SUBJECTO":"Ainu","PARTOF":"Ainu"}},
{"type":"Feature","geometry":{"type":"MultiPolygon","coordinates":[[[[130.58,30.91],[131.32,31.51],[131.83,32.69],[131.67,33.31],[130.86,33.68],[129.34,33.15],[129.85,32.59],[130.5,32.56],[130.06,31.97],[130.58,30.91]]],[[[132.57,32.64],[133.52,33.39],[134,33.15],[134.54,34.01],[133.81,34.18],[132.78,33.91],[132.12,33.35],[132.57,32.64]]],[[[136.81,37.31],[136.67,36.67],[135.36,35.32],[135.16,35.65],[133.01,35.25],[132.66,35.38],[130.78,33.97],[131.99,33.8],[132.48,34.13],[134.43,34.63],[135.32,34.47],[135.06,33.69],[135.76,33.34],[136.2,34],[137.25,34.48],[138.15,34.53],[140,35.5],[139.83,34.84],[140.83,35.68],[140.56,35.97],[140.96,36.96],[140.87,37.92],[141.5,38.42],[142,39.67],[141.47,40.51],[141.44,41.27],[140.77,41.26],[139.92,40.57],[140.03,39.48],[139.2,37.92],[138.32,37.21],[137.05,36.67],[137.31,37.43],[136.81,37.31]]]]},"properties":{"NAME":"Japan (Warring States)","SUBJECTO":"Japan (Warring States)","PARTOF":"Japan (Warring States)"}},
{"type":"Feature","geometry":{"type":"Polygon","coordinates":[[[9.57,46.04],[8.94,45.87],[8.44,46.3],[8.44,46.46],[8.31,46.4],[8.29,46.38],[8.13,46.29],[8.09,46.27],[8.09,46.26],[8.15,46.15],[7.87,45.92],[8.22,44.67],[9.7,44.46],[10.28,44.4],[10.51,45.37],[9.57,46.04]]]},"properties":{"NAME":"Milan","SUBJECTO":"Milan","PARTOF":"Milan"}},
{"type":"Feature","geometry":{"type":"MultiPolygon","coordinates":[[[[6.18,46.3],[6.59,46.52],[6.92,46.4],[7.47,47.48],[7.57,47.58],[7.73,47.6],[7.73,47.52],[8.51,47.6],[8.94,47.66],[9.62,47.5],[9.52,47.07],[9.81,47.08],[10.64,47.04],[10.56,46.5],[10.52,45.74],[11.17,45.74],[12.07,46.93],[13.71,46.84],[13.37,45.69],[14.35,45.32],[14.53,45.78],[16.12,45.58],[17.52,47.64],[18.31,48.28],[18.25,49.18],[18.93,49.62],[18.65,50.64],[17.29,51.79],[15.76,52.27],[16.2,53.71],[17.66,54.69],[14.47,53.88],[13.78,53.78],[12.94,54.35],[10.72,53.96],[10.14,54.34],[8.88,54.23],[8.5,53.45],[7.17,53.59],[5.97,53.34],[5.33,52.79],[5.54,52.25],[5.95,51.5],[6.16,49.93],[5.7,49.39],[6,48.9],[5.65,46.46],[5.33,46.4],[6.18,46.3]]],[[[6.86,46.29],[6.81,46.39],[6.24,46.29],[6.82,46.17],[6.86,46.29]]]]},"properties":{"NAME":"Holy Roman Empire","SUBJECTO":"Holy Roman Empire","PARTOF":"Holy Roman Empire"}},
{"type":"Feature","geometry":{"type":"Polygon","coordinates":[[[6.89,46.04],[6.87,46.06],[6.9,46.12],[6.85,46.13],[6.8,46.14],[6.82,46.17],[6.24,46.29],[6.18,46.3],[5.33,46.4],[5.82,45.4],[6.94,44.87],[6.92,43.82],[7.4,43.76],[7.47,43.81],[8.22,44.67],[7.87,45.92],[7.83,45.93],[7.34,45.91],[7.2,45.86],[7.18,45.87],[7.05,45.92],[6.89,46.04]]]},"properties":{"NAME":"Savoy","SUBJECTO":"Savoy","PARTOF":"Savoy"}},
{"type":"Feature","geometry":{"type":"MultiPolygon","coordinates":[[[[7.47,47.48],[6.92,46.4],[6.87,46.4],[6.87,46.39],[6.88,46.39],[6.94,46.31],[6.96,46.28],[7.03,46.18],[8.18,46.47],[8.31,46.4],[8.44,46.46],[8.44,46.3],[8.94,45.87],[9.57,46.04],[10.56,46.5],[10.64,47.04],[9.81,47.08],[9.52,47.07],[9.62,47.5],[9.19,47.65],[9.14,47.67],[9.01,47.67],[8.98,47.67],[8.94,47.66],[8.51,47.6],[7.73,47.52],[7.73,47.6],[7.57,47.58],[7.47,47.48]]],[[[8.13,46.29],[8.29,46.38],[8.24,46.36],[8.13,46.29]]],[[[7.34,45.91],[7.83,45.93],[7.58,45.99],[7.34,45.91]]],[[[6.85,46.13],[6.9,46.12],[6.87,46.06],[6.89,46.04],[6.88,46.05],[6.9,46.13],[6.85,46.13]]]]},"properties":{"NAME":"Swiss Confederation","SUBJECTO":"Swiss Confederation","PARTOF":"Swiss Confederation"}},
{"type":"Feature","geometry":{"type":"Polygon","coordinates":[[[-72.26,41.13],[-74.01,40.58],[-72.54,40.83],[-72.26,41.13]]]},"properties":{"NAME":"Montana","SUBJECTO":"Montana","PARTOF":"Montana"}},
{"type":"Feature","geometry":{"type":"Polygon","coordinates":[[[-71.66,21.82],[-71.85,21.85],[-71.83,21.78],[-71.66,21.82]]]},"properties":{"NAME":null,"SUBJECTO":null,"PARTOF":null}},
{"type":"Feature","geometry":{"type":"MultiPolygon","coordinates":[[[[-78.19,25.2],[-78.01,24.28],[-77.72,24.51],[-78.19,25.2]]],[[[-77.74,26.91],[-77.15,26.52],[-77.19,25.89],[-77.04,26.5],[-77.74,26.91]]]]},"properties":{"NAME":null,"SUBJECTO":null,"PARTOF":null}},
{"type":"Feature","geometry":{"type":"Polygon","coordinates":[[[-86.62,30.41],[-85.49,30.04],[-85.3,29.66],[-85.08,30.31],[-85.26,30.63],[-85.42,31.49],[-85.82,31.86],[-86.67,31.86],[-86.62,30.41]]]},"properties":{"NAME":"Chatot","SUBJECTO":"Chatot","PARTOF":"Chatot"}},
{"type":"Feature","geometry":{"type":"Polygon","coordinates":[[[-121,45.63],[-121.88,45.69],[-121.9,45.67],[-121.9,45.68],[-122.38,45.58],[-122.81,45.77],[-122.97,45.65],[-123,45.63],[-122.82,45.08],[-122.3,45.01],[-122.28,45.01],[-121.87,45.1],[-121.11,45.31],[-121,45.63]]]},"properties":{"NAME":null,"SUBJECTO":null,"PARTOF":null}},
{"type":"Feature","geometry":{"type":"Polygon","coordinates":[[[-121.67,48.98],[-121.64,48.64],[-121.19,48.59],[-121.05,48.77],[-121.18,49.02],[-121.67,48.98]]]},"properties":{"NAME":"Thompson","SUBJECTO":"Thompson","PARTOF":"Thompson"}},
{"type":"Feature","geometry":{"type":"Polygon","coordinates":[[[-122.26,48.93],[-122.68,48.9],[-122.5,48.61],[-122.22,48.63],[-122.26,48.93]]]},"properties":{"NAME":null,"SUBJECTO":null,"PARTOF":null}},
{"type":"Feature","geometry":{"type":"Polygon","coordinates":[[[-121.67,48.98],[-122.26,48.93],[-122.22,48.63],[-121.77,48.65],[-121.64,48.64],[-121.67,48.98]]]},"properties":{"NAME":null,"SUBJECTO":null,"PARTOF":null}},
{"type":"Feature","geometry":{"type":"Polygon","coordinates":[[[8.24,46.36],[8.31,46.4],[8.18,46.47],[7.03,46.18],[6.88,46.39],[6.87,46.39],[6.87,46.4],[6.86,46.4],[6.86,46.39],[6.81,46.39],[6.86,46.29],[6.8,46.14],[6.9,46.13],[6.88,46.05],[7.05,45.92],[7.2,45.86],[7.58,45.99],[7.87,45.92],[8.15,46.15],[8.09,46.27],[8.24,46.36]]]},"properties":{"NAME":"Republic of the Seven Zenden","SUBJECTO":"Republic of the Seven Zenden","PARTOF":"Republic of the Seven Zenden"}},
{"type":"Feature","geometry":{"type":"Polygon","coordinates":[[[142.34,-10.92],[141.68,-12.47],[141.71,-15.23],[140.8,-17.56],[140.25,-17.8],[139.25,-17.43],[137.07,-16.03],[136.69,-16.03],[135.39,-14.9],[135.88,-14.2],[135.83,-13.48],[136.47,-13.22],[136.86,-12.44],[135.44,-12.18],[134.94,-12.34],[133.56,-11.95],[132.38,-11.3],[132.75,-12.17],[131.18,-12.24],[130.46,-12.76],[130.27,-13.36],[129.43,-14.31],[129.85,-14.82],[129.63,-15.28],[128.46,-14.89],[128.07,-15.38],[127.96,-14.7],[126.85,-13.78],[125.86,-14.69],[125.16,-14.8],[125.02,-15.64],[124.42,-15.66],[124.34,-16.26],[123.58,-16.39],[123.89,-16.91],[123.42,-17.58],[122.74,-16.58],[122.09,-17.4],[122.2,-18.24],[120.87,-19.68],[119.53,-20.14],[118.87,-20.07],[117.6,-20.76],[116.42,-20.84],[113.63,-22.57],[113.76,-23.48],[113.43,-24.87],[114.18,-26.02],[114.1,-26.54],[113.16,-26.43],[114.02,-27.63],[113.96,-28.03],[114.63,-28.9],[115.06,-30.8],[115.75,-32.21],[115.65,-33.37],[114.99,-33.75],[115.05,-34.42],[116.56,-35.19],[118.21,-35.09],[119.77,-34.12],[121.74,-33.96],[122.17,-34.18],[123.62,-33.92],[124.25,-33.14],[126.06,-32.43],[127.27,-32.38],[129.19,-31.8],[131.28,-31.63],[131.99,-32.07],[133.84,-32.34],[134.63,-33.27],[135.71,-35.21],[136.11,-34.53],[137.07,-33.95],[137.87,-32.75],[138.17,-33.19],[136.95,-35.47],[137.68,-35.33],[138.1,-34.36],[138.57,-34.93],[138.35,-35.87],[139.37,-35.61],[140.01,-37.64],[140.65,-38.16],[143.36,-38.97],[144.75,-38.46],[144.97,-38.07],[145.54,-38.72],[146.53,-39.18],[148.04,-38.1],[149.5,-37.93],[149.98,-37.35],[150.22,-35.69],[150.76,-35.25],[151.36,-33.52],[152.18,-32.88],[152.97,-31.42],[152.94,-30.7],[153.49,-28.84],[152.95,-27.34],[152.9,-25.63],[151.73,-24.16],[150.8,-23.6],[150.75,-22.81],[149.56,-22.43],[149.1,-21.06],[148.19,-20.17],[146.32,-19.08],[145.92,-18.26],[145.87,-17.19],[145.33,-16.49],[145.18,-15.05],[144.39,-14.37],[143.74,-14.47],[143.17,-12.12],[142.34,-10.92]]]},"properties":{"NAME":"Australian aboriginal hunter-gatherers","SUBJECTO":"Australian aboriginal hunter-gatherers","PARTOF":"Australian aboriginal hunter-gatherers"}},
{"type":"Feature","geometry":{"type":"Polygon","coordinates":[[[146.71,-43.72],[147.82,-42.97],[148.32,-41.81],[148.27,-41.09],[146.38,-41.31],[144.78,-40.84],[145.18,-42.48],[145.72,-43.24],[146.71,-43.72]]]},"properties":{"NAME":"Tasmanian hunter-gatherers","SUBJECTO":"Tasmanian hunter-gatherers","PARTOF":"Tasmanian hunter-gatherers"}},
{"type":"Feature","geometry":{"type":"MultiPolygon","coordinates":[[[[-79.34,50.84],[-80.36,51.3],[-80.88,51.91],[-81.31,52.12],[-81.75,52.17],[-81.51,52.14],[-80.36,51.3],[-79.34,50.84]]],[[[-65.24,50.35],[-64.88,50.33],[-62.95,54.22],[-65.24,50.35]]],[[[-81.85,52.71],[-82.07,52.86],[-82.34,52.98],[-81.99,52.8],[-81.85,52.71]]],[[[-111.98,58.29],[-122.49,54.24],[-115.03,52.03],[-114.47,52],[-106.28,51.52],[-102.59,53.56],[-111.98,58.29]]]]},"properties":{"NAME":"Subarctic forest hunter-gatherers","SUBJECTO":"Subarctic forest hunter-gatherers","PARTOF":"Subarctic forest hunter-gatherers"}},
{"type":"Feature","geometry":{"type":"Polygon","coordinates":[[[-128.43,55.67],[-129.97,53.91],[-128.81,53.76],[-128.43,52.94],[-128.08,52.94],[-127.87,52.41],[-125.76,53.13],[-122.49,54.24],[-111.98,58.29],[-112.45,58.52],[-111.37,58.61],[-118.2,62.71],[-124.94,64.83],[-132.3,62.54],[-133.48,62.93],[-129.76,69.66],[-132.71,68.87],[-133.72,68.92],[-130.05,69.97],[-131.06,70.16],[-133.65,69.51],[-136.04,69.34],[-135.5,68.72],[-138.3,69.14],[-157.18,64.01],[-160.93,63.95],[-161,63.63],[-153.17,59.74],[-152.88,60.28],[-150.31,61.31],[-149.32,60.93],[-151.16,60.66],[-151.78,59.96],[-148.76,60.68],[-147.94,61.21],[-147.07,60.91],[-145.51,62.58],[-138.61,61.53],[-134.8,60.55],[-134.31,61.43],[-133.46,61.54],[-128.7,60.74],[-130.08,57.57],[-128.43,55.67]]]},"properties":{"NAME":"Athabaskan","SUBJECTO":"Athabaskan","PARTOF":"Athabaskan"}},
{"type":"Feature","geometry":{"type":"MultiPolygon","coordinates":[[[[-50.48,-1.68],[-48.89,-1.42],[-48.55,-0.63],[-49.14,-0.2],[-50.5,-0.26],[-50.48,-1.68]]],[[[-62.3,9.72],[-62.1,10.02],[-61.41,9.7],[-63,9.29],[-64.91,9.29],[-69.23,9.79],[-69.81,8.49],[-65.97,8.18],[-63.07,8.33],[-61.29,8.77],[-61.12,9.17],[-60.79,9.39],[-61.53,9.85],[-62.1,10.02],[-62.3,9.72]]]]},"properties":{"NAME":"Caribbean hunter-gatherers","SUBJECTO":"Caribbean hunter-gatherers","PARTOF":"Caribbean hunter-gatherers"}},
{"type":"Feature","geometry":{"type":"Polygon","coordinates":[[[-53.12,-14.28],[-46.28,-3.55],[-49.07,-4.74],[-54.16,-4.63],[-56.33,-4.33],[-58.44,-2.29],[-57.97,-0.59],[-55.8,0.88],[-55.86,1.7],[-58.56,3.98],[-62.66,4.15],[-66.41,3.04],[-70.16,-5.74],[-69.05,-8.24],[-64.19,-14.69],[-60.27,-13.81],[-53.12,-14.28]]]},"properties":{"NAME":"Amazon hunter-gatherers","SUBJECTO":"Amazon hunter-gatherers","PARTOF":"Amazon hunter-gatherers"}},
{"type":"Feature","geometry":{"type":"Polygon","coordinates":[[[-69.11,-51.35],[-69.04,-50.56],[-67.83,-49.97],[-67.58,-49.06],[-65.78,-47.71],[-65.78,-47.23],[-66.67,-47.02],[-67.47,-46.27],[-66.97,-45.31],[-65.66,-44.94],[-65.63,-44.72],[-65.31,-43.6],[-64.7,-43.2],[-65.09,-42.78],[-64.17,-42.65],[-64,-42.85],[-63.62,-42.57],[-64.12,-42.38],[-64.99,-42.19],[-64.92,-41.73],[-65.13,-41.24],[-64.94,-40.83],[-63.84,-41.16],[-62.26,-40.8],[-62.47,-40.37],[-62.11,-39.69],[-62.35,-39.33],[-62.31,-38.88],[-61.36,-39.03],[-59.52,-38.87],[-57.81,-38.39],[-56.7,-36.94],[-57.37,-36.15],[-57.24,-35.58],[-58.52,-34.59],[-58.34,-34.22],[-56.34,-35],[-54.62,-34.92],[-54.07,-34.65],[-52.35,-32.68],[-52.14,-31.74],[-53.54,-31.45],[-54.36,-30.59],[-57.35,-29.68],[-63.56,-30.04],[-67.48,-31.66],[-67.65,-33.58],[-69.44,-37.16],[-71.52,-39.71],[-72.07,-40.55],[-70.58,-40.58],[-71.63,-43.2],[-72.19,-45.99],[-72.04,-48.77],[-71.49,-51.1],[-71.17,-51.56],[-69.11,-51.35]]]},"properties":{"NAME":"Pampas cultures","SUBJECTO":"Pampas cultures","PARTOF":"Pampas cultures"}},
{"type":"Feature","geometry":{"type":"Polygon","coordinates":[[[-64.19,-14.69],[-64.66,-16.8],[-65.72,-18.08],[-65.49,-19.14],[-67.15,-25.22],[-68.26,-28.54],[-68.41,-30.48],[-67.48,-31.66],[-63.56,-30.04],[-57.35,-29.68],[-54.36,-30.59],[-53.54,-31.45],[-52.14,-31.74],[-52.04,-31.56],[-51.45,-31.02],[-51.23,-30.27],[-50.61,-30.3],[-51.12,-31.47],[-50.47,-30.74],[-49.94,-29.63],[-49.55,-29.16],[-48.8,-28.48],[-49.84,-26.8],[-49.49,-24.55],[-48.47,-23.75],[-53.12,-14.28],[-60.27,-13.81],[-64.19,-14.69]]]},"properties":{"NAME":"Savanna hunter-gatherers","SUBJECTO":"Savanna hunter-gatherers","PARTOF":"Savanna hunter-gatherers"}},
{"type":"Feature","geometry":{"type":"Polygon","coordinates":[[[-67.48,-31.66],[-68.41,-30.48],[-68.44,-30.94],[-69.37,-32.6],[-69.37,-34.44],[-70.29,-36.47],[-71.03,-37.21],[-73.28,-37.28],[-73.14,-37.16],[-72.63,-35.65],[-71.62,-33.71],[-71.41,-32.73],[-71.52,-32.18],[-71.62,-33.71],[-72.63,-35.65],[-73.14,-37.16],[-73.67,-37.5],[-73.44,-37.9],[-73.19,-39.57],[-73.76,-40.24],[-73.67,-41.48],[-73.46,-41.79],[-72.73,-41.55],[-72.07,-40.55],[-71.52,-39.71],[-69.44,-37.16],[-67.65,-33.58],[-67.48,-31.66]]]},"properties":{"NAME":"Andean hunter-gatherers","SUBJECTO":"Andean hunter-gatherers","PARTOF":"Andean hunter-gatherers"}},
{"type":"Feature","geometry":{"type":"MultiPolygon","coordinates":[[[[-70.5,-54.92],[-65.26,-54.82],[-66.98,-54.34],[-68.71,-53.23],[-68.31,-52.94],[-69.41,-52.57],[-70.33,-53.47],[-69.44,-53.41],[-70.04,-53.99],[-69.06,-54.6],[-70.62,-54.5],[-70.5,-54.92]]],[[[-74.24,-43.37],[-73.7,-43.39],[-73.83,-42.56],[-73.46,-42.26],[-74.17,-42.35],[-74.24,-43.37]]],[[[-73.24,-52.57],[-73.08,-53.03],[-72.84,-52.65],[-73.24,-52.57]]],[[[-69.11,-51.35],[-71.17,-51.56],[-71.49,-51.1],[-72.04,-48.77],[-72.19,-45.99],[-71.63,-43.2],[-70.58,-40.58],[-72.07,-40.55],[-72.73,-41.55],[-72.59,-41.62],[-72.61,-42],[-72.47,-42.03],[-72.53,-43.06],[-73,-43.33],[-72.76,-44.37],[-72.58,-44.44],[-73.14,-45.34],[-73.05,-45.38],[-73.97,-46.71],[-74,-46.49],[-74.43,-46.53],[-74.04,-46.09],[-74.56,-45.87],[-75.44,-46.63],[-75.02,-46.55],[-74.86,-46.82],[-73.98,-47.03],[-74.38,-47.42],[-74.3,-47.76],[-73.36,-47.97],[-74.21,-48.01],[-74.27,-49.43],[-73.96,-49.24],[-73.93,-49.99],[-73.93,-50.51],[-73.53,-50.43],[-74.21,-51.02],[-73.68,-51.23],[-73.78,-51.61],[-73.26,-51.71],[-73.11,-52.1],[-72.45,-52.16],[-72.21,-52.57],[-71.68,-52.64],[-72.75,-53.14],[-71.15,-52.96],[-71.44,-53.88],[-70.73,-52.8],[-69.24,-52.29],[-68.46,-52.42],[-69.08,-51.5],[-69.11,-51.35]]]]},"properties":{"NAME":"Patagonian shellfish and marine mammal hunters","SUBJECTO":"Patagonian shellfish and marine mammal hunters","PARTOF":"Patagonian shellfish and marine mammal hunters"}},
{"type":"Feature","geometry":{"type":"MultiPolygon","coordinates":[[[[-120.41,46.96],[-120.07,46.94],[-120.41,47.13],[-120.41,46.96]]],[[[-114.47,52],[-115.03,52.03],[-122.49,54.24],[-125.76,53.13],[-120.61,49.07],[-119.12,49.2],[-117.34,49.35],[-114.27,49.6],[-114.47,52]]]]},"properties":{"NAME":"Plateau fichers and hunter gatherers","SUBJECTO":"Plateau fichers and hunter gatherers","PARTOF":"Plateau fichers and hunter gatherers"}},
{"type":"Feature","geometry":{"type":"Polygon","coordinates":[[[33.33,48.05],[29.32,48.29],[26.16,48.94],[25.67,48.69],[23.89,49.26],[19.38,49.8],[18.93,49.62],[18.25,49.18],[18.31,48.28],[17.52,47.64],[16.12,45.58],[14.53,45.78],[14.35,45.32],[15.49,43.89],[16.7,43.85],[16.64,43.39],[19.61,41.76],[19.37,40.26],[20.03,39.81],[21.17,38.35],[22.33,38.43],[21.23,37.9],[21.78,36.82],[22.98,36.61],[22.64,37.49],[23.42,37.47],[22.98,37.96],[23.99,37.76],[23.8,38.35],[22.49,38.88],[23.24,39.2],[22.49,40.5],[23.6,39.93],[23.89,40.73],[25.02,41.02],[26.61,40.4],[27.47,40.96],[28.83,40.91],[29.08,41.2],[28.1,41.59],[27.5,42.52],[28.45,43.48],[28.69,44.49],[29.71,45.26],[30.83,46.58],[31.78,46.7],[32.33,46.15],[33.24,46.96],[33.33,48.05]]]},"properties":{"NAME":"Ottoman Empire","SUBJECTO":"Ottoman Empire","PARTOF":"Ottoman Empire"}},
{"type":"Feature","geometry":{"type":"Polygon","coordinates":[[[-4.15,53.23],[-4.42,53.42],[-4.57,53.27],[-4.15,53.23]]]},"properties":{"NAME":null,"SUBJECTO":null,"PARTOF":null}},
{"type":"Feature","geometry":{"type":"Polygon","coordinates":[[[-5.1,55.44],[-5.3,55.72],[-5.34,55.47],[-5.1,55.44]]]},"properties":{"NAME":null,"SUBJECTO":null,"PARTOF":null}},
{"type":"Feature","geometry":{"type":"Polygon","coordinates":[[[-6.12,55.88],[-6.45,55.85],[-6.33,55.59],[-6.12,55.88]]]},"properties":{"NAME":null,"SUBJECTO":null,"PARTOF":null}},
{"type":"Feature","geometry":{"type":"Polygon","coordinates":[[[-5.95,55.83],[-5.71,56.15],[-5.97,56.02],[-5.95,55.83]]]},"properties":{"NAME":null,"SUBJECTO":null,"PARTOF":null}},
{"type":"Feature","geometry":{"type":"Polygon","coordinates":[[[-7.47,56.94],[-7.45,57.06],[-7.56,56.95],[-7.47,56.94]]]},"properties":{"NAME":null,"SUBJECTO":null,"PARTOF":null}},
{"type":"Feature","geometry":{"type":"Polygon","coordinates":[[[-7.22,57.34],[-7.42,57.38],[-7.38,57.11],[-7.22,57.34]]]},"properties":{"NAME":null,"SUBJECTO":null,"PARTOF":null}},
{"type":"Feature","geometry":{"type":"Polygon","coordinates":[[[-7.27,57.4],[-7.2,57.46],[-7.35,57.49],[-7.27,57.4]]]},"properties":{"NAME":null,"SUBJECTO":null,"PARTOF":null}},
{"type":"Feature","geometry":{"type":"Polygon","coordinates":[[[-7.19,57.69],[-7.54,57.6],[-7.15,57.51],[-7.19,57.69]]]},"properties":{"NAME":null,"SUBJECTO":null,"PARTOF":null}},
{"type":"Feature","geometry":{"type":"Polygon","coordinates":[[[-7.01,57.88],[-6.99,57.92],[-7.07,57.9],[-7.01,57.88]]]},"properties":{"NAME":null,"SUBJECTO":null,"PARTOF":null}},
{"type":"Feature","geometry":{"type":"Polygon","coordinates":[[[-6.8,58.2],[-6.85,58.25],[-6.87,58.21],[-6.8,58.2]]]},"properties":{"NAME":null,"SUBJECTO":null,"PARTOF":null}},
{"type":"Feature","geometry":{"type":"Polygon","coordinates":[[[-6.2,58.36],[-7.03,58.24],[-6.47,57.94],[-6.2,58.36]]]},"properties":{"NAME":null,"SUBJECTO":null,"PARTOF":null}},
{"type":"Feature","geometry":{"type":"Polygon","coordinates":[[[-2.92,58.73],[-2.9,58.84],[-3.04,58.82],[-2.92,58.73]]]},"properties":{"NAME":null,"SUBJECTO":null,"PARTOF":null}},
{"type":"Feature","geometry":{"type":"Polygon","coordinates":[[[-3.23,58.78],[-3.34,58.93],[-3.43,58.87],[-3.23,58.78]]]},"properties":{"NAME":null,"SUBJECTO":null,"PARTOF":null}},
{"type":"Feature","geometry":{"type":"Polygon","coordinates":[[[-2.79,58.95],[-3.35,59.11],[-3.19,58.91],[-2.79,58.95]]]},"properties":{"NAME":null,"SUBJECTO":null,"PARTOF":null}},
{"type":"Feature","geometry":{"type":"Polygon","coordinates":[[[-2.68,59.2],[-2.39,59.28],[-2.59,59.29],[-2.68,59.2]]]},"properties":{"NAME":null,"SUBJECTO":null,"PARTOF":null}},
{"type":"Feature","geometry":{"type":"Polygon","coordinates":[[[-2.89,59.3],[-3.07,59.32],[-3,59.26],[-2.89,59.3]]]},"properties":{"NAME":null,"SUBJECTO":null,"PARTOF":null}},
{"type":"Feature","geometry":{"type":"Polygon","coordinates":[[[-1.3,60.49],[-1.26,59.86],[-1.04,60.45],[-1.3,60.49]]]},"properties":{"NAME":null,"SUBJECTO":null,"PARTOF":null}},
{"type":"Feature","geometry":{"type":"Polygon","coordinates":[[[-1.03,60.5],[-1,60.72],[-1.18,60.64],[-1.03,60.5]]]},"properties":{"NAME":null,"SUBJECTO":null,"PARTOF":null}},
{"type":"Feature","geometry":{"type":"Polygon","coordinates":[[[-0.82,60.69],[-0.88,60.84],[-0.97,60.69],[-0.82,60.69]]]},"properties":{"NAME":null,"SUBJECTO":null,"PARTOF":null}},
{"type":"Feature","geometry":{"type":"Polygon","coordinates":[[[-6.71,61.94],[-7.19,62.31],[-7.23,62.17],[-6.71,61.94]]]},"properties":{"NAME":null,"SUBJECTO":null,"PARTOF":null}},
{"type":"Feature","geometry":{"type":"Polygon","coordinates":[[[-4.78,54.06],[-4.39,54.19],[-4.37,54.42],[-4.78,54.06]]]},"properties":{"NAME":null,"SUBJECTO":null,"PARTOF":null}},
{"type":"Feature","geometry":{"type":"Polygon","coordinates":[[[129.72,28.45],[129.14,28.25],[129.37,28.12],[129.72,28.45]]]},"properties":{"NAME":null,"SUBJECTO":null,"PARTOF":null}},
{"type":"Feature","geometry":{"type":"Polygon","coordinates":[[[129.96,29.96],[129.94,30],[129.94,29.97],[129.96,29.96]]]},"properties":{"NAME":null,"SUBJECTO":null,"PARTOF":null}},
{"type":"Feature","geometry":{"type":"Polygon","coordinates":[[[129.9,29.87],[129.85,29.85],[129.92,29.82],[129.9,29.87]]]},"properties":{"NAME":null,"SUBJECTO":null,"PARTOF":null}},
{"type":"Feature","geometry":{"type":"Polygon","coordinates":[[[130.91,30.35],[131.05,30.84],[130.87,30.47],[130.91,30.35]]]},"properties":{"NAME":null,"SUBJECTO":null,"PARTOF":null}},
{"type":"Feature","geometry":{"type":"Polygon","coordinates":[[[130.56,30.24],[130.67,30.37],[130.39,30.4],[130.56,30.24]]]},"properties":{"NAME":null,"SUBJECTO":null,"PARTOF":null}},
{"type":"Feature","geometry":{"type":"Polygon","coordinates":[[[121.73,25.14],[121,25],[120.12,23.63],[120.06,23.15],[120.7,21.95],[121.45,23.33],[121.84,24.48],[121.73,25.14]]]},"properties":{"NAME":null,"SUBJECTO":null,"PARTOF":null}},
{"type":"Feature","geometry":{"type":"Polygon","coordinates":[[[128.9,32.64],[128.65,32.78],[128.61,32.61],[128.9,32.64]]]},"properties":{"NAME":null,"SUBJECTO":null,"PARTOF":null}},
{"type":"Feature","geometry":{"type":"Polygon","coordinates":[[[126.54,37.68],[126.86,37.26],[126.29,36.79],[126.79,35.89],[126.29,34.59],[127.64,34.62],[128.57,35.17],[129.14,35.11],[129.39,36.04],[129.34,37.26],[128.26,38.41],[127.13,38.3],[126.54,37.68]]]},"properties":{"NAME":null,"SUBJECTO":null,"PARTOF":null}},
{"type":"Feature","geometry":{"type":"Polygon","coordinates":[[[123.87,24.25],[123.77,24.41],[123.68,24.32],[123.87,24.25]]]},"properties":{"NAME":null,"SUBJECTO":null,"PARTOF":null}},
{"type":"Feature","geometry":{"type":"Polygon","coordinates":[[[125.36,24.78],[125.26,24.88],[125.25,24.74],[125.36,24.78]]]},"properties":{"NAME":null,"SUBJECTO":null,"PARTOF":null}},
{"type":"Feature","geometry":{"type":"Polygon","coordinates":[[[124.26,24.46],[124.09,24.44],[124.23,24.34],[124.26,24.46]]]},"properties":{"NAME":null,"SUBJECTO":null,"PARTOF":null}},
{"type":"Feature","geometry":{"type":"Polygon","coordinates":[[[128.25,26.64],[128.25,26.84],[127.72,26.44],[128.25,26.64]]]},"properties":{"NAME":null,"SUBJECTO":null,"PARTOF":null}},
{"type":"Feature","geometry":{"type":"Polygon","coordinates":[[[126.76,26.39],[126.69,26.37],[126.78,26.3],[126.76,26.39]]]},"properties":{"NAME":null,"SUBJECTO":null,"PARTOF":null}},
{"type":"Feature","geometry":{"type":"Polygon","coordinates":[[[128.95,27.68],[129.03,27.77],[128.9,27.9],[128.95,27.68]]]},"properties":{"NAME":null,"SUBJECTO":null,"PARTOF":null}},
{"type":"Feature","geometry":{"type":"Polygon","coordinates":[[[128.61,27.36],[128.7,27.45],[128.52,27.41],[128.61,27.36]]]},"properties":{"NAME":null,"SUBJECTO":null,"PARTOF":null}},
{"type":"Feature","geometry":{"type":"Polygon","coordinates":[[[129.99,28.28],[130.03,28.37],[129.92,28.29],[129.99,28.28]]]},"properties":{"NAME":null,"SUBJECTO":null,"PARTOF":null}},
{"type":"Feature","geometry":{"type":"Polygon","coordinates":[[[129.34,28.08],[129.22,28.18],[129.22,28.1],[129.34,28.08]]]},"properties":{"NAME":null,"SUBJECTO":null,"PARTOF":null}},
{"type":"Feature","geometry":{"type":"Polygon","coordinates":[[[129.73,29.61],[129.75,29.65],[129.71,29.65],[129.73,29.61]]]},"properties":{"NAME":null,"SUBJECTO":null,"PARTOF":null}},
{"type":"Feature","geometry":{"type":"Polygon","coordinates":[[[14.6,12.99],[14.99,12.1],[16.63,11.1],[20.21,12.05],[19.85,13.22],[17.16,13.47],[14.73,13.1],[14.6,12.99]]]},"properties":{"NAME":"Bagirmi","SUBJECTO":"Bagirmi","PARTOF":"Bagirmi"}},
{"type":"Feature","geometry":{"type":"Polygon","coordinates":[[[14.73,13.1],[16.48,13.37],[16.89,13.58],[17.3,14.47],[17.01,15.5],[13.31,20.97],[12.06,20.97],[11.61,20.6],[11.39,15.5],[10.21,13.73],[10.73,11.29],[11.91,11.07],[14.81,12.53],[14.6,12.99],[14.73,13.1]]]},"properties":{"NAME":"Kanem-Bornu","SUBJECTO":"Kanem-Bornu","PARTOF":"Kanem-Bornu"}},
{"type":"Feature","geometry":{"type":"Polygon","coordinates":[[[21.01,55.82],[22.8,54.74],[22.39,54.04],[22.82,53.56],[20.33,52.97],[18.79,53.31],[18.67,54.26],[17.66,54.69],[16.2,53.71],[15.76,52.27],[17.29,51.79],[18.65,50.64],[18.93,49.62],[19.38,49.8],[23.89,49.26],[25.67,48.69],[26.16,48.94],[29.32,48.29],[33.33,48.05],[34.16,47.81],[36.4,49.04],[35.7,50.42],[33.88,50.21],[33.88,51.13],[33.17,51.43],[31.34,50.92],[31.38,53.26],[32.47,53.09],[32.21,54.43],[31.21,55.73],[31.51,56.49],[30.17,56.28],[28.09,56.75],[27.61,56.71],[27.59,58.31],[27.67,58.98],[27.7,59.3],[25.45,59.49],[23.42,59.12],[23.67,58.24],[24.5,58.21],[24.35,57.16],[23.3,56.94],[22.86,56.32],[20.95,56.07],[21.01,55.82]]]},"properties":{"NAME":"Poland-Lithuania","SUBJECTO":"Poland-Lithuania","PARTOF":"Poland-Lithuania"}},
{"type":"Feature","geometry":{"type":"Polygon","coordinates":[[[126.54,37.68],[127.13,38.3],[128.26,38.41],[127.28,39.22],[127.67,39.87],[129.48,40.68],[129.64,41.66],[130.44,42.28],[129.97,42.96],[128.76,42.06],[127.98,42.11],[128.1,41.45],[126.47,41.65],[125.88,40.95],[124.13,39.84],[125.3,39.36],[125.27,38.57],[124.69,38.14],[125.27,37.48],[126.36,37.72],[126.53,37.68],[126.54,37.68]]]},"properties":{"NAME":"Korea","SUBJECTO":"Korea","PARTOF":"Korea"}},
{"type":"Feature","geometry":{"type":"Polygon","coordinates":[[[156.69,57.11],[155.63,56.27],[155.47,54.92],[156.04,52.78],[156.7,50.96],[157.9,51.67],[158.46,52.83],[159.9,53.24],[159.93,54.09],[162.01,54.74],[161.5,55.29],[161.98,55.96],[156.69,57.11]]]},"properties":{"NAME":"Itelmen","SUBJECTO":"Itelmen","PARTOF":"Itelmen"}},
{"type":"Feature","geometry":{"type":"Polygon","coordinates":[[[165.25,62.31],[164.01,62.13],[163.33,60.69],[161.54,59.94],[158.33,58.03],[156.78,57.58],[156.69,57.11],[161.98,55.96],[163.1,56.56],[162.51,57.03],[163.13,57.55],[161.8,58.1],[162.91,58.89],[163.39,59.81],[164.58,59.66],[165.78,60.35],[166.03,59.71],[167.1,60.27],[169.15,60.43],[169.88,59.87],[173.3,61.52],[165.25,62.31]]]},"properties":{"NAME":"Koryaks","SUBJECTO":"Koryaks","PARTOF":"Koryaks"}},
{"type":"Feature","geometry":{"type":"Polygon","coordinates":[[[82.44,72.05],[83.56,71.62],[83.39,70.34],[83.75,69.76],[82.9,68.54],[92.3,69.82],[90.67,72.41],[82.44,72.05]]]},"properties":{"NAME":"Enets","SUBJECTO":"Enets","PARTOF":"Samoyedic people"}},
{"type":"Feature","geometry":{"type":"Polygon","coordinates":[[[66.8,66.65],[68.07,66.63],[68.6,65.48],[73.54,65.57],[80.83,65.7],[82.9,68.54],[83.75,69.76],[83.39,70.34],[81.67,71.57],[79.22,72.27],[77.79,71.78],[78.61,70.85],[75.67,71.2],[75.62,72.63],[73.22,71.46],[74.25,70.57],[73.91,69.15],[77.41,68.94],[77.98,68.15],[76.95,67.65],[76.33,68.78],[74.5,68.59],[74.74,67.69],[72.21,66.17],[69.77,66.33],[70.84,66.55],[72.84,67.65],[73.39,68.38],[72.53,69.07],[72.68,70.82],[71.8,71.43],[72.71,72.77],[69.34,72.83],[68.32,71.63],[66.82,71.11],[67.42,70.22],[66.88,69.62],[69.11,68.83],[67.65,68.45],[66.8,66.65]]]},"properties":{"NAME":"Nenets","SUBJECTO":"Nenets","PARTOF":"Samoyedic people"}},
{"type":"Feature","geometry":{"type":"Polygon","coordinates":[[[105.36,72.75],[113.63,75.27],[113.53,76.09],[111.43,76.57],[106.87,76.43],[97.98,74.36],[92.43,73.38],[99.92,71.36],[105.36,72.75]]]},"properties":{"NAME":"Nganasan","SUBJECTO":"Nganasan","PARTOF":"Samoyedic people"}},
{"type":"Feature","geometry":{"type":"Polygon","coordinates":[[[73.54,65.57],[68.6,65.48],[68.07,66.63],[66.8,66.65],[66.97,65.5],[64.04,60.76],[66.24,60.06],[68.81,62.58],[70.97,64.24],[71.8,63.46],[73.54,65.57]]]},"properties":{"NAME":"Komi","SUBJECTO":"Komi","PARTOF":"Samoyedic People"}},
{"type":"Feature","geometry":{"type":"Polygon","coordinates":[[[71.8,63.46],[72.36,62.94],[74.37,63.08],[75.24,62.13],[75.5,59.94],[80.76,60.15],[83.49,64.36],[80.83,65.7],[73.54,65.57],[71.8,63.46]]]},"properties":{"NAME":"Khanty","SUBJECTO":"Khanty","PARTOF":"Samoyedic people"}},
{"type":"Feature","geometry":{"type":"Polygon","coordinates":[[[76.88,54.37],[79.3,54.4],[82.54,57.08],[78.4,58.59],[75.66,58.62],[75.5,59.94],[75.24,62.13],[74.37,63.08],[72.36,62.94],[71.8,63.46],[70.97,64.24],[68.81,62.58],[66.24,60.06],[64.63,58.48],[64.23,57.66],[64.68,55.97],[67.77,54.64],[68.59,54.28],[76.88,54.37]]]},"properties":{"NAME":"Khanate of Sibir","SUBJECTO":"Khanate of Sibir","PARTOF":"Khanate of Sibir"}},
{"type":"Feature","geometry":{"type":"Polygon","coordinates":[[[68.78,40.94],[68.63,40.92],[60.61,45.43],[53.15,45.98],[52.61,45.4],[51.51,45.37],[51.58,44.55],[50.33,44.56],[52.07,42.83],[52.83,42.65],[52.52,42.07],[53.99,42.11],[54.75,41.14],[54.42,40.66],[53.26,40.76],[52.99,39.93],[54.07,38.9],[53.94,38.16],[56.43,38.21],[58.62,39.05],[62.66,39.22],[64.35,37.87],[64.68,36.53],[66.34,36.31],[69.23,37.37],[69.9,37.78],[68.78,40.94]]]},"properties":{"NAME":"Khiva Khanate","SUBJECTO":"Khiva Khanate","PARTOF":"Khiva Khanate"}},
{"type":"Feature","geometry":{"type":"Polygon","coordinates":[[[161.92,68.15],[162.62,69.54],[160.86,69.08],[159.44,69.76],[158.41,70.81],[156.04,70.99],[152.32,70.67],[151.75,69.72],[161.92,68.15]]]},"properties":{"NAME":"Yukagir","SUBJECTO":"Yukagir","PARTOF":"Yukagir"}},
{"type":"Feature","geometry":{"type":"Polygon","coordinates":[[[29.41,62.52],[29.52,61.77],[29.69,60.13],[27.7,59.3],[27.67,58.98],[27.59,58.31],[27.61,56.71],[28.09,56.75],[29.52,58.08],[32.72,57.2],[34.86,56.13],[35.13,54.39],[38.34,54.39],[38.74,55.19],[40.75,54.39],[43.96,54.79],[44.76,55.33],[45.43,57.47],[45.96,57.73],[52.39,58.01],[55.47,58.14],[62.02,58.8],[63.49,59.88],[64.04,60.76],[66.97,65.5],[66.8,66.65],[67.65,68.45],[66.58,68.89],[62.28,69.71],[60.37,69.47],[60.99,69],[59.76,68.3],[58.77,68.86],[57.02,68.45],[55.34,68.48],[53.63,68.05],[53.89,68.79],[48.08,67.56],[47.57,66.82],[46.4,66.72],[44.87,67.31],[46.63,67.7],[45.86,68.38],[44.01,68.49],[43.7,67.27],[44.03,66.01],[42.21,66.41],[39.95,65.58],[40.32,64.46],[36.88,65.07],[37.94,63.85],[35.08,64.29],[34.29,65.4],[34.54,66],[32.64,67.05],[31.25,67.64],[27.1,66.83],[26.79,66.21],[29.71,65.63],[29.27,63.33],[29.41,62.52]],[[30.46,60.86],[29.83,61.22],[30.85,61.78],[32.94,60.64],[31.45,59.91],[30.46,60.86]],[[36.11,61.61],[35.83,60.87],[34.63,61.65],[34.64,62.49],[35.74,62.52],[36.11,61.61]],[[38.78,58.13],[38.26,58.07],[37.64,59.16],[38.99,58.5],[38.78,58.13]]]},"properties":{"NAME":"Tsardom of Muscovy","SUBJECTO":"Tsardom of Muscovy","PARTOF":"Tsardom of Muscovy"}},
{"type":"Feature","geometry":{"type":"Polygon","coordinates":[[[22.53,67.72],[22.22,66.94],[25.63,66.7],[26.79,66.21],[27.1,66.83],[31.25,67.64],[32.64,67.05],[35.77,66.26],[39.19,66.04],[41.26,66.94],[40.83,67.66],[38.67,68.15],[37.25,68.79],[32.6,69.42],[32.07,69.88],[29.73,69.7],[28.73,70.14],[30.46,70.54],[28.21,71.02],[22.31,70.22],[19.82,69.37],[18.77,67.94],[22.53,67.72]]]},"properties":{"NAME":"Sámi","SUBJECTO":"Sámi","PARTOF":"Sámi"}},
{"type":"Feature","geometry":{"type":"Polygon","coordinates":[[[35.34,62.03],[35.25,62.08],[35.16,61.86],[35.34,62.03]]]},"properties":{"NAME":"Tsardom of Muscovy","SUBJECTO":"Tsardom of Muscovy","PARTOF":"Tsardom of Muscovy"}},
{"type":"Feature","geometry":{"type":"Polygon","coordinates":[[[17.33,64.83],[16.66,63.76],[15.05,63.53],[13.15,62.02],[12.43,59.93],[11.17,59.06],[11.8,58.18],[11.88,57.33],[12.32,57.68],[13.43,56.52],[15.43,56.77],[16.06,56.4],[16.66,57.44],[16.44,58.63],[18.37,59.16],[19.04,59.71],[17.19,60.67],[17.29,62.44],[17.72,62.36],[21.39,64.38],[21.28,65.21],[22.65,65.93],[25.25,65.42],[24.47,64.64],[21.03,62.48],[21.56,60.51],[23.2,59.82],[28.52,60.62],[29.69,60.13],[29.52,61.77],[28.87,61.25],[27.27,61.32],[28.81,61.83],[27.55,62.41],[27.68,62.91],[28.83,62.13],[29.41,62.52],[29.27,63.33],[29.71,65.63],[26.79,66.21],[25.63,66.7],[22.22,66.94],[22.53,67.72],[18.77,67.94],[17.25,68.09],[14.7,66.12],[17.47,65.02],[17.33,64.83]],[[12.33,58.38],[13.14,59.34],[14.05,59.31],[13.8,58.72],[12.33,58.38]]]},"properties":{"NAME":"Sweden","SUBJECTO":"","PARTOF":""}},
{"type":"Feature","geometry":{"type":"Polygon","coordinates":[[[13.67,54.57],[13.12,54.33],[13.39,54.22],[13.67,54.57]]]},"properties":{"NAME":null,"SUBJECTO":null,"PARTOF":null}},
{"type":"Feature","geometry":{"type":"Polygon","coordinates":[[[23.21,58.45],[21.83,58.51],[22.19,58.16],[23.21,58.45]]]},"properties":{"NAME":null,"SUBJECTO":null,"PARTOF":null}},
{"type":"Feature","geometry":{"type":"Polygon","coordinates":[[[22.95,58.84],[22.58,59.07],[22.48,58.7],[22.95,58.84]]]},"properties":{"NAME":null,"SUBJECTO":null,"PARTOF":null}},
{"type":"Feature","geometry":{"type":"Polygon","coordinates":[[[20.12,60.08],[20,60.05],[20.2,59.98],[20.12,60.08]]]},"properties":{"NAME":null,"SUBJECTO":null,"PARTOF":null}},
{"type":"Feature","geometry":{"type":"Polygon","coordinates":[[[20.3,60.12],[20.22,60.14],[20.26,60.05],[20.3,60.12]]]},"properties":{"NAME":null,"SUBJECTO":null,"PARTOF":null}},
{"type":"Feature","geometry":{"type":"Polygon","coordinates":[[[19.57,60.25],[19.54,60.13],[19.67,60.15],[19.57,60.25]]]},"properties":{"NAME":null,"SUBJECTO":null,"PARTOF":null}},
{"type":"Feature","geometry":{"type":"Polygon","coordinates":[[[20.07,60.3],[19.91,60.4],[19.77,60.08],[20.07,60.3]]]},"properties":{"NAME":null,"SUBJECTO":null,"PARTOF":null}},
{"type":"Feature","geometry":{"type":"Polygon","coordinates":[[[20.44,60.25],[20.37,60.27],[20.39,60.19],[20.44,60.25]]]},"properties":{"NAME":null,"SUBJECTO":null,"PARTOF":null}},
{"type":"Feature","geometry":{"type":"Polygon","coordinates":[[[10.89,57.25],[11.2,57.31],[10.92,57.3],[10.89,57.25]]]},"properties":{"NAME":null,"SUBJECTO":null,"PARTOF":null}},
{"type":"Feature","geometry":{"type":"Polygon","coordinates":[[[11.53,58.05],[11.58,57.93],[11.74,58.04],[11.53,58.05]]]},"properties":{"NAME":null,"SUBJECTO":null,"PARTOF":null}},
{"type":"Feature","geometry":{"type":"Polygon","coordinates":[[[11.47,58.07],[11.8,58.12],[11.67,58.28],[11.47,58.07]]]},"properties":{"NAME":null,"SUBJECTO":null,"PARTOF":null}},
{"type":"Feature","geometry":{"type":"MultiPolygon","coordinates":[[[[173.3,61.52],[177.29,62.49],[178.74,62.3],[179.29,62.82],[178.15,64.16],[175.9,64.55],[177.13,64.93],[178.73,64.61],[180,64.95],[180,65.05],[180,65.31],[180,65.38],[180,65.96],[180,66.96],[180,67.96],[180,68.92],[175.61,69.78],[173.01,69.69],[170.45,70.02],[170.83,68.92],[169.39,68.72],[167.32,69.66],[166.31,69.38],[162.62,69.54],[161.92,68.15],[158.76,61.78],[160.15,61.66],[159.74,61.1],[160.64,60.72],[162.75,61.61],[162.99,62.33],[165.25,62.31],[173.3,61.52]]],[[[-180,66.96],[-180,65.96],[-180,65.38],[-180,65.31],[-180,65.26],[-179.38,66],[-178.65,65.54],[-176.14,65.46],[-175.95,65.01],[-173.08,64.38],[-172.56,65.51],[-169.83,66.02],[-171.96,66.96],[-174.34,67.08],[-174.19,66.29],[-175.51,67.67],[-180,68.92],[-180,67.96],[-180,66.96]]]]},"properties":{"NAME":"Chukchi","SUBJECTO":"Chukchi","PARTOF":"Chukchi"}},
{"type":"Feature","geometry":{"type":"MultiPolygon","coordinates":[[[[11.29,55.19],[12.43,55.24],[11.1,55.63],[11.29,55.19]]],[[[19.22,79.74],[21.97,79.78],[21,79.19],[23.82,79.15],[27.2,79.94],[24.42,80.44],[22.2,80.12],[19.92,80.63],[19.22,79.74]]],[[[14.26,79.53],[11.28,79.71],[13.06,78.35],[16.66,76.73],[19.12,78.45],[20.91,78.81],[16.33,80.03],[16.39,79.23],[14.26,79.53]]],[[[19.82,69.37],[18.32,69.36],[15.38,67.46],[13.75,66.92],[11.41,64.62],[9.22,63.28],[7.09,62.91],[5.15,61.74],[5.1,60.26],[5.89,60.16],[5.09,59.51],[6.24,59.28],[5.4,58.72],[6.96,57.97],[8.15,58.09],[10.41,59.5],[11.17,59.06],[12.43,59.93],[13.15,62.02],[15.05,63.53],[16.66,63.76],[17.33,64.83],[17.47,65.02],[14.7,66.12],[17.25,68.09],[18.77,67.94],[19.82,69.37]]],[[[10.14,54.34],[9.42,54.98],[10.75,56.1],[10.22,56.85],[8.18,56.43],[8.88,54.23],[10.14,54.34]]],[[[10.48,57.76],[8.85,56.99],[10.26,57.01],[10.48,57.76]]],[[[16.06,56.4],[15.43,56.77],[13.43,56.52],[12.32,57.68],[11.88,57.33],[12.87,56.51],[12.41,56.24],[12.8,55.35],[14.12,55.35],[14.65,56.12],[16.06,56.4]]],[[[20.95,56.07],[22.86,56.32],[23.3,56.94],[22.56,57.62],[21.68,57.46],[20.95,56.07]]],[[[-24.22,65.53],[-21.95,65.38],[-21.98,64.95],[-23.61,64.75],[-21.49,64.38],[-22.37,63.77],[-18.64,63.32],[-16.53,63.78],[-13.69,64.78],[-13.65,65.5],[-16.39,66.45],[-16.92,65.98],[-18.68,66.09],[-21.08,65.21],[-21.24,65.88],[-22.68,66.39],[-24.22,65.53]]]]},"properties":{"NAME":"Denmark-Norway","SUBJECTO":"Denmark-Norway","PARTOF":"Denmark-Norway"}},
{"type":"Feature","geometry":{"type":"MultiPolygon","coordinates":[[[[-61.25,45.79],[-60.51,45.66],[-60.17,46.31],[-61.07,45.99],[-60.26,46.94],[-60.63,47.13],[-61.38,46.33],[-61.25,45.79]]],[[[-66.44,45.13],[-64.28,45.92],[-64.46,45.39],[-66.19,44.49],[-65.47,43.52],[-63.9,44.57],[-63.56,44.51],[-60.96,45.3],[-61.94,45.92],[-62.39,45.72],[-64.53,46.27],[-64.98,47.33],[-66.47,48.1],[-65.21,48.12],[-64.4,48.46],[-64.95,49.21],[-67.35,48.85],[-66.44,45.13]]]]},"properties":{"NAME":"Mi'kma'ki","SUBJECTO":"Mi'kma'ki","PARTOF":"Mi'kma'ki"}},
{"type":"Feature","geometry":{"type":"Polygon","coordinates":[[[52.39,58.01],[45.96,57.73],[45.43,57.47],[44.76,55.33],[43.96,54.79],[40.75,54.39],[38.74,55.19],[38.34,54.39],[35.13,54.39],[34.86,56.13],[32.72,57.2],[29.52,58.08],[28.09,56.75],[30.17,56.28],[31.51,56.49],[31.21,55.73],[32.21,54.43],[32.47,53.09],[31.38,53.26],[31.34,50.92],[33.17,51.43],[33.88,51.13],[33.88,50.21],[35.7,50.42],[36.4,49.04],[37.88,49.19],[40.51,47.44],[40.63,46.69],[42.26,46.81],[43.38,46.19],[43.88,44.81],[44.75,44.44],[46.87,44.68],[47.67,45.75],[48.3,45.77],[49.53,46.54],[51.37,47.09],[53.19,46.87],[53.15,45.98],[60.61,45.43],[61,45.41],[57.92,49.92],[52.39,58.01]]]},"properties":{"NAME":"Nogai Horde","SUBJECTO":"Nogai Horde","PARTOF":"Nogai Horde"}},
{"type":"Feature","geometry":{"type":"Polygon","coordinates":[[[67.77,54.64],[64.68,55.97],[64.23,57.66],[64.63,58.48],[66.24,60.06],[64.04,60.76],[63.49,59.88],[62.02,58.8],[55.47,58.14],[52.39,58.01],[57.92,49.92],[67.77,54.64]]]},"properties":{"NAME":"Kazan Khanate","SUBJECTO":"Kazan Khanate","PARTOF":"Kazan Khanate"}},
{"type":"Feature","geometry":{"type":"Polygon","coordinates":[[[76.88,54.37],[68.59,54.28],[67.77,54.64],[57.92,49.92],[61,45.41],[60.61,45.43],[68.63,40.92],[68.78,40.94],[78.71,42.52],[80.32,42.78],[87.09,49.56],[76.88,54.37]]]},"properties":{"NAME":"Quazaq Khanate","SUBJECTO":"Quazaq Khanate","PARTOF":"Quazaq Khanate"}},
{"type":"Feature","geometry":{"type":"Polygon","coordinates":[[[78.71,42.52],[68.78,40.94],[69.9,37.78],[70.58,38.21],[71.25,38.04],[71.57,36.91],[73.81,38.03],[75.25,38.03],[79.33,35.63],[80.13,36.88],[84.47,36.88],[78.71,42.52]]]},"properties":{"NAME":"Bukara Khanate","SUBJECTO":"Bukara Khanate","PARTOF":"Bukara Khanate"}},
{"type":"Feature","geometry":{"type":"Polygon","coordinates":[[[84.47,36.88],[89.62,36.88],[99.24,38.75],[99.39,39.76],[100.54,40.33],[102.12,39.76],[103.56,39.9],[107.71,43.25],[120.39,46.42],[127.58,56.62],[129.21,56.87],[130.39,56.05],[130.91,55.24],[130.54,53.91],[131.13,53.91],[132.02,52.43],[133.42,52.65],[134.24,53.46],[134.68,52.95],[136.16,53.02],[137.24,53.46],[136.35,53.7],[136.49,54.46],[135.09,54.43],[134.99,54.85],[137.23,55.98],[140.03,57.64],[140.59,58.24],[142.85,59.27],[147.92,59.26],[149.05,59.59],[151.14,59.44],[152.19,58.93],[154.91,59.1],[153.94,59.57],[157.1,61.63],[158.76,61.78],[161.92,68.15],[151.75,69.72],[152.32,70.67],[149.72,71.9],[146.92,72.2],[145.1,71.58],[145.6,72.43],[141.29,72.79],[139.85,72.24],[139.74,71.4],[137.63,71.08],[135.51,71.51],[134.24,71.26],[132.28,71.66],[131.05,70.69],[126.22,72.38],[128.52,72.95],[127.72,73.4],[124.22,73.7],[122.88,72.75],[118.5,73.04],[118.46,73.52],[111.76,73.66],[105.36,72.75],[99.92,71.36],[92.43,73.38],[97.98,74.36],[106.87,76.43],[107.16,76.95],[104.49,77],[105.06,77.57],[101.17,77.01],[98.72,76.07],[90,75.6],[86.96,74.78],[87.69,73.9],[80.84,73.55],[80.98,72.45],[82.44,72.05],[90.67,72.41],[92.3,69.82],[82.9,68.54],[80.83,65.7],[83.49,64.36],[80.76,60.15],[75.5,59.94],[75.66,58.62],[78.4,58.59],[82.54,57.08],[79.3,54.4],[76.88,54.37],[87.09,49.56],[80.32,42.78],[78.71,42.52],[84.47,36.88]]]},"properties":{"NAME":null,"SUBJECTO":null,"PARTOF":null}},
{"type":"Feature","geometry":{"type":"Polygon","coordinates":[[[3.04,42.87],[4.08,43.49],[5.83,43.02],[7.4,43.76],[6.92,43.82],[6.94,44.87],[5.82,45.4],[5.33,46.4],[5.65,46.46],[6,48.9],[5.7,49.39],[3.82,50.04],[1.83,50.24],[1.8,50.92],[1.55,50.23],[-0.24,49.29],[-1.94,49.71],[-1.58,48.77],[-2,48.68],[-1.75,48.18],[-2.58,47.32],[-1.08,46.01],[-1.56,43.52],[-1.91,43.31],[-0.17,42.65],[1.73,42.5],[3.04,42.87]]]},"properties":{"NAME":"France","SUBJECTO":"France","PARTOF":"France"}},
{"type":"Feature","geometry":{"type":"Polygon","coordinates":[[[-1.91,43.31],[-3.42,43.38],[-5.98,43.71],[-7.64,43.72],[-9.27,43.05],[-8.64,42.42],[-8.81,41.89],[-6.71,41.96],[-6.14,41.53],[-6.8,41.09],[-6.88,39.7],[-7.43,39.52],[-6.93,38.96],[-7.39,38.29],[-6.84,38.1],[-7.49,37.21],[-6.63,37.02],[-5.66,36.01],[-4.45,36.72],[-2.24,36.73],[0.17,38.74],[-0.39,39.43],[0.88,41.02],[2.08,41.3],[3.13,41.86],[3.04,42.87],[1.73,42.5],[-0.17,42.65],[-1.91,43.31]]]},"properties":{"NAME":"Spain","SUBJECTO":"Spain","PARTOF":"Spain"}},
{"type":"Feature","geometry":{"type":"Polygon","coordinates":[[[78,16.47],[78.32,17.42],[78.17,19.01],[77.39,18.77],[77.07,17.36],[77.17,16.66],[78,16.47]]]},"properties":{"NAME":"Bidar","SUBJECTO":"Bidar","PARTOF":"Deccan Sultanates"}},
{"type":"Feature","geometry":{"type":"Polygon","coordinates":[[[78,16.47],[77.17,16.66],[77.07,17.36],[77.39,18.77],[75.41,18.5],[73.4,16.62],[73.41,16.56],[73.49,16.29],[74.38,16.31],[75.07,15.97],[76.1,15.97],[76.91,16.31],[77.92,16.25],[78,16.47]]]},"properties":{"NAME":"Bijapur","SUBJECTO":"Bijapur","PARTOF":"Deccan Sultanates"}},
{"type":"Feature","geometry":{"type":"Polygon","coordinates":[[[78.53,19.12],[78.57,20.44],[76.09,21.05],[76.93,23.9],[73.71,22.95],[74.27,21.91],[73.49,19.91],[72.79,19.88],[72.85,19.24],[73.18,17.52],[73.4,16.62],[75.41,18.5],[77.39,18.77],[78.17,19.01],[78.53,19.12]]]},"properties":{"NAME":"Ahmadnagar","SUBJECTO":"Ahmadnagar","PARTOF":"Deccan Sultanates"}},
{"type":"Feature","geometry":{"type":"Polygon","coordinates":[[[82.32,17],[79.96,17.6],[79.33,17.23],[78.87,18.27],[79.21,18.85],[78.53,19.12],[78.17,19.01],[78.32,17.42],[78,16.47],[77.92,16.25],[80.46,15.77],[80.96,15.72],[82.32,17]]]},"properties":{"NAME":"Golkonda","SUBJECTO":"Golkonda","PARTOF":"Deccan Sultanates"}},
{"type":"Feature","geometry":{"type":"Polygon","coordinates":[[[73.4,16.62],[73.18,17.52],[73.41,16.56],[73.4,16.62]]]},"properties":{"NAME":"Islamic and Hindu states","SUBJECTO":"Islamic and Hindu states","PARTOF":"Islamic and Hindu states"}},
{"type":"Feature","geometry":{"type":"Polygon","coordinates":[[[104,19.7],[103.46,19.05],[100.44,20.04],[98.56,21.12],[97.89,20.96],[98.02,19.75],[97.71,18.51],[97.37,18.45],[97.71,18.05],[98.18,15.21],[98.49,14.37],[98.4,13.27],[98.64,11.66],[98.4,10.56],[98.63,10.1],[98.18,8.6],[99.02,7.87],[100.14,6.18],[100.66,3.9],[101.26,3.23],[101.84,3.46],[103.33,3.39],[103.34,4.81],[102.33,6.1],[101.56,6.74],[100.61,6.98],[100.13,8.53],[99.72,9.26],[99.3,9.16],[99.19,10.49],[99.9,12.08],[99.93,13.26],[100.91,13.45],[100.87,12.68],[101.92,12.59],[102.67,12.04],[103.66,12.85],[105.02,13.41],[107.48,13.26],[107.3,14.18],[107.46,15],[107.11,16.17],[106.64,16.48],[104.81,18.72],[103.9,19.31],[104,19.7]]]},"properties":{"NAME":"Ayutthaya","SUBJECTO":"Ayutthaya","PARTOF":"Ayutthaya"}},
{"type":"Feature","geometry":{"type":"MultiPolygon","coordinates":[[[[178.18,-18.24],[178.69,-18.03],[178.17,-17.34],[177.39,-17.63],[177.33,-18.12],[178.18,-18.24]]],[[[179.57,-16.76],[180,-16.17],[180,-16.15],[178.48,-16.76],[179.57,-16.76]]]]},"properties":{"NAME":"Tuʻi Tonga Empire","SUBJECTO":"Tuʻi Tonga Empire","PARTOF":"Tuʻi Tonga Empire"}},
{"type":"Feature","geometry":{"type":"Polygon","coordinates":[[[-109.24,-27.13],[-109.37,-27.06],[-109.45,-27.19],[-109.24,-27.13]]]},"properties":{"NAME":"Polynesians","SUBJECTO":"Polynesians","PARTOF":"Polynesians"}},
{"type":"Feature","geometry":{"type":"Polygon","coordinates":[[[32.33,46.15],[33.64,45.93],[32.5,45.45],[33.4,45.25],[33.4,44.6],[34.01,44.49],[36.52,45.39],[35.06,45.34],[33.84,46.19],[35.21,46.64],[39.16,47.27],[37.76,46.6],[38.46,46.08],[37.66,45.35],[36.96,45.23],[37.47,44.69],[39.63,45.69],[40.38,45.44],[40.63,46.69],[40.51,47.44],[37.88,49.19],[36.4,49.04],[34.16,47.81],[33.33,48.05],[33.24,46.96],[32.33,46.15]]]},"properties":{"NAME":"Crimean Khanate","SUBJECTO":"Ottoman Empire","PARTOF":"Ottoman Empire"}},
{"type":"Feature","geometry":{"type":"MultiPolygon","coordinates":[[[[8.02,33.02],[8.77,33.19],[13.08,31.83],[13.88,31.06],[13.67,26.14],[9.46,25.18],[9.67,24.22],[15.14,25.1],[15.63,30.52],[17.58,30.34],[18.86,29.56],[19.97,29.72],[21.2,31.08],[22.43,31.26],[26.17,30.32],[29.43,22.66],[30.35,22.11],[29.47,20.77],[29.47,19.17],[30.69,16.84],[31.67,15.86],[31.43,13.29],[31.67,11.58],[33.14,11.58],[34,13.66],[33.63,15.74],[34.61,18.07],[33.88,19.66],[32.16,20.64],[31.64,21.28],[32.66,21],[35.25,21.37],[36.8,21.91],[35.75,22.91],[35.19,24.4],[33.93,26.56],[33.35,27.91],[32.32,29.54],[32.65,29.85],[33.33,28.55],[34.32,27.83],[34.76,29.25],[35.1,29.34],[34.76,28.1],[35.44,27.73],[37.22,25.17],[37.2,24.66],[38.33,23.83],[39.1,22.4],[39.17,21.22],[39.76,20.41],[40.69,19.87],[41.63,18.05],[42.76,16.65],[42.8,15.47],[43.38,13.57],[43.84,12.66],[44.96,12.83],[45.83,13.41],[46.88,13.47],[46.34,14.1],[45.26,13.83],[44.51,14.1],[43.49,16.62],[43.07,18.65],[41.92,20.77],[41.81,21.71],[41.07,22.26],[40.65,24.15],[38.81,24.84],[37.42,27.83],[36.59,29.79],[36.52,31.16],[37.21,33.57],[38.04,34.6],[40.03,34.39],[44.08,30.34],[46.91,29.44],[46.51,28.97],[47.44,28.83],[48.47,26.7],[49.4,26.08],[49.7,24.41],[50.57,23.85],[50.97,24.44],[49.94,25.96],[50.12,26.74],[48.86,27.52],[47.91,29.89],[49.45,30.08],[49.56,34.26],[50.47,36.75],[50.25,36.89],[48.84,37.51],[48.82,38.31],[49.81,40.58],[47.57,43.01],[47.49,43.58],[47.25,42.78],[48.22,41.47],[47.35,41.3],[44.98,42.77],[43.96,42.59],[42.88,41.55],[41.48,41.44],[40.36,40.96],[38.65,40.92],[36.38,41.24],[35.96,41.69],[33.56,41.98],[32.42,41.75],[30.74,41.04],[29.16,41.22],[29.05,40.33],[26.77,40.38],[26.14,39.44],[27.03,38.82],[26.39,38.1],[27.14,37.89],[27.31,36.92],[28.01,36.53],[29,36.69],[29.3,36.17],[30.47,36.19],[30.59,36.76],[31.37,36.71],[32.33,36.13],[33.17,35.97],[34.49,36.63],[35.22,36.39],[35.89,36.77],[35.87,34.42],[35.53,34.12],[34.5,31.62],[33.56,30.97],[32.08,31.01],[31,31.47],[29.25,30.75],[26.14,31.49],[25.26,31.44],[24.82,31.91],[23.15,32.14],[22.54,32.72],[21.67,32.82],[20.37,32.3],[19.94,31.61],[20.12,30.96],[18.92,30.2],[17.42,31],[15.84,31.29],[15.01,32.36],[14.16,32.68],[12.56,32.74],[10.41,33.63],[10.02,34.08],[11.13,35.24],[10.51,36.21],[11.02,37.07],[10.27,36.75],[9.42,37.28],[7.91,36.78],[6.32,37.09],[5.14,36.67],[1.06,36.46],[-0.09,35.74],[-1.15,35.63],[-2.19,35.05],[-1.74,34.61],[-1.68,33.26],[-1.07,32.45],[0.87,31.99],[6.27,31.87],[8.02,33.02]]],[[[38.53,18.16],[37.4,18.92],[37.17,20.76],[35.96,19.42],[36.45,18.07],[37.43,17.7],[38.53,18.16]]],[[[32.82,34.54],[33.92,34.95],[34.46,35.64],[32.14,35.04],[32.82,34.54]]],[[[23.67,35.67],[23.47,35.32],[24.69,34.94],[26.16,35.02],[23.67,35.67]]]]},"properties":{"NAME":"Ottoman Empire","SUBJECTO":"Ottoman Empire","PARTOF":"Ottoman Empire"}}
]}