{"type":"FeatureCollection", "features": [
{"type":"Feature","geometry":{"type":"Polygon","coordinates":[[[-95.47,31.22],[-96.21,31.16],[-95.82,29.64],[-95.17,29.11],[-95.06,29.68],[-93.45,29.77],[-92.12,29.54],[-92.02,29.82],[-91.98,30.23],[-92.46,30.58],[-94.71,30.75],[-95.47,31.22]]]},"properties":{"NAME":"Atakapa","SUBJECTO":"Atakapa","PARTOF":"Atakapa"}},
{"type":"Feature","geometry":{"type":"Polygon","coordinates":[[[-82.18,22.37],[-79.73,21.67],[-78.73,21.62],[-78.45,20.97],[-77.29,20.7],[-77.66,19.9],[-75.52,19.91],[-74.17,20.19],[-75.6,21.01],[-77.34,21.51],[-78.17,22.12],[-79.76,22.76],[-81.43,23.14],[-82.96,23.03],[-84.26,22.54],[-84.21,21.83],[-82.85,22.64],[-82.18,22.37]]]},"properties":{"NAME":"Cuba (Spain)","SUBJECTO":"Cuba (Spain)","PARTOF":"Cuba (Spain)"}},
{"type":"Feature","geometry":{"type":"MultiPolygon","coordinates":[[[[-77.43,17.83],[-76.43,18.12],[-77.77,18.51],[-78.32,18.35],[-77.43,17.83]]],[[[-67.15,17.99],[-65.97,18.03],[-65.95,18.47],[-67.06,18.55],[-67.15,17.99]]],[[[-71.37,19.83],[-73.47,19.84],[-72.77,19.53],[-72.75,18.51],[-74.3,18.7],[-73.47,18.32],[-71.98,18.26],[-71.4,17.7],[-71.06,18.35],[-68.37,18.58],[-69.99,19.68],[-71.37,19.83]]]]},"properties":{"NAME":"Hispaniola (Spain)","SUBJECTO":"Hispaniola (Spain)","PARTOF":"Hispaniola (Spain)"}},
{"type":"Feature","geometry":{"type":"MultiPolygon","coordinates":[[[[120.36,14.53],[121.29,14.34],[120.51,14.11],[121.01,13.66],[121.62,13.9],[122.39,13.3],[122.49,13.88],[123.24,13.03],[123.82,12.98],[122.67,14.27],[121.73,14.11],[121.24,15.31],[122.4,17.11],[122.07,17.44],[122.05,18.45],[120.56,18.43],[120.2,16.04],[119.76,16.36],[119.77,15.47],[120.36,14.53]]],[[[121.09,12.2],[121.3,13.13],[120.34,13.39],[121.09,12.2]]],[[[125.32,11.12],[125.25,12.29],[124.26,12.42],[125.32,11.12]]],[[[121.87,10.47],[122.9,11.15],[121.99,11.76],[121.87,10.47]]],[[[118.86,10.02],[119.56,10.5],[119.21,11.13],[118.86,10.02]]],[[[122.94,9.05],[123.31,10.74],[122.92,10.85],[122.4,9.48],[122.94,9.05]]],[[[117.27,8.45],[118.5,9.48],[118.51,9.92],[117.54,9.05],[117.27,8.45]]],[[[126.05,6.61],[126.32,7.15],[126.27,8.43],[125.43,9.78],[125.46,9.05],[123.66,8.01],[123.49,8.5],[122.09,7.78],[121.99,6.87],[122.46,7.69],[123.46,7.79],[124.07,7.26],[123.97,6.34],[124.8,5.79],[125.53,5.94],[125.28,6.59],[125.61,7.24],[126.05,6.61]]]]},"properties":{"NAME":null,"SUBJECTO":null,"PARTOF":null}},
{"type":"Feature","geometry":{"type":"Polygon","coordinates":[[[44.67,-16.24],[43.97,-17.55],[44.59,-19.53],[44.47,-20.17],[43.5,-21.49],[43.29,-22.41],[43.83,-23.41],[43.67,-24.23],[44.04,-24.99],[45.21,-25.66],[46.86,-25.22],[47.26,-24.77],[48.09,-22.04],[49.34,-18.23],[49.42,-17.2],[49.9,-16.46],[49.6,-15.65],[50.19,-15.96],[50.5,-15.31],[49.82,-12.83],[49.18,-12.27],[48.86,-13.25],[46.46,-15.86],[44.67,-16.24]],[[48.01,-17.02],[48.49,-20.04],[47.19,-23.12],[45.53,-23.59],[45.29,-22.65],[46.65,-17.73],[47.48,-16.9],[48.01,-17.02]]]},"properties":{"NAME":"Madagascar","SUBJECTO":"Madagascar","PARTOF":"Madagascar"}},
{"type":"Feature","geometry":{"type":"MultiPolygon","coordinates":[[[[175.31,-37.32],[174.22,-35.34],[172.63,-34.56],[174.76,-37.3],[174.65,-38.98],[173.8,-39.42],[175.35,-40.3],[174.9,-41.3],[175.37,-41.66],[176.01,-41.26],[177.16,-39.85],[177.02,-39.45],[178.41,-38.77],[178.57,-37.92],[177.53,-38.2],[176.13,-37.8],[175.84,-37.03],[175.31,-37.32]]],[[[172.06,-43.92],[174.23,-42.01],[174.06,-41.29],[173.26,-41.54],[172.44,-40.75],[172.09,-41.71],[171.46,-41.99],[171.02,-42.89],[168.42,-44.22],[167.14,-45.2],[166.55,-45.97],[168.42,-46.65],[169.4,-46.71],[170.61,-45.95],[171.38,-44.34],[172.06,-43.92]]]]},"properties":{"NAME":"Maoris","SUBJECTO":"Maoris","PARTOF":"Maoris"}},
{"type":"Feature","geometry":{"type":"Polygon","coordinates":[[[-24.22,65.53],[-21.95,65.38],[-23.61,64.75],[-21.49,64.38],[-22.37,63.77],[-18.64,63.32],[-16.53,63.78],[-13.69,64.78],[-13.65,65.5],[-16.39,66.45],[-16.92,65.98],[-18.68,66.09],[-21.08,65.21],[-21.24,65.88],[-22.68,66.39],[-24.22,65.53]]]},"properties":{"NAME":null,"SUBJECTO":null,"PARTOF":null}},
{"type":"Feature","geometry":{"type":"Polygon","coordinates":[[[3.04,42.87],[1.73,42.5],[-0.17,42.65],[-1.91,43.31],[-5.98,43.71],[-7.64,43.72],[-9.27,43.05],[-8.64,42.42],[-8.81,41.89],[-6.71,41.96],[-6.14,41.53],[-6.8,41.09],[-6.88,39.7],[-7.43,39.52],[-6.93,38.96],[-7.39,38.29],[-6.84,38.1],[-7.49,37.21],[-6.63,37.02],[-5.66,36.01],[-4.45,36.72],[-2.24,36.73],[0.17,38.74],[-0.39,39.43],[0.88,41.02],[3.13,41.86],[3.04,42.87]]]},"properties":{"NAME":"Spain","SUBJECTO":"Spain","PARTOF":"Spain"}},
{"type":"Feature","geometry":{"type":"Polygon","coordinates":[[[-7.49,37.21],[-6.84,38.1],[-7.39,38.29],[-6.93,38.96],[-7.43,39.52],[-6.88,39.7],[-6.8,41.09],[-6.14,41.53],[-6.71,41.96],[-8.81,41.89],[-8.69,40.99],[-9.52,38.69],[-8.85,38.5],[-8.99,36.99],[-7.49,37.21]]]},"properties":{"NAME":"Portugal","SUBJECTO":"Portugal","PARTOF":"Portugal"}},
{"type":"Feature","geometry":{"type":"MultiPolygon","coordinates":[[[[121.26,1.1],[120.77,1.14],[119.91,0.54],[119.2,-1.43],[119.17,-2.18],[118.68,-2.9],[118.79,-3.66],[119.46,-3.81],[119.48,-5.8],[120.25,-5.59],[120.14,-3.08],[121,-3.05],[120.88,-3.72],[121.87,-4.96],[122.65,-4.51],[122.19,-3.85],[122.26,-3.21],[121.26,-2.1],[122.22,-1.65],[122.98,-0.72],[122,-1.11],[121.46,-0.99],[121.06,-1.55],[120.51,-1.45],[119.87,-0.46],[120.34,0.36],[124.23,0.3],[124.86,1.05],[122.73,0.67],[121.26,1.1]]],[[[96.12,3.95],[96.72,3.7],[97.6,2.25],[98.6,1.71],[99.11,0.22],[99.7,-0.15],[100.65,-1.63],[100.81,-2.34],[102.11,-3.6],[102.46,-4.18],[104.57,-6.07],[104.56,-5.6],[105.64,-5.93],[105.71,-4.1],[105.94,-3.21],[105.44,-2.6],[104.61,-2.58],[104.81,-2.16],[104.3,-1.36],[103.31,-0.82],[101.14,-1.37],[100.2,0.89],[98.65,2.76],[98.63,3.66],[97.38,5.18],[96.6,5.08],[96.12,3.95]]],[[[105.93,-6.03],[105.63,-6.76],[106.55,-7.16],[106.32,-7.43],[108.16,-7.86],[109.04,-7.72],[110.78,-8.32],[112.41,-8.49],[113.07,-8.35],[114.33,-8.78],[113.95,-7.82],[112.68,-7.72],[112.27,-7.03],[111.04,-6.85],[110.81,-6.53],[110.03,-7.04],[108.56,-6.92],[107.77,-6.45],[105.93,-6.03]]],[[[126,-8.66],[125.08,-8.77],[123.67,-9.75],[123.49,-10.35],[124.15,-10.2],[125.21,-9.4],[126.87,-8.81],[127.04,-8.48],[126,-8.66]]],[[[127.8,1.9],[127.42,0.98],[127.64,-0.31],[128.3,-1.02],[127.86,0.1],[128.63,1.02],[128.55,1.45],[127.69,0.92],[127.8,1.9]]],[[[121.28,-8.91],[120.57,-8.39],[119.94,-8.94],[121.28,-8.91]]],[[[129.58,-3.58],[129.91,-3.39],[130.78,-3.88],[130.37,-3.13],[129.74,-2.98],[128.04,-3.06],[128.38,-3.55],[128.91,-3.25],[129.58,-3.58]]],[[[117.95,-8.16],[117.82,-8.81],[116.96,-8.53],[116.66,-9.06],[118.97,-8.88],[118.86,-8.48],[117.95,-8.16]]],[[[105.81,-2.38],[106.55,-3.18],[106.64,-2.71],[105.86,-1.63],[105.2,-2.11],[105.81,-2.38]]],[[[119.25,-9.83],[120.18,-10.35],[120.46,-9.93],[119.79,-9.46],[119.25,-9.83]]],[[[126.05,-3.43],[126.66,-3.88],[126.73,-3.23],[126.05,-3.43]]],[[[114.51,-8.45],[115.07,-8.78],[115.5,-8.47],[114.51,-8.45]]],[[[109,0.2],[109.18,-0.87],[109.94,-1.64],[110.1,-3.08],[110.8,-3.17],[111.59,-2.8],[111.74,-3.65],[112.58,-3.42],[112.8,-2.97],[113.61,-3.61],[114.1,-3.35],[114.58,-4.3],[115.57,-3.8],[116.35,-2.42],[116.05,-1.93],[117.05,-0.93],[117.86,0.87],[118.77,0.82],[117.7,1.9],[117.83,2.31],[117.07,3.51],[118.39,4.37],[118.11,4.94],[119.04,5.17],[118.38,5.64],[117.37,5.79],[117.51,6.39],[116.6,6.9],[115.36,4.88],[114.75,4.98],[113.81,4.26],[112.76,3.01],[111.37,2.6],[110.82,1.24],[109.93,0.19],[109,0.2]]]]},"properties":{"NAME":"Malaysian Islamic states","SUBJECTO":"Malaysian Islamic states","PARTOF":"Malaysian Islamic states"}},
{"type":"Feature","geometry":{"type":"MultiPolygon","coordinates":[[[[-26.79,71.56],[-25.29,71.57],[-23.75,70.59],[-21.71,70.39],[-21.9,71.5],[-27.44,73.29],[-24.08,73.76],[-22.82,73.33],[-20.33,73.42],[-21.76,74.31],[-19.72,74.21],[-20.62,74.95],[-19.57,76.11],[-22.38,76.64],[-18.06,76.81],[-19.18,77.82],[-21.77,77.77],[-19.76,78.87],[-19.05,80.43],[-16.44,80.45],[-12.71,81.62],[-16.47,81.9],[-23.34,80.62],[-22.06,81.96],[-32.6,81.97],[-22.59,82.42],[-26.42,83.34],[-32.51,83.58],[-45.21,82.97],[-44.68,81.73],[-49.65,82.48],[-49.94,81.68],[-53.77,82.24],[-60.04,81.88],[-61.11,81.18],[-67.14,80.56],[-64.62,79.95],[-65.48,79.16],[-72.38,78.53],[-69.69,77.56],[-66.8,77.78],[-67.74,77.19],[-71.18,77.26],[-68.38,76.78],[-69.04,76.29],[-66.56,75.93],[-63.65,76.38],[-58.64,75.79],[-54.56,72.87],[-55.63,71.73],[-55.01,71.33],[-53.32,71.89],[-51.72,71.59],[-50.82,70.25],[-52.37,70.67],[-53.67,70.36],[-50.57,69.87],[-50.95,68.54],[-52.84,68.51],[-50.49,67.97],[-50.48,67.48],[-52.81,67.77],[-53.1,65.87],[-52.08,65.37],[-51.8,64.23],[-50.14,64.74],[-51.37,63.73],[-49.86,62.97],[-50.05,62.31],[-47.63,60.6],[-45.62,60.6],[-43.01,59.83],[-42.27,62.19],[-43.23,62.68],[-41.83,62.69],[-40.52,63.78],[-41.48,64.27],[-40.35,64.53],[-39.99,65.53],[-37.58,65.55],[-34.43,66.38],[-32.96,67.64],[-26.96,68.5],[-22.16,70.06],[-28.38,70.46],[-26.79,71.56]]],[[[-53.55,69.28],[-52.08,69.77],[-54.59,70.24],[-53.55,69.28]]]]},"properties":{"NAME":null,"SUBJECTO":null,"PARTOF":null}},
{"type":"Feature","geometry":{"type":"MultiPolygon","coordinates":[[[[-73.11,-72.75],[-70.02,-72.67],[-68.63,-72.05],[-68.4,-71.13],[-70.33,-68.96],[-72.39,-69.26],[-71.8,-69.74],[-72.11,-71.05],[-75.28,-71.67],[-74.35,-72.21],[-72.03,-71.82],[-73.11,-72.75]]],[[[-102.55,-72.13],[-97.14,-72.67],[-95.91,-72.36],[-97.22,-71.82],[-101.16,-71.82],[-102.55,-72.13]]],[[[-55.18,-80.94],[-44.83,-80.32],[-44.21,-78.39],[-48.85,-78.08],[-50.86,-78.7],[-51.71,-79.78],[-53.87,-79.94],[-55.18,-80.94]]],[[[-164.06,-79.36],[-160.43,-79.97],[-158.8,-79.67],[-162.59,-78.82],[-164.06,-79.36]]],[[[169.77,-83.42],[158.14,-80.32],[159.84,-79.16],[166.75,-78.6],[162.33,-76.96],[162.35,-75.11],[165.19,-74.67],[164.62,-74.17],[167.58,-73.48],[168.9,-73.54],[170.73,-71.9],[167.63,-70.87],[160.6,-70.22],[157.31,-69.16],[151.09,-68.89],[150.89,-68.54],[146.88,-68],[145.59,-67.22],[141.16,-66.72],[134.21,-66.18],[130.27,-66.25],[129.01,-67.03],[126.8,-66.88],[126.41,-66.37],[125.13,-66.79],[122.46,-66.65],[118.29,-67.07],[115.68,-66.41],[114.44,-66.49],[113.01,-65.76],[110.61,-66.06],[109.4,-66.71],[102.63,-65.93],[100.88,-66.08],[99.12,-66.89],[95.72,-66.53],[90,-66.61],[88.65,-66.76],[88.3,-66.07],[87.22,-66.99],[85.52,-66.92],[81.81,-67.3],[78.26,-68.38],[76.87,-69.31],[75.4,-69.47],[71.92,-70.55],[69.53,-72.4],[67.36,-71.71],[69.07,-70.59],[67.51,-70.46],[68.95,-69.89],[69.77,-68.64],[69.37,-67.84],[62.81,-67.61],[56.63,-66.94],[57.1,-66.52],[55.14,-65.96],[52.45,-65.99],[50.01,-66.59],[50.27,-67.14],[42.56,-68.11],[39.65,-68.93],[38.33,-70.03],[33.54,-68.54],[32.75,-69.35],[23.71,-70.59],[17.6,-70.08],[12.66,-70.32],[11.11,-70.86],[8.49,-70.08],[0.68,-71.32],[-6.32,-71.42],[-7.2,-70.89],[-8.82,-71.82],[-9.75,-71.05],[-12.33,-71.68],[-11.83,-72.32],[-16.4,-73.44],[-17.09,-73.91],[-14.45,-74.06],[-17.17,-74.76],[-18.4,-75.69],[-23.58,-75.92],[-30.23,-76.84],[-33.16,-77.39],[-36.41,-78.62],[-36.41,-79.16],[-29.57,-79.22],[-28.91,-80.48],[-38.03,-80.94],[-43.83,-81.79],[-52.25,-82.02],[-58.97,-83.18],[-60.21,-82.33],[-67.93,-81.48],[-78.83,-80.01],[-76.43,-79.86],[-77.98,-79.09],[-82.92,-79.16],[-84.16,-78.24],[-79.14,-78.93],[-78.29,-78.31],[-80.76,-78.24],[-80.69,-77.57],[-74.5,-78.08],[-78.6,-76.61],[-77.82,-75.99],[-75.93,-76.48],[-70.56,-76.69],[-64.46,-75.69],[-61.37,-73.91],[-60.83,-72.75],[-61.68,-70.82],[-63.84,-68.65],[-65.15,-68.5],[-65.38,-67.34],[-63.84,-66.49],[-62.76,-66.65],[-62.37,-65.8],[-61.13,-64.87],[-57.27,-63.71],[-57.43,-63.25],[-64.23,-65.25],[-67.86,-67.57],[-67.08,-68.65],[-68.78,-69.81],[-67.08,-71.82],[-67.63,-72.75],[-75.58,-73.75],[-78.52,-73.72],[-80.99,-73.25],[-81.77,-74.02],[-86.32,-73.25],[-93.97,-73.17],[-96.52,-73.33],[-99.79,-73],[-103.25,-73.56],[-100.05,-75.31],[-105.64,-75.07],[-106.8,-75.38],[-110.56,-75.3],[-110.43,-74.29],[-113.43,-74.69],[-114.99,-74.45],[-120.17,-74.53],[-123.57,-74.84],[-127.12,-74.68],[-128.98,-74.91],[-134.77,-74.64],[-140.57,-75.26],[-149.61,-76.34],[-147.13,-76.53],[-146.15,-77.46],[-149.99,-77.73],[-154.17,-77.12],[-158.03,-77.27],[-158.19,-77.81],[-154.55,-79.12],[-148.6,-79.67],[-145.67,-80.52],[-148.84,-81.37],[-154.48,-81.06],[-152.08,-82.6],[-152,-84.38],[-138.82,-85.01],[-148.76,-85.07],[-156.56,-85.46],[-167.23,-84.76],[-180,-84.32],[-180,-85.32],[-180,-86.32],[-180,-87.32],[-180,-88.32],[-180,-89.32],[-180,-90],[-179.2,-90],[-178.2,-90],[-177.2,-90],[-176.2,-90],[-175.2,-90],[-174.2,-90],[-173.2,-90],[-172.2,-90],[-171.2,-90],[-170.2,-90],[-169.2,-90],[-168.2,-90],[-167.2,-90],[-166.2,-90],[-165.2,-90],[-164.2,-90],[-163.2,-90],[-162.2,-90],[-161.2,-90],[-160.2,-90],[-159.2,-90],[-158.2,-90],[-157.2,-90],[-156.2,-90],[-155.2,-90],[-154.2,-90],[-153.2,-90],[-152.2,-90],[-151.2,-90],[-150.2,-90],[-149.2,-90],[-148.2,-90],[-147.2,-90],[-146.2,-90],[-145.2,-90],[-144.2,-90],[-143.2,-90],[-142.2,-90],[-141.2,-90],[-140.2,-90],[-139.2,-90],[-138.2,-90],[-137.2,-90],[-136.2,-90],[-135.2,-90],[-134.2,-90],[-133.2,-90],[-132.2,-90],[-131.2,-90],[-130.2,-90],[-129.2,-90],[-128.2,-90],[-127.2,-90],[-126.2,-90],[-125.2,-90],[-124.2,-90],[-123.2,-90],[-122.2,-90],[-121.2,-90],[-120.2,-90],[-119.2,-90],[-118.2,-90],[-117.2,-90],[-116.2,-90],[-115.2,-90],[-114.2,-90],[-113.2,-90],[-112.2,-90],[-111.2,-90],[-110.2,-90],[-109.2,-90],[-108.2,-90],[-107.2,-90],[-106.2,-90],[-105.2,-90],[-104.2,-90],[-103.2,-90],[-102.2,-90],[-101.2,-90],[-100.2,-90],[-99.2,-90],[-98.2,-90],[-97.2,-90],[-96.2,-90],[-95.2,-90],[-94.2,-90],[-93.2,-90],[-92.2,-90],[-91.2,-90],[-90,-90],[-89.2,-90],[-88.2,-90],[-87.2,-90],[-86.2,-90],[-85.2,-90],[-84.2,-90],[-83.2,-90],[-82.2,-90],[-81.2,-90],[-80.2,-90],[-79.2,-90],[-78.2,-90],[-77.2,-90],[-76.2,-90],[-75.2,-90],[-74.2,-90],[-73.2,-90],[-72.2,-90],[-71.2,-90],[-70.2,-90],[-69.2,-90],[-68.2,-90],[-67.2,-90],[-66.2,-90],[-65.2,-90],[-64.2,-90],[-63.2,-90],[-62.2,-90],[-61.2,-90],[-60.2,-90],[-59.2,-90],[-58.2,-90],[-57.2,-90],[-56.2,-90],[-55.2,-90],[-54.2,-90],[-53.2,-90],[-52.2,-90],[-51.2,-90],[-50.2,-90],[-49.2,-90],[-48.2,-90],[-47.2,-90],[-46.2,-90],[-45.2,-90],[-44.2,-90],[-43.2,-90],[-42.2,-90],[-41.2,-90],[-40.2,-90],[-39.2,-90],[-38.2,-90],[-37.2,-90],[-36.2,-90],[-35.2,-90],[-34.2,-90],[-33.2,-90],[-32.2,-90],[-31.2,-90],[-30.2,-90],[-29.2,-90],[-28.2,-90],[-27.2,-90],[-26.2,-90],[-25.2,-90],[-24.2,-90],[-23.2,-90],[-22.2,-90],[-21.2,-90],[-20.2,-90],[-19.2,-90],[-18.2,-90],[-17.2,-90],[-16.2,-90],[-15.2,-90],[-14.2,-90],[-13.2,-90],[-12.2,-90],[-11.2,-90],[-10.2,-90],[-9.2,-90],[-8.2,-90],[-7.2,-90],[-6.2,-90],[-5.2,-90],[-4.2,-90],[-3.2,-90],[-2.2,-90],[-1.2,-90],[-0.2,-90],[0.78,-90],[1.78,-90],[2.78,-90],[3.78,-90],[4.78,-90],[5.78,-90],[6.78,-90],[7.78,-90],[8.78,-90],[9.78,-90],[10.78,-90],[11.78,-90],[12.78,-90],[13.78,-90],[14.78,-90],[15.78,-90],[16.78,-90],[17.78,-90],[18.78,-90],[19.78,-90],[20.78,-90],[21.78,-90],[22.78,-90],[23.78,-90],[24.78,-90],[25.78,-90],[26.78,-90],[27.78,-90],[28.78,-90],[29.78,-90],[30.78,-90],[31.78,-90],[32.78,-90],[33.78,-90],[34.78,-90],[35.78,-90],[36.78,-90],[37.78,-90],[38.78,-90],[39.78,-90],[40.78,-90],[41.78,-90],[42.78,-90],[43.78,-90],[44.78,-90],[45.78,-90],[46.78,-90],[47.78,-90],[48.78,-90],[49.78,-90],[50.78,-90],[51.78,-90],[52.78,-90],[53.78,-90],[54.78,-90],[55.78,-90],[56.78,-90],[57.78,-90],[58.78,-90],[59.78,-90],[60.78,-90],[61.78,-90],[62.78,-90],[63.78,-90],[64.78,-90],[65.78,-90],[66.78,-90],[67.78,-90],[68.78,-90],[69.78,-90],[70.78,-90],[71.78,-90],[72.78,-90],[73.78,-90],[74.78,-90],[75.78,-90],[76.78,-90],[77.78,-90],[78.78,-90],[79.78,-90],[80.78,-90],[81.78,-90],[82.78,-90],[83.78,-90],[84.78,-90],[85.78,-90],[86.78,-90],[87.78,-90],[88.78,-90],[89.78,-90],[89.8,-90],[90,-90],[91.78,-90],[92.78,-90],[93.78,-90],[94.78,-90],[95.78,-90],[96.78,-90],[97.78,-90],[98.78,-90],[99.78,-90],[100.78,-90],[101.78,-90],[102.78,-90],[103.78,-90],[104.78,-90],[105.78,-90],[106.78,-90],[107.78,-90],[108.78,-90],[109.78,-90],[110.78,-90],[111.78,-90],[112.78,-90],[113.78,-90],[114.78,-90],[115.78,-90],[116.78,-90],[117.78,-90],[118.78,-90],[119.78,-90],[120.78,-90],[121.78,-90],[122.78,-90],[123.78,-90],[124.78,-90],[125.78,-90],[126.78,-90],[127.78,-90],[128.78,-90],[129.78,-90],[130.78,-90],[131.78,-90],[132.78,-90],[133.78,-90],[134.78,-90],[135.78,-90],[136.78,-90],[137.78,-90],[138.78,-90],[139.78,-90],[140.78,-90],[141.78,-90],[142.78,-90],[143.78,-90],[144.78,-90],[145.78,-90],[146.78,-90],[147.78,-90],[148.78,-90],[149.78,-90],[150.78,-90],[151.78,-90],[152.78,-90],[153.78,-90],[154.78,-90],[155.78,-90],[156.78,-90],[157.78,-90],[158.78,-90],[159.78,-90],[160.78,-90],[161.78,-90],[162.78,-90],[163.78,-90],[164.78,-90],[165.78,-90],[166.78,-90],[167.78,-90],[168.78,-90],[169.78,-90],[170.78,-90],[171.78,-90],[172.78,-90],[173.78,-90],[174.78,-90],[175.78,-90],[176.78,-90],[177.78,-90],[178.78,-90],[180,-90],[180,-89.32],[180,-88.32],[180,-87.32],[180,-86.32],[180,-85.32],[180,-84.34],[172.58,-83.84],[169.77,-83.42]]]]},"properties":{"NAME":null,"SUBJECTO":null,"PARTOF":null}},
{"type":"Feature","geometry":{"type":"Polygon","coordinates":[[[124.13,39.84],[125.3,39.36],[125.27,38.57],[124.69,38.14],[125.27,37.48],[126.21,37.75],[126.39,37.61],[126.44,37.47],[126.79,37.07],[126.69,36.84],[126.39,36.96],[126.25,36.91],[125.96,36.72],[126.36,36.63],[126.63,35.93],[126.23,35.16],[126.29,34.99],[126.36,34.67],[126.39,34.52],[126.41,34.27],[126.62,34.41],[126.82,34.43],[127.36,34.8],[129.06,35.17],[129.25,37.01],[128.45,38.26],[128.14,38.53],[127.96,38.69],[127.4,39.08],[127.28,39.22],[127.67,39.87],[129.48,40.68],[129.64,41.66],[130.44,42.28],[129.97,42.96],[128.76,42.06],[127.98,42.11],[128.1,41.45],[126.47,41.65],[125.88,40.95],[124.13,39.84]]]},"properties":{"NAME":"Korea","SUBJECTO":"Korea","PARTOF":"Korea"}},
{"type":"Feature","geometry":{"type":"Polygon","coordinates":[[[10.73,11.29],[9.25,13.29],[6.96,14.25],[3.78,13.66],[3.56,12.18],[4.67,11.51],[7.18,11.05],[8.72,9.04],[9.42,9.04],[10.37,9.52],[10.84,10.58],[10.73,11.29]]]},"properties":{"NAME":"Hausa States","SUBJECTO":"Hausa States","PARTOF":"Hausa States"}},
{"type":"Feature","geometry":{"type":"Polygon","coordinates":[[[12.38,44.73],[11.17,45.07],[11.2,44.14],[12.02,44.17],[12.3,43.28],[11.96,42.01],[13.76,41.21],[13.41,42.36],[14.08,42.63],[13.6,43.53],[12.7,43.93],[12.38,44.73]]]},"properties":{"NAME":"Papal States","SUBJECTO":"Papal States","PARTOF":"Papal States"}},
{"type":"Feature","geometry":{"type":"Polygon","coordinates":[[[48.01,-17.02],[47.48,-16.9],[46.65,-17.73],[45.29,-22.65],[45.53,-23.59],[47.19,-23.12],[48.49,-20.04],[48.01,-17.02]]]},"properties":{"NAME":"Merina Kingdom","SUBJECTO":"Merina Kingdom","PARTOF":"Expansionist Kingdom of Merina"}},
{"type":"Feature","geometry":{"type":"Polygon","coordinates":[[[-3.02,13.66],[-3.83,12.7],[-3.17,10.92],[-1.17,10.85],[0.08,11.73],[-0.06,13.29],[-1.69,13.8],[-3.02,13.66]]]},"properties":{"NAME":"Mossi States","SUBJECTO":"Mossi States","PARTOF":"Mossi States"}},
{"type":"Feature","geometry":{"type":"Polygon","coordinates":[[[20.02,12.64],[22.63,13.22],[22.81,13.76],[22.33,15.33],[21.54,16.6],[20.52,16.48],[19.79,14.97],[19.46,13.26],[19.85,13.22],[20.02,12.64]]]},"properties":{"NAME":"Wadai","SUBJECTO":"Wadai","PARTOF":"Wadai"}},
{"type":"Feature","geometry":{"type":"Polygon","coordinates":[[[22.69,15.33],[23.17,13.58],[24.32,12.79],[29.09,13.16],[30,14.24],[29.15,17.93],[27.46,18.17],[23.11,16.6],[22.69,15.33]]]},"properties":{"NAME":"Darfur","SUBJECTO":"Darfur","PARTOF":"Darfur"}},
{"type":"Feature","geometry":{"type":"Polygon","coordinates":[[[23.5,-10.33],[23.26,-9.67],[23.63,-6.77],[21.33,-6.71],[17.89,-7.38],[17.47,-8.16],[18.25,-11.12],[23.02,-10.82],[23.5,-10.33]]]},"properties":{"NAME":"Lunda","SUBJECTO":"Lunda","PARTOF":"Lunda"}},
{"type":"Feature","geometry":{"type":"Polygon","coordinates":[[[23.63,-6.77],[23.26,-9.67],[23.5,-10.33],[25.47,-10.4],[25.65,-9.97],[26.37,-10.27],[27.34,-9.61],[28.73,-9.73],[29.27,-9.19],[30.36,-9.25],[31.08,-8.7],[29.33,-5.32],[25.98,-5.14],[25.32,-6.53],[23.63,-6.77]]]},"properties":{"NAME":"Luba","SUBJECTO":"Luba","PARTOF":"Luba"}},
{"type":"Feature","geometry":{"type":"Polygon","coordinates":[[[12.37,-6.26],[13.39,-8.16],[13.08,-9.29],[14.33,-9.37],[14.1,-7.38],[14.99,-7.2],[15.05,-6.01],[14.58,-4.77],[12.37,-6.26]]]},"properties":{"NAME":"Congo","SUBJECTO":"Congo","PARTOF":"Congo"}},
{"type":"Feature","geometry":{"type":"Polygon","coordinates":[[[8.82,38.98],[9.48,39.14],[9.79,40.56],[9.31,41.18],[8.24,40.86],[8.37,39.31],[8.82,38.98]]]},"properties":{"NAME":"Sardinia","SUBJECTO":"Sardinia","PARTOF":"Sardinia"}},
{"type":"Feature","geometry":{"type":"Polygon","coordinates":[[[14.08,42.63],[13.41,42.36],[13.76,41.21],[14.9,40.24],[15.67,40.09],[16.21,38.78],[15.63,38.23],[16.05,37.93],[17.09,38.92],[16.53,39.7],[16.95,40.48],[18.03,40.6],[15.87,41.5],[16.01,41.9],[14.92,41.97],[14.08,42.63]]]},"properties":{"NAME":"Naples","SUBJECTO":"Naples","PARTOF":"Naples"}},
{"type":"Feature","geometry":{"type":"Polygon","coordinates":[[[14.94,36.74],[15.39,38.21],[13.81,37.97],[13.32,38.22],[12.45,37.77],[14.94,36.74]]]},"properties":{"NAME":"Sicily","SUBJECTO":"Sicily","PARTOF":"Sicily"}},
{"type":"Feature","geometry":{"type":"Polygon","coordinates":[[[101.97,22.53],[102.99,20.94],[104.13,20.94],[104.72,20.2],[104,19.7],[103.9,19.31],[104.81,18.72],[106.64,16.48],[107.11,16.17],[107.46,15],[107.48,13.26],[107.48,12.58],[106.85,10.58],[107.27,10.35],[108.7,11.15],[109.07,11.64],[109.31,12.91],[108.79,15.09],[108.24,16.08],[106.43,17.55],[106.36,18.01],[105.53,18.84],[105.84,19.7],[106.81,20.91],[107.37,20.88],[107.88,21.46],[107.1,21.65],[106.51,22.33],[106.59,22.93],[105.31,23.3],[104.48,22.78],[101.97,22.53]]]},"properties":{"NAME":"Đại Việt","SUBJECTO":"Đại Việt","PARTOF":"Đại Việt"}},
{"type":"Feature","geometry":{"type":"Polygon","coordinates":[[[102.67,12.04],[103.04,10.9],[104.98,9.98],[104.74,8.49],[106.48,9.55],[106.85,10.58],[107.48,12.58],[107.48,13.26],[105.02,13.41],[103.66,12.85],[102.67,12.04]]]},"properties":{"NAME":"Cambodia","SUBJECTO":"Cambodia","PARTOF":"Cambodia"}},
{"type":"Feature","geometry":{"type":"Polygon","coordinates":[[[6.53,16.71],[7.78,16.58],[8.41,17.21],[8.16,18.21],[7.16,18.46],[6.53,17.96],[6.53,16.71]]]},"properties":{"NAME":null,"SUBJECTO":null,"PARTOF":null}},
{"type":"Feature","geometry":{"type":"Polygon","coordinates":[[[57.4,23.84],[57.62,22.7],[58.18,21.85],[58.77,20.94],[59.84,22.28],[58.63,23.46],[57.4,23.84]]]},"properties":{"NAME":"Oman","SUBJECTO":"Oman","PARTOF":"Oman"}},
{"type":"Feature","geometry":{"type":"Polygon","coordinates":[[[47.49,43.58],[46.87,44.68],[44.75,44.44],[43.88,44.81],[43.38,46.19],[42.26,46.81],[40.63,46.69],[40.38,45.44],[39.63,45.69],[37.47,44.69],[38.92,44.21],[40.25,43.27],[41.41,42.79],[41.48,41.44],[42.88,41.55],[43.96,42.59],[44.98,42.77],[47.35,41.3],[48.22,41.47],[47.25,42.78],[47.49,43.58]]]},"properties":{"NAME":null,"SUBJECTO":null,"PARTOF":null}},
{"type":"Feature","geometry":{"type":"Polygon","coordinates":[[[9.57,46.04],[10.51,45.37],[11.17,45.07],[12.38,44.73],[12.18,45.21],[13.37,45.69],[13.71,46.84],[12.07,46.93],[11.17,45.74],[10.52,45.74],[10.56,46.5],[9.57,46.04]]]},"properties":{"NAME":"Venice","SUBJECTO":"Venice","PARTOF":"Venice"}},
{"type":"Feature","geometry":{"type":"Polygon","coordinates":[[[5.38,5.61],[6.9,6.13],[7.37,6.94],[7.37,7.91],[6.88,8.64],[5.34,8.72],[4.82,7.93],[3.95,6.58],[5.38,5.61]]]},"properties":{"NAME":"Benin","SUBJECTO":"Benin","PARTOF":"Benin"}},
{"type":"Feature","geometry":{"type":"Polygon","coordinates":[[[46.34,14.1],[46.88,13.47],[48.04,14.05],[48.96,14.22],[49.33,14.63],[51.6,15.38],[50.51,17.15],[47.84,16.42],[46.66,15.42],[46.34,14.1]]]},"properties":{"NAME":"Hadramaut","SUBJECTO":"Hadramaut","PARTOF":"Hadramaut"}},
{"type":"Feature","geometry":{"type":"Polygon","coordinates":[[[50.51,17.15],[51.6,15.38],[52.89,16.61],[54.08,17.02],[54.91,16.97],[55.39,17.81],[53.96,19.73],[50.51,17.15]]]},"properties":{"NAME":"Mahra","SUBJECTO":"Mahra","PARTOF":"Mahra"}},
{"type":"Feature","geometry":{"type":"Polygon","coordinates":[[[53.96,19.73],[55.39,17.81],[56.26,17.98],[56.74,18.69],[57.84,19.03],[57.81,20.17],[58.77,20.94],[58.18,21.85],[56.95,20.64],[53.96,19.73]]]},"properties":{"NAME":"Gharra","SUBJECTO":"Gharra","PARTOF":"Gharra"}},
{"type":"Feature","geometry":{"type":"Polygon","coordinates":[[[-71.41,-32.73],[-67.92,-26.26],[-67.67,-23.76],[-67.92,-22.01],[-66.54,-19.77],[-66.54,-18.27],[-67,-15.79],[-69.27,-15.22],[-69.6,-14.23],[-70.52,-13.74],[-74.29,-12.65],[-77.89,-6.98],[-77.93,-3.1],[-78.39,-2.91],[-78.56,-2.13],[-77.94,-1.72],[-77.99,2.47],[-79.06,1.68],[-79.38,1.02],[-80.09,0.82],[-80.34,-0.66],[-80.97,-1.03],[-80.36,-2.73],[-79.81,-2.17],[-80.14,-3.41],[-81.3,-4.33],[-80.88,-5.59],[-81.3,-6.04],[-80.07,-6.76],[-79.06,-8.22],[-77.69,-10.84],[-76.24,-13.5],[-76.24,-14.11],[-75.23,-15.22],[-74.05,-16.04],[-71.61,-17.22],[-70.58,-18.08],[-70.21,-19.07],[-70.11,-21.75],[-70.36,-23.66],[-70.4,-25.25],[-70.93,-27.73],[-71.43,-29.1],[-71.33,-30.1],[-71.68,-30.6],[-71.52,-32.18],[-71.41,-32.73]]]},"properties":{"NAME":"Inca Empire","SUBJECTO":"Inca Empire","PARTOF":"Inca Empire"}},
{"type":"Feature","geometry":{"type":"MultiPolygon","coordinates":[[[[-51.12,-31.47],[-49.94,-29.63],[-48.94,-28.7],[-48.73,-28.37],[-48.56,-27.68],[-48.72,-25.43],[-46.21,-23.88],[-45.46,-23.86],[-44.56,-22.99],[-41.96,-22.92],[-41.93,-22.55],[-40.98,-22.09],[-40.93,-21.28],[-39.69,-19.41],[-39.67,-18.23],[-39.14,-17.77],[-38.95,-16],[-39.13,-14.32],[-38.8,-12.63],[-38.27,-12.89],[-37.19,-10.84],[-35.6,-9.63],[-34.89,-7.61],[-35.46,-5.27],[-37.18,-4.95],[-38.79,-3.6],[-40.23,-2.85],[-42.32,-2.82],[-43.33,-2.43],[-44.59,-3.15],[-44.46,-2.27],[-44.8,-1.74],[-47.24,-0.68],[-48.04,-0.82],[-49.42,-2.36],[-49.29,-1.79],[-50.64,-1.88],[-50.98,-1.11],[-52.02,-1.57],[-51.53,-0.43],[-49.88,1.21],[-49.97,1.73],[-50.69,2.22],[-51.21,4.07],[-51.71,4.23],[-53.03,5.43],[-54.29,5.88],[-56.75,6],[-57.07,5.84],[-58.01,6.79],[-58.51,6.56],[-58.62,7.5],[-59.83,8.44],[-61.76,8.58],[-61.29,8.77],[-61.12,9.17],[-61.29,8.77],[-63.07,8.33],[-65.97,8.18],[-69.81,8.49],[-70.68,8.56],[-72.24,8.99],[-72.54,10.2],[-73.24,10.2],[-75.25,7.89],[-77.4,6.67],[-77.5,5.51],[-77.11,3.79],[-77.99,2.47],[-77.94,-1.72],[-77.85,-1.67],[-77.25,-2.1],[-77.25,-2.76],[-77.9,-3.11],[-77.93,-3.1],[-77.89,-6.98],[-74.29,-12.65],[-70.52,-13.74],[-69.6,-14.23],[-69.27,-15.22],[-67,-15.79],[-66.54,-18.27],[-66.54,-19.77],[-67.92,-22.01],[-67.67,-23.76],[-67.92,-26.26],[-71.41,-32.73],[-71.62,-33.71],[-72.63,-35.65],[-73.14,-37.16],[-73.28,-37.28],[-71.03,-37.21],[-70.29,-36.47],[-69.37,-34.44],[-69.37,-32.6],[-68.44,-30.94],[-68.41,-30.48],[-68.26,-28.54],[-67.15,-25.22],[-65.49,-19.14],[-65.72,-18.08],[-64.66,-16.8],[-64.19,-14.69],[-69.05,-8.24],[-70.16,-5.74],[-66.41,3.04],[-62.66,4.15],[-58.56,3.98],[-55.86,1.7],[-55.8,0.88],[-57.97,-0.59],[-58.44,-2.29],[-56.33,-4.33],[-54.16,-4.63],[-49.07,-4.74],[-46.28,-3.55],[-53.12,-14.28],[-48.47,-23.75],[-49.49,-24.55],[-49.84,-26.8],[-48.8,-28.48],[-49.55,-29.16],[-49.94,-29.63],[-51.12,-31.47]]],[[[-58.52,-34.59],[-58.34,-34.22],[-56.34,-35],[-54.62,-34.92],[-54.07,-34.65],[-52.35,-32.68],[-52.04,-31.56],[-51.45,-31.02],[-51.23,-30.27],[-50.61,-30.3],[-51.23,-30.27],[-51.45,-31.02],[-52.04,-31.56],[-52.14,-31.74],[-52.35,-32.68],[-54.07,-34.65],[-54.62,-34.92],[-56.34,-35],[-58.34,-34.22],[-58.52,-34.59]]],[[[-73.46,-41.79],[-72.59,-41.62],[-72.73,-41.55],[-73.46,-41.79]]],[[[-65.78,-47.71],[-67.58,-49.06],[-67.83,-49.97],[-69.04,-50.56],[-69.11,-51.35],[-69.08,-51.5],[-69.04,-50.56],[-67.83,-49.97],[-67.58,-49.06],[-65.78,-47.71]]],[[[-71.44,-53.88],[-70.73,-52.8],[-69.24,-52.29],[-68.46,-52.42],[-69.24,-52.29],[-70.73,-52.8],[-71.44,-53.88]]],[[[-62.35,-39.33],[-62.31,-38.88],[-61.36,-39.03],[-59.52,-38.87],[-57.81,-38.39],[-56.7,-36.94],[-57.81,-38.39],[-59.52,-38.87],[-61.36,-39.03],[-62.31,-38.88],[-62.35,-39.33]]]]},"properties":{"NAME":null,"SUBJECTO":null,"PARTOF":null}},
{"type":"Feature","geometry":{"type":"Polygon","coordinates":[[[-98.17,28.25],[-97.55,27.92],[-95.17,29.11],[-95.82,29.64],[-97.53,28.68],[-97.65,28.56],[-98.17,28.25]]]},"properties":{"NAME":"Karankawa","SUBJECTO":"Karankawa","PARTOF":"Karankawa"}},
{"type":"Feature","geometry":{"type":"Polygon","coordinates":[[[-90,19.38],[-88.3,17.64],[-88.14,18.89],[-87.88,18.38],[-87.65,20.19],[-86.94,20.98],[-87.2,21.53],[-88.33,21.59],[-90,21.16],[-90,19.38]]]},"properties":{"NAME":"Mayas","SUBJECTO":"Mayas","PARTOF":"Mayas"}},
{"type":"Feature","geometry":{"type":"Polygon","coordinates":[[[-16.45,16.12],[-17.43,14.81],[-16.47,13.72],[-16.77,12.6],[-15.81,11.84],[-15.1,11.81],[-15.34,11.22],[-13.68,9.92],[-13.28,9.27],[-10.95,11.43],[-10.78,13.95],[-12.97,15.3],[-16.45,16.12]]]},"properties":{"NAME":"Senegal","SUBJECTO":"Senegal","PARTOF":"Senegal"}},
{"type":"Feature","geometry":{"type":"Polygon","coordinates":[[[-11.29,10.58],[-10.95,9.41],[-9.94,8.56],[-7.92,8.56],[-6.91,9.91],[-6.91,11.09],[-8.09,11.76],[-9.94,11.6],[-11.29,10.58]]]},"properties":{"NAME":null,"SUBJECTO":null,"PARTOF":null}},
{"type":"Feature","geometry":{"type":"Polygon","coordinates":[[[5.34,8.72],[4.64,9.81],[4.04,10.27],[2.82,10.18],[2.42,9.05],[3.37,8.06],[4.82,7.93],[5.34,8.72]]]},"properties":{"NAME":"Oyo","SUBJECTO":"Oyo","PARTOF":"Oyo"}},
{"type":"Feature","geometry":{"type":"Polygon","coordinates":[[[1.18,6.08],[0.55,8.24],[-0.02,8.64],[-1.17,8.19],[-1.17,7.3],[-0.3,5.48],[0.94,5.76],[1.18,6.08]]]},"properties":{"NAME":"Akan","SUBJECTO":"Akan","PARTOF":"Akan"}},
{"type":"Feature","geometry":{"type":"Polygon","coordinates":[[[-0.06,13.29],[1.93,12.33],[2.74,12.47],[3.56,13.29],[3.41,14.1],[1.19,17.06],[-0.51,20.97],[-1.47,21.56],[-3.54,21.27],[-5.9,17.79],[-7.45,15.13],[-7.45,14.03],[-6.49,12.77],[-5.68,12.62],[-3.02,13.66],[-1.69,13.8],[-0.06,13.29]]]},"properties":{"NAME":"Songhai","SUBJECTO":"Songhai","PARTOF":"Songhai"}},
{"type":"Feature","geometry":{"type":"Polygon","coordinates":[[[16.48,13.37],[17.3,14.47],[17.01,15.5],[13.31,20.97],[12.06,20.97],[11.61,20.6],[11.39,15.5],[10.21,13.73],[10.73,11.29],[11.91,11.07],[14.81,12.53],[14.6,12.99],[14.73,13.1],[16.48,13.37]]]},"properties":{"NAME":"Kanem-Bornu","SUBJECTO":"Kanem-Bornu","PARTOF":"Kanem-Bornu"}},
{"type":"Feature","geometry":{"type":"Polygon","coordinates":[[[34.38,-20.27],[34.75,-18.94],[32.68,-16.79],[31.72,-16.5],[30.76,-17.02],[30.9,-18.27],[31.49,-19.23],[31.35,-19.97],[30.46,-21.08],[30.24,-21.97],[31.05,-22.34],[32.23,-22.34],[32.9,-21.82],[34.08,-21.75],[34.52,-21.3],[34.38,-20.27]]]},"properties":{"NAME":"Mwenemutapa","SUBJECTO":"Mwenemutapa","PARTOF":"Mwenemutapa"}},
{"type":"Feature","geometry":{"type":"Polygon","coordinates":[[[42.82,4.59],[41.96,5.69],[40.56,6.16],[36.08,5.69],[36.45,2.63],[38.41,1.04],[42.33,1.77],[42.82,2.96],[42.82,4.59]]]},"properties":{"NAME":"Oromo","SUBJECTO":"Oromo","PARTOF":"Oromo"}},
{"type":"Feature","geometry":{"type":"Polygon","coordinates":[[[50.08,11.48],[49.3,11.25],[47.39,11.16],[46.68,10.7],[45.91,10.83],[44.28,10.4],[43.37,11.46],[42.56,11.57],[43.47,12.1],[41.71,13.93],[41.18,12.34],[41.81,8.59],[42.35,7.8],[43.61,7.34],[46.11,7.41],[48.37,8.74],[50.08,11.48]]]},"properties":{"NAME":"Adal","SUBJECTO":"Adal","PARTOF":"Adal"}},
{"type":"Feature","geometry":{"type":"Polygon","coordinates":[[[41.71,13.93],[39.9,15.5],[39.8,15.09],[38.04,16.23],[36.08,16.11],[35.96,14.76],[36.46,8.55],[37.31,7.9],[39.07,7.49],[40.71,7.96],[41.81,8.59],[41.18,12.34],[41.71,13.93]]]},"properties":{"NAME":"Ethiopia","SUBJECTO":"Ethiopia","PARTOF":"Ethiopia"}},
{"type":"Feature","geometry":{"type":"Polygon","coordinates":[[[44.3,1.29],[42.79,1.32],[39.42,-1.38],[37.73,-4.58],[38.24,-9.29],[39.25,-11.14],[40.4,-11.23],[40.62,-10.77],[39.66,-9.8],[39.27,-7.8],[39.57,-7.04],[38.92,-6.34],[39.27,-4.78],[40.92,-2.08],[41.61,-1.59],[42.44,-0.51],[44.3,1.29]]]},"properties":{"NAME":"Islamic city-states","SUBJECTO":"Islamic city-states","PARTOF":"Islamic city-states"}},
{"type":"Feature","geometry":{"type":"Polygon","coordinates":[[[49.48,30.05],[50.13,30.07],[51.35,28.04],[52.89,27.05],[54.65,26.39],[55.9,27.1],[56.79,26.97],[57.25,25.79],[59.03,25.31],[60.48,25.3],[61.99,29.62],[64.19,32.87],[65.53,34.84],[64.68,36.53],[64.35,37.87],[62.66,39.22],[58.62,39.05],[56.43,38.21],[53.94,38.16],[53.8,36.68],[51.8,36.43],[50.47,36.75],[49.56,34.26],[49.48,30.05]]]},"properties":{"NAME":"Safavid Empire","SUBJECTO":"Safavid Empire","PARTOF":"Safavid Empire"}},
{"type":"Feature","geometry":{"type":"Polygon","coordinates":[[[69.65,28.11],[70.75,28.1],[72.94,28.95],[75.3,28.95],[75.75,28.17],[75.41,26.99],[75.75,25.81],[77.77,25.64],[78.28,24.3],[78.95,23.96],[83.84,25.98],[83.7,29.18],[83.4,29.54],[81.45,30.4],[80.17,31.57],[79.33,35.63],[75.25,38.03],[73.81,38.03],[71.57,36.91],[71.25,38.04],[70.1,37.91],[69.23,37.37],[66.34,36.31],[64.68,36.53],[65.53,34.84],[64.19,32.87],[67.38,32.31],[68.73,32.65],[69.57,33.83],[70.24,33.49],[70.24,31.14],[69.57,29.96],[68.57,29.1],[69.06,28.1],[69.65,28.11]]]},"properties":{"NAME":"Mughal Empire","SUBJECTO":"Mughal Empire","PARTOF":"Mughal Empire"}},
{"type":"Feature","geometry":{"type":"Polygon","coordinates":[[[75.75,25.81],[75.41,26.99],[75.75,28.17],[75.3,28.95],[72.94,28.95],[70.75,28.1],[69.65,28.11],[68.82,25.78],[69.01,24.63],[72.72,23.45],[75.75,25.81]]]},"properties":{"NAME":"Rajputana","SUBJECTO":"Rajputana","PARTOF":"Rajputana"}},
{"type":"Feature","geometry":{"type":"Polygon","coordinates":[[[73.49,16.29],[74.73,13.68],[75.21,12.1],[76.08,10.55],[76.7,8.71],[77.34,8.05],[77.9,8.26],[78.31,9],[79.16,9.28],[79.22,10.19],[79.79,10.25],[79.71,11.44],[80.32,13.33],[80.09,15.18],[80.46,15.77],[77.92,16.25],[76.91,16.31],[76.1,15.97],[75.07,15.97],[74.38,16.31],[73.49,16.29]]]},"properties":{"NAME":"Vijayanagara","SUBJECTO":"Vijayanagara","PARTOF":"Vijayanagara"}},
{"type":"Feature","geometry":{"type":"Polygon","coordinates":[[[84.68,20.21],[83.69,19.3],[81.69,17.89],[81.49,17.21],[82.32,17],[84.26,18.46],[85.38,19.61],[84.68,20.21]]]},"properties":{"NAME":"Orissa","SUBJECTO":"Orissa","PARTOF":"Orissa"}},
{"type":"Feature","geometry":{"type":"Polygon","coordinates":[[[84.68,20.21],[85.38,19.61],[86.12,19.81],[86.93,20.69],[86.8,21.14],[88.05,21.94],[88.38,21.58],[90,21.93],[90,22.96],[89.92,24.87],[87.18,24.87],[86.43,21.54],[84.68,20.21]]]},"properties":{"NAME":"Bengal","SUBJECTO":"Bengal","PARTOF":"Bengal"}},
{"type":"Feature","geometry":{"type":"Polygon","coordinates":[[[83.7,29.18],[85.14,28.34],[86.45,27.95],[88.21,27.87],[88.84,28.44],[91.41,27.94],[91.55,26.29],[94.32,26.88],[95.48,27.91],[98.01,28.09],[98.22,27.55],[98.64,27.48],[100.68,28.69],[102.41,33.72],[101.69,36.31],[99.24,38.75],[89.62,36.88],[80.13,36.88],[79.33,35.63],[80.17,31.57],[81.45,30.4],[83.4,29.54],[83.7,29.18]]]},"properties":{"NAME":"Tibet","SUBJECTO":"Tibet","PARTOF":"Tibet"}},
{"type":"Feature","geometry":{"type":"Polygon","coordinates":[[[94.22,21.36],[94.16,24.27],[92.7,25.73],[92.03,25.43],[91.55,26.29],[91.41,27.94],[88.84,28.44],[88.21,27.87],[86.45,27.95],[85.14,28.34],[83.7,29.18],[83.84,25.98],[78.95,23.96],[78.28,24.3],[77.77,25.64],[75.75,25.81],[72.72,23.45],[69.01,24.63],[68.82,25.78],[69.65,28.11],[69.06,28.1],[68.57,29.1],[69.57,29.96],[70.24,31.14],[70.24,33.49],[69.57,33.83],[68.73,32.65],[67.38,32.31],[64.19,32.87],[61.99,29.62],[60.48,25.3],[61.34,25.03],[64.42,25.17],[66.62,25.32],[67.32,24.09],[69.11,22.9],[70.41,22.75],[69.97,22.35],[68.89,22.29],[70.21,20.95],[71.02,20.66],[72.12,21.16],[72.32,22.12],[72.7,22.13],[73.11,20.83],[72.76,20.06],[72.85,19.24],[72.79,19.88],[73.49,19.91],[74.27,21.91],[73.71,22.95],[76.93,23.9],[76.09,21.05],[78.57,20.44],[78.53,19.12],[79.21,18.85],[78.87,18.27],[79.33,17.23],[79.96,17.6],[81.49,17.21],[81.69,17.89],[83.69,19.3],[84.68,20.21],[86.43,21.54],[87.18,24.87],[89.92,24.87],[90,22.96],[90,22.56],[91.41,22.72],[92.18,20.89],[92.83,20.42],[94.22,21.36]]]},"properties":{"NAME":"Islamic and Hindu states","SUBJECTO":"Islamic and Hindu states","PARTOF":"Islamic and Hindu states"}},
{"type":"Feature","geometry":{"type":"Polygon","coordinates":[[[94.22,21.36],[92.83,20.42],[93.97,19.19],[94.42,18.14],[94.46,17.26],[94.95,18.51],[96.95,18.99],[97.37,18.45],[97.71,18.51],[98.02,19.75],[97.89,20.96],[97.86,22.57],[97.31,23.42],[97.19,24.39],[96.22,24.58],[96.04,22.15],[95.07,21.48],[94.22,21.36]]]},"properties":{"NAME":"Burmese kingdoms","SUBJECTO":"Burmese kingdoms","PARTOF":"Burmese kingdoms"}},
{"type":"Feature","geometry":{"type":"Polygon","coordinates":[[[109.43,18.1],[110.26,18.63],[110.89,19.71],[110.62,20.02],[109.55,19.91],[108.58,19.19],[108.65,18.48],[109.43,18.1]]]},"properties":{"NAME":null,"SUBJECTO":null,"PARTOF":null}},
{"type":"Feature","geometry":{"type":"Polygon","coordinates":[[[98.22,15.02],[98.18,15.21],[98.14,15.19],[98.22,15.02]]]},"properties":{"NAME":"Ayutthaya","SUBJECTO":"Ayutthaya","PARTOF":"Ayutthaya"}},
{"type":"Feature","geometry":{"type":"Polygon","coordinates":[[[94.46,17.26],[94.14,16.01],[94.82,16.21],[95.33,15.68],[96.47,16.51],[96.88,17.35],[97.57,16.45],[97.82,14.62],[98.4,13.27],[98.49,14.37],[98.22,15.02],[98.14,15.19],[98.18,15.21],[97.71,18.05],[97.37,18.45],[96.95,18.99],[94.95,18.51],[94.46,17.26]]]},"properties":{"NAME":"Pegu","SUBJECTO":"Pegu","PARTOF":"Pegu"}},
{"type":"Feature","geometry":{"type":"Polygon","coordinates":[[[98.56,21.12],[100.44,20.04],[102.49,19.4],[103.46,19.05],[104,19.7],[104.72,20.2],[104.13,20.94],[102.99,20.94],[101.97,22.53],[101.55,22.28],[100.39,22.46],[98.98,23.15],[98.59,22.57],[98.56,21.12]]]},"properties":{"NAME":"Laos","SUBJECTO":"Laos","PARTOF":"Laos"}},
{"type":"Feature","geometry":{"type":"Polygon","coordinates":[[[97.89,20.96],[98.56,21.12],[98.59,22.57],[98.98,23.15],[98.53,24.15],[97.98,26.15],[98.22,27.55],[98.01,28.09],[95.48,27.91],[94.32,26.88],[91.55,26.29],[92.03,25.43],[92.7,25.73],[94.16,24.27],[94.22,21.36],[95.07,21.48],[96.04,22.15],[96.22,24.58],[97.19,24.39],[97.31,23.42],[97.86,22.57],[97.89,20.96]]]},"properties":{"NAME":"Shan states","SUBJECTO":"Shan states","PARTOF":"Shan states"}},
{"type":"Feature","geometry":{"type":"Polygon","coordinates":[[[98.22,27.55],[97.98,26.15],[98.53,24.15],[98.98,23.15],[100.39,22.46],[101.55,22.28],[101.97,22.53],[104.48,22.78],[105.31,23.3],[106.59,22.93],[106.51,22.33],[107.1,21.65],[107.88,21.46],[108.55,21.82],[109.61,21.06],[109.93,20.24],[110.57,21.23],[112.75,21.76],[113.72,22.48],[115.71,22.64],[117.85,24.05],[119.47,25.77],[119.43,26.59],[120.35,27.18],[121.36,28.39],[121.77,29.83],[121.16,30.19],[119.94,30.12],[121.57,30.71],[121.27,31.45],[121.61,31.83],[120.66,32.54],[119.97,34.14],[119.02,34.69],[120.14,36.19],[120.86,36.58],[122.26,36.73],[122.39,37.3],[120.66,37.74],[118.95,37.08],[118.88,37.95],[117.59,38.28],[117.75,39.2],[118.98,39.22],[119.39,39.84],[120.27,40.15],[121.01,40.85],[122.11,40.35],[121.24,39.55],[121.07,38.75],[123.04,39.67],[124.13,39.84],[125.88,40.95],[126.47,41.65],[128.1,41.45],[127.98,42.11],[128.76,42.06],[129.97,42.96],[130.44,42.28],[131.58,43.21],[132.95,42.67],[134.14,42.99],[136.03,44.4],[137.72,46],[139.21,47.81],[140.08,48.5],[140.32,50.52],[141.26,52.1],[141.12,53.05],[139.38,54.08],[138.42,54.09],[137.24,53.46],[136.16,53.02],[134.68,52.95],[134.24,53.46],[133.42,52.65],[132.02,52.43],[131.13,53.91],[130.54,53.91],[130.91,55.24],[129.21,56.87],[127.58,56.62],[120.39,46.42],[107.71,43.25],[103.56,39.9],[102.12,39.76],[100.54,40.33],[99.39,39.76],[99.24,38.75],[101.69,36.31],[102.41,33.72],[100.68,28.69],[98.64,27.48],[98.22,27.55]]]},"properties":{"NAME":"Ming Chinese Empire","SUBJECTO":"Ming Chinese Empire","PARTOF":"Ming Chinese Empire"}},
{"type":"Feature","geometry":{"type":"Polygon","coordinates":[[[56.96,73.36],[60.46,75.16],[66.55,75.98],[68.94,76.61],[59.02,75.8],[56.99,75.27],[55.89,74.1],[54.02,73.73],[56.96,73.36]]]},"properties":{"NAME":null,"SUBJECTO":null,"PARTOF":null}},
{"type":"Feature","geometry":{"type":"Polygon","coordinates":[[[80.56,5.93],[81.2,6.08],[81.87,7.08],[80.66,9.3],[80.18,9.45],[79.71,8.93],[79.85,7.06],[80.56,5.93]]]},"properties":{"NAME":"Saylan","SUBJECTO":"Saylan","PARTOF":"Saylan"}},
{"type":"Feature","geometry":{"type":"Polygon","coordinates":[[[96.12,3.95],[96.6,5.08],[95.46,5.57],[95.19,5.41],[96.12,3.95]]]},"properties":{"NAME":"Aceh","SUBJECTO":"Aceh","PARTOF":"Aceh"}},
{"type":"Feature","geometry":{"type":"Polygon","coordinates":[[[97.37,18.45],[97.71,18.05],[98.18,15.21],[98.22,15.02],[98.49,14.37],[98.4,13.27],[98.64,11.66],[98.4,10.56],[98.63,10.1],[98.18,8.6],[99.02,7.87],[100.14,6.18],[100.66,3.9],[101.26,3.23],[101.84,3.46],[103.33,3.39],[103.34,4.81],[102.33,6.1],[101.56,6.74],[100.61,6.98],[99.72,9.26],[99.3,9.16],[99.19,10.49],[99.9,12.08],[99.93,13.26],[100.91,13.45],[100.87,12.68],[101.92,12.59],[102.67,12.04],[103.66,12.85],[105.02,13.41],[107.48,13.26],[107.46,15],[107.11,16.17],[106.64,16.48],[104.81,18.72],[103.9,19.31],[104,19.7],[103.46,19.05],[102.49,19.4],[100.75,17.43],[99.17,17.19],[97.37,18.45]]]},"properties":{"NAME":"Ayutthaya","SUBJECTO":"Ayutthaya","PARTOF":"Ayutthaya"}},
{"type":"Feature","geometry":{"type":"MultiPolygon","coordinates":[[[[103.31,-0.82],[103.72,0.02],[102.47,0.62],[101.06,2.08],[100.46,2.12],[99.86,2.9],[98.63,3.66],[98.65,2.76],[100.2,0.89],[101.14,-1.37],[103.31,-0.82]]],[[[103.33,3.39],[101.84,3.46],[101.26,3.23],[101.34,2.78],[103.43,1.38],[104.18,1.39],[103.44,2.63],[103.33,3.39]]],[[[109,0.2],[109.93,0.19],[110.82,1.24],[109.28,1.88],[108.81,0.81],[109,0.2]]]]},"properties":{"NAME":"Malacca","SUBJECTO":"Malacca","PARTOF":"Malacca"}},
{"type":"Feature","geometry":{"type":"Polygon","coordinates":[[[-1.95,55.56],[-2.72,56.18],[-1.94,57.4],[-4.15,57.55],[-3.17,58.52],[-5.35,58.09],[-5.06,57.75],[-6.04,56.47],[-5.27,56.54],[-5.57,55.75],[-4.71,56.13],[-5.11,54.79],[-3.19,54.85],[-1.95,55.56]]]},"properties":{"NAME":"Scotland","SUBJECTO":"Scotland","PARTOF":"Scotland"}},
{"type":"Feature","geometry":{"type":"Polygon","coordinates":[[[-5.7,55.33],[-5.48,55.44],[-5.69,55.63],[-5.7,55.33]]]},"properties":{"NAME":"England and Ireland","SUBJECTO":"England and Ireland","PARTOF":"England and Ireland"}},
{"type":"Feature","geometry":{"type":"MultiPolygon","coordinates":[[[[6.02,50.94],[6.01,51.05],[5.96,51.02],[6.01,50.96],[6.02,50.94]]],[[[5.7,49.39],[6.16,49.93],[6.04,50.81],[6,50.74],[4.79,51.49],[3.78,51.39],[1.8,50.92],[1.83,50.24],[3.82,50.04],[5.7,49.39]]]]},"properties":{"NAME":"Habsburg Netherlands","SUBJECTO":"Habsburg Netherlands","PARTOF":"Habsburg Netherlands"}},
{"type":"Feature","geometry":{"type":"MultiPolygon","coordinates":[[[[-7.43,55.06],[-8.35,55.1],[-8.59,54.2],[-9.89,54.33],[-10.16,53.37],[-9.31,53.12],[-10.22,51.76],[-9.82,51.43],[-6.41,52.21],[-6.04,52.89],[-6.44,53.9],[-5.66,54.32],[-6.02,55.09],[-7.43,55.06]]],[[[-3.19,54.85],[-2.91,53.27],[-3.96,53.21],[-4.29,52.2],[-5,51.7],[-3.07,51.18],[-4.28,51.19],[-5.78,50.13],[-5.28,49.96],[-3.52,50.62],[0.19,50.73],[1.36,51.35],[0.25,51.45],[1.51,52.03],[1.38,52.81],[0.01,52.79],[-0.3,54.03],[-1.39,54.68],[-1.95,55.56],[-3.19,54.85]]]]},"properties":{"NAME":"England and Ireland","SUBJECTO":"England and Ireland","PARTOF":"England and Ireland"}},
{"type":"Feature","geometry":{"type":"Polygon","coordinates":[[[21.01,55.82],[20.99,54.81],[19.33,54.16],[18.67,54.26],[18.79,53.31],[20.33,52.97],[22.82,53.56],[22.8,54.74],[21.01,55.82]]]},"properties":{"NAME":"Prussia","SUBJECTO":"Prussia","PARTOF":"Prussia"}},
{"type":"Feature","geometry":{"type":"Polygon","coordinates":[[[-11,28.65],[-9.53,28.14],[-6.77,29.68],[-4.37,30.63],[-3.76,31.73],[-2.4,32.25],[-1.07,32.45],[-1.68,33.26],[-1.74,34.61],[-2.19,35.05],[-3.01,35.39],[-4.59,35.15],[-5.57,35.86],[-5.93,35.73],[-7,33.87],[-8.31,33.34],[-9.22,32.58],[-9.81,31.29],[-9.66,29.95],[-11,28.65]]]},"properties":{"NAME":"Watassid Morocco","SUBJECTO":"Watassid Morocco","PARTOF":"Watassid Morocco"}},
{"type":"Feature","geometry":{"type":"Polygon","coordinates":[[[36.8,21.91],[35.25,21.37],[32.66,21],[31.64,21.28],[32.16,20.64],[33.88,19.66],[34.61,18.07],[33.63,15.74],[34,13.66],[33.14,11.58],[31.67,11.58],[31.43,13.29],[31.67,15.86],[30.69,16.84],[29.47,19.17],[29.47,20.77],[30.35,22.11],[29.43,22.66],[26.17,30.32],[22.43,31.26],[21.2,31.08],[19.97,29.72],[18.86,29.56],[17.58,30.34],[15.63,30.52],[15.14,25.1],[9.67,24.22],[9.46,25.18],[13.67,26.14],[13.88,31.06],[13.08,31.83],[8.77,33.19],[8.02,33.02],[6.27,31.87],[0.87,31.99],[-1.07,32.45],[-2.4,32.25],[-3.76,31.73],[-4.37,30.63],[-6.77,29.68],[-9.53,28.14],[-11,28.65],[-12.87,27.86],[-13.63,26.59],[-14.37,26.12],[-14.82,24.73],[-15.71,23.87],[-16.98,21.6],[-16.35,20.52],[-15.98,18.18],[-16.45,16.12],[-12.97,15.3],[-10.78,13.95],[-10.95,11.43],[-13.28,9.27],[-13.21,8.35],[-12.26,7.35],[-9.94,5.86],[-9.25,5.17],[-7.53,4.34],[-5,5.24],[-3.03,5.27],[-2.03,4.7],[-0.3,5.48],[-1.17,7.3],[-1.17,8.19],[-0.02,8.64],[0.55,8.24],[1.18,6.08],[3.46,6.38],[3.95,6.58],[4.82,7.93],[3.37,8.06],[2.42,9.05],[2.82,10.18],[4.04,10.27],[4.64,9.81],[5.34,8.72],[6.88,8.64],[7.37,7.91],[7.37,6.94],[6.9,6.13],[5.38,5.61],[5.61,4.63],[6.09,4.33],[8.14,4.47],[8.33,4.84],[9.03,4.14],[9.65,4.02],[9.92,2.82],[9.85,1.88],[9.37,1.17],[9.47,0.12],[8.82,-0.9],[9.47,-1.59],[9.66,-2.42],[11.77,-4.54],[12.37,-6.26],[14.58,-4.77],[15.05,-6.01],[14.99,-7.2],[14.1,-7.38],[14.33,-9.37],[13.08,-9.29],[13.64,-10.3],[13.81,-11.66],[13.34,-12.65],[12.59,-13.46],[12.06,-15.59],[11.78,-15.87],[11.77,-17.6],[12.08,-18.49],[12.93,-19.74],[14.42,-22.27],[14.4,-23.07],[14.91,-25.02],[14.84,-25.62],[15.45,-27.62],[16.79,-29.14],[18.18,-31.81],[18.23,-32.9],[17.87,-32.99],[18.46,-33.83],[18.29,-34.25],[19.18,-34.42],[19.88,-34.99],[20.26,-34.62],[21.67,-34.51],[22.68,-34.1],[24.43,-34.33],[26.66,-33.85],[28.92,-32.3],[30.39,-30.81],[31.56,-29.21],[32.23,-28.74],[32.77,-27.52],[32.9,-26.37],[32.5,-26.07],[33.35,-25.3],[34.88,-24.72],[35.43,-24.23],[35.51,-22.18],[35.26,-22.27],[34.7,-20.57],[34.73,-19.86],[35.91,-19.03],[37.28,-17.71],[39.47,-16.72],[40.39,-15.74],[40.62,-14.48],[40.4,-11.23],[39.25,-11.14],[38.24,-9.29],[37.73,-4.58],[39.42,-1.38],[42.79,1.32],[44.3,1.29],[45.54,1.97],[46.36,2.67],[48.47,5.2],[49.05,6.42],[50.78,9.37],[51.25,11.66],[50.7,11.95],[50.08,11.48],[48.37,8.74],[46.11,7.41],[43.61,7.34],[42.35,7.8],[41.81,8.59],[40.71,7.96],[39.07,7.49],[37.31,7.9],[36.46,8.55],[35.96,14.76],[36.08,16.11],[38.04,16.23],[39.8,15.09],[39.52,15.46],[38.53,18.16],[37.43,17.7],[36.45,18.07],[35.96,19.42],[37.17,20.76],[36.8,21.91]],[[10.73,11.29],[10.84,10.58],[10.37,9.52],[9.42,9.04],[8.72,9.04],[7.18,11.05],[4.67,11.51],[3.56,12.18],[3.78,13.66],[6.96,14.25],[9.25,13.29],[10.73,11.29]],[[14.81,12.53],[11.91,11.07],[10.73,11.29],[10.21,13.73],[11.39,15.5],[11.61,20.6],[12.06,20.97],[13.31,20.97],[17.01,15.5],[17.3,14.47],[16.48,13.37],[17.16,13.47],[19.46,13.26],[19.79,14.97],[20.52,16.48],[21.54,16.6],[22.33,15.33],[22.81,13.76],[22.63,13.22],[20.02,12.64],[20.21,12.05],[16.63,11.1],[14.99,12.1],[14.81,12.53]],[[34.38,-20.27],[34.52,-21.3],[34.08,-21.75],[32.9,-21.82],[32.23,-22.34],[31.05,-22.34],[30.24,-21.97],[30.46,-21.08],[31.35,-19.97],[31.49,-19.23],[30.9,-18.27],[30.76,-17.02],[31.72,-16.5],[32.68,-16.79],[34.75,-18.94],[34.38,-20.27]],[[-11.29,10.58],[-9.94,11.6],[-8.09,11.76],[-6.91,11.09],[-6.91,9.91],[-7.92,8.56],[-9.94,8.56],[-10.95,9.41],[-11.29,10.58]],[[6.53,16.71],[6.53,17.96],[7.16,18.46],[8.16,18.21],[8.41,17.21],[7.78,16.58],[6.53,16.71]],[[23.5,-10.33],[23.02,-10.82],[18.25,-11.12],[17.47,-8.16],[17.89,-7.38],[21.33,-6.71],[23.63,-6.77],[25.32,-6.53],[25.98,-5.14],[29.33,-5.32],[31.08,-8.7],[30.36,-9.25],[29.27,-9.19],[28.73,-9.73],[27.34,-9.61],[26.37,-10.27],[25.65,-9.97],[25.47,-10.4],[23.5,-10.33]],[[22.69,15.33],[23.11,16.6],[27.46,18.17],[29.15,17.93],[30,14.24],[29.09,13.16],[24.32,12.79],[23.17,13.58],[22.69,15.33]],[[-0.06,13.29],[0.08,11.73],[-1.17,10.85],[-3.17,10.92],[-3.83,12.7],[-3.02,13.66],[-5.68,12.62],[-6.49,12.77],[-7.45,14.03],[-7.45,15.13],[-5.9,17.79],[-3.54,21.27],[-1.47,21.56],[-0.51,20.97],[1.19,17.06],[3.41,14.1],[3.56,13.29],[2.74,12.47],[1.93,12.33],[-0.06,13.29]],[[42.82,4.59],[42.82,2.96],[42.33,1.77],[38.41,1.04],[36.45,2.63],[36.08,5.69],[40.56,6.16],[41.96,5.69],[42.82,4.59]]]},"properties":{"NAME":null,"SUBJECTO":null,"PARTOF":null}},
{"type":"Feature","geometry":{"type":"Polygon","coordinates":[[[9.43,42.79],[8.61,42.49],[9.17,41.35],[9.43,42.79]]]},"properties":{"NAME":"Holy Roman Empire","SUBJECTO":"Holy Roman Empire","PARTOF":"Holy Roman Empire"}},
{"type":"Feature","geometry":{"type":"Polygon","coordinates":[[[9.7,44.46],[9.98,44.05],[10.74,42.85],[11.96,42.01],[12.3,43.28],[12.02,44.17],[11.2,44.14],[11.17,45.07],[10.51,45.37],[10.28,44.4],[9.7,44.46]]]},"properties":{"NAME":"Florence","SUBJECTO":"Florence","PARTOF":"Florence"}},
{"type":"Feature","geometry":{"type":"Polygon","coordinates":[[[7.47,43.81],[8.67,44.42],[9.98,44.05],[9.7,44.46],[8.22,44.67],[7.47,43.81]]]},"properties":{"NAME":"Genoa","SUBJECTO":"Genoa","PARTOF":"Genoa"}},
{"type":"Feature","geometry":{"type":"Polygon","coordinates":[[[-106.38,37.18],[-108.03,36.61],[-109.33,37.19],[-110.34,37.17],[-110.46,36.24],[-109.88,35.58],[-110.39,35.17],[-111.19,35.45],[-110.97,34.97],[-110.79,34.71],[-110.06,34.47],[-109.28,33.85],[-109.35,34.68],[-109.35,34.72],[-109.38,35.05],[-109.08,35.3],[-108.88,35.37],[-108.44,35.3],[-107.25,35.11],[-106.69,35.98],[-105.27,36.45],[-104.63,36.97],[-106.38,37.18]]]},"properties":{"NAME":"Navaho","SUBJECTO":"Navaho","PARTOF":"Navaho"}},
{"type":"Feature","geometry":{"type":"Polygon","coordinates":[[[-87.78,38.36],[-88.37,37.09],[-87.96,36.87],[-87.69,35.8],[-86.69,35.11],[-86.67,35.1],[-83.25,36.67],[-81.88,37.36],[-82.06,38.33],[-83.1,38.96],[-84.69,39.25],[-86.08,39.2],[-87.78,38.36]]]},"properties":{"NAME":"Shawnee","SUBJECTO":"Shawnee","PARTOF":"Shawnee"}},
{"type":"Feature","geometry":{"type":"Polygon","coordinates":[[[-91.98,30.23],[-92.02,29.82],[-91.24,29.32],[-89.03,29.12],[-89.52,29.98],[-91.18,29.86],[-91.98,30.23]]]},"properties":{"NAME":"Chtimacha","SUBJECTO":"Chtimacha","PARTOF":"Chtimacha"}},
{"type":"Feature","geometry":{"type":"Polygon","coordinates":[[[-75.37,42.06],[-75.72,41.48],[-75.94,39.65],[-75.86,39.44],[-75.05,38.54],[-75.62,39.67],[-74.86,38.99],[-74.15,39.77],[-74.22,40.51],[-74.23,40.54],[-73.78,40.88],[-73.74,41.5],[-74.6,42.64],[-75.37,42.06]]]},"properties":{"NAME":"Delaware","SUBJECTO":"Delaware","PARTOF":"Delaware"}},
{"type":"Feature","geometry":{"type":"Polygon","coordinates":[[[-98.42,29.69],[-97.75,30.22],[-97.48,31.1],[-98.4,31.38],[-99.45,32.24],[-99.69,33.94],[-100.55,34.76],[-101.27,35.95],[-101.68,37.62],[-103.3,35.92],[-104.17,35.39],[-104.36,34.89],[-103.83,34.22],[-103.37,32.39],[-100.3,31.12],[-100.11,31.04],[-98.42,29.69]]]},"properties":{"NAME":"Comanche","SUBJECTO":"Comanche","PARTOF":"Comanche"}},
{"type":"Feature","geometry":{"type":"Polygon","coordinates":[[[-101.06,42.42],[-101.39,41.72],[-100.71,41.02],[-99.85,39.81],[-99.52,38.77],[-97.81,38.78],[-97.04,40.25],[-96.72,41.19],[-98.29,42.32],[-100.86,42.76],[-100.87,42.76],[-101.06,42.42]]]},"properties":{"NAME":"Pawnee","SUBJECTO":"Pawnee","PARTOF":"Pawnee"}},
{"type":"Feature","geometry":{"type":"Polygon","coordinates":[[[-103.48,42.61],[-102.23,44.17],[-103.22,45.19],[-103.7,45.3],[-104.55,45.07],[-105.98,43.31],[-104.83,42.24],[-104.16,41.97],[-103.48,42.61]]]},"properties":{"NAME":"Cheyenne","SUBJECTO":"Cheyenne","PARTOF":"Cheyenne"}},
{"type":"Feature","geometry":{"type":"Polygon","coordinates":[[[-85.82,31.86],[-85.67,32.76],[-86.11,32.91],[-87.16,32.95],[-87.32,31.87],[-85.82,31.86]]]},"properties":{"NAME":"Alabama","SUBJECTO":"Alabama","PARTOF":"Alabama"}},
{"type":"Feature","geometry":{"type":"Polygon","coordinates":[[[-89.95,32.96],[-90.76,32.97],[-91.63,32.96],[-91.63,31.94],[-90.41,32.05],[-89.97,32.58],[-89.95,32.96]]]},"properties":{"NAME":"Tunica","SUBJECTO":"Tunica","PARTOF":"Tunica"}},
{"type":"Feature","geometry":{"type":"Polygon","coordinates":[[[-83.74,30.38],[-85.06,30.34],[-85.08,30.31],[-85.3,29.66],[-83.85,30.01],[-83.74,30.38]]]},"properties":{"NAME":"Apalachee","SUBJECTO":"Apalachee","PARTOF":"Apalachee"}},
{"type":"Feature","geometry":{"type":"Polygon","coordinates":[[[-106.19,47.91],[-107.81,47.19],[-110.18,46.78],[-111.55,45.51],[-110.28,44.75],[-107.31,43.98],[-107.18,43.96],[-106.82,43.71],[-105.98,43.31],[-104.55,45.07],[-104.54,47.13],[-103.99,47.64],[-105.01,47.76],[-106.19,47.91]]]},"properties":{"NAME":"Crow","SUBJECTO":"Crow","PARTOF":"Crow"}},
{"type":"Feature","geometry":{"type":"Polygon","coordinates":[[[-95.35,34.05],[-95.45,35.13],[-97.51,34.88],[-98.96,35],[-99.69,33.94],[-99.45,32.24],[-98.4,31.38],[-97.48,31.1],[-96.83,32.35],[-96.15,33.32],[-95.39,33.61],[-95.35,34.05]]]},"properties":{"NAME":"Wichita","SUBJECTO":"Wichita","PARTOF":"Wichita"}},
{"type":"Feature","geometry":{"type":"Polygon","coordinates":[[[-88.37,37.09],[-87.78,38.36],[-87.74,40.34],[-87.38,41.64],[-87.79,42.83],[-89.1,42.89],[-89.83,42.68],[-91.04,43.84],[-91.14,43.93],[-92.45,42.69],[-91.37,42.11],[-91.33,41.54],[-92.04,40.87],[-92.8,40.34],[-92.22,40.09],[-91.63,38.47],[-90.53,37.94],[-90.81,37.18],[-89.1,36.95],[-88.37,37.09]]]},"properties":{"NAME":"Illinois","SUBJECTO":"Illinois","PARTOF":"Illinnois"}},
{"type":"Feature","geometry":{"type":"Polygon","coordinates":[[[-75.86,39.44],[-76.33,38.54],[-75.67,37.9],[-75.05,38.54],[-75.86,39.44]]]},"properties":{"NAME":"Ninticoy","SUBJECTO":"Ninticoy","PARTOF":"Ninticoy"}},
{"type":"Feature","geometry":{"type":"Polygon","coordinates":[[[-73.74,41.5],[-73.78,40.88],[-72.43,41.33],[-72.49,41.91],[-73.08,42.18],[-73.74,41.5]]]},"properties":{"NAME":"Wappynger","SUBJECTO":"Wappynger","PARTOF":"Wappynger"}},
{"type":"Feature","geometry":{"type":"Polygon","coordinates":[[[-73.11,44.66],[-73.66,43.27],[-74.6,42.64],[-73.74,41.5],[-73.08,42.18],[-72.52,43.58],[-72.66,43.7],[-72.4,44.39],[-73.11,44.66]]]},"properties":{"NAME":"Mahican","SUBJECTO":"Mahican","PARTOF":"Mahican"}},
{"type":"Feature","geometry":{"type":"Polygon","coordinates":[[[-72.1,42.9],[-72.52,43.58],[-73.08,42.18],[-72.49,41.91],[-72.34,42.21],[-72.1,42.9]]]},"properties":{"NAME":"Pocumtuk","SUBJECTO":"Pocumtuk","PARTOF":"Pocumtuk"}},
{"type":"Feature","geometry":{"type":"Polygon","coordinates":[[[-71.23,45.33],[-71.2,44.5],[-70.54,43.4],[-69.25,43.99],[-68.78,44.63],[-67.09,44.97],[-67.9,45.67],[-67.84,47.06],[-69.22,47.47],[-71.23,45.33]]]},"properties":{"NAME":"Abnaki","SUBJECTO":"Abnaki","PARTOF":"Abnaki"}},
{"type":"Feature","geometry":{"type":"Polygon","coordinates":[[[-71.74,41.95],[-70.53,42.02],[-71.27,42.58],[-71.74,41.95]]]},"properties":{"NAME":"Massachusett","SUBJECTO":"Massachusett","PARTOF":"Massachusett"}},
{"type":"Feature","geometry":{"type":"Polygon","coordinates":[[[-76.34,39.45],[-75.94,39.65],[-75.72,41.48],[-75.37,42.06],[-78.13,42.4],[-78.79,40.66],[-77.8,39.94],[-76.34,39.45]]]},"properties":{"NAME":"Susquehanna","SUBJECTO":"Susquehanna","PARTOF":"Susquehanna"}},
{"type":"Feature","geometry":{"type":"Polygon","coordinates":[[[-106.53,42.12],[-105.12,40.86],[-104.26,39.82],[-104.16,37.78],[-102.87,37.6],[-102.87,36.38],[-101.68,37.62],[-99.52,38.77],[-99.85,39.81],[-100.71,41.02],[-101.27,41.13],[-103.2,41.61],[-104.16,41.97],[-104.83,42.24],[-105.98,43.31],[-106.82,43.71],[-106.53,42.12]]]},"properties":{"NAME":"Arapaho","SUBJECTO":"Arapaho","PARTOF":"Arapaho"}},
{"type":"Feature","geometry":{"type":"Polygon","coordinates":[[[-97.51,34.88],[-97.41,35.58],[-96.59,37.25],[-97.16,38.29],[-97.81,38.78],[-99.52,38.77],[-101.68,37.62],[-101.27,35.95],[-100.55,34.76],[-99.69,33.94],[-98.96,35],[-97.51,34.88]]]},"properties":{"NAME":"Kiowa","SUBJECTO":"Kiowa","PARTOF":"Kiowa"}},
{"type":"Feature","geometry":{"type":"Polygon","coordinates":[[[-96.15,33.32],[-96.83,32.35],[-97.48,31.1],[-97.75,30.22],[-98.42,29.69],[-97.54,28.69],[-97.53,28.68],[-95.82,29.64],[-96.21,31.16],[-95.47,31.22],[-95.56,31.67],[-95.23,32.28],[-94.52,32.51],[-95.39,33.61],[-96.15,33.32]]]},"properties":{"NAME":"Tonkawa","SUBJECTO":"Tonkawa","PARTOF":"Tonkawa"}},
{"type":"Feature","geometry":{"type":"Polygon","coordinates":[[[-111.19,35.45],[-110.39,35.17],[-109.88,35.58],[-110.46,36.24],[-111.18,35.48],[-111.19,35.45]]]},"properties":{"NAME":"Hopie","SUBJECTO":"Hopie","PARTOF":"Hopie"}},
{"type":"Feature","geometry":{"type":"Polygon","coordinates":[[[-114.14,34.83],[-113.94,34.35],[-114.33,33.19],[-113.83,32.95],[-112.77,33.14],[-111.77,33.49],[-111.23,33.55],[-111.29,33.91],[-111.54,34.4],[-111.88,35.11],[-112.82,35.16],[-113.59,34.58],[-114.14,34.83]]]},"properties":{"NAME":"Yavapai","SUBJECTO":"Yavapai","PARTOF":"Yavapai"}},
{"type":"Feature","geometry":{"type":"Polygon","coordinates":[[[-115.24,34.01],[-115.49,34.59],[-116.21,34.71],[-116.58,35.75],[-117.51,35.11],[-118.4,35.46],[-119.04,35.22],[-118.6,34.6],[-117.38,34.38],[-116.88,34.16],[-115.24,34.01]]]},"properties":{"NAME":"Serano","SUBJECTO":"Serano","PARTOF":"Serano"}},
{"type":"Feature","geometry":{"type":"Polygon","coordinates":[[[-107.13,33.22],[-106.06,34.48],[-107.08,34.45],[-107.37,33.51],[-107.13,33.22]]]},"properties":{"NAME":"Riro","SUBJECTO":"Riro","PARTOF":"Riro"}},
{"type":"Feature","geometry":{"type":"Polygon","coordinates":[[[-101.14,44.72],[-99.98,44.79],[-100.21,46.35],[-101.27,46.35],[-101.14,44.72]]]},"properties":{"NAME":"Arikara","SUBJECTO":"Arikara","PARTOF":"Arikara"}},
{"type":"Feature","geometry":{"type":"Polygon","coordinates":[[[-121.94,38.18],[-121.82,37.88],[-120.78,38.22],[-119.7,37.62],[-119.61,37.64],[-119.37,37.97],[-119.48,38.32],[-120.11,38.87],[-120.95,38.89],[-121.94,38.18]]]},"properties":{"NAME":"Miwok","SUBJECTO":"Miwok","PARTOF":"Miwok"}},
{"type":"Feature","geometry":{"type":"Polygon","coordinates":[[[-98.01,42.76],[-97.27,42.9],[-96.1,41.94],[-94.66,42.09],[-94.03,42.63],[-94.59,44.21],[-95.83,44.51],[-97.28,44.4],[-99.82,44.52],[-99.86,44.33],[-98.01,42.76]]]},"properties":{"NAME":"Yankton","SUBJECTO":"Yankton","PARTOF":"Yankton"}},
{"type":"Feature","geometry":{"type":"Polygon","coordinates":[[[-125.46,49.17],[-123.9,48.47],[-123.86,49.16],[-124.72,49.49],[-125.72,50.41],[-127.85,50.86],[-128.34,50.67],[-125.46,49.17]]]},"properties":{"NAME":"Kwakwaka'wakw","SUBJECTO":"Kwakwaka'wakw","PARTOF":"Kwakwaka'wakw"}},
{"type":"Feature","geometry":{"type":"Polygon","coordinates":[[[-124.58,71.9],[-123.47,71.2],[-120.84,71.53],[-120.45,72.3],[-115.65,73.63],[-117.34,74.17],[-121.24,74.58],[-124.91,74.44],[-124.06,73.87],[-125.9,72.15],[-124.58,71.9]]]},"properties":{"NAME":null,"SUBJECTO":null,"PARTOF":null}},
{"type":"Feature","geometry":{"type":"Polygon","coordinates":[[[-61.03,45.67],[-60.26,46.94],[-61.38,46.33],[-61.03,45.67]]]},"properties":{"NAME":"Mi'kma'ki","SUBJECTO":"Mi'kma'ki","PARTOF":"Mi'kma'ki"}},
{"type":"Feature","geometry":{"type":"Polygon","coordinates":[[[-87.05,63.75],[-85.6,63.75],[-85.46,63.21],[-82.73,64.08],[-82.11,64.64],[-85.56,65.86],[-87.05,63.75]]]},"properties":{"NAME":null,"SUBJECTO":null,"PARTOF":null}},
{"type":"Feature","geometry":{"type":"Polygon","coordinates":[[[-76.79,68.15],[-77.06,67.33],[-75.77,67.3],[-75.12,68.11],[-76.79,68.15]]]},"properties":{"NAME":null,"SUBJECTO":null,"PARTOF":null}},
{"type":"Feature","geometry":{"type":"Polygon","coordinates":[[[-98.88,68.89],[-96.79,68.53],[-95.51,68.81],[-97.74,69.83],[-98.88,68.89]]]},"properties":{"NAME":null,"SUBJECTO":null,"PARTOF":null}},
{"type":"Feature","geometry":{"type":"Polygon","coordinates":[[[-111.64,72.73],[-114.47,72.63],[-114.65,73.35],[-117.22,72.86],[-118.99,72.03],[-115.74,71.3],[-118.5,71.05],[-117.76,70.72],[-113.76,70.74],[-111.54,70.33],[-117.57,69.99],[-115.91,69.35],[-113.92,69.25],[-113.15,68.6],[-110.45,68.65],[-107.54,69.06],[-106.85,69.45],[-104.19,68.9],[-101.81,69.14],[-103.36,69.64],[-101.06,70.03],[-103.86,70.7],[-105.31,72.65],[-108.18,73.38],[-107.53,72.02],[-108.99,72.73],[-111.73,72.33],[-111.64,72.73]]]},"properties":{"NAME":null,"SUBJECTO":null,"PARTOF":null}},
{"type":"Feature","geometry":{"type":"Polygon","coordinates":[[[-101.41,72.29],[-98.94,71.39],[-97.28,71.65],[-96.35,72.5],[-98.39,73.13],[-96.94,73.79],[-100.93,73.86],[-99.96,73.26],[-101.41,72.29]]]},"properties":{"NAME":null,"SUBJECTO":null,"PARTOF":null}},
{"type":"Feature","geometry":{"type":"Polygon","coordinates":[[[-95.49,73.61],[-95.06,72.28],[-94.27,72.85],[-92,72.84],[-90,74],[-95.07,74.06],[-95.49,73.61]]]},"properties":{"NAME":null,"SUBJECTO":null,"PARTOF":null}},
{"type":"Feature","geometry":{"type":"MultiPolygon","coordinates":[[[[-123.08,69.84],[-107.51,58.9],[-94.74,59.86],[-93.42,61.86],[-91.89,62.6],[-92.29,62.92],[-90,62.95],[-90,63.3],[-93.32,63.97],[-90,63.61],[-89.97,64.19],[-88.38,64.06],[-87.16,65.06],[-88.17,65.13],[-85.99,66.16],[-86.74,66.57],[-83.74,66.31],[-81.5,67.07],[-81.29,67.5],[-82.69,68.7],[-81.48,69.19],[-84.31,69.83],[-85.38,69.7],[-85.4,68.76],[-86.49,67.38],[-88.32,67.81],[-87.86,68.28],[-88.91,69.23],[-90,68.37],[-90,69.49],[-92.67,69.74],[-91.66,70.29],[-94.42,71.88],[-96.7,70.84],[-96.13,69.94],[-94.04,69.55],[-93.41,68.54],[-95.32,68.06],[-95.26,67.03],[-96.21,68.07],[-97.83,68.4],[-97.26,67.6],[-101.91,67.71],[-105.64,68.35],[-107.66,67.96],[-107.13,66.96],[-110.53,67.92],[-112.5,67.69],[-115.56,67.9],[-114.11,68.35],[-115.29,68.89],[-117.83,69.01],[-123.08,69.84]]],[[[-71.26,63.57],[-71.32,63.06],[-69.16,62.42],[-65.94,61.79],[-66.33,62.32],[-68.48,63.34],[-67.77,63.8],[-64.77,62.48],[-65.04,64.41],[-66.6,64.77],[-68.38,66.28],[-66.91,66.59],[-65.03,65.95],[-64.84,65.38],[-63.35,65.02],[-63.38,65.93],[-61.21,66.64],[-63.93,67.41],[-64.83,67.95],[-66.74,67.93],[-68.67,68.72],[-68.53,69.25],[-66.67,69.19],[-68.47,70.56],[-70.29,70.62],[-72.53,71.63],[-73.28,71.16],[-75.32,72.55],[-78.36,72.58],[-78.57,71.93],[-81.04,72.38],[-80.49,73.04],[-82.7,73.78],[-84.86,73.35],[-85.5,72.61],[-84.29,72.26],[-86.33,71.99],[-86.66,73.1],[-85.25,73.78],[-86.89,73.83],[-89.1,73.2],[-90,71.54],[-87.17,71.02],[-89.15,70.97],[-87.95,70.38],[-80.83,69.71],[-81.01,70.18],[-78.71,70.01],[-79.1,70.66],[-73.18,68.3],[-72.3,67.26],[-74.28,66.06],[-73.42,65.53],[-75.79,65.2],[-77.36,65.38],[-78.1,64.51],[-76.53,64.23],[-74.56,64.78],[-73.16,64.57],[-71.26,63.57]]]]},"properties":{"NAME":"T'atsaot'ine","SUBJECTO":"T'atsaot'ine","PARTOF":"T'atsaot'ine"}},
{"type":"Feature","geometry":{"type":"Polygon","coordinates":[[[-90,75.97],[-90,76.59],[-93.08,76.53],[-91.87,74.79],[-88.14,74.57],[-80.35,74.62],[-79.5,75.28],[-83.56,75.9],[-86.18,75.41],[-89.04,75.46],[-90,75.97]]]},"properties":{"NAME":null,"SUBJECTO":null,"PARTOF":null}},
{"type":"Feature","geometry":{"type":"Polygon","coordinates":[[[-90,82.02],[-89.24,80.86],[-85.19,81.32],[-85.5,80.62],[-78.96,81.03],[-82.26,80.05],[-86.17,80.28],[-81.6,78.75],[-85.81,78.91],[-84.93,77.35],[-86.44,77.82],[-89.42,76.61],[-85.04,76.41],[-78.21,76.55],[-78.37,78.03],[-76.14,78.07],[-74.96,79.12],[-77.24,79.58],[-71.45,79.85],[-66.48,81.3],[-67.59,81.96],[-63.92,82.01],[-62.43,82.63],[-70.58,83.18],[-81.52,82.69],[-80.09,81.97],[-84.95,82.38],[-90,82.02]]]},"properties":{"NAME":null,"SUBJECTO":null,"PARTOF":null}},
{"type":"Feature","geometry":{"type":"Polygon","coordinates":[[[-100.1,75.76],[-99.94,75.08],[-98,75.16],[-97.82,76.48],[-101.75,76.54],[-102.15,75.64],[-100.1,75.76]]]},"properties":{"NAME":null,"SUBJECTO":null,"PARTOF":null}},
{"type":"Feature","geometry":{"type":"Polygon","coordinates":[[[-96.81,76.92],[-93.94,76.4],[-94.2,76.9],[-96.81,76.92]]]},"properties":{"NAME":null,"SUBJECTO":null,"PARTOF":null}},
{"type":"Feature","geometry":{"type":"Polygon","coordinates":[[[-113.02,77.6],[-110.62,77.54],[-109.66,77.95],[-113.02,77.6]]]},"properties":{"NAME":null,"SUBJECTO":null,"PARTOF":null}},
{"type":"Feature","geometry":{"type":"Polygon","coordinates":[[[-98.34,78.8],[-97.46,78.1],[-95.1,78.44],[-98.34,78.8]]]},"properties":{"NAME":null,"SUBJECTO":null,"PARTOF":null}},
{"type":"Feature","geometry":{"type":"Polygon","coordinates":[[[-115.8,76.34],[-115.15,75.76],[-117.4,75.41],[-111.37,75.1],[-114.22,74.84],[-112.2,74.5],[-109.07,75.13],[-105.77,75.23],[-105.5,75.85],[-108.16,76.01],[-108.97,76.87],[-110.38,76.43],[-109.14,75.71],[-111.39,75.66],[-114.37,76.47],[-115.8,76.34]]]},"properties":{"NAME":null,"SUBJECTO":null,"PARTOF":null}},
{"type":"Feature","geometry":{"type":"Polygon","coordinates":[[[-121.46,76.27],[-120.45,75.95],[-118.74,76.94],[-116.24,76.78],[-116.36,77.58],[-119.7,77.31],[-122.66,76.54],[-121.46,76.27]]]},"properties":{"NAME":null,"SUBJECTO":null,"PARTOF":null}},
{"type":"Feature","geometry":{"type":"Polygon","coordinates":[[[-100.89,78.18],[-99.89,78.66],[-105.45,79.4],[-100.89,78.18]]]},"properties":{"NAME":null,"SUBJECTO":null,"PARTOF":null}},
{"type":"Feature","geometry":{"type":"Polygon","coordinates":[[[-89.27,80.39],[-92.02,81.26],[-96.59,80.09],[-93.18,79.53],[-92.7,78.43],[-89.12,78.34],[-85.76,79.38],[-89.27,80.39]]]},"properties":{"NAME":null,"SUBJECTO":null,"PARTOF":null}},
{"type":"Feature","geometry":{"type":"Polygon","coordinates":[[[-61.41,57.05],[-64.67,60.18],[-65.56,59.58],[-65.93,58.42],[-68,58.17],[-68.57,58.78],[-69.73,58.56],[-69.34,59.21],[-70.03,60.88],[-73.39,62.35],[-75.69,62.22],[-77.36,62.52],[-77.46,61.53],[-78.18,60.74],[-77.39,60.69],[-77.21,59.75],[-78.47,58.71],[-76.77,57.66],[-76.47,56.55],[-61.41,57.05]]]},"properties":{"NAME":"Naskapi Innu","SUBJECTO":"Naskapi Innu","PARTOF":"Naskapi Innu"}},
{"type":"Feature","geometry":{"type":"Polygon","coordinates":[[[-82.71,28.52],[-82.84,27.84],[-81.74,25.92],[-81.1,25.13],[-80.31,25.24],[-80.05,26.55],[-80.6,28.52],[-82.71,28.52]]]},"properties":{"NAME":"Caloosahatchee culture","SUBJECTO":"Caloosahatchee culture","PARTOF":"Caloosahatchee culture"}},
{"type":"Feature","geometry":{"type":"Polygon","coordinates":[[[-98.49,52.35],[-92.14,52.53],[-81.99,52.8],[-82.34,52.98],[-82.2,54.97],[-84.47,55.17],[-87.47,55.91],[-90,57.18],[-92.48,56.98],[-93.07,58.55],[-94.68,58.88],[-94.74,59.86],[-107.51,58.9],[-112.45,58.52],[-111.98,58.29],[-102.59,53.56],[-100.09,52.31],[-98.49,52.35]]]},"properties":{"NAME":"Cree","SUBJECTO":"Cree","PARTOF":"Cree"}},
{"type":"Feature","geometry":{"type":"Polygon","coordinates":[[[-61.69,17.02],[-61.83,17.16],[-61.89,17.03],[-61.69,17.02]]]},"properties":{"NAME":null,"SUBJECTO":null,"PARTOF":null}},
{"type":"Feature","geometry":{"type":"MultiPolygon","coordinates":[[[[-14.51,28.05],[-13.88,28.2],[-13.78,28.88],[-14.51,28.05]]],[[[-17.29,28.28],[-16.64,28.05],[-16.08,28.54],[-17.29,28.28]]]]},"properties":{"NAME":"Guanches","SUBJECTO":"Guanches","PARTOF":"Guanches"}},
{"type":"Feature","geometry":{"type":"MultiPolygon","coordinates":[[[[137.68,-8.46],[138.3,-8.54],[138.89,-7.78],[138.19,-7.68],[137.68,-8.46]]],[[[149.38,-6.21],[150.28,-6.34],[151.8,-5.71],[152.27,-4.78],[151.54,-4.41],[151.59,-4.9],[150.29,-5.71],[148.38,-5.66],[149.38,-6.21]]],[[[142.41,-3.31],[139.59,-2.38],[137.85,-1.61],[137.08,-2.25],[136.27,-2.42],[135.25,-3.54],[134.28,-2.85],[133.91,-1.01],[132.25,-0.53],[131.21,-1.02],[131.06,-1.54],[131.82,-1.67],[132.22,-2.34],[133.86,-2.25],[133.78,-2.72],[132.02,-2.82],[132.75,-3.4],[132.93,-4.27],[133.75,-3.19],[133.86,-3.77],[134.78,-4.31],[137.39,-5.12],[137.82,-5.43],[139.16,-7.73],[138.92,-8.32],[139.98,-8.24],[140.95,-9.27],[142.61,-9.38],[143.33,-9],[142.25,-8.31],[143.44,-8.36],[144.38,-7.76],[145.82,-8.1],[146.65,-9.28],[147.87,-10.18],[149.78,-10.41],[150.42,-10.29],[148.59,-9.16],[148.03,-8.25],[147.38,-7.8],[146.91,-6.89],[147.74,-6.74],[147.38,-6.12],[145.59,-5.42],[145.73,-5],[143.45,-3.61],[142.41,-3.31]]]]},"properties":{"NAME":"Papuans","SUBJECTO":"Papuans","PARTOF":"Papous"}},
{"type":"Feature","geometry":{"type":"Polygon","coordinates":[[[-59.53,13.05],[-59.43,13.16],[-59.65,13.32],[-59.53,13.05]]]},"properties":{"NAME":null,"SUBJECTO":null,"PARTOF":null}},
{"type":"Feature","geometry":{"type":"Polygon","coordinates":[[[-61.36,15.2],[-61.3,15.57],[-61.49,15.54],[-61.36,15.2]]]},"properties":{"NAME":null,"SUBJECTO":null,"PARTOF":null}},
{"type":"Feature","geometry":{"type":"Polygon","coordinates":[[[-61.75,12],[-61.64,12.03],[-61.61,12.23],[-61.75,12]]]},"properties":{"NAME":null,"SUBJECTO":null,"PARTOF":null}},
{"type":"Feature","geometry":{"type":"Polygon","coordinates":[[[-60.86,14.4],[-61.03,14.83],[-61.23,14.81],[-60.86,14.4]]]},"properties":{"NAME":null,"SUBJECTO":null,"PARTOF":null}},
{"type":"Feature","geometry":{"type":"Polygon","coordinates":[[[-62.17,16.67],[-62.18,16.81],[-62.24,16.71],[-62.17,16.67]]]},"properties":{"NAME":null,"SUBJECTO":null,"PARTOF":null}},
{"type":"Feature","geometry":{"type":"Polygon","coordinates":[[[-63.17,18.16],[-62.99,18.23],[-63.06,18.26],[-63.17,18.16]]]},"properties":{"NAME":null,"SUBJECTO":null,"PARTOF":null}},
{"type":"Feature","geometry":{"type":"Polygon","coordinates":[[[-62.7,17.34],[-62.78,17.29],[-62.62,17.24],[-62.7,17.34]]]},"properties":{"NAME":null,"SUBJECTO":null,"PARTOF":null}},
{"type":"Feature","geometry":{"type":"Polygon","coordinates":[[[-60.95,13.71],[-60.95,14.1],[-61.08,13.9],[-60.95,13.71]]]},"properties":{"NAME":null,"SUBJECTO":null,"PARTOF":null}},
{"type":"Feature","geometry":{"type":"Polygon","coordinates":[[[-61.17,13.13],[-61.14,13.38],[-61.28,13.25],[-61.17,13.13]]]},"properties":{"NAME":null,"SUBJECTO":null,"PARTOF":null}},
{"type":"Feature","geometry":{"type":"Polygon","coordinates":[[[-64.76,17.77],[-64.9,17.68],[-64.67,17.71],[-64.76,17.77]]]},"properties":{"NAME":null,"SUBJECTO":null,"PARTOF":null}},
{"type":"Feature","geometry":{"type":"Polygon","coordinates":[[[-61.35,16.33],[-61.79,16.24],[-61.7,15.95],[-61.35,16.33]]]},"properties":{"NAME":null,"SUBJECTO":null,"PARTOF":null}},
{"type":"Feature","geometry":{"type":"Polygon","coordinates":[[[-68.97,12.2],[-68.83,12.05],[-68.82,12.16],[-68.97,12.2]]]},"properties":{"NAME":null,"SUBJECTO":null,"PARTOF":null}},
{"type":"Feature","geometry":{"type":"Polygon","coordinates":[[[-63.01,18.07],[-63.05,18.12],[-63.14,18.06],[-63.01,18.07]]]},"properties":{"NAME":null,"SUBJECTO":null,"PARTOF":null}},
{"type":"Feature","geometry":{"type":"Polygon","coordinates":[[[-63.14,18.06],[-63.03,18.02],[-63.01,18.07],[-63.14,18.06]]]},"properties":{"NAME":null,"SUBJECTO":null,"PARTOF":null}},
{"type":"Feature","geometry":{"type":"Polygon","coordinates":[[[-91.63,31.94],[-92.7,31.61],[-92.46,30.58],[-91.54,30.8],[-90.26,31.32],[-90.23,32.02],[-90.41,32.05],[-91.63,31.94]]]},"properties":{"NAME":"Natchez","SUBJECTO":"Natchez","PARTOF":"Natchez"}},
{"type":"Feature","geometry":{"type":"Polygon","coordinates":[[[-100.11,31.04],[-100.3,31.12],[-101.27,29.67],[-100.82,29.3],[-100.33,28.72],[-98.17,28.25],[-97.65,28.56],[-97.54,28.69],[-98.42,29.69],[-100.11,31.04]]]},"properties":{"NAME":"Lipan","SUBJECTO":"Lipan","PARTOF":"Lipan"}},
{"type":"Feature","geometry":{"type":"Polygon","coordinates":[[[-92.85,34.66],[-95.42,34.74],[-95.35,34.05],[-95.39,33.61],[-94.52,32.51],[-95.23,32.28],[-95.56,31.67],[-94.71,30.75],[-92.46,30.58],[-92.7,31.61],[-91.63,31.94],[-91.63,32.96],[-92.85,34.66]]]},"properties":{"NAME":"Caddo","SUBJECTO":"Caddo","PARTOF":"Caddo"}},
{"type":"Feature","geometry":{"type":"Polygon","coordinates":[[[-71.69,45.32],[-72.66,43.7],[-72.52,43.58],[-72.1,42.9],[-71.99,42.63],[-71.27,42.58],[-70.54,43.4],[-71.2,44.5],[-71.23,45.33],[-71.69,45.32]]]},"properties":{"NAME":"Pennacook","SUBJECTO":"Pennacook","PARTOF":"Pennacook"}},
{"type":"Feature","geometry":{"type":"Polygon","coordinates":[[[-116.88,36.75],[-117.91,35.78],[-118.61,35.63],[-118.4,35.46],[-117.51,35.11],[-116.58,35.75],[-116.7,35.99],[-116.88,36.75]]]},"properties":{"NAME":"Kawahsu","SUBJECTO":"Kawahsu","PARTOF":"Kawahsu"}},
{"type":"Feature","geometry":{"type":"Polygon","coordinates":[[[-121.82,37.88],[-121.15,37.36],[-120.9,36.58],[-119.74,35.57],[-119.4,35.28],[-119.04,35.22],[-118.4,35.46],[-118.61,35.63],[-118.64,36.81],[-119.57,37.65],[-119.7,37.62],[-120.78,38.22],[-121.82,37.88]]]},"properties":{"NAME":"Yokuts","SUBJECTO":"Yokuts","PARTOF":"Yokuts"}},
{"type":"Feature","geometry":{"type":"Polygon","coordinates":[[[-113.43,45.36],[-114.21,45.53],[-116.12,44.71],[-116.16,43.02],[-116.88,41.98],[-117.74,38.69],[-118.01,36.62],[-117.91,35.78],[-116.88,36.75],[-115.96,36.47],[-115.66,36.73],[-115.39,38.27],[-113.52,38.89],[-111.87,40.57],[-109.56,40.89],[-105.12,40.86],[-106.53,42.12],[-106.82,43.71],[-107.18,43.96],[-107.75,44.04],[-110.28,44.75],[-111.55,45.51],[-113.43,45.36]]]},"properties":{"NAME":"Shoshoni","SUBJECTO":"Shoshoni","PARTOF":"Shoshoni"}},
{"type":"Feature","geometry":{"type":"Polygon","coordinates":[[[-123.93,39.82],[-123.25,38.55],[-122.72,38.69],[-122.72,38.99],[-122.78,39.53],[-122.82,39.53],[-123.93,39.82]]]},"properties":{"NAME":"Pomo","SUBJECTO":"Pomo","PARTOF":"Pomo"}},
{"type":"Feature","geometry":{"type":"Polygon","coordinates":[[[-88.29,30.77],[-88.75,30.39],[-88.21,30.35],[-88.29,30.77]]]},"properties":{"NAME":"Biloxi","SUBJECTO":"Biloxi","PARTOF":"Biloxi"}},
{"type":"Feature","geometry":{"type":"Polygon","coordinates":[[[-117.85,46.35],[-118.95,46.03],[-119,44.93],[-117.39,44.79],[-117.71,45.64],[-117.57,46.02],[-117.85,46.35]]]},"properties":{"NAME":"Cayuse","SUBJECTO":"Cayuse","PARTOF":"Cayuse"}},
{"type":"Feature","geometry":{"type":"Polygon","coordinates":[[[-53.11,48.52],[-54.13,48.84],[-53.51,49.28],[-55.11,49.28],[-56.66,50.06],[-55.42,51.43],[-56.15,51.47],[-57.36,50.6],[-58.13,49.5],[-58.14,48.6],[-59.16,47.67],[-54.78,47.71],[-53.07,46.73],[-52.73,47.45],[-53.88,48.19],[-53.11,48.52]]]},"properties":{"NAME":"Beothuk","SUBJECTO":"Beothuk","PARTOF":"Beothuk"}},
{"type":"Feature","geometry":{"type":"Polygon","coordinates":[[[-66.44,45.13],[-64.28,45.92],[-64.46,45.39],[-66.19,44.49],[-65.47,43.52],[-63.9,44.57],[-63.56,44.51],[-60.96,45.3],[-61.94,45.92],[-62.39,45.72],[-64.53,46.27],[-64.98,47.33],[-66.47,48.1],[-64.4,48.46],[-64.95,49.21],[-67.35,48.85],[-66.44,45.13]]]},"properties":{"NAME":"Mi'kma'ki","SUBJECTO":"Mi'kma'ki","PARTOF":"Mi'kma'ki"}},
{"type":"Feature","geometry":{"type":"Polygon","coordinates":[[[-65.24,50.35],[-64.33,50.3],[-63.85,50.3],[-63.21,50.35],[-61.64,50.28],[-60.14,50.41],[-58.52,51.38],[-56.96,51.49],[-55.66,52.19],[-55.77,53.16],[-58.08,54.08],[-60.25,53.28],[-60.14,53.68],[-57.43,54.58],[-59.69,55.15],[-61.79,56.19],[-62.95,54.22],[-64.88,50.33],[-65.17,50.35],[-65.24,50.35]]]},"properties":{"NAME":"Montagnais Innu","SUBJECTO":"Montagnais Innu","PARTOF":"Montagnais Innu"}},
{"type":"Feature","geometry":{"type":"Polygon","coordinates":[[[-94.47,38.79],[-91.63,38.47],[-92.22,40.09],[-92.8,40.34],[-93.71,40.18],[-95.02,40.68],[-95.26,39.96],[-94.47,38.79]]]},"properties":{"NAME":"Missouri","SUBJECTO":"Missouri","PARTOF":"Missouri"}},
{"type":"Feature","geometry":{"type":"Polygon","coordinates":[[[-97.04,40.25],[-97.81,38.78],[-97.16,38.29],[-94.47,38.79],[-95.26,39.96],[-97.04,40.25]]]},"properties":{"NAME":"Kansa","SUBJECTO":"Kansa","PARTOF":"Kansa"}},
{"type":"Feature","geometry":{"type":"Polygon","coordinates":[[[-122.36,48.17],[-122.63,47.49],[-122.48,47.47],[-121.51,47.36],[-121.29,47.45],[-121.28,47.58],[-121.46,48.05],[-122.36,48.17]]]},"properties":{"NAME":null,"SUBJECTO":null,"PARTOF":null}},
{"type":"Feature","geometry":{"type":"Polygon","coordinates":[[[-90.81,37.18],[-90.53,37.94],[-91.63,38.47],[-94.47,38.79],[-97.16,38.29],[-96.59,37.25],[-97.41,35.58],[-97.51,34.88],[-95.45,35.13],[-95.35,34.05],[-95.42,34.74],[-92.85,34.66],[-91.84,35.72],[-90.81,37.18]]]},"properties":{"NAME":"Osage","SUBJECTO":"Osage","PARTOF":"Osage"}},
{"type":"Feature","geometry":{"type":"Polygon","coordinates":[[[-89.1,36.95],[-90.81,37.18],[-91.84,35.72],[-92.85,34.66],[-91.63,32.96],[-90.76,32.97],[-90.71,33.38],[-90.48,33.88],[-89.8,35.02],[-89.67,36.19],[-89.1,36.95]]]},"properties":{"NAME":"Quapaw","SUBJECTO":"Quapaw","PARTOF":"Quapaw"}},
{"type":"Feature","geometry":{"type":"Polygon","coordinates":[[[-101.91,47.16],[-101.58,46.82],[-100.31,46.9],[-100.47,47.69],[-101.91,47.16]]]},"properties":{"NAME":null,"SUBJECTO":null,"PARTOF":null}},
{"type":"Feature","geometry":{"type":"Polygon","coordinates":[[[-124.16,48.25],[-124.59,47.91],[-124.28,47.98],[-124.16,48.25]]]},"properties":{"NAME":null,"SUBJECTO":null,"PARTOF":null}},
{"type":"Feature","geometry":{"type":"Polygon","coordinates":[[[-124.28,47.98],[-124.59,47.91],[-124.35,47.53],[-123.75,47.71],[-124.28,47.98]]]},"properties":{"NAME":null,"SUBJECTO":null,"PARTOF":null}},
{"type":"Feature","geometry":{"type":"Polygon","coordinates":[[[-123.13,47.53],[-122.94,48.09],[-123.34,47.66],[-123.13,47.53]]]},"properties":{"NAME":null,"SUBJECTO":null,"PARTOF":null}},
{"type":"Feature","geometry":{"type":"Polygon","coordinates":[[[-123.34,47.66],[-122.94,48.09],[-124.16,48.25],[-124.28,47.98],[-123.75,47.71],[-123.53,47.57],[-123.34,47.66]]]},"properties":{"NAME":null,"SUBJECTO":null,"PARTOF":null}},
{"type":"Feature","geometry":{"type":"Polygon","coordinates":[[[-123.53,47.57],[-123.75,47.71],[-124.35,47.53],[-124.12,47.1],[-123.65,47.42],[-123.53,47.57]]]},"properties":{"NAME":null,"SUBJECTO":null,"PARTOF":null}},
{"type":"Feature","geometry":{"type":"Polygon","coordinates":[[[-123.65,47.42],[-124.12,47.1],[-124.18,46.81],[-123.71,46.63],[-123.17,46.83],[-123.65,47.42]]]},"properties":{"NAME":null,"SUBJECTO":null,"PARTOF":null}},
{"type":"Feature","geometry":{"type":"Polygon","coordinates":[[[-124.57,43.16],[-124.37,42.19],[-123.85,42.28],[-123.88,42.69],[-123.95,43.05],[-124.57,43.16]]]},"properties":{"NAME":null,"SUBJECTO":null,"PARTOF":null}},
{"type":"Feature","geometry":{"type":"Polygon","coordinates":[[[-123.88,42.69],[-123.85,42.28],[-123.55,41.94],[-123.18,42.22],[-123.22,42.68],[-123.88,42.69]]]},"properties":{"NAME":null,"SUBJECTO":null,"PARTOF":null}},
{"type":"Feature","geometry":{"type":"Polygon","coordinates":[[[-123.85,42.28],[-124.37,42.19],[-124.19,41.73],[-123.64,41.8],[-123.55,41.94],[-123.85,42.28]]]},"properties":{"NAME":null,"SUBJECTO":null,"PARTOF":null}},
{"type":"Feature","geometry":{"type":"Polygon","coordinates":[[[-91.13,43.93],[-91.14,43.93],[-91.04,43.84],[-91.13,43.93]]]},"properties":{"NAME":null,"SUBJECTO":null,"PARTOF":null}},
{"type":"Feature","geometry":{"type":"Polygon","coordinates":[[[-124.26,41.02],[-124.35,40.81],[-123.91,41.02],[-124.26,41.02]]]},"properties":{"NAME":null,"SUBJECTO":null,"PARTOF":null}},
{"type":"Feature","geometry":{"type":"Polygon","coordinates":[[[-112.14,32.83],[-112.71,32.71],[-113.73,32.57],[-114.72,31.76],[-113.05,31.14],[-112.72,30.07],[-112.05,30.23],[-111.63,31.63],[-112.14,32.83]]]},"properties":{"NAME":"Papago","SUBJECTO":"Papago","PARTOF":"Papago"}},
{"type":"Feature","geometry":{"type":"Polygon","coordinates":[[[-117.38,34.38],[-118.6,34.6],[-118.67,34.1],[-117.97,33.71],[-117.38,34.38]]]},"properties":{"NAME":null,"SUBJECTO":null,"PARTOF":null}},
{"type":"Feature","geometry":{"type":"Polygon","coordinates":[[[-116.83,33.62],[-116.88,34.16],[-117.38,34.38],[-117.97,33.71],[-117.38,33.11],[-116.44,33.27],[-116.83,33.62]]]},"properties":{"NAME":"Luiseno","SUBJECTO":"Luiseno","PARTOF":"Luiseno"}},
{"type":"Feature","geometry":{"type":"Polygon","coordinates":[[[-90.26,31.32],[-91.54,30.8],[-90.37,30.76],[-90.26,31.32]]]},"properties":{"NAME":"Houma","SUBJECTO":"Houma","PARTOF":"Houma"}},
{"type":"Feature","geometry":{"type":"Polygon","coordinates":[[[-90.48,33.88],[-90.71,33.38],[-89.03,33.44],[-89.07,33.85],[-90.48,33.88]]]},"properties":{"NAME":null,"SUBJECTO":null,"PARTOF":null}},
{"type":"Feature","geometry":{"type":"Polygon","coordinates":[[[-71.79,41.64],[-71.45,41.43],[-69.92,41.72],[-70.53,42.02],[-71.74,41.95],[-71.79,41.64]]]},"properties":{"NAME":"Cusabo","SUBJECTO":"Cusabo","PARTOF":"Cusabo"}},
{"type":"Feature","geometry":{"type":"Polygon","coordinates":[[[-85.05,34.97],[-83.16,35.96],[-83.25,36.67],[-86.67,35.1],[-85.05,34.97]]]},"properties":{"NAME":"Yuchi","SUBJECTO":"Yuchi","PARTOF":"Yuchi"}},
{"type":"Feature","geometry":{"type":"Polygon","coordinates":[[[-80.22,37.64],[-81.88,37.36],[-83.25,36.67],[-83.16,35.96],[-85.05,34.97],[-85.04,34.97],[-85.09,34.19],[-85.01,33.92],[-83.7,34.05],[-82.49,35],[-82,35.74],[-80.58,36.87],[-80.22,37.64]]]},"properties":{"NAME":"Cherokee","SUBJECTO":"Cherokee","PARTOF":"Cherokee"}},
{"type":"Feature","geometry":{"type":"Polygon","coordinates":[[[-109.35,34.72],[-109.34,34.7],[-109.29,34.64],[-108.37,34.48],[-108.33,34.88],[-108.44,35.3],[-108.88,35.37],[-109.08,35.3],[-109.38,35.05],[-109.35,34.72]]]},"properties":{"NAME":"Zuni","SUBJECTO":"Zuni","PARTOF":"Zuni"}},
{"type":"Feature","geometry":{"type":"Polygon","coordinates":[[[-107.32,33.16],[-107.28,32.66],[-106.45,31.76],[-104.78,30.59],[-103.74,29.23],[-102.72,29.75],[-101.27,29.67],[-100.3,31.12],[-103.37,32.39],[-103.83,34.22],[-104.36,34.89],[-104.17,35.39],[-105.36,35.83],[-105.43,35.27],[-105.79,34.77],[-106.06,34.48],[-107.13,33.22],[-107.32,33.16]]]},"properties":{"NAME":"Mescalero","SUBJECTO":"Mescalero","PARTOF":"Mescalero"}},
{"type":"Feature","geometry":null,"properties":{"NAME":"Apache","SUBJECTO":"Apache","PARTOF":"Apache"}},
{"type":"Feature","geometry":{"type":"Polygon","coordinates":[[[-105.27,36.45],[-105.36,35.83],[-104.17,35.39],[-103.3,35.92],[-102.87,36.38],[-102.87,37.6],[-104.16,37.78],[-104.63,36.97],[-105.27,36.45]]]},"properties":{"NAME":"Jicarilla","SUBJECTO":"Jicarilla","PARTOF":"Jicarilla"}},
{"type":"Feature","geometry":null,"properties":{"NAME":null,"SUBJECTO":null,"PARTOF":null}},
{"type":"Feature","geometry":{"type":"Polygon","coordinates":[[[-103.3,35.92],[-101.68,37.62],[-102.87,36.38],[-103.3,35.92]]]},"properties":{"NAME":null,"SUBJECTO":null,"PARTOF":null}},
{"type":"Feature","geometry":null,"properties":{"NAME":null,"SUBJECTO":null,"PARTOF":null}},
{"type":"Feature","geometry":{"type":"Polygon","coordinates":[[[-114.93,33.89],[-115.24,34.01],[-116.88,34.16],[-116.83,33.62],[-116.44,33.27],[-116.35,33.29],[-115.12,33.5],[-115.06,33.51],[-114.93,33.89]]]},"properties":{"NAME":"Cahulia","SUBJECTO":"Cahulia","PARTOF":"Cahulia"}},
{"type":"Feature","geometry":{"type":"Polygon","coordinates":[[[-115.06,33.51],[-114.33,33.19],[-113.94,34.35],[-114.66,34.35],[-114.93,33.89],[-115.06,33.51]]]},"properties":{"NAME":null,"SUBJECTO":null,"PARTOF":null}},
{"type":"Feature","geometry":{"type":"Polygon","coordinates":[[[-106.79,34.93],[-106.49,35.12],[-106.27,35.27],[-106.46,35.69],[-106.9,35.33],[-106.99,35.37],[-107.25,35.11],[-106.9,34.6],[-106.85,34.77],[-106.79,34.93]]]},"properties":{"NAME":null,"SUBJECTO":null,"PARTOF":null}},
{"type":"Feature","geometry":{"type":"Polygon","coordinates":[[[-106.49,35.12],[-106.79,34.93],[-106.85,34.77],[-106.06,34.48],[-106.49,35.12]]]},"properties":{"NAME":null,"SUBJECTO":null,"PARTOF":null}},
{"type":"Feature","geometry":{"type":"Polygon","coordinates":[[[-107.25,35.11],[-108.44,35.3],[-108.33,34.88],[-108.37,34.48],[-106.9,34.6],[-107.25,35.11]]]},"properties":{"NAME":null,"SUBJECTO":null,"PARTOF":null}},
{"type":"Feature","geometry":{"type":"Polygon","coordinates":[[[-114.14,34.83],[-113.59,34.58],[-112.82,35.16],[-113.37,35.89],[-114.77,36.19],[-114.73,35.74],[-114.14,34.83]]]},"properties":{"NAME":"Walapai","SUBJECTO":"Walapai","PARTOF":"Walapai"}},
{"type":"Feature","geometry":{"type":"Polygon","coordinates":[[[-105.27,36.45],[-105.84,35.96],[-105.36,35.83],[-105.27,36.45]]]},"properties":{"NAME":null,"SUBJECTO":null,"PARTOF":null}},
{"type":"Feature","geometry":{"type":"Polygon","coordinates":[[[-106.49,35.12],[-105.79,34.77],[-105.43,35.27],[-106.14,35.54],[-106.27,35.27],[-106.49,35.12]]]},"properties":{"NAME":"Tano","SUBJECTO":"Tano","PARTOF":"Tano"}},
{"type":"Feature","geometry":{"type":"Polygon","coordinates":[[[-106.69,35.98],[-106.99,35.37],[-106.9,35.33],[-106.46,35.69],[-106.69,35.98]]]},"properties":{"NAME":null,"SUBJECTO":null,"PARTOF":null}},
{"type":"Feature","geometry":{"type":"Polygon","coordinates":[[[-106.69,35.98],[-106.46,35.69],[-106.14,35.54],[-105.43,35.27],[-105.36,35.83],[-105.84,35.96],[-106.69,35.98]]]},"properties":{"NAME":"Pewa","SUBJECTO":"Pewa","PARTOF":"Pewa"}},
{"type":"Feature","geometry":{"type":"Polygon","coordinates":[[[-113.52,38.89],[-112.46,38.68],[-111.75,37.87],[-111.12,37.86],[-110.34,37.17],[-109.33,37.19],[-108.03,36.61],[-106.38,37.18],[-104.63,36.97],[-104.16,37.78],[-104.26,39.82],[-105.12,40.86],[-109.56,40.89],[-111.87,40.57],[-113.52,38.89]]]},"properties":{"NAME":"Ute","SUBJECTO":"Ute","PARTOF":"Ute"}},
{"type":"Feature","geometry":{"type":"Polygon","coordinates":[[[-107.34,24.22],[-105.54,22.28],[-105.29,21.52],[-105.51,20.1],[-103.75,20.61],[-103.61,21.01],[-104.01,21.39],[-103.53,21.92],[-103.7,21.91],[-104.8,22.06],[-105.29,23.1],[-105.47,22.84],[-106.77,24.44],[-107.34,24.22]]]},"properties":{"NAME":"Nayarit","SUBJECTO":"Nayarit","PARTOF":"Nayarit"}},
{"type":"Feature","geometry":{"type":"Polygon","coordinates":[[[-80.6,28.52],[-81.41,30.07],[-81.42,30.98],[-81.89,30.98],[-82.2,30.99],[-82.84,30.99],[-83.74,30.38],[-83.85,30.01],[-82.65,28.91],[-82.71,28.52],[-80.6,28.52]]]},"properties":{"NAME":"Timucua","SUBJECTO":"Timucua","PARTOF":"Timucua"}},
{"type":"Feature","geometry":{"type":"Polygon","coordinates":[[[-77.47,35.2],[-78.24,35.55],[-78.06,36.5],[-80.58,36.87],[-82,35.74],[-82.49,35],[-82.05,34.25],[-81.06,33.95],[-80.48,33.66],[-80.3,33.42],[-79.89,33.22],[-79.43,33.04],[-79.2,33.46],[-77.96,33.93],[-77.2,34.68],[-77.47,35.2]]]},"properties":{"NAME":"Catawba","SUBJECTO":"Catawba","PARTOF":"Catawba"}},
{"type":"Feature","geometry":{"type":"Polygon","coordinates":[[[-77.12,36.68],[-77.1,36.77],[-77.13,36.92],[-77.52,37.18],[-78.05,36.93],[-77.12,36.68]]]},"properties":{"NAME":null,"SUBJECTO":null,"PARTOF":null}},
{"type":"Feature","geometry":{"type":"Polygon","coordinates":[[[-77.25,38.68],[-76.32,38.11],[-76.34,39.45],[-77.8,39.94],[-78.41,39.02],[-77.73,38.7],[-77.25,38.68]]]},"properties":{"NAME":"Conoy","SUBJECTO":"Conoy","PARTOF":"Conoy"}},
{"type":"Feature","geometry":{"type":"Polygon","coordinates":[[[-108.64,50.2],[-106.19,47.91],[-105.01,47.76],[-103.99,47.64],[-101.91,47.16],[-100.47,47.69],[-98.72,48.28],[-98.35,48.6],[-98.49,52.35],[-100.09,52.31],[-102.59,53.56],[-106.28,51.52],[-108.64,50.2]]]},"properties":{"NAME":"Assiniboin","SUBJECTO":"Assiniboin","PARTOF":"Assiniboin"}},
{"type":"Feature","geometry":{"type":"Polygon","coordinates":[[[-113.43,45.36],[-111.55,45.51],[-110.28,44.75],[-107.75,44.04],[-107.31,43.98],[-110.28,44.75],[-111.55,45.51],[-110.18,46.78],[-110.53,49.15],[-109.64,49.65],[-110.61,50.34],[-114.08,49.77],[-114.03,49.62],[-113.68,48.5],[-112.59,46.67],[-113.43,45.36]]]},"properties":{"NAME":"Blackfoot","SUBJECTO":"Blackfoot","PARTOF":"Blackfoot"}},
{"type":"Feature","geometry":{"type":"Polygon","coordinates":[[[-108.64,50.2],[-109.64,49.65],[-110.53,49.15],[-110.18,46.78],[-107.81,47.19],[-106.19,47.91],[-108.64,50.2]]]},"properties":{"NAME":"Aaniiih","SUBJECTO":"Gros Ventre","PARTOF":"Aaniiih"}},
{"type":"Feature","geometry":{"type":"Polygon","coordinates":[[[-96.72,41.19],[-97.04,40.25],[-95.26,39.96],[-95.02,40.68],[-95.49,40.82],[-96.52,41.21],[-96.72,41.19]]]},"properties":{"NAME":"Oto","SUBJECTO":"Oto","PARTOF":"Oto"}},
{"type":"Feature","geometry":{"type":"Polygon","coordinates":[[[-96.52,41.21],[-95.49,40.82],[-95.02,40.68],[-93.71,40.18],[-92.8,40.34],[-92.04,40.87],[-91.33,41.54],[-91.37,42.11],[-92.45,42.69],[-94.03,42.63],[-94.66,42.09],[-96.1,41.94],[-96.52,41.21]]]},"properties":{"NAME":"Iowa","SUBJECTO":"Iowa","PARTOF":"Iowa"}},
{"type":"Feature","geometry":{"type":"Polygon","coordinates":[[[-98.29,42.32],[-96.72,41.19],[-96.52,41.21],[-96.1,41.94],[-97.27,42.9],[-98.01,42.76],[-98.29,42.32]]]},"properties":{"NAME":"Omaha","SUBJECTO":"Omaha","PARTOF":"Omaha"}},
{"type":"Feature","geometry":{"type":"Polygon","coordinates":[[[-100.45,44.15],[-100.93,43.89],[-100.86,42.76],[-98.29,42.32],[-98.01,42.76],[-99.86,44.33],[-100.45,44.15]]]},"properties":{"NAME":"Ponca","SUBJECTO":"Ponca","PARTOF":"Ponca"}},
{"type":"Feature","geometry":{"type":"Polygon","coordinates":[[[-95.83,44.51],[-94.59,44.21],[-94.03,42.63],[-92.45,42.69],[-91.14,43.93],[-91.13,43.93],[-93.53,46.1],[-93.35,47.24],[-93.86,47.65],[-95.07,47.65],[-96.8,47.17],[-96.51,46.64],[-97.24,45.34],[-95.91,44.63],[-95.83,44.51]]]},"properties":{"NAME":"Santee","SUBJECTO":"Santee","PARTOF":"Santee"}},
{"type":"Feature","geometry":{"type":"Polygon","coordinates":[[[-91.13,43.93],[-91.04,43.84],[-89.83,42.68],[-89.1,42.89],[-88.14,44.05],[-90.7,44.08],[-91.13,43.93]]]},"properties":{"NAME":null,"SUBJECTO":null,"PARTOF":null}},
{"type":"Feature","geometry":{"type":"Polygon","coordinates":[[[-103.99,47.64],[-104.54,47.13],[-104.55,45.07],[-103.7,45.3],[-103.22,45.19],[-102.23,44.17],[-103.48,42.61],[-104.16,41.97],[-103.2,41.61],[-101.27,41.14],[-101.39,41.72],[-101.06,42.42],[-100.87,42.76],[-100.93,43.89],[-100.45,44.15],[-99.86,44.33],[-99.82,44.52],[-99.98,44.79],[-101.14,44.72],[-101.27,46.35],[-101.58,46.82],[-101.91,47.16],[-103.99,47.64]]]},"properties":{"NAME":"Teton","SUBJECTO":"Teton","PARTOF":"Teton"}},
{"type":"Feature","geometry":{"type":"Polygon","coordinates":[[[-101.58,46.82],[-101.27,46.35],[-100.29,46.62],[-100.31,46.9],[-101.58,46.82]]]},"properties":{"NAME":"Mandan","SUBJECTO":"Mandan","PARTOF":"Mandan"}},
{"type":"Feature","geometry":{"type":"Polygon","coordinates":[[[-100.47,47.69],[-100.31,46.9],[-100.29,46.62],[-100.21,46.35],[-99.98,44.79],[-99.82,44.52],[-97.28,44.4],[-95.91,44.63],[-97.24,45.34],[-96.51,46.64],[-96.8,47.17],[-98.13,47.6],[-98.72,48.28],[-100.47,47.69]]]},"properties":{"NAME":"Yankontai","SUBJECTO":"Yankontai","PARTOF":"Yankontai"}},
{"type":"Feature","geometry":{"type":"Polygon","coordinates":[[[-72.49,41.91],[-71.79,41.64],[-71.74,41.95],[-72.49,41.91]]]},"properties":{"NAME":null,"SUBJECTO":null,"PARTOF":null}},
{"type":"Feature","geometry":{"type":"Polygon","coordinates":[[[-71.74,41.95],[-71.27,42.58],[-71.99,42.63],[-72.34,42.21],[-72.49,41.91],[-71.74,41.95]]]},"properties":{"NAME":null,"SUBJECTO":null,"PARTOF":null}},
{"type":"Feature","geometry":{"type":"Polygon","coordinates":[[[-122.72,38.69],[-123.25,38.55],[-122.49,38.16],[-122.31,38.22],[-122.35,38.52],[-122.72,38.69]]]},"properties":{"NAME":null,"SUBJECTO":null,"PARTOF":null}},
{"type":"Feature","geometry":{"type":"Polygon","coordinates":[[[-90.02,45.33],[-90.44,44.4],[-90.7,44.08],[-88.14,44.05],[-87.92,44.35],[-89.32,44.91],[-90.02,45.33]]]},"properties":{"NAME":"Fox","SUBJECTO":"Fox","PARTOF":"Fox"}},
{"type":"Feature","geometry":{"type":"Polygon","coordinates":[[[-87.51,46.69],[-88.46,46.92],[-87.88,47.46],[-89.31,46.88],[-90.88,46.6],[-91.41,46.8],[-90.02,45.33],[-89.32,44.91],[-87.97,44.37],[-87.85,44.61],[-87.87,44.88],[-88.67,46.13],[-87.51,46.69]]]},"properties":{"NAME":null,"SUBJECTO":null,"PARTOF":null}},
{"type":"Feature","geometry":{"type":"Polygon","coordinates":[[[-87.62,45.03],[-87.64,45],[-87.62,45.02],[-87.62,45.03]]]},"properties":{"NAME":null,"SUBJECTO":null,"PARTOF":null}},
{"type":"Feature","geometry":{"type":"Polygon","coordinates":[[[-83.27,45.04],[-83.29,45.03],[-83.26,45.02],[-83.27,45.04]]]},"properties":{"NAME":null,"SUBJECTO":null,"PARTOF":null}},
{"type":"Feature","geometry":{"type":"Polygon","coordinates":[[[-91.41,46.8],[-91.15,47.37],[-87.72,48.91],[-81.51,52.14],[-81.99,52.8],[-92.14,52.53],[-98.49,52.35],[-98.35,48.6],[-98.72,48.28],[-98.13,47.6],[-96.8,47.17],[-95.07,47.65],[-93.86,47.65],[-93.35,47.24],[-93.53,46.1],[-91.13,43.93],[-90.7,44.08],[-90.44,44.4],[-90.02,45.33],[-91.41,46.8]]]},"properties":{"NAME":"Obiwa","SUBJECTO":"Obiwa","PARTOF":"Obiwa"}},
{"type":"Feature","geometry":{"type":"Polygon","coordinates":[[[-87.79,42.83],[-87.34,44.82],[-87.85,44.61],[-87.97,44.37],[-87.92,44.35],[-88.14,44.05],[-89.1,42.89],[-87.79,42.83]]]},"properties":{"NAME":"Winebago","SUBJECTO":"Winebago","PARTOF":"Winebago"}},
{"type":"Feature","geometry":{"type":"Polygon","coordinates":[[[-79.61,42.36],[-81.63,41.56],[-82.84,41.46],[-83.13,42.05],[-82.37,43.04],[-82.37,43.05],[-83.74,42.63],[-85.44,41.67],[-85.17,40.64],[-82.96,40.59],[-80.75,40.68],[-79.92,40.42],[-79.14,38.6],[-78.41,39.02],[-77.8,39.94],[-78.79,40.66],[-78.13,42.4],[-79.01,42.61],[-79.61,42.36]]]},"properties":{"NAME":"Erie","SUBJECTO":"Erie","PARTOF":"Erie"}},
{"type":"Feature","geometry":{"type":"Polygon","coordinates":[[[-84.8,45.86],[-86.07,44.87],[-86.49,44],[-86.25,42.52],[-85.44,41.67],[-83.74,42.63],[-82.37,43.05],[-82.84,44.03],[-83.59,43.67],[-83.29,45.03],[-83.27,45.04],[-84.74,45.86],[-84.8,45.86]]]},"properties":{"NAME":"Potawatomi","SUBJECTO":"Potawatomi","PARTOF":"Potawatomi"}},
{"type":"Feature","geometry":{"type":"Polygon","coordinates":[[[-85.44,41.67],[-86.25,42.52],[-87.38,41.64],[-87.74,40.34],[-87.65,38.88],[-86.32,40.03],[-85.17,40.64],[-85.44,41.67]]]},"properties":{"NAME":"Miami","SUBJECTO":"Miami","PARTOF":"Miami"}},
{"type":"Feature","geometry":{"type":"Polygon","coordinates":[[[-84.8,45.86],[-84.74,45.86],[-83.74,46.26],[-84.56,46.54],[-85.1,46.75],[-86.73,46.44],[-87.51,46.69],[-88.67,46.13],[-87.87,44.88],[-87.64,45],[-87.62,45.03],[-87,45.86],[-85.38,46.07],[-84.8,45.86]]]},"properties":{"NAME":"Menomini","SUBJECTO":"Menomini","PARTOF":"Menomini"}},
{"type":"Feature","geometry":{"type":"Polygon","coordinates":[[[-76.02,44.32],[-76.17,43.63],[-77.76,43.32],[-78.98,43.23],[-78.76,42.75],[-79.01,42.61],[-78.13,42.4],[-75.37,42.06],[-74.6,42.64],[-73.66,43.27],[-73.11,44.66],[-73,45.02],[-74.78,45.02],[-76.02,44.32]]]},"properties":{"NAME":"Iroquois","SUBJECTO":"Iroquois","PARTOF":"Iroquois"}},
{"type":"Feature","geometry":{"type":"Polygon","coordinates":[[[-85.06,30.34],[-83.74,30.38],[-82.84,30.99],[-82.2,30.99],[-82.55,32.92],[-83.76,33.27],[-84.34,32.75],[-85.06,30.34]]]},"properties":{"NAME":"Hitchiti","SUBJECTO":"Hitchiti","PARTOF":"Hitchiti"}},
{"type":"Feature","geometry":{"type":"Polygon","coordinates":[[[-87.32,31.87],[-87.16,32.95],[-87.11,33.26],[-88.85,33.28],[-89.95,32.96],[-89.97,32.58],[-89.45,32.04],[-90.23,32.02],[-90.26,31.32],[-90.37,30.76],[-91.54,30.8],[-92.46,30.58],[-91.98,30.23],[-91.18,29.86],[-89.52,29.98],[-88.75,30.39],[-88.29,30.77],[-88.24,31.69],[-87.32,31.87]]]},"properties":{"NAME":"Choctaw","SUBJECTO":"Choctaw","PARTOF":"Choctaw"}},
{"type":"Feature","geometry":{"type":"Polygon","coordinates":[[[-86.69,35.11],[-87.69,35.8],[-87.96,36.87],[-88.37,37.09],[-89.1,36.95],[-89.67,36.19],[-89.8,35.02],[-90.48,33.88],[-89.07,33.85],[-89.03,33.44],[-90.71,33.38],[-90.76,32.97],[-89.95,32.96],[-88.85,33.28],[-87.11,33.26],[-86.69,35.11]]]},"properties":{"NAME":"Chickasaw","SUBJECTO":"Chickasaw","PARTOF":"Chickasaw"}},
{"type":"Feature","geometry":{"type":"Polygon","coordinates":[[[-89.97,32.58],[-90.41,32.05],[-90.23,32.02],[-89.45,32.04],[-89.97,32.58]]]},"properties":{"NAME":null,"SUBJECTO":null,"PARTOF":null}},
{"type":"Feature","geometry":{"type":"Polygon","coordinates":[[[-87.32,31.87],[-88.24,31.69],[-88.29,30.77],[-87.77,30.26],[-86.62,30.41],[-86.67,31.86],[-87.32,31.87]]]},"properties":{"NAME":"Naniaho","SUBJECTO":"Naniaho","PARTOF":"Naniaho"}},
{"type":"Feature","geometry":{"type":"Polygon","coordinates":[[[-86.67,35.1],[-87.11,33.26],[-87.16,32.95],[-86.11,32.91],[-86.12,33.55],[-85.01,33.92],[-85.09,34.19],[-85.04,34.97],[-86.23,34.97],[-86.67,35.1]]]},"properties":{"NAME":"Knucati","SUBJECTO":"Knucati","PARTOF":"Knucati"}},
{"type":"Feature","geometry":null,"properties":{"NAME":null,"SUBJECTO":null,"PARTOF":null}},
{"type":"Feature","geometry":null,"properties":{"NAME":null,"SUBJECTO":null,"PARTOF":null}},
{"type":"Feature","geometry":null,"properties":{"NAME":null,"SUBJECTO":null,"PARTOF":null}},
{"type":"Feature","geometry":{"type":"Polygon","coordinates":[[[-85.05,34.97],[-86.67,35.1],[-86.23,34.97],[-85.05,34.97]]]},"properties":{"NAME":null,"SUBJECTO":null,"PARTOF":null}},
{"type":"Feature","geometry":{"type":"Polygon","coordinates":[[[-120.95,35.49],[-120.53,34.51],[-118.67,34.1],[-118.6,34.6],[-119.04,35.22],[-119.4,35.28],[-119.74,35.57],[-120.95,35.49]]]},"properties":{"NAME":"Chumash","SUBJECTO":"Chumash","PARTOF":"Chumash"}},
{"type":"Feature","geometry":{"type":"Polygon","coordinates":[[[-121.98,36.53],[-121.65,36.1],[-121.34,36.46],[-121.98,36.53]]]},"properties":{"NAME":null,"SUBJECTO":null,"PARTOF":null}},
{"type":"Feature","geometry":{"type":"Polygon","coordinates":[[[-123.43,44.27],[-123.14,43.51],[-122.84,43.5],[-122,43.51],[-122.01,44.34],[-122.11,44.35],[-122.82,45.08],[-123,45.63],[-123.35,45.54],[-123.49,45.02],[-123.55,44.73],[-123.43,44.27]]]},"properties":{"NAME":"Kalapuya","SUBJECTO":"Kalapuya","PARTOF":"Kalapuya"}},
{"type":"Feature","geometry":{"type":"Polygon","coordinates":[[[-114.21,45.53],[-114.47,46.37],[-116.43,46.8],[-117.1,46.78],[-117.85,46.35],[-117.57,46.02],[-117.71,45.64],[-117.39,44.79],[-116.12,44.71],[-114.21,45.53]]]},"properties":{"NAME":"Nez Perce","SUBJECTO":"Nez Perce","PARTOF":"Nez Perce"}},
{"type":"Feature","geometry":{"type":"Polygon","coordinates":[[[-117.36,47.9],[-116.15,47.83],[-115.25,47.46],[-115.63,48.3],[-117.29,48.9],[-117.99,48.37],[-117.89,48.28],[-117.36,47.9]]]},"properties":{"NAME":"Kalispel","SUBJECTO":"Kalispel","PARTOF":"Kalispel"}},
{"type":"Feature","geometry":{"type":"Polygon","coordinates":[[[-114.21,45.53],[-113.43,45.36],[-112.59,46.67],[-113.68,48.5],[-115.19,48.94],[-115.63,48.3],[-115.25,47.46],[-116.15,47.83],[-116.43,46.8],[-114.47,46.37],[-114.21,45.53]]]},"properties":{"NAME":"Flathead","SUBJECTO":"Flathead","PARTOF":"Flathead"}},
{"type":"Feature","geometry":{"type":"Polygon","coordinates":[[[-121.28,47.58],[-121.29,47.45],[-120.41,46.96],[-120.36,47],[-121.28,47.58]]]},"properties":{"NAME":null,"SUBJECTO":null,"PARTOF":null}},
{"type":"Feature","geometry":{"type":"Polygon","coordinates":[[[-120.36,47],[-120.41,46.96],[-121.38,47.01],[-121.51,46.75],[-120.6,45.71],[-120.59,45.72],[-120.17,45.8],[-118.95,46.03],[-119.05,46.75],[-120.07,46.94],[-120.36,47]]]},"properties":{"NAME":"Yakima","SUBJECTO":"Yakima","PARTOF":"Yakima"}},
{"type":"Feature","geometry":{"type":"Polygon","coordinates":[[[-119.47,44.77],[-119,44.93],[-118.95,46.03],[-120.17,45.8],[-119.47,44.77]]]},"properties":{"NAME":"Umatilla","SUBJECTO":"Umatilla","PARTOF":"Umatilla"}},
{"type":"Feature","geometry":{"type":"Polygon","coordinates":[[[-121.11,45.31],[-121.87,45.1],[-122.11,44.35],[-122.01,44.34],[-119.47,44.77],[-120.17,45.8],[-120.59,45.72],[-121,45.63],[-121.11,45.31]]]},"properties":{"NAME":"Tenimo","SUBJECTO":"Tenimo","PARTOF":"Tenimo"}},
{"type":"Feature","geometry":{"type":"Polygon","coordinates":[[[-120.51,48.75],[-119.98,47.87],[-119.47,47.8],[-119.24,48.71],[-120.51,48.75]]]},"properties":{"NAME":null,"SUBJECTO":null,"PARTOF":null}},
{"type":"Feature","geometry":{"type":"Polygon","coordinates":[[[-118.85,46.72],[-119.05,46.75],[-118.95,46.03],[-117.85,46.35],[-117.1,46.78],[-117.43,47.01],[-118.85,46.72]]]},"properties":{"NAME":null,"SUBJECTO":null,"PARTOF":null}},
{"type":"Feature","geometry":{"type":"Polygon","coordinates":[[[-120.51,48.75],[-119.24,48.71],[-119.12,49.2],[-120.92,49.04],[-120.51,48.75]]]},"properties":{"NAME":null,"SUBJECTO":null,"PARTOF":null}},
{"type":"Feature","geometry":{"type":"Polygon","coordinates":[[[-121.24,41.08],[-121.18,40.61],[-120.5,40.67],[-120.43,40.97],[-121.24,41.08]]]},"properties":{"NAME":null,"SUBJECTO":null,"PARTOF":null}},
{"type":"Feature","geometry":{"type":"Polygon","coordinates":[[[-121.38,42.33],[-122.17,42.02],[-122.19,42],[-121.97,41.4],[-121.3,41.58],[-120.5,41.81],[-120.39,42.09],[-121.38,42.33]]]},"properties":{"NAME":"Modoc","SUBJECTO":"Modoc","PARTOF":"Modoc"}},
{"type":"Feature","geometry":{"type":"Polygon","coordinates":[[[-121.99,39.6],[-121.73,39.03],[-121.04,39.59],[-120.39,39.66],[-120.19,40.1],[-120.5,40.67],[-121.18,40.61],[-121.41,40.58],[-121.98,40.06],[-121.99,39.6]]]},"properties":{"NAME":"Maiou","SUBJECTO":"Maiou","PARTOF":"Maiou"}},
{"type":"Feature","geometry":{"type":"Polygon","coordinates":[[[-121.78,46.65],[-122.14,46.59],[-121.99,46.36],[-121.78,46.65]]]},"properties":{"NAME":null,"SUBJECTO":null,"PARTOF":null}},
{"type":"Feature","geometry":{"type":"Polygon","coordinates":[[[-122.59,47.23],[-122.48,47.47],[-122.63,47.49],[-123.13,47.53],[-123.34,47.66],[-123.53,47.57],[-123.65,47.42],[-123.17,46.83],[-122.59,47.23]]]},"properties":{"NAME":null,"SUBJECTO":null,"PARTOF":null}},
{"type":"Feature","geometry":{"type":"Polygon","coordinates":[[[-121.51,47.36],[-122.48,47.47],[-122.59,47.23],[-122.14,46.59],[-121.78,46.65],[-121.51,46.75],[-121.38,47.01],[-121.51,47.36]]]},"properties":{"NAME":null,"SUBJECTO":null,"PARTOF":null}},
{"type":"Feature","geometry":{"type":"Polygon","coordinates":[[[-121.38,47.01],[-120.41,46.96],[-121.29,47.45],[-121.51,47.36],[-121.38,47.01]]]},"properties":{"NAME":null,"SUBJECTO":null,"PARTOF":null}},
{"type":"Feature","geometry":{"type":"Polygon","coordinates":[[[-122.3,45.01],[-122.28,45],[-122.28,45.01],[-122.3,45.01]]]},"properties":{"NAME":null,"SUBJECTO":null,"PARTOF":null}},
{"type":"Feature","geometry":{"type":"Polygon","coordinates":[[[-121.9,45.68],[-121.9,45.67],[-121.88,45.69],[-121.9,45.68]]]},"properties":{"NAME":null,"SUBJECTO":null,"PARTOF":null}},
{"type":"Feature","geometry":{"type":"Polygon","coordinates":[[[-121.78,46.65],[-121.99,46.36],[-122.38,45.58],[-121.9,45.68],[-121.88,45.69],[-121,45.63],[-120.59,45.72],[-120.6,45.71],[-121.51,46.75],[-121.78,46.65]]]},"properties":{"NAME":"Kijkitat","SUBJECTO":"Kijkitat","PARTOF":"Kijkitat"}},
{"type":"Feature","geometry":{"type":"Polygon","coordinates":[[[-121.87,45.1],[-122.28,45.01],[-122.28,45],[-122.3,45.01],[-122.82,45.08],[-122.11,44.35],[-121.87,45.1]]]},"properties":{"NAME":null,"SUBJECTO":null,"PARTOF":null}},
{"type":"Feature","geometry":{"type":"Polygon","coordinates":[[[-119.47,47.8],[-119.98,47.87],[-120.07,46.94],[-119.05,46.75],[-118.85,46.72],[-118.78,47.58],[-119.47,47.8]]]},"properties":{"NAME":null,"SUBJECTO":null,"PARTOF":null}},
{"type":"Feature","geometry":{"type":"Polygon","coordinates":[[[-122.5,48.61],[-122.36,48.17],[-121.46,48.05],[-121.38,48.34],[-121.19,48.59],[-121.77,48.65],[-122.5,48.61]]]},"properties":{"NAME":null,"SUBJECTO":null,"PARTOF":null}},
{"type":"Feature","geometry":{"type":"Polygon","coordinates":[[[-121.38,48.34],[-121.46,48.05],[-121.28,47.58],[-120.36,47],[-120.07,46.94],[-119.98,47.87],[-120.51,48.75],[-120.92,49.04],[-121.18,49.02],[-121.05,48.77],[-121.38,48.34]]]},"properties":{"NAME":null,"SUBJECTO":null,"PARTOF":null}},
{"type":"Feature","geometry":{"type":"Polygon","coordinates":[[[-117.43,47.01],[-117.1,46.78],[-116.43,46.8],[-116.15,47.83],[-117.36,47.9],[-117.43,47.01]]]},"properties":{"NAME":null,"SUBJECTO":null,"PARTOF":null}},
{"type":"Feature","geometry":{"type":"Polygon","coordinates":[[[-117.36,47.9],[-117.89,48.28],[-118.78,47.58],[-118.85,46.72],[-117.43,47.01],[-117.36,47.9]]]},"properties":{"NAME":"Spokane","SUBJECTO":"Spokane","PARTOF":"Spokane"}},
{"type":"Feature","geometry":{"type":"Polygon","coordinates":[[[-117.34,49.35],[-119.12,49.2],[-119.24,48.71],[-117.99,48.37],[-117.29,48.9],[-117.34,49.35]]]},"properties":{"NAME":null,"SUBJECTO":null,"PARTOF":null}},
{"type":"Feature","geometry":{"type":"Polygon","coordinates":[[[-115.63,48.3],[-115.19,48.94],[-113.68,48.5],[-114.03,49.62],[-117.34,49.35],[-117.29,48.9],[-115.63,48.3]]]},"properties":{"NAME":null,"SUBJECTO":null,"PARTOF":null}},
{"type":"Feature","geometry":{"type":"Polygon","coordinates":[[[-117.99,48.37],[-119.24,48.71],[-119.47,47.8],[-118.78,47.58],[-117.89,48.28],[-117.99,48.37]]]},"properties":{"NAME":null,"SUBJECTO":null,"PARTOF":null}},
{"type":"Feature","geometry":{"type":"Polygon","coordinates":[[[-120.39,39.66],[-121.04,39.59],[-120.95,38.89],[-120.11,38.87],[-120.39,39.66]]]},"properties":{"NAME":null,"SUBJECTO":null,"PARTOF":null}},
{"type":"Feature","geometry":{"type":"Polygon","coordinates":[[[-118.34,37.24],[-119.37,37.97],[-119.61,37.64],[-119.57,37.65],[-118.64,36.81],[-118.34,37.24]]]},"properties":{"NAME":null,"SUBJECTO":null,"PARTOF":null}},
{"type":"Feature","geometry":{"type":"Polygon","coordinates":[[[-118.64,36.81],[-118.61,35.63],[-117.91,35.78],[-118.01,36.62],[-118.34,37.24],[-118.64,36.81]]]},"properties":{"NAME":null,"SUBJECTO":null,"PARTOF":null}},
{"type":"Feature","geometry":{"type":"Polygon","coordinates":[[[-119.47,44.77],[-122.01,44.34],[-122,43.51],[-121.89,43.31],[-121.29,43.17],[-120.39,42.09],[-120.5,41.81],[-120.43,40.97],[-120.5,40.67],[-120.19,40.1],[-119.36,38.86],[-119.48,38.32],[-119.37,37.97],[-118.34,37.24],[-118.01,36.62],[-117.74,38.69],[-116.88,41.98],[-116.16,43.02],[-116.12,44.71],[-117.39,44.79],[-119,44.93],[-119.47,44.77]]]},"properties":{"NAME":"Northern Paiute","SUBJECTO":"Northern Paiute","PARTOF":"Northern Paiute"}},
{"type":"Feature","geometry":{"type":"Polygon","coordinates":[[[-115.96,36.47],[-116.88,36.75],[-116.7,35.99],[-116.58,35.75],[-116.21,34.71],[-115.49,34.59],[-115.24,34.01],[-114.93,33.89],[-114.66,34.35],[-114.93,35.56],[-115.96,36.47]]]},"properties":{"NAME":null,"SUBJECTO":null,"PARTOF":null}},
{"type":"Feature","geometry":{"type":"Polygon","coordinates":[[[-111.2,35.47],[-111.18,35.48],[-110.46,36.24],[-110.34,37.17],[-111.12,37.86],[-111.75,37.87],[-112.46,38.68],[-113.52,38.89],[-115.39,38.27],[-115.66,36.73],[-115.96,36.47],[-114.93,35.56],[-114.73,35.74],[-114.77,36.19],[-113.37,35.89],[-112.58,36.38],[-111.2,35.47]]]},"properties":{"NAME":"Southern Paiute","SUBJECTO":"Southern Paiute","PARTOF":"Southern Paiute"}},
{"type":"Feature","geometry":{"type":"Polygon","coordinates":[[[-111.19,35.45],[-111.18,35.48],[-111.2,35.47],[-111.19,35.45]]]},"properties":{"NAME":null,"SUBJECTO":null,"PARTOF":null}},
{"type":"Feature","geometry":{"type":"Polygon","coordinates":[[[-124.26,44.36],[-124.14,43.65],[-123.32,43.35],[-123.14,43.51],[-123.43,44.27],[-124.26,44.36]]]},"properties":{"NAME":null,"SUBJECTO":null,"PARTOF":null}},
{"type":"Feature","geometry":{"type":"Polygon","coordinates":[[[-124.15,44.75],[-124.26,44.36],[-123.43,44.27],[-123.55,44.73],[-124.15,44.75]]]},"properties":{"NAME":null,"SUBJECTO":null,"PARTOF":null}},
{"type":"Feature","geometry":{"type":"Polygon","coordinates":[[[-124.06,45.13],[-124.15,44.75],[-123.55,44.73],[-123.49,45.02],[-124.06,45.13]]]},"properties":{"NAME":null,"SUBJECTO":null,"PARTOF":null}},
{"type":"Feature","geometry":{"type":"Polygon","coordinates":[[[-124.04,45.89],[-124.06,45.13],[-123.49,45.02],[-123.35,45.54],[-123.65,45.86],[-124.04,45.89]]]},"properties":{"NAME":null,"SUBJECTO":null,"PARTOF":null}},
{"type":"Feature","geometry":{"type":"Polygon","coordinates":[[[-122.81,45.77],[-122.38,45.58],[-121.99,46.36],[-122.14,46.59],[-122.59,47.23],[-123.17,46.83],[-123.71,46.63],[-122.81,45.77]]]},"properties":{"NAME":null,"SUBJECTO":null,"PARTOF":null}},
{"type":"Feature","geometry":{"type":"Polygon","coordinates":[[[-123.65,45.86],[-123.35,45.54],[-123,45.63],[-122.97,45.65],[-123.65,45.86]]]},"properties":{"NAME":null,"SUBJECTO":null,"PARTOF":null}},
{"type":"Feature","geometry":{"type":"Polygon","coordinates":[[[-122.81,45.77],[-123.71,46.63],[-124.18,46.81],[-124.04,45.89],[-123.65,45.86],[-122.97,45.65],[-122.81,45.77]]]},"properties":{"NAME":null,"SUBJECTO":null,"PARTOF":null}},
{"type":"Feature","geometry":{"type":"Polygon","coordinates":[[[-123.95,43.05],[-123.32,43.35],[-124.14,43.65],[-124.57,43.16],[-123.95,43.05]]]},"properties":{"NAME":null,"SUBJECTO":null,"PARTOF":null}},
{"type":"Feature","geometry":{"type":"Polygon","coordinates":[[[-123.01,42.08],[-123.18,42.22],[-123.55,41.94],[-123.64,41.8],[-123.52,41.36],[-123.28,41.19],[-123.11,41.24],[-123.01,42.08]]]},"properties":{"NAME":null,"SUBJECTO":null,"PARTOF":null}},
{"type":"Feature","geometry":{"type":"Polygon","coordinates":[[[-122.19,42],[-122.17,42.02],[-122.36,42.64],[-122.71,42.89],[-123.22,42.68],[-123.18,42.22],[-123.01,42.08],[-122.19,42]]]},"properties":{"NAME":null,"SUBJECTO":null,"PARTOF":null}},
{"type":"Feature","geometry":{"type":"Polygon","coordinates":[[[-122.79,39.57],[-122.82,39.53],[-122.78,39.53],[-122.79,39.57]]]},"properties":{"NAME":null,"SUBJECTO":null,"PARTOF":null}},
{"type":"Feature","geometry":{"type":"Polygon","coordinates":[[[-122.71,42.89],[-122.84,43.5],[-123.14,43.51],[-123.32,43.35],[-123.95,43.05],[-123.88,42.69],[-123.22,42.68],[-122.71,42.89]]]},"properties":{"NAME":null,"SUBJECTO":null,"PARTOF":null}},
{"type":"Feature","geometry":{"type":"Polygon","coordinates":[[[-122.36,42.64],[-121.89,43.31],[-122,43.51],[-122.84,43.5],[-122.71,42.89],[-122.36,42.64]]]},"properties":{"NAME":null,"SUBJECTO":null,"PARTOF":null}},
{"type":"Feature","geometry":{"type":"Polygon","coordinates":[[[-121.89,43.31],[-122.36,42.64],[-122.17,42.02],[-121.38,42.33],[-120.39,42.09],[-121.29,43.17],[-121.89,43.31]]]},"properties":{"NAME":null,"SUBJECTO":null,"PARTOF":null}},
{"type":"Feature","geometry":{"type":"Polygon","coordinates":[[[-123,40.47],[-123.17,40.45],[-124.02,39.96],[-123.93,39.82],[-122.82,39.53],[-122.79,39.57],[-123,40.47]]]},"properties":{"NAME":null,"SUBJECTO":null,"PARTOF":null}},
{"type":"Feature","geometry":{"type":"Polygon","coordinates":[[[-123.28,41.19],[-123.52,41.36],[-123.91,41.02],[-124.35,40.81],[-124.02,39.96],[-123.17,40.45],[-123.31,40.77],[-123.28,41.19]]]},"properties":{"NAME":null,"SUBJECTO":null,"PARTOF":null}},
{"type":"Feature","geometry":{"type":"Polygon","coordinates":[[[-122.97,41.12],[-123.31,40.77],[-123.17,40.45],[-123,40.47],[-122.28,40.57],[-122.05,40.92],[-122.1,41.08],[-122.97,41.12]]]},"properties":{"NAME":null,"SUBJECTO":null,"PARTOF":null}},
{"type":"Feature","geometry":{"type":"Polygon","coordinates":[[[-120.43,40.97],[-120.5,41.81],[-121.3,41.58],[-121.24,41.08],[-120.43,40.97]]]},"properties":{"NAME":null,"SUBJECTO":null,"PARTOF":null}},
{"type":"Feature","geometry":{"type":"Polygon","coordinates":[[[-112.82,35.16],[-111.88,35.11],[-111.2,35.47],[-112.58,36.38],[-113.37,35.89],[-112.82,35.16]]]},"properties":{"NAME":"Havasupai","SUBJECTO":"Havasupai","PARTOF":"Havasupai"}},
{"type":"Feature","geometry":{"type":"Polygon","coordinates":[[[-114.73,35.74],[-114.93,35.56],[-114.66,34.35],[-113.94,34.35],[-114.14,34.83],[-114.73,35.74]]]},"properties":{"NAME":null,"SUBJECTO":null,"PARTOF":null}},
{"type":"Feature","geometry":{"type":"Polygon","coordinates":[[[-114.1,28.07],[-115.05,27.85],[-114.48,27.24],[-113.29,26.81],[-112.41,26.19],[-112.17,25.01],[-110.22,23.4],[-109.52,23.19],[-110.8,24.88],[-111.59,26.76],[-111.91,26.66],[-112.76,27.88],[-114.1,28.07]]]},"properties":{"NAME":"Cochimí","SUBJECTO":"Cochimí","PARTOF":"Cochimí"}},
{"type":"Feature","geometry":{"type":"Polygon","coordinates":[[[-111.23,33.55],[-111.77,33.49],[-112.14,32.83],[-111.63,31.63],[-112.05,30.23],[-110.37,30.61],[-110.44,32.13],[-111.23,33.55]]]},"properties":{"NAME":"Pima","SUBJECTO":"Pima","PARTOF":"Pima"}},
{"type":"Feature","geometry":{"type":"Polygon","coordinates":[[[-110.43,33.88],[-110.71,33.96],[-111.29,33.91],[-111.23,33.55],[-110.44,32.13],[-109.96,32.39],[-110.43,33.88]]]},"properties":{"NAME":null,"SUBJECTO":null,"PARTOF":null}},
{"type":"Feature","geometry":{"type":"Polygon","coordinates":[[[-110.37,30.61],[-108.69,31],[-108.2,31.71],[-106.45,31.76],[-107.28,32.66],[-107.32,33.16],[-107.37,33.51],[-107.08,34.45],[-108.37,34.48],[-109.29,34.64],[-109.35,34.72],[-109.35,34.68],[-109.28,33.85],[-109.29,33.14],[-109.96,32.39],[-110.44,32.13],[-110.37,30.61]]]},"properties":{"NAME":"Chiricahua","SUBJECTO":"Chiricahua","PARTOF":"Chiricahua"}},
{"type":"Feature","geometry":{"type":"Polygon","coordinates":[[[-110.97,34.97],[-111.19,35.45],[-111.2,35.47],[-111.88,35.11],[-111.54,34.4],[-110.97,34.97]]]},"properties":{"NAME":null,"SUBJECTO":null,"PARTOF":null}},
{"type":"Feature","geometry":{"type":"Polygon","coordinates":[[[-110.79,34.71],[-110.97,34.97],[-111.54,34.4],[-111.29,33.91],[-110.71,33.96],[-110.79,34.71]]]},"properties":{"NAME":null,"SUBJECTO":null,"PARTOF":null}},
{"type":"Feature","geometry":{"type":"Polygon","coordinates":[[[-109.96,32.39],[-109.29,33.14],[-109.28,33.85],[-109.35,34.68],[-109.28,33.85],[-110.06,34.47],[-110.43,33.88],[-109.96,32.39]]]},"properties":{"NAME":null,"SUBJECTO":null,"PARTOF":null}},
{"type":"Feature","geometry":{"type":"Polygon","coordinates":[[[-110.71,33.96],[-110.43,33.88],[-110.06,34.47],[-110.79,34.71],[-110.71,33.96]]]},"properties":{"NAME":null,"SUBJECTO":null,"PARTOF":null}},
{"type":"Feature","geometry":{"type":"Polygon","coordinates":[[[-79.14,38.6],[-79.92,40.42],[-80.75,40.68],[-82.96,40.59],[-85.17,40.64],[-86.32,40.03],[-87.65,38.88],[-87.74,40.34],[-87.78,38.36],[-86.08,39.2],[-84.69,39.25],[-83.1,38.96],[-82.06,38.33],[-81.88,37.36],[-80.22,37.64],[-79.14,38.6]]]},"properties":{"NAME":null,"SUBJECTO":null,"PARTOF":null}},
{"type":"Feature","geometry":{"type":"Polygon","coordinates":[[[-76.97,36.08],[-76.98,35.56],[-76.14,35.38],[-75.73,35.88],[-76.73,36.16],[-76.97,36.08]]]},"properties":{"NAME":null,"SUBJECTO":null,"PARTOF":null}},
{"type":"Feature","geometry":{"type":"Polygon","coordinates":[[[-77.13,35.32],[-77.06,35.21],[-77,35.52],[-77.13,35.32]]]},"properties":{"NAME":null,"SUBJECTO":null,"PARTOF":null}},
{"type":"Feature","geometry":{"type":"Polygon","coordinates":[[[-77.2,34.68],[-76.31,34.98],[-77.06,35.21],[-77.13,35.32],[-77.47,35.2],[-77.2,34.68]]]},"properties":{"NAME":"Catawba","SUBJECTO":"Catawba","PARTOF":"Catawba"}},
{"type":"Feature","geometry":{"type":"Polygon","coordinates":[[[-76.31,37.05],[-76.28,37.06],[-76.29,37.2],[-76.31,37.05]]]},"properties":{"NAME":null,"SUBJECTO":null,"PARTOF":null}},
{"type":"Feature","geometry":{"type":"Polygon","coordinates":[[[-77.52,37.18],[-77.73,38.7],[-78.41,39.02],[-79.14,38.6],[-80.22,37.64],[-80.58,36.87],[-78.06,36.5],[-78.05,36.93],[-77.52,37.18]]]},"properties":{"NAME":"Tutelo","SUBJECTO":"Tutelo","PARTOF":"Tutelo"}},
{"type":"Feature","geometry":{"type":"Polygon","coordinates":[[[-81.06,32.43],[-80.88,32.06],[-79.43,33.04],[-79.88,33.23],[-80.22,33],[-80.66,32.76],[-81.06,32.43]]]},"properties":{"NAME":"Cusabo","SUBJECTO":"Cusabo","PARTOF":"Cusabo"}},
{"type":"Feature","geometry":{"type":"Polygon","coordinates":[[[-116.35,33.29],[-116.44,33.27],[-117.38,33.11],[-116.62,31.88],[-116.26,32.43],[-116.35,33.29]]]},"properties":{"NAME":null,"SUBJECTO":null,"PARTOF":null}},
{"type":"Feature","geometry":{"type":"Polygon","coordinates":[[[-112.77,33.14],[-113.83,32.95],[-113.73,32.57],[-112.71,32.71],[-112.77,33.14]]]},"properties":{"NAME":null,"SUBJECTO":null,"PARTOF":null}},
{"type":"Feature","geometry":{"type":"Polygon","coordinates":[[[-112.71,32.71],[-112.14,32.83],[-111.77,33.49],[-112.77,33.14],[-112.71,32.71]]]},"properties":{"NAME":null,"SUBJECTO":null,"PARTOF":null}},
{"type":"Feature","geometry":{"type":"Polygon","coordinates":[[[-116.26,32.43],[-116.62,31.88],[-116.7,31.59],[-115.6,29.69],[-114.07,28.42],[-114.1,28.07],[-112.76,27.88],[-113.59,29.1],[-114.68,30.14],[-114.9,31.61],[-115.4,31.91],[-116.26,32.43]]]},"properties":{"NAME":"Guachimis","SUBJECTO":"Guachimis","PARTOF":"Guachimis"}},
{"type":"Feature","geometry":{"type":"Polygon","coordinates":[[[-115.12,33.5],[-116.35,33.29],[-116.26,32.43],[-115.4,31.91],[-114.87,33.1],[-115.12,33.5]]]},"properties":{"NAME":"Kamia","SUBJECTO":"Kamia","PARTOF":"Kamia"}},
{"type":"Feature","geometry":{"type":"Polygon","coordinates":[[[-115.4,31.91],[-114.9,31.61],[-114.72,31.76],[-113.73,32.57],[-113.83,32.95],[-114.33,33.19],[-115.06,33.51],[-115.12,33.5],[-114.87,33.1],[-115.4,31.91]]]},"properties":{"NAME":"Yuma","SUBJECTO":"Yuma","PARTOF":"Yuma"}},
{"type":"Feature","geometry":{"type":"Polygon","coordinates":[[[-119.74,35.57],[-120.9,36.58],[-121.34,36.46],[-121.65,36.1],[-120.95,35.49],[-119.74,35.57]]]},"properties":{"NAME":"Saunan","SUBJECTO":"Saunan","PARTOF":"Saunan"}},
{"type":"Feature","geometry":{"type":"Polygon","coordinates":[[[-121.34,36.46],[-120.9,36.58],[-121.15,37.36],[-121.82,37.88],[-121.94,38.18],[-122.31,38.22],[-122.49,38.16],[-121.98,36.53],[-121.34,36.46]]]},"properties":{"NAME":"Costanoan","SUBJECTO":"Costanoan","PARTOF":"Costanoan"}},
{"type":"Feature","geometry":{"type":"Polygon","coordinates":[[[-122.72,38.99],[-122.72,38.69],[-122.35,38.52],[-122.72,38.99]]]},"properties":{"NAME":null,"SUBJECTO":null,"PARTOF":null}},
{"type":"Feature","geometry":{"type":"Polygon","coordinates":[[[-122.78,39.53],[-122.72,38.99],[-122.35,38.52],[-122.31,38.22],[-121.94,38.18],[-120.95,38.89],[-121.04,39.59],[-121.73,39.03],[-121.99,39.6],[-122.79,39.57],[-122.78,39.53]]]},"properties":{"NAME":"Patwin","SUBJECTO":"Patwin","PARTOF":"Patwin"}},
{"type":"Feature","geometry":{"type":"Polygon","coordinates":[[[-122.28,40.57],[-123,40.47],[-122.79,39.57],[-121.99,39.6],[-121.98,40.06],[-122.28,40.57]]]},"properties":{"NAME":null,"SUBJECTO":null,"PARTOF":null}},
{"type":"Feature","geometry":{"type":"Polygon","coordinates":[[[-121.41,40.58],[-121.18,40.61],[-121.24,41.08],[-121.7,40.97],[-121.41,40.58]]]},"properties":{"NAME":null,"SUBJECTO":null,"PARTOF":null}},
{"type":"Feature","geometry":{"type":"Polygon","coordinates":[[[-121.7,40.97],[-122.05,40.92],[-122.28,40.57],[-121.98,40.06],[-121.41,40.58],[-121.7,40.97]]]},"properties":{"NAME":null,"SUBJECTO":null,"PARTOF":null}},
{"type":"Feature","geometry":{"type":"Polygon","coordinates":[[[-122.05,40.92],[-121.7,40.97],[-121.24,41.08],[-121.3,41.58],[-121.97,41.4],[-122.1,41.08],[-122.05,40.92]]]},"properties":{"NAME":null,"SUBJECTO":null,"PARTOF":null}},
{"type":"Feature","geometry":{"type":"Polygon","coordinates":[[[-122.1,41.08],[-121.97,41.4],[-122.19,42],[-123.01,42.08],[-123.11,41.24],[-122.97,41.12],[-122.1,41.08]]]},"properties":{"NAME":null,"SUBJECTO":null,"PARTOF":null}},
{"type":"Feature","geometry":{"type":"Polygon","coordinates":[[[-123.31,40.77],[-122.97,41.12],[-123.11,41.24],[-123.28,41.19],[-123.31,40.77]]]},"properties":{"NAME":null,"SUBJECTO":null,"PARTOF":null}},
{"type":"Feature","geometry":{"type":"Polygon","coordinates":[[[-123.91,41.02],[-123.52,41.36],[-123.64,41.8],[-124.19,41.73],[-124.26,41.02],[-123.91,41.02]]]},"properties":{"NAME":null,"SUBJECTO":null,"PARTOF":null}},
{"type":"Feature","geometry":{"type":"Polygon","coordinates":[[[-77.1,36.77],[-77.12,36.68],[-76.97,36.08],[-76.73,36.16],[-76.7,36.17],[-76.4,36.42],[-77.1,36.77]]]},"properties":{"NAME":null,"SUBJECTO":null,"PARTOF":null}},
{"type":"Feature","geometry":{"type":"Polygon","coordinates":[[[-75.87,36.58],[-75.73,36.12],[-75.52,35.86],[-75.72,36.22],[-75.84,36.58],[-75.87,36.58]]]},"properties":{"NAME":null,"SUBJECTO":null,"PARTOF":null}},
{"type":"Feature","geometry":{"type":"Polygon","coordinates":[[[-76.29,37.2],[-76.22,37.94],[-77.25,38.68],[-77.73,38.7],[-77.52,37.18],[-77.13,36.92],[-76.66,37.15],[-76.31,37.05],[-76.29,37.2]]]},"properties":{"NAME":null,"SUBJECTO":null,"PARTOF":null}},
{"type":"Feature","geometry":{"type":"Polygon","coordinates":[[[-76.01,36.52],[-75.87,36.58],[-75.84,36.58],[-76.33,36.94],[-76.38,36.53],[-76.01,36.52]]]},"properties":{"NAME":null,"SUBJECTO":null,"PARTOF":null}},
{"type":"Feature","geometry":{"type":"Polygon","coordinates":[[[-76.38,36.53],[-76.4,36.42],[-76.7,36.17],[-76.01,36.52],[-76.38,36.53]]]},"properties":{"NAME":null,"SUBJECTO":null,"PARTOF":null}},
{"type":"Feature","geometry":{"type":"Polygon","coordinates":[[[-76.4,36.42],[-76.38,36.53],[-76.33,36.94],[-76.66,37.15],[-77.13,36.92],[-77.1,36.77],[-76.4,36.42]]]},"properties":{"NAME":null,"SUBJECTO":null,"PARTOF":null}},
{"type":"Feature","geometry":{"type":"Polygon","coordinates":[[[-78.05,36.93],[-78.06,36.5],[-78.24,35.55],[-77.47,35.2],[-77.13,35.32],[-77,35.52],[-76.98,35.56],[-76.97,36.08],[-77.12,36.68],[-78.05,36.93]]]},"properties":{"NAME":null,"SUBJECTO":null,"PARTOF":null}},
{"type":"Feature","geometry":{"type":"Polygon","coordinates":[[[-156.03,20.2],[-155.78,18.95],[-154.92,19.56],[-156.03,20.2]]]},"properties":{"NAME":"Polynesians","SUBJECTO":"Polynesians","PARTOF":"Polynesians"}},
{"type":"Feature","geometry":{"type":"Polygon","coordinates":[[[-153.17,59.74],[-161,63.63],[-163.31,63.04],[-164.29,63.25],[-166.19,61.75],[-165.9,61.27],[-163.52,60.71],[-165.13,60.54],[-164.03,59.8],[-162.38,60.16],[-161.94,58.72],[-159.81,58.94],[-157.15,58.69],[-154.1,59.41],[-153.17,59.74]]]},"properties":{"NAME":"Yup'ik & Cup'ik","SUBJECTO":"Yup'ik & Cup'ik","PARTOF":"Yup'ik & Cup'ik"}},
{"type":"Feature","geometry":{"type":"MultiPolygon","coordinates":[[[[-160.36,55.66],[-161.32,55.88],[-162.58,55.39],[-160.36,55.66]]],[[[-164.56,54.83],[-164.56,54.33],[-163.21,54.74],[-164.56,54.83]]],[[[-151.78,59.96],[-151.39,59.21],[-149.33,60.03],[-148.49,59.9],[-148.76,60.68],[-151.78,59.96]]],[[[-154.34,57.49],[-153.88,56.94],[-152.38,57.52],[-153.4,57.8],[-154.34,57.49]]],[[[-157.15,58.69],[-157.67,57.6],[-160.46,56.2],[-160.17,55.81],[-156.5,57.1],[-156.68,57.4],[-154.65,58.08],[-153.45,58.88],[-154.1,59.41],[-157.15,58.69]]]]},"properties":{"NAME":"Suspiaq","SUBJECTO":"Suspiaq","PARTOF":"Suspiaq"}},
{"type":"Feature","geometry":{"type":"Polygon","coordinates":[[[-77.9,-3.11],[-77.25,-2.76],[-77.25,-2.1],[-77.85,-1.67],[-78.56,-2.13],[-78.39,-2.91],[-77.9,-3.11]]]},"properties":{"NAME":"Shuar","SUBJECTO":"Shuar","PARTOF":"Shuar"}},
{"type":"Feature","geometry":{"type":"Polygon","coordinates":[[[19.33,57.96],[19.1,57.98],[19.14,57.91],[19.33,57.96]]]},"properties":{"NAME":null,"SUBJECTO":null,"PARTOF":null}},
{"type":"Feature","geometry":{"type":"MultiPolygon","coordinates":[[[[-160.93,63.95],[-157.18,64.01],[-138.3,69.14],[-141.16,69.6],[-143.31,70.2],[-145.27,70.12],[-149.29,70.54],[-152.14,70.53],[-152.97,70.93],[-160.24,70.86],[-162.88,70],[-164.07,69.06],[-166.3,68.88],[-166.84,68.41],[-164.51,67.8],[-163.74,67.22],[-160.03,66.57],[-162.28,66.07],[-164.46,66.6],[-168.18,65.69],[-165.66,65.25],[-166.59,64.73],[-163.03,64.44],[-161.29,64.96],[-160.93,63.95]]],[[[-171.86,63.5],[-169.9,63.08],[-169.33,63.4],[-171.86,63.5]]]]},"properties":{"NAME":"Inupiaq","SUBJECTO":"Inupiaq","PARTOF":"Inupiaq"}},
{"type":"Feature","geometry":{"type":"MultiPolygon","coordinates":[[[[-133.46,61.54],[-134.31,61.43],[-134.8,60.55],[-132.05,59.85],[-128.43,55.67],[-130.08,57.57],[-128.7,60.74],[-133.46,61.54]]],[[[-123.08,69.84],[-125.19,69.41],[-127.94,70.08],[-129.76,69.66],[-133.48,62.93],[-132.3,62.54],[-124.94,64.83],[-118.2,62.71],[-111.37,58.61],[-112.45,58.52],[-107.51,58.9],[-123.08,69.84]]],[[[-108.64,50.2],[-106.28,51.52],[-115.03,52.03],[-122.49,54.24],[-127.87,52.41],[-127.04,52.46],[-127.46,51.02],[-124.94,50.6],[-122.68,48.9],[-121.18,49.02],[-120.92,49.04],[-119.12,49.2],[-117.34,49.35],[-114.03,49.62],[-114.08,49.77],[-110.61,50.34],[-109.64,49.65],[-108.64,50.2]]]]},"properties":{"NAME":null,"SUBJECTO":null,"PARTOF":null}},
{"type":"Feature","geometry":null,"properties":{"NAME":"Athabascan","SUBJECTO":"Athabascan","PARTOF":"Athabascan"}},
{"type":"Feature","geometry":{"type":"MultiPolygon","coordinates":[[[[-132.09,53.4],[-132.08,54.02],[-133.05,54.07],[-132.09,53.4]]],[[[-136.3,58.18],[-135.82,57.45],[-135.32,58.09],[-136.3,58.18]]],[[[-128.43,55.67],[-132.05,59.85],[-134.8,60.55],[-138.61,61.53],[-145.51,62.58],[-147.07,60.91],[-144.41,60.09],[-140.13,59.77],[-137.09,58.45],[-136.15,58.9],[-133.47,57.84],[-133.4,57.22],[-131.19,56.03],[-129.97,53.91],[-128.43,55.67]]]]},"properties":{"NAME":"Eyaq","SUBJECTO":"Eyaq","PARTOF":"Eyaq"}},
{"type":"Feature","geometry":{"type":"Polygon","coordinates":[[[-103.61,21.01],[-103.75,20.61],[-102.76,20.46],[-101.94,20.9],[-101.84,21.78],[-102.37,21.58],[-103.61,21.01]]]},"properties":{"NAME":"Tecuexe","SUBJECTO":"Tecuexe","PARTOF":"Tecuexe"}},
{"type":"Feature","geometry":{"type":"Polygon","coordinates":[[[-101.94,20.9],[-102.76,20.46],[-101.47,20.06],[-101.23,20.78],[-101.94,20.9]]]},"properties":{"NAME":null,"SUBJECTO":null,"PARTOF":null}},
{"type":"Feature","geometry":{"type":"Polygon","coordinates":[[[-103.7,21.91],[-103.53,21.92],[-102.8,22.03],[-102.12,22.68],[-102.57,23.4],[-102.42,24.18],[-102.79,24.97],[-103.51,25.7],[-103.76,26.38],[-104.69,26.44],[-105.04,26],[-104.6,23.49],[-103.67,22.46],[-103.7,21.91]]]},"properties":{"NAME":"Zacatecs","SUBJECTO":"Zacatecs","PARTOF":"Zacatecs"}},
{"type":"Feature","geometry":{"type":"Polygon","coordinates":[[[-102.8,22.03],[-103.53,21.92],[-104.01,21.39],[-103.61,21.01],[-102.37,21.58],[-102.8,22.03]]]},"properties":{"NAME":"Caxcane","SUBJECTO":"Caxcane","PARTOF":"Caxcane"}},
{"type":"Feature","geometry":{"type":"Polygon","coordinates":[[[-102.79,24.97],[-102.42,24.18],[-102.57,23.4],[-102.12,22.68],[-100.48,21.6],[-100.18,21.94],[-99.44,22.81],[-99.85,23.31],[-99.95,23.59],[-100.63,24.19],[-99.66,24.46],[-99.75,24.71],[-100.23,25.35],[-101.65,25.76],[-102.57,25.55],[-102.79,24.97]]]},"properties":{"NAME":"Guachichiles","SUBJECTO":"Guachichiles","PARTOF":"Guachichiles"}},
{"type":"Feature","geometry":{"type":"Polygon","coordinates":[[[-100.33,21.09],[-100.48,21.6],[-102.12,22.68],[-102.8,22.03],[-102.37,21.58],[-101.84,21.78],[-101.94,20.9],[-101.23,20.78],[-100.4,20.52],[-100.33,21.09]]]},"properties":{"NAME":"Guamar / Pecchichitane","SUBJECTO":"Guamar / Pecchichitane","PARTOF":"Guamar / Pecchichitane"}},
{"type":"Feature","geometry":{"type":"Polygon","coordinates":[[[-105.29,23.1],[-104.8,22.06],[-103.7,21.91],[-103.67,22.46],[-104.6,23.49],[-105.21,23.57],[-105.29,23.1]]]},"properties":{"NAME":"Xecora","SUBJECTO":"Xecora","PARTOF":"Xecora"}},
{"type":"Feature","geometry":{"type":"Polygon","coordinates":[[[-97.88,22.48],[-98.66,22.92],[-98.49,22.36],[-99.08,22.39],[-99.51,21.8],[-99.76,21.15],[-100.33,21.09],[-100.4,20.52],[-101.23,20.78],[-101.47,20.06],[-102.76,20.46],[-103.75,20.61],[-105.51,20.1],[-104.95,19.44],[-103.49,18.35],[-101.99,18.03],[-101.22,17.42],[-98.86,16.6],[-97.88,16.05],[-96.33,15.75],[-95.13,16.3],[-94.08,16.11],[-91.52,14.06],[-90,13.94],[-89.99,13.68],[-87.69,13.02],[-85.62,10.83],[-85.78,10.14],[-85.09,9.58],[-83.61,9.15],[-82.96,8.05],[-82.38,8.32],[-81.12,7.94],[-80.66,7.25],[-79.98,7.49],[-80.4,8.06],[-79.07,9.03],[-78.38,8.39],[-77.9,7.17],[-77.4,6.67],[-75.25,7.89],[-73.24,10.2],[-72.54,10.2],[-72.24,8.99],[-70.68,8.56],[-69.81,8.49],[-69.23,9.79],[-64.91,9.29],[-63,9.29],[-61.41,9.7],[-62.38,10.01],[-62.7,10.76],[-64.07,10.63],[-64.88,10.14],[-66.48,10.68],[-67.98,10.54],[-68.69,11.38],[-69.75,11.53],[-71.55,10.95],[-71.04,9.39],[-71.6,9.09],[-72.11,9.9],[-71.69,10.77],[-71.99,11.61],[-71.19,11.91],[-71.44,12.42],[-73.36,11.32],[-74.22,11.37],[-75.45,10.63],[-75.7,9.43],[-76.76,8.69],[-76.86,7.93],[-78.27,9.39],[-79.5,9.64],[-80.96,8.86],[-82.23,9.05],[-83.91,11.25],[-83.66,13.71],[-83.31,14.77],[-84.65,15.93],[-86.37,15.8],[-88.94,15.9],[-88.44,16.44],[-88.3,17.64],[-90,19.38],[-91.7,18.82],[-94.24,18.24],[-96.01,18.93],[-97.5,21.19],[-97.88,22.48]]]},"properties":{"NAME":"Viceroyalty of New Spain","SUBJECTO":"Viceroyalty of New Spain","PARTOF":"Vice Royalty of New Spain"}},
{"type":"Feature","geometry":{"type":"Polygon","coordinates":[[[-99.08,22.39],[-98.49,22.36],[-98.66,22.92],[-97.88,22.48],[-97.82,24.21],[-97.26,25.81],[-97.64,26.84],[-98.53,26.5],[-99.14,24.92],[-98.97,24.3],[-98.87,23.67],[-98.91,23.22],[-99.08,22.39]]]},"properties":{"NAME":"Tamalipueca","SUBJECTO":"Tamalipueca","PARTOF":"Tamalipueca"}},
{"type":"Feature","geometry":{"type":"Polygon","coordinates":[[[-106.77,24.44],[-105.47,22.84],[-105.29,23.1],[-105.21,23.57],[-106,24.71],[-106.77,24.44]]]},"properties":{"NAME":null,"SUBJECTO":null,"PARTOF":null}},
{"type":"Feature","geometry":{"type":"Polygon","coordinates":[[[-111.24,28.09],[-109.43,28.32],[-108.76,28.15],[-107.84,26.48],[-105.23,27.2],[-104.23,28.2],[-103.43,27.7],[-102.05,28.08],[-101.23,28.3],[-100.82,29.3],[-101.27,29.67],[-102.72,29.75],[-103.74,29.23],[-104.78,30.59],[-106.45,31.76],[-108.2,31.71],[-108.69,31],[-110.37,30.61],[-112.05,30.23],[-112.72,30.07],[-111.24,28.09]]]},"properties":{"NAME":"Apache","SUBJECTO":"Apache","PARTOF":"Apache"}},
{"type":"Feature","geometry":{"type":"Polygon","coordinates":[[[-107.84,26.48],[-108.76,28.15],[-109.43,28.32],[-111.24,28.09],[-110.6,27.86],[-110.38,27.21],[-109.13,26.29],[-109.26,25.65],[-108.04,25.02],[-107.7,26.26],[-107.84,26.48]]]},"properties":{"NAME":"Cahitas","SUBJECTO":"Cahitas","PARTOF":"Cahitas"}},
{"type":"Feature","geometry":{"type":"Polygon","coordinates":[[[-105.23,27.2],[-107.84,26.48],[-107.7,26.26],[-107.31,26.11],[-106,24.71],[-105.21,23.57],[-104.6,23.49],[-105.04,26],[-104.69,26.44],[-105.23,27.2]]]},"properties":{"NAME":"Tepehuane","SUBJECTO":"Tepehuane","PARTOF":"Tepehuane"}},
{"type":"Feature","geometry":{"type":"Polygon","coordinates":[[[-106,24.71],[-107.31,26.11],[-107.7,26.26],[-108.04,25.02],[-107.34,24.22],[-106.77,24.44],[-106,24.71]]]},"properties":{"NAME":"Acaxea","SUBJECTO":"Acaxea","PARTOF":"Acaxea"}},
{"type":"Feature","geometry":{"type":"Polygon","coordinates":[[[-101.86,26.5],[-101.84,26.5],[-101.85,26.51],[-101.86,26.5]]]},"properties":{"NAME":null,"SUBJECTO":null,"PARTOF":null}},
{"type":"Feature","geometry":{"type":"Polygon","coordinates":[[[-103.14,26.66],[-103.43,27.7],[-104.23,28.2],[-105.23,27.2],[-104.69,26.44],[-103.76,26.38],[-103.14,26.66]]]},"properties":{"NAME":"Chisos","SUBJECTO":"Chisos","PARTOF":"Chisos"}},
{"type":"Feature","geometry":{"type":"Polygon","coordinates":[[[-100.18,21.94],[-100.48,21.6],[-100.33,21.09],[-99.76,21.15],[-99.51,21.8],[-100.18,21.94]]]},"properties":{"NAME":"Otomies","SUBJECTO":"Otomies","PARTOF":"Otomies"}},
{"type":"Feature","geometry":{"type":"Polygon","coordinates":[[[-103.51,25.7],[-102.79,24.97],[-102.57,25.55],[-101.65,25.76],[-101.84,26.5],[-101.86,26.5],[-102.46,25.99],[-103.51,25.7]]]},"properties":{"NAME":"Irritilas","SUBJECTO":"Irritilas","PARTOF":"Irritilas"}},
{"type":"Feature","geometry":{"type":"Polygon","coordinates":[[[-101.85,26.51],[-102.05,28.08],[-103.43,27.7],[-103.14,26.66],[-101.86,26.5],[-101.85,26.51]]]},"properties":{"NAME":"Toboso","SUBJECTO":"Toboso","PARTOF":"Toboso"}},
{"type":"Feature","geometry":{"type":"Polygon","coordinates":[[[-101.86,26.5],[-103.14,26.66],[-103.76,26.38],[-103.51,25.7],[-102.46,25.99],[-101.86,26.5]]]},"properties":{"NAME":"Lagunero","SUBJECTO":"Lagunero","PARTOF":"Lagunero"}},
{"type":"Feature","geometry":{"type":"Polygon","coordinates":[[[-99.14,24.92],[-98.53,26.5],[-97.64,26.84],[-97.55,27.92],[-98.17,28.25],[-100.33,28.72],[-100.82,29.3],[-101.23,28.3],[-102.05,28.08],[-101.85,26.51],[-101.84,26.5],[-101.65,25.76],[-100.23,25.35],[-99.75,24.71],[-99.14,24.92]]]},"properties":{"NAME":"Coahuiltec","SUBJECTO":"Coahuiltec","PARTOF":"Coahuiltec"}},
{"type":"Feature","geometry":{"type":"Polygon","coordinates":[[[-98.97,24.3],[-99.14,24.92],[-99.75,24.71],[-99.66,24.46],[-98.97,24.3]]]},"properties":{"NAME":"Tancalba","SUBJECTO":"Tancalba","PARTOF":"Tancalba"}},
{"type":"Feature","geometry":{"type":"Polygon","coordinates":[[[-99.85,23.31],[-99.44,22.81],[-100.18,21.94],[-99.51,21.8],[-99.08,22.39],[-98.91,23.22],[-99.85,23.31]]]},"properties":{"NAME":null,"SUBJECTO":null,"PARTOF":null}},
{"type":"Feature","geometry":{"type":"Polygon","coordinates":[[[-99.89,23.86],[-99.95,23.59],[-99.85,23.31],[-98.91,23.22],[-98.87,23.67],[-99.25,23.93],[-99.31,23.68],[-99.89,23.86]]]},"properties":{"NAME":"Pisones","SUBJECTO":"Pisones","PARTOF":"Pisones"}},
{"type":"Feature","geometry":{"type":"Polygon","coordinates":[[[-98.87,23.67],[-98.97,24.3],[-99.66,24.46],[-100.63,24.19],[-99.95,23.59],[-99.89,23.86],[-99.25,23.93],[-98.87,23.67]]]},"properties":{"NAME":"Janabres","SUBJECTO":"Janabres","PARTOF":"Janabres"}},
{"type":"Feature","geometry":{"type":"Polygon","coordinates":[[[-99.25,23.93],[-99.89,23.86],[-99.31,23.68],[-99.25,23.93]]]},"properties":{"NAME":"Maratines","SUBJECTO":"Maratines","PARTOF":"Maratines"}},
{"type":"Feature","geometry":{"type":"Polygon","coordinates":[[[-81.89,30.98],[-81.42,30.98],[-80.88,32.06],[-81.06,32.43],[-81.89,30.98]]]},"properties":{"NAME":null,"SUBJECTO":null,"PARTOF":null}},
{"type":"Feature","geometry":{"type":"Polygon","coordinates":[[[-81.89,30.98],[-81.06,32.43],[-79.89,33.22],[-80.3,33.42],[-80.48,33.66],[-81.06,33.95],[-82.05,34.25],[-82.49,35],[-83.7,34.05],[-85.01,33.92],[-86.12,33.55],[-86.11,32.91],[-85.67,32.76],[-85.82,31.86],[-85.42,31.49],[-85.26,30.63],[-85.08,30.31],[-85.06,30.34],[-84.34,32.75],[-83.76,33.27],[-82.55,32.92],[-82.2,30.99],[-81.89,30.98]]]},"properties":{"NAME":"Muskogee","SUBJECTO":"Muskogee","PARTOF":"Muskogee"}},
{"type":"Feature","geometry":{"type":"Polygon","coordinates":[[[-120.11,38.87],[-119.48,38.32],[-119.36,38.86],[-120.19,40.1],[-120.39,39.66],[-120.11,38.87]]]},"properties":{"NAME":null,"SUBJECTO":null,"PARTOF":null}},
{"type":"Feature","geometry":{"type":"MultiPolygon","coordinates":[[[[143.06,53.06],[142.67,53.54],[141.77,53.27],[141.64,51.81],[142.15,50.89],[141.74,48.81],[142.04,47.96],[141.62,46.56],[141.9,45.91],[142.33,46.56],[143.44,46.57],[142.49,47.9],[142.85,49.13],[144.54,48.75],[142.94,51.62],[143.06,53.06]]],[[[140.01,41.38],[141.16,41.75],[140.25,42.23],[141.93,42.5],[143.21,41.93],[143.85,42.77],[145.45,43.17],[145.06,43.79],[143.51,44.16],[141.88,45.44],[141.52,45.18],[141.71,43.91],[141.3,43.19],[140.6,43.33],[139.71,42.48],[140.01,41.38]]]]},"properties":{"NAME":"Ainu","SUBJECTO":"Ainu","PARTOF":"Ainu"}},
{"type":"Feature","geometry":{"type":"MultiPolygon","coordinates":[[[[130.58,30.91],[131.32,31.51],[131.83,32.69],[131.67,33.31],[130.86,33.68],[129.34,33.15],[130.5,32.56],[130.06,31.97],[130.58,30.91]]],[[[132.57,32.64],[133.52,33.39],[134,33.15],[134.54,34.01],[132.78,33.91],[132.12,33.35],[132.57,32.64]]],[[[136.81,37.31],[136.67,36.67],[135.36,35.32],[135.16,35.65],[133.01,35.25],[132.66,35.38],[130.78,33.97],[131.99,33.8],[132.48,34.13],[134.43,34.63],[135.32,34.47],[135.06,33.69],[135.76,33.34],[136.2,34],[137.25,34.48],[138.15,34.53],[140,35.5],[139.83,34.84],[140.83,35.68],[140.56,35.97],[140.96,36.96],[140.87,37.92],[141.5,38.42],[142,39.67],[141.44,41.27],[140.77,41.26],[139.92,40.57],[140.03,39.48],[139.2,37.92],[138.32,37.21],[137.05,36.67],[136.81,37.31]]]]},"properties":{"NAME":"Japan (Warring States)","SUBJECTO":"Japan (Warring States)","PARTOF":"Japan (Warring States)"}},
{"type":"Feature","geometry":{"type":"Polygon","coordinates":[[[9.57,46.04],[8.94,45.87],[8.44,46.3],[8.44,46.46],[8.31,46.4],[8.27,46.34],[8.09,46.26],[8.15,46.15],[7.87,45.92],[8.22,44.67],[9.7,44.46],[10.28,44.4],[10.51,45.37],[9.57,46.04]]]},"properties":{"NAME":"Milan","SUBJECTO":"Milan","PARTOF":"Milan"}},
{"type":"Feature","geometry":{"type":"MultiPolygon","coordinates":[[[[6.18,46.3],[6.59,46.52],[6.92,46.4],[7.47,47.48],[7.57,47.58],[7.73,47.6],[7.73,47.52],[8.51,47.6],[8.94,47.66],[9.62,47.5],[9.52,47.07],[9.81,47.08],[10.64,47.04],[10.56,46.5],[10.52,45.74],[11.17,45.74],[12.07,46.93],[13.71,46.84],[13.37,45.69],[14.35,45.32],[14.53,45.78],[16.12,45.58],[17.52,47.64],[18.31,48.28],[18.25,49.18],[18.93,49.62],[18.65,50.64],[17.29,51.79],[15.76,52.27],[16.2,53.71],[17.66,54.69],[14.47,53.88],[12.94,54.35],[10.72,53.96],[10.14,54.34],[8.88,54.23],[8.5,53.45],[7.17,53.59],[7.16,53.16],[6.82,51.96],[5.98,51.8],[6.07,51.08],[6.01,51.05],[6.02,50.94],[6.07,50.87],[6.04,50.81],[6.16,49.93],[5.7,49.39],[6,48.9],[5.65,46.46],[5.33,46.4],[6.18,46.3]]],[[[6.87,46.4],[6.86,46.4],[6.86,46.39],[6.87,46.4]]],[[[6.86,46.29],[6.81,46.39],[6.24,46.29],[6.82,46.17],[6.86,46.29]]]]},"properties":{"NAME":"Holy Roman Empire","SUBJECTO":"Holy Roman Empire","PARTOF":"Holy Roman Empire"}},
{"type":"Feature","geometry":{"type":"Polygon","coordinates":[[[6.89,46.04],[6.8,46.14],[6.82,46.17],[6.24,46.29],[6.18,46.3],[5.33,46.4],[5.82,45.4],[6.94,44.87],[6.92,43.82],[7.4,43.76],[7.47,43.81],[8.22,44.67],[7.87,45.92],[7.82,45.93],[7.1,45.86],[7.05,45.92],[6.89,46.04]]]},"properties":{"NAME":"Savoy","SUBJECTO":"Savoy","PARTOF":"Savoy"}},
{"type":"Feature","geometry":{"type":"Polygon","coordinates":[[[7.47,47.48],[6.92,46.4],[6.87,46.4],[6.87,46.39],[6.88,46.39],[6.94,46.31],[6.96,46.28],[7.03,46.18],[8.18,46.47],[8.31,46.4],[8.44,46.46],[8.44,46.3],[8.94,45.87],[9.57,46.04],[10.56,46.5],[10.64,47.04],[9.81,47.08],[9.52,47.07],[9.62,47.5],[9.19,47.65],[9.14,47.67],[9.01,47.67],[8.98,47.67],[8.94,47.66],[8.51,47.6],[7.73,47.52],[7.73,47.6],[7.57,47.58],[7.47,47.48]]]},"properties":{"NAME":"Swiss Confederation","SUBJECTO":"Swiss Confederation","PARTOF":"Swiss Confederation"}},
{"type":"Feature","geometry":{"type":"Polygon","coordinates":[[[-72.26,41.13],[-74.01,40.58],[-72.54,40.83],[-72.26,41.13]]]},"properties":{"NAME":"Montana","SUBJECTO":"Montana","PARTOF":"Montana"}},
{"type":"Feature","geometry":{"type":"Polygon","coordinates":[[[-71.66,21.82],[-71.85,21.85],[-71.83,21.78],[-71.66,21.82]]]},"properties":{"NAME":null,"SUBJECTO":null,"PARTOF":null}},
{"type":"Feature","geometry":{"type":"Polygon","coordinates":[[[-77.74,26.91],[-77.15,26.52],[-77.19,25.89],[-77.04,26.5],[-77.74,26.91]]]},"properties":{"NAME":null,"SUBJECTO":null,"PARTOF":null}},
{"type":"Feature","geometry":{"type":"Polygon","coordinates":[[[-86.62,30.41],[-85.49,30.04],[-85.3,29.66],[-85.08,30.31],[-85.26,30.63],[-85.42,31.49],[-85.82,31.86],[-86.67,31.86],[-86.62,30.41]]]},"properties":{"NAME":"Chatot","SUBJECTO":"Chatot","PARTOF":"Chatot"}},
{"type":"Feature","geometry":{"type":"Polygon","coordinates":[[[-121,45.63],[-121.88,45.69],[-121.9,45.67],[-121.9,45.68],[-122.38,45.58],[-122.81,45.77],[-122.97,45.65],[-123,45.63],[-122.82,45.08],[-122.3,45.01],[-122.28,45.01],[-121.87,45.1],[-121.11,45.31],[-121,45.63]]]},"properties":{"NAME":null,"SUBJECTO":null,"PARTOF":null}},
{"type":"Feature","geometry":{"type":"Polygon","coordinates":[[[-121.64,48.64],[-121.19,48.59],[-121.05,48.77],[-121.18,49.02],[-121.67,48.98],[-121.64,48.64]]]},"properties":{"NAME":"Thompson","SUBJECTO":"Thompson","PARTOF":"Thompson"}},
{"type":"Feature","geometry":{"type":"Polygon","coordinates":[[[-122.26,48.93],[-122.68,48.9],[-122.5,48.61],[-122.22,48.63],[-122.26,48.93]]]},"properties":{"NAME":null,"SUBJECTO":null,"PARTOF":null}},
{"type":"Feature","geometry":{"type":"Polygon","coordinates":[[[-121.67,48.98],[-122.26,48.93],[-122.22,48.63],[-121.77,48.65],[-121.64,48.64],[-121.67,48.98]]]},"properties":{"NAME":null,"SUBJECTO":null,"PARTOF":null}},
{"type":"Feature","geometry":{"type":"Polygon","coordinates":[[[146.71,-43.72],[147.82,-42.97],[148.32,-41.81],[148.27,-41.09],[146.38,-41.31],[144.78,-40.84],[145.18,-42.48],[145.72,-43.24],[146.71,-43.72]]]},"properties":{"NAME":"Tasmanian hunter-gatherers","SUBJECTO":"Tasmanian hunter-gatherers","PARTOF":"Tasmanian hunter-gatherers"}},
{"type":"Feature","geometry":{"type":"Polygon","coordinates":[[[-128.43,55.67],[-129.97,53.91],[-128.81,53.76],[-128.43,52.94],[-128.08,52.94],[-127.87,52.41],[-122.49,54.24],[-111.98,58.29],[-112.45,58.52],[-111.37,58.61],[-118.2,62.71],[-124.94,64.83],[-132.3,62.54],[-133.48,62.93],[-129.76,69.66],[-132.71,68.87],[-133.72,68.92],[-130.05,69.97],[-131.06,70.16],[-133.65,69.51],[-136.04,69.34],[-135.5,68.72],[-138.3,69.14],[-157.18,64.01],[-160.93,63.95],[-161,63.63],[-153.17,59.74],[-152.88,60.28],[-150.31,61.31],[-149.32,60.93],[-151.16,60.66],[-151.78,59.96],[-148.76,60.68],[-147.94,61.21],[-147.07,60.91],[-145.51,62.58],[-138.61,61.53],[-134.8,60.55],[-134.31,61.43],[-133.46,61.54],[-128.7,60.74],[-130.08,57.57],[-128.43,55.67]]]},"properties":{"NAME":"Athabaskan","SUBJECTO":"Athabaskan","PARTOF":"Athabaskan"}},
{"type":"Feature","geometry":{"type":"Polygon","coordinates":[[[-122.49,54.24],[-115.03,52.03],[-106.28,51.52],[-102.59,53.56],[-111.98,58.29],[-122.49,54.24]]]},"properties":{"NAME":"Subarctic forest hunter-gatherers","SUBJECTO":"Subarctic forest hunter-gatherers","PARTOF":"Subarctic forest hunter-gatherers"}},
{"type":"Feature","geometry":{"type":"MultiPolygon","coordinates":[[[[-62.95,54.22],[-65.17,50.35],[-64.88,50.33],[-62.95,54.22]]],[[[-87.72,48.91],[-86.38,48.73],[-85.8,47.97],[-85.03,47.94],[-84.56,46.54],[-83.74,46.26],[-80.76,45.97],[-79.71,44.74],[-80.22,44.5],[-81.3,45.22],[-81.81,43.32],[-82.37,43.04],[-83.13,42.05],[-82.48,41.96],[-81.44,42.59],[-80.35,42.6],[-80.02,42.81],[-78.89,42.87],[-79.61,42.36],[-79.01,42.61],[-78.76,42.75],[-78.98,43.23],[-77.76,43.32],[-79.79,43.3],[-79.15,43.77],[-77.18,43.84],[-76.02,44.32],[-74.78,45.02],[-73,45.02],[-73.11,44.66],[-72.4,44.39],[-72.66,43.7],[-71.69,45.32],[-71.23,45.33],[-69.22,47.47],[-67.84,47.06],[-67.9,45.67],[-67.09,44.97],[-66.44,45.13],[-67.35,48.85],[-69.25,48.12],[-71.04,46.74],[-69.51,48.46],[-68.31,49.23],[-67.32,49.43],[-66.37,50.31],[-65.24,50.35],[-62.95,54.22],[-61.79,56.19],[-62.33,56.77],[-61.41,57.05],[-76.47,56.55],[-77.23,55.61],[-79.55,54.69],[-78.49,52.26],[-79.34,50.84],[-81.51,52.14],[-87.72,48.91]]]]},"properties":{"NAME":"Subarctic forest hunter-gatherers","SUBJECTO":"Subarctic forest hunter-gatherers","PARTOF":"Subarctic forest hunter-gatherers"}},
{"type":"Feature","geometry":{"type":"MultiPolygon","coordinates":[[[[-70.5,-54.92],[-65.26,-54.82],[-66.98,-54.34],[-68.71,-53.23],[-68.31,-52.94],[-69.41,-52.57],[-70.33,-53.47],[-69.44,-53.41],[-70.04,-53.99],[-69.06,-54.6],[-70.62,-54.5],[-70.5,-54.92]]],[[[-74.24,-43.37],[-73.7,-43.39],[-73.83,-42.56],[-73.46,-42.26],[-74.17,-42.35],[-74.24,-43.37]]],[[[-73.24,-52.57],[-73.08,-53.03],[-72.84,-52.65],[-73.24,-52.57]]],[[[-69.11,-51.35],[-71.17,-51.56],[-72.04,-48.77],[-72.19,-45.99],[-71.63,-43.2],[-70.58,-40.58],[-72.07,-40.55],[-72.73,-41.55],[-72.59,-41.62],[-72.61,-42],[-72.47,-42.03],[-72.53,-43.06],[-73,-43.33],[-72.76,-44.37],[-72.58,-44.44],[-73.14,-45.34],[-73.05,-45.38],[-73.97,-46.71],[-74,-46.49],[-74.43,-46.53],[-74.04,-46.09],[-74.56,-45.87],[-75.44,-46.63],[-75.02,-46.55],[-74.86,-46.82],[-73.98,-47.03],[-74.38,-47.42],[-74.3,-47.76],[-73.36,-47.97],[-74.21,-48.01],[-73.96,-49.24],[-73.93,-49.99],[-73.93,-50.51],[-73.53,-50.43],[-74.21,-51.02],[-73.68,-51.23],[-73.78,-51.61],[-73.26,-51.71],[-73.11,-52.1],[-72.45,-52.16],[-72.21,-52.57],[-71.68,-52.64],[-72.75,-53.14],[-71.15,-52.96],[-71.44,-53.88],[-70.73,-52.8],[-69.24,-52.29],[-68.46,-52.42],[-69.08,-51.5],[-69.11,-51.35]]]]},"properties":{"NAME":"Patagonian shellfish and marine mammal hunters","SUBJECTO":"Patagonian shellfish and marine mammal hunters","PARTOF":"Patagonian shellfish and marine mammal hunters"}},
{"type":"Feature","geometry":{"type":"Polygon","coordinates":[[[-69.11,-51.35],[-69.04,-50.56],[-67.83,-49.97],[-67.58,-49.06],[-65.78,-47.71],[-67.47,-46.27],[-66.97,-45.31],[-65.66,-44.94],[-65.63,-44.72],[-65.31,-43.6],[-64.7,-43.2],[-65.09,-42.78],[-64.17,-42.65],[-64,-42.85],[-63.62,-42.57],[-64.12,-42.38],[-64.99,-42.19],[-64.92,-41.73],[-65.13,-41.24],[-64.94,-40.83],[-63.84,-41.16],[-62.26,-40.8],[-62.47,-40.37],[-62.11,-39.69],[-62.35,-39.33],[-62.31,-38.88],[-61.36,-39.03],[-59.52,-38.87],[-57.81,-38.39],[-56.7,-36.94],[-57.37,-36.15],[-57.24,-35.58],[-58.52,-34.59],[-58.34,-34.22],[-56.34,-35],[-54.62,-34.92],[-54.07,-34.65],[-52.35,-32.68],[-52.14,-31.74],[-53.54,-31.45],[-54.36,-30.59],[-57.35,-29.68],[-63.56,-30.04],[-67.48,-31.66],[-67.65,-33.58],[-69.44,-37.16],[-71.52,-39.71],[-72.07,-40.55],[-70.58,-40.58],[-71.63,-43.2],[-72.19,-45.99],[-72.04,-48.77],[-71.17,-51.56],[-69.11,-51.35]]]},"properties":{"NAME":"Pampas cultures","SUBJECTO":"Pampas cultures","PARTOF":"Pampas cultures"}},
{"type":"Feature","geometry":{"type":"Polygon","coordinates":[[[-53.12,-14.28],[-46.28,-3.55],[-49.07,-4.74],[-54.16,-4.63],[-56.33,-4.33],[-58.44,-2.29],[-57.97,-0.59],[-55.8,0.88],[-55.86,1.7],[-58.56,3.98],[-62.66,4.15],[-66.41,3.04],[-70.16,-5.74],[-69.05,-8.24],[-64.19,-14.69],[-60.27,-13.81],[-53.12,-14.28]]]},"properties":{"NAME":"Amazon hunter-gatherers","SUBJECTO":"Amazon hunter-gatherers","PARTOF":"Amazon hunter-gatherers"}},
{"type":"Feature","geometry":{"type":"Polygon","coordinates":[[[-67.48,-31.66],[-68.41,-30.48],[-68.44,-30.94],[-69.37,-32.6],[-69.37,-34.44],[-70.29,-36.47],[-71.03,-37.21],[-73.28,-37.28],[-73.14,-37.16],[-72.63,-35.65],[-71.62,-33.71],[-71.41,-32.73],[-71.52,-32.18],[-71.62,-33.71],[-72.63,-35.65],[-73.14,-37.16],[-73.67,-37.5],[-73.44,-37.9],[-73.19,-39.57],[-73.76,-40.24],[-73.67,-41.48],[-73.46,-41.79],[-72.73,-41.55],[-72.07,-40.55],[-71.52,-39.71],[-69.44,-37.16],[-67.65,-33.58],[-67.48,-31.66]]]},"properties":{"NAME":"Andean hunter-gatherers","SUBJECTO":"Andean hunter-gatherers","PARTOF":"Andean hunter-gatherers"}},
{"type":"Feature","geometry":{"type":"Polygon","coordinates":[[[-64.19,-14.69],[-64.66,-16.8],[-65.72,-18.08],[-65.49,-19.14],[-67.15,-25.22],[-68.26,-28.54],[-68.41,-30.48],[-67.48,-31.66],[-63.56,-30.04],[-57.35,-29.68],[-54.36,-30.59],[-53.54,-31.45],[-52.14,-31.74],[-52.04,-31.56],[-51.45,-31.02],[-51.23,-30.27],[-50.61,-30.3],[-51.12,-31.47],[-49.94,-29.63],[-49.55,-29.16],[-48.8,-28.48],[-49.84,-26.8],[-49.49,-24.55],[-48.47,-23.75],[-53.12,-14.28],[-60.27,-13.81],[-64.19,-14.69]]]},"properties":{"NAME":"Savanna hunter-gatherers","SUBJECTO":"Savanna hunter-gatherers","PARTOF":"Savanna hunter-gatherers"}},
{"type":"Feature","geometry":{"type":"MultiPolygon","coordinates":[[[[-50.48,-1.68],[-48.89,-1.42],[-48.55,-0.63],[-49.14,-0.2],[-50.5,-0.26],[-50.48,-1.68]]],[[[-61.41,9.7],[-63,9.29],[-64.91,9.29],[-69.23,9.79],[-69.81,8.49],[-65.97,8.18],[-63.07,8.33],[-61.29,8.77],[-61.12,9.17],[-61.41,9.7]]]]},"properties":{"NAME":"Caribbean hunter-gatherers","SUBJECTO":"Caribbean hunter-gatherers","PARTOF":"Caribbean hunter-gatherers"}},
{"type":"Feature","geometry":{"type":"Polygon","coordinates":[[[6.86,46.39],[6.81,46.39],[6.86,46.29],[6.8,46.14],[6.89,46.04],[7.05,45.92],[7.1,45.86],[7.82,45.93],[7.87,45.92],[8.15,46.15],[8.09,46.26],[8.27,46.34],[8.31,46.4],[8.18,46.47],[7.03,46.18],[6.88,46.39],[6.87,46.39],[6.87,46.4],[6.86,46.39]]]},"properties":{"NAME":"Republic of the Seven Zenden","SUBJECTO":"Republic of the Seven Zenden","PARTOF":"Republic of the Seven Zenden"}},
{"type":"Feature","geometry":{"type":"Polygon","coordinates":[[[119.92,-32.18],[119.99,-32.23],[120.07,-32.34],[120.23,-32.55],[120.31,-32.65],[120.41,-32.78],[120.46,-32.88],[120.54,-32.97],[120.58,-33.05],[120.71,-33.17],[121.4,-33.12],[122.75,-33.39],[122.8,-33.16],[122.83,-33.04],[122.91,-32.76],[122.93,-32.49],[122.92,-32.37],[123,-32.1],[123.11,-31.75],[123.19,-31.46],[123.38,-30.99],[123.25,-30.95],[123.12,-30.92],[122.97,-30.88],[122.67,-30.82],[122.26,-30.7],[121.83,-30.88],[121.38,-31.02],[121.22,-31.11],[120.96,-31.25],[120.7,-31.41],[120.42,-31.64],[120.17,-31.89],[120.06,-32.01],[119.92,-32.18]]]},"properties":{"NAME":"Kalaako/Malpa","SUBJECTO":"Kalaako/Malpa","PARTOF":"Kalaako/Malpa"}},
{"type":"Feature","geometry":{"type":"Polygon","coordinates":[[[128.18,-15.25],[128.08,-15.36],[128.07,-15.42],[128.02,-15.51],[128.09,-15.55],[128.16,-15.57],[128.45,-15.58],[128.47,-15.42],[128.46,-15.32],[128.46,-15.24],[128.56,-15.16],[128.77,-15.09],[129.25,-15.36],[129.59,-15.36],[129.81,-15.32],[129.87,-15.28],[129.69,-15.09],[129.63,-15.28],[129.2,-14.99],[128.46,-14.89],[128.18,-15.25]]]},"properties":{"NAME":"Kadjerong","SUBJECTO":"Kadjerong","PARTOF":"Kadjerong"}},
{"type":"Feature","geometry":{"type":"Polygon","coordinates":[[[151.26,-34.01],[151.31,-33.77],[151.11,-33.76],[151,-33.73],[150.88,-33.94],[151.06,-33.97],[151.26,-34.01]]]},"properties":{"NAME":"Eora","SUBJECTO":"Eora","PARTOF":"Eora"}},
{"type":"Feature","geometry":{"type":"Polygon","coordinates":[[[125.65,-18.11],[125.49,-18.31],[125.5,-18.42],[125.59,-18.65],[125.92,-18.95],[126.23,-18.96],[126.42,-18.91],[126.77,-18.73],[126.77,-18.6],[126.78,-18.44],[126.73,-18.28],[126.57,-18.15],[126.31,-18.07],[125.93,-18.05],[125.74,-18.05],[125.65,-18.11]]]},"properties":{"NAME":"Gooniyandi","SUBJECTO":"Gooniyandi","PARTOF":"Gooniyandi"}},
{"type":"Feature","geometry":{"type":"Polygon","coordinates":[[[115.89,-22.57],[116,-22.78],[116.48,-23.03],[116.79,-22.97],[116.88,-22.8],[116.88,-22.68],[116.86,-22.61],[116.78,-22.48],[116.41,-22.32],[116.08,-22.37],[115.94,-22.51],[115.89,-22.57]]]},"properties":{"NAME":"Pinikura","SUBJECTO":"Pinikura","PARTOF":"Pinikura"}},
{"type":"Feature","geometry":{"type":"Polygon","coordinates":[[[128.02,-15.02],[127.97,-14.74],[127.7,-15.12],[127.63,-15.34],[127.63,-15.48],[127.71,-15.59],[127.88,-15.55],[128.07,-15.43],[128.09,-15.36],[128.07,-15.38],[127.98,-15.29],[128.02,-15.02]]]},"properties":{"NAME":"Yiiji","SUBJECTO":"Yiiji","PARTOF":"Yiiji"}},
{"type":"Feature","geometry":{"type":"Polygon","coordinates":[[[138.96,-16.99],[138.28,-16.85],[138.18,-17.08],[138.1,-17.35],[138.07,-17.48],[138.05,-17.59],[138.26,-17.72],[138.34,-17.85],[138.37,-17.99],[138.63,-17.97],[138.97,-17.94],[139.29,-17.97],[139.38,-17.78],[139.51,-17.59],[139.17,-17.36],[139.08,-17.08],[138.96,-16.99]]]},"properties":{"NAME":"Ganggalida","SUBJECTO":"Ganggalida","PARTOF":"Ganggalida"}},
{"type":"Feature","geometry":{"type":"Polygon","coordinates":[[[143.47,-13.67],[143.45,-13.34],[143.43,-13.34],[143.37,-13.34],[143.35,-13.34],[143.35,-13.43],[143.34,-13.67],[143.31,-13.85],[143.44,-13.81],[143.5,-13.78],[143.47,-13.67]]]},"properties":{"NAME":"Umpila","SUBJECTO":"Umpila","PARTOF":"Umpila"}},
{"type":"Feature","geometry":{"type":"Polygon","coordinates":[[[116.77,-20.79],[116.42,-20.84],[116.2,-20.95],[116.38,-21.25],[116.61,-21.41],[116.79,-21.43],[117.07,-21.3],[117.09,-21.13],[117.06,-20.97],[116.98,-20.88],[116.82,-20.78],[116.77,-20.79]]]},"properties":{"NAME":"Martuthunira","SUBJECTO":"Martuthunira","PARTOF":"Martuthunira"}},
{"type":"Feature","geometry":{"type":"Polygon","coordinates":[[[141.85,-12.84],[142.02,-12.91],[142.09,-12.86],[142.13,-12.84],[142.13,-12.74],[142.12,-12.66],[142.12,-12.55],[142.12,-12.52],[142.07,-12.5],[141.99,-12.5],[141.92,-12.53],[141.82,-12.6],[141.85,-12.84]]]},"properties":{"NAME":"Awngthim","SUBJECTO":"Awngthim","PARTOF":"Awngthim"}},
{"type":"Feature","geometry":{"type":"Polygon","coordinates":[[[137.3,-29.55],[136.65,-29.79],[136.97,-30.04],[137.33,-30.42],[137.6,-31],[137.58,-31.19],[137.69,-31.31],[138.08,-31.54],[138.28,-31.58],[138.47,-31.65],[138.63,-31.73],[138.6,-31.58],[138.53,-31.4],[138.48,-31.17],[138.5,-30.77],[138.96,-30.26],[139.25,-29.79],[139.42,-29.68],[139.52,-29.49],[139.13,-29.5],[138.59,-29.5],[138.21,-29.51],[137.3,-29.55]]]},"properties":{"NAME":"Kuyani","SUBJECTO":"Kuyani","PARTOF":"Kuyani"}},
{"type":"Feature","geometry":{"type":"Polygon","coordinates":[[[118.5,-23.63],[118.58,-23.5],[117.59,-22.9],[117.5,-22.81],[117.45,-22.73],[117.24,-22.72],[117.15,-22.75],[116.98,-22.8],[116.98,-22.88],[116.98,-22.93],[117.2,-23.21],[117.19,-23.35],[117.18,-23.51],[117.15,-23.62],[117.08,-23.9],[117.61,-23.96],[117.88,-24.03],[118.5,-23.63]]]},"properties":{"NAME":"Yinhawangka","SUBJECTO":"Yinhawangka","PARTOF":"Yinhawangka"}},
{"type":"Feature","geometry":{"type":"Polygon","coordinates":[[[143.78,-25.46],[143.57,-25.38],[142.71,-26.44],[142.16,-26.36],[142.02,-26.61],[141.95,-26.87],[141.9,-27.03],[141.44,-27.35],[141.56,-27.51],[141.62,-27.76],[141.9,-28.16],[142.09,-28.4],[142.31,-28.54],[142.42,-28.42],[142.51,-28.27],[143.03,-28.05],[143.55,-27.97],[143.73,-27.89],[143.66,-27.77],[143.56,-27.48],[143.54,-26.7],[143.59,-26.61],[143.6,-26.39],[143.69,-26.17],[143.78,-25.46]]]},"properties":{"NAME":"Wangkumara","SUBJECTO":"Wangkumara","PARTOF":"Wangkumara"}},
{"type":"Feature","geometry":{"type":"Polygon","coordinates":[[[144.2,-34.12],[144.11,-34.19],[143.88,-34.31],[143.8,-34.42],[143.85,-34.69],[143.93,-34.81],[144.04,-34.83],[144.14,-34.82],[144.57,-34.68],[144.71,-34.68],[144.79,-34.68],[144.76,-34.62],[144.77,-34.17],[144.82,-34.03],[144.8,-33.94],[144.54,-34.09],[144.39,-34.15],[144.2,-34.12]]]},"properties":{"NAME":"Nari Nari","SUBJECTO":"Nari Nari","PARTOF":"Nari Nari"}},
{"type":"Feature","geometry":{"type":"Polygon","coordinates":[[[134.36,-17.85],[134.56,-17.97],[135.08,-18.16],[135.69,-18.47],[136.4,-18.77],[137.26,-18.52],[137.35,-18.42],[137.18,-18.32],[136.87,-18.11],[136.64,-18.05],[136.36,-17.96],[135.8,-17.69],[135.53,-17.64],[135.19,-17.64],[134.97,-17.64],[134.62,-17.7],[134.36,-17.85]]]},"properties":{"NAME":"Wambaya","SUBJECTO":"Wambaya","PARTOF":"Wambaya"}},
{"type":"Feature","geometry":{"type":"Polygon","coordinates":[[[146.11,-29.95],[146.21,-30.11],[146.85,-30.59],[147.08,-31.23],[147.11,-31.56],[147.13,-31.73],[147.51,-31.79],[148.73,-31.84],[149.13,-31.93],[149.33,-31.51],[149.32,-31.1],[148.39,-30.1],[148.08,-29.97],[147.56,-30.02],[147.01,-29.95],[146.68,-29.93],[146.11,-29.95]]]},"properties":{"NAME":"Wailwan","SUBJECTO":"Wailwan","PARTOF":"Wailwan"}},
{"type":"Feature","geometry":{"type":"Polygon","coordinates":[[[152.94,-30.7],[152.96,-30.62],[152.87,-30.61],[152.65,-30.56],[152.37,-30.5],[152.11,-30.44],[152.05,-30.52],[152.01,-30.63],[151.85,-30.77],[151.73,-30.94],[151.62,-31.11],[152.64,-31.33],[152.8,-31.28],[152.98,-31.3],[153,-31.06],[152.94,-30.7]]]},"properties":{"NAME":"Dainggatti","SUBJECTO":"Dainggatti","PARTOF":"Dainggatti"}},
{"type":"Feature","geometry":{"type":"Polygon","coordinates":[[[138.33,-23.67],[138.58,-23.63],[138.41,-23.52],[138.26,-22.67],[138.58,-22.12],[138.38,-21.95],[138.07,-21.84],[137.94,-21.73],[137.69,-21.64],[137.3,-21.64],[136.99,-21.65],[136.97,-21.78],[136.97,-22.26],[136.9,-22.54],[136.97,-22.89],[137.19,-23.34],[137.98,-23.65],[138.33,-23.67]]]},"properties":{"NAME":"Andegerebenha","SUBJECTO":"Andegerebenha","PARTOF":"Andegerebenha"}},
{"type":"Feature","geometry":{"type":"Polygon","coordinates":[[[122.54,-16.92],[122.13,-17.35],[122.16,-17.39],[122.66,-17.4],[122.82,-17.37],[122.83,-17.32],[122.84,-17.26],[122.86,-17.19],[122.92,-17.11],[122.9,-17.04],[122.86,-17.03],[122.64,-16.99],[122.56,-16.94],[122.54,-16.92]]]},"properties":{"NAME":"Jabirrjabirr","SUBJECTO":"Jabirrjabirr","PARTOF":"Jabirrjabirr"}},
{"type":"Feature","geometry":{"type":"Polygon","coordinates":[[[118.47,-28.4],[119.2,-28.64],[119.52,-28.81],[119.69,-29.01],[120.11,-28.92],[120.88,-28.88],[121.71,-28.92],[122.37,-28.81],[122.27,-28.58],[121.96,-28.16],[121.81,-27.98],[121.76,-27.91],[121.61,-27.79],[121.49,-27.65],[121.32,-27.53],[121.18,-27.53],[120.98,-27.53],[120.87,-27.54],[120.22,-27.35],[119.32,-27.28],[118.83,-28.04],[118.65,-28.14],[118.47,-28.4]]]},"properties":{"NAME":"Kuwarra","SUBJECTO":"Kuwarra","PARTOF":"Kuwarra"}},
{"type":"Feature","geometry":{"type":"Polygon","coordinates":[[[113.67,-23.78],[114.44,-24.02],[114.63,-23.77],[114.7,-23.49],[114.71,-23.2],[114.73,-23.05],[114.77,-22.93],[114.8,-22.83],[114.76,-22.77],[113.96,-22.7],[113.82,-22.76],[113.77,-22.86],[113.74,-23.25],[113.67,-23.78]]]},"properties":{"NAME":"Payungu","SUBJECTO":"Payungu","PARTOF":"Payungu"}},
{"type":"Feature","geometry":{"type":"Polygon","coordinates":[[[137.2,-18.44],[136.52,-18.54],[136.12,-18.9],[135.68,-19.88],[135.69,-20.15],[136.09,-20.7],[136.66,-20.85],[137.24,-20.95],[138.41,-20.49],[138.93,-20.44],[138.8,-20.1],[138.54,-19.87],[137.54,-19.61],[137.7,-19.1],[137.85,-18.78],[137.91,-18.5],[137.68,-18.38],[137.24,-18.43],[137.2,-18.44]]]},"properties":{"NAME":"Wakaya","SUBJECTO":"Wakaya","PARTOF":"Wakaya"}},
{"type":"Feature","geometry":{"type":"Polygon","coordinates":[[[143.41,-33.66],[143.22,-33.74],[142.98,-33.89],[142.88,-33.95],[142.81,-34.03],[142.9,-34.15],[143.04,-34.22],[143.17,-34.35],[143.27,-34.43],[143.33,-34.49],[143.39,-34.57],[143.39,-34.62],[143.39,-34.67],[143.46,-34.73],[143.71,-34.75],[143.89,-34.83],[144.01,-34.85],[143.92,-34.71],[143.84,-34.52],[143.94,-34.33],[144.18,-34.18],[144.17,-34.05],[143.79,-33.78],[143.59,-33.67],[143.48,-33.63],[143.41,-33.66]]]},"properties":{"NAME":"Madi Madi","SUBJECTO":"Madi Madi","PARTOF":"Madi Madi"}},
{"type":"Feature","geometry":{"type":"Polygon","coordinates":[[[145.6,-28.96],[145.49,-28.84],[145.28,-29.06],[145.06,-29.31],[145,-29.69],[144.98,-30.06],[145,-30.3],[145.16,-30.35],[145.4,-30.31],[145.6,-30.16],[145.79,-29.75],[145.8,-29.54],[145.74,-29.29],[145.68,-29.07],[145.6,-28.96]]]},"properties":{"NAME":"Gunu","SUBJECTO":"Gunu","PARTOF":"Gunu"}},
{"type":"Feature","geometry":{"type":"Polygon","coordinates":[[[113.67,-23.78],[113.37,-24.26],[113.57,-24.79],[113.68,-24.83],[114.13,-24.75],[114.48,-24.79],[114.94,-24.97],[115.08,-25.05],[115.16,-25.05],[115.31,-24.81],[115.26,-24.49],[114.63,-24],[114.26,-23.93],[113.67,-23.78]]]},"properties":{"NAME":"Maya","SUBJECTO":"Maya","PARTOF":"Maya"}},
{"type":"Feature","geometry":{"type":"Polygon","coordinates":[[[153.06,-27.1],[153.07,-26.23],[152.97,-25.87],[152.69,-26.02],[152.63,-25.59],[152.72,-25.41],[152.53,-25.36],[152.4,-24.97],[152.09,-25.1],[151.8,-25.14],[151.78,-25.24],[151.85,-25.56],[151.85,-25.79],[152.03,-26.26],[152.44,-26.74],[152.7,-26.95],[152.85,-27.01],[153,-27.08],[153.06,-27.1]]]},"properties":{"NAME":"Dyungungoo (Gubbi Gubbi)","SUBJECTO":"Dyungungoo (Gubbi Gubbi)","PARTOF":"Dyungungoo (Gubbi Gubbi)"}},
{"type":"Feature","geometry":{"type":"Polygon","coordinates":[[[133.64,-13.41],[133.55,-13.3],[133.26,-13.3],[133.13,-13.29],[132.98,-13.3],[132.81,-13.23],[132.65,-13.16],[132.46,-13.14],[132.37,-13.1],[132.26,-13.08],[132.18,-13.19],[132.21,-13.24],[132.26,-13.27],[132.68,-13.38],[132.85,-13.55],[132.2,-13.68],[132.1,-13.72],[132.04,-13.8],[132.11,-14.6],[132.93,-14.74],[133.17,-14.91],[133.38,-14.68],[133.46,-14.32],[133.58,-14.11],[133.64,-13.71],[133.63,-13.56],[133.64,-13.41]]]},"properties":{"NAME":"Jawoyn","SUBJECTO":"Jawoyn","PARTOF":"Jawoyn"}},
{"type":"Feature","geometry":{"type":"Polygon","coordinates":[[[138.36,-17.95],[138.26,-18.31],[138.11,-18.52],[138.01,-18.72],[138.6,-18.93],[138.9,-19.08],[139.13,-19.21],[139.38,-19.05],[139.42,-18.06],[139.34,-17.87],[138.79,-17.96],[138.42,-17.88],[138.36,-17.95]]]},"properties":{"NAME":"Nguburinji","SUBJECTO":"Nguburinji","PARTOF":"Nguburinji"}},
{"type":"Feature","geometry":{"type":"Polygon","coordinates":[[[132.17,-19.37],[132.73,-20.42],[132.86,-20.61],[132.99,-20.77],[133.1,-20.95],[134.03,-20.85],[135.07,-20.12],[135.44,-20.06],[135.75,-20.01],[136.41,-18.82],[136.16,-18.62],[135.26,-18.03],[134.78,-17.97],[134.23,-17.94],[133.49,-18.03],[133.37,-18.45],[133.75,-18.85],[133.48,-19.12],[132.98,-19.27],[132.47,-19.31],[132.17,-19.37]]]},"properties":{"NAME":"Warumungu","SUBJECTO":"Warumungu","PARTOF":"Warumungu"}},
{"type":"Feature","geometry":{"type":"Polygon","coordinates":[[[131.05,-23.7],[130.94,-24.24],[130.83,-24.44],[130.59,-24.65],[130.53,-24.78],[130.7,-24.84],[130.85,-24.88],[131.06,-25.21],[131.05,-25.4],[131.03,-25.51],[131.21,-25.6],[131.5,-25.7],[131.93,-25.88],[132.63,-26.19],[132.92,-26.47],[133.12,-26.44],[133.32,-26.31],[133.81,-26.12],[134.01,-25.99],[133.12,-24.58],[132.39,-23.98],[132.12,-23.41],[132.34,-23.09],[132.29,-22.98],[131.66,-22.98],[131.29,-22.95],[131.07,-23],[131.05,-23.7]]]},"properties":{"NAME":"Luritja","SUBJECTO":"Luritja","PARTOF":"Luritja"}},
{"type":"Feature","geometry":{"type":"Polygon","coordinates":[[[143.24,-36.91],[143.23,-36.92],[143.22,-36.94],[143.3,-36.95],[143.22,-37.04],[143.25,-37.06],[143.28,-37.07],[143.29,-37.09],[143.32,-37.08],[143.35,-37.13],[143.3,-37.17],[143.31,-37.19],[143.31,-37.21],[143.3,-37.24],[143.31,-37.24],[143.32,-37.25],[143.31,-37.3],[143.96,-37.48],[144.2,-37.45],[144.3,-37.41],[144.36,-37.41],[144.41,-37.43],[144.55,-37.34],[144.42,-37.21],[144.47,-37.16],[144.47,-37.14],[144.49,-37.12],[144.51,-37.09],[144.55,-37.05],[144.53,-36.64],[144.61,-36.54],[144.64,-36.46],[144.72,-36.36],[144.57,-36.2],[144.19,-36.19],[144.13,-36.14],[144.07,-36.13],[144.01,-36.13],[144,-36.11],[143.93,-36.11],[143.9,-36.11],[143.85,-36.11],[143.75,-36.1],[143.37,-36.16],[143.16,-36.21],[142.96,-36.26],[142.96,-36.32],[142.97,-36.33],[142.98,-36.33],[142.99,-36.36],[142.98,-36.37],[142.91,-36.48],[142.85,-36.58],[143.24,-36.91]]]},"properties":{"NAME":"Dja Dja Wurrung","SUBJECTO":"Dja Dja Wurrung","PARTOF":"Dja Dja Wurrung"}},
{"type":"Feature","geometry":{"type":"Polygon","coordinates":[[[135.86,-19.95],[135.35,-19.95],[134.85,-20.06],[134.06,-20.61],[133.57,-20.78],[132.82,-20.78],[132.96,-21.04],[132.98,-21.51],[132.91,-21.9],[133.02,-22.13],[133.68,-22.21],[134.1,-22.39],[134.54,-22.57],[135.02,-21.88],[136.25,-20.78],[136.03,-20.57],[135.86,-19.95]]]},"properties":{"NAME":"Kaytej","SUBJECTO":"Kaytej","PARTOF":"Kaytej"}},
{"type":"Feature","geometry":{"type":"Polygon","coordinates":[[[117.74,-35.22],[118.67,-34.61],[119.01,-34.61],[119.03,-34.49],[118.65,-34.25],[116.52,-34.33],[116.57,-34.83],[116.41,-35.08],[117.74,-35.22]]]},"properties":{"NAME":"Minang","SUBJECTO":"Minang","PARTOF":"Minang"}},
{"type":"Feature","geometry":{"type":"Polygon","coordinates":[[[113.9,-25.59],[114.1,-26.54],[113.06,-26.12],[113.6,-26.76],[113.8,-26.82],[114.11,-26.62],[114.31,-26.56],[114.57,-26.49],[114.81,-26.43],[114.81,-25.78],[114.65,-25.72],[114.16,-25.74],[113.98,-25.65],[113.9,-25.59]]]},"properties":{"NAME":"Malkana","SUBJECTO":"Malkana","PARTOF":"Malkana"}},
{"type":"Feature","geometry":{"type":"Polygon","coordinates":[[[141.71,-15.23],[141.64,-15.34],[141.65,-15.34],[141.75,-15.35],[141.78,-15.29],[141.78,-15.23],[141.73,-15.21],[141.71,-15.21],[141.71,-15.23]]]},"properties":{"NAME":"Yir Yoront","SUBJECTO":"Yir Yoront","PARTOF":"Yir Yoront"}},
{"type":"Feature","geometry":{"type":"Polygon","coordinates":[[[122.23,-18.14],[122.22,-18.18],[122.23,-18.21],[122.29,-18.25],[122.44,-18.29],[122.77,-18.44],[122.87,-18.46],[122.96,-18.46],[122.99,-18.4],[123.04,-18.34],[123.08,-18.25],[123.09,-18.18],[123.09,-18.08],[123.05,-17.99],[122.9,-17.78],[122.86,-17.66],[122.8,-17.67],[122.75,-17.68],[122.72,-17.72],[122.67,-17.86],[122.63,-17.92],[122.46,-18],[122.37,-18.04],[122.31,-18.07],[122.23,-18.14]]]},"properties":{"NAME":"Yawuru","SUBJECTO":"Yawuru","PARTOF":"Yawuru"}},
{"type":"Feature","geometry":{"type":"Polygon","coordinates":[[[138.13,-26],[137.98,-26.03],[138.02,-26.34],[138.08,-26.48],[138.32,-26.43],[138.89,-26.42],[138.95,-26.34],[138.93,-26.1],[138.93,-25.99],[138.91,-25.9],[138.63,-25.92],[138.4,-25.93],[138.19,-25.95],[138.13,-26]]]},"properties":{"NAME":"Karangura","SUBJECTO":"Karangura","PARTOF":"Karangura"}},
{"type":"Feature","geometry":{"type":"Polygon","coordinates":[[[117.56,-33.77],[117.41,-33.62],[117.26,-33.5],[116.99,-33.38],[116.76,-33.3],[116.58,-33.18],[116.41,-33.1],[116.14,-33.03],[115.98,-32.98],[115.83,-32.98],[115.72,-33.02],[115.65,-33.35],[115.84,-33.66],[116,-33.72],[116.21,-33.95],[116.43,-34.31],[117.56,-34.21],[117.56,-33.77]]]},"properties":{"NAME":"Kaniyang","SUBJECTO":"Kaniyang","PARTOF":"Kaniyang"}},
{"type":"Feature","geometry":{"type":"Polygon","coordinates":[[[139.16,-34.73],[139.14,-35],[139.06,-35.14],[139.31,-35.17],[139.54,-35.22],[139.82,-34.67],[141.11,-34.6],[141.25,-34.64],[141.33,-34.78],[141.45,-34.83],[141.64,-34.71],[141.81,-34.45],[142.03,-34.03],[142.09,-33.91],[142.01,-33.85],[141.51,-33.69],[141.02,-33.46],[140.8,-33.39],[140.32,-33.29],[139.52,-33.47],[139.21,-33.63],[139.08,-33.67],[139.1,-34.34],[139.16,-34.73]]]},"properties":{"NAME":"Meru","SUBJECTO":"Meru","PARTOF":"Meru"}},
{"type":"Feature","geometry":{"type":"Polygon","coordinates":[[[146.4,-20.34],[146.09,-20.31],[145.69,-20.43],[145.52,-20.51],[145.43,-20.66],[145.42,-21.55],[145.51,-21.7],[145.95,-21.64],[146.35,-21.59],[146.61,-21.6],[146.59,-21.52],[146.57,-21.36],[146.54,-20.93],[146.57,-20.69],[146.85,-20.64],[146.96,-20.5],[146.4,-20.34]]]},"properties":{"NAME":"Yilba","SUBJECTO":"Yilba","PARTOF":"Yilba"}},
{"type":"Feature","geometry":{"type":"Polygon","coordinates":[[[129.51,-15.98],[129.35,-16.18],[129.26,-16.33],[129.24,-16.55],[129.19,-16.7],[129.24,-16.84],[130.22,-17.17],[130.33,-17.09],[130.68,-16.69],[130.96,-16.44],[130.97,-16.36],[130.9,-16.26],[130.87,-16.1],[130.71,-16.05],[130.48,-15.96],[130.45,-15.81],[130.45,-15.66],[130.42,-15.53],[130.36,-15.45],[130.29,-15.4],[130.03,-15.57],[129.79,-15.74],[129.51,-15.98]]]},"properties":{"NAME":"Ngarinman","SUBJECTO":"Ngarinman","PARTOF":"Ngarinman"}},
{"type":"Feature","geometry":{"type":"Polygon","coordinates":[[[140.51,-25.93],[140.43,-26.08],[140.34,-26.26],[140.22,-26.46],[140.09,-26.81],[139.99,-27.16],[139.94,-27.4],[139.96,-27.54],[140.17,-27.59],[140.26,-27.6],[140.69,-27.74],[141.36,-27.52],[141.49,-27.43],[141.67,-27.35],[141.84,-27.22],[141.92,-27.04],[141.95,-26.91],[141.86,-26.77],[141.42,-26.41],[141.19,-26.26],[141.02,-26.14],[140.78,-26],[140.59,-25.94],[140.51,-25.93]]]},"properties":{"NAME":"Yawarawarka","SUBJECTO":"Yawarawarka","PARTOF":"Yawarawarka"}},
{"type":"Feature","geometry":{"type":"Polygon","coordinates":[[[122.18,-17.92],[122.21,-18.05],[122.25,-18.06],[122.37,-18.06],[122.69,-17.92],[122.7,-17.82],[122.75,-17.71],[122.67,-17.72],[122.49,-17.72],[122.4,-17.75],[122.3,-17.74],[122.19,-17.76],[122.16,-17.79],[122.18,-17.92]]]},"properties":{"NAME":"Jukun","SUBJECTO":"Jukun","PARTOF":"Jukun"}},
{"type":"Feature","geometry":{"type":"Polygon","coordinates":[[[134.41,-12.12],[134.4,-12.13],[134.46,-12.13],[134.51,-12.13],[134.6,-12.11],[134.61,-12.06],[134.59,-12.06],[134.41,-12.12]]]},"properties":{"NAME":"Nakara","SUBJECTO":"Nakara","PARTOF":"Nakara"}},
{"type":"Feature","geometry":{"type":"Polygon","coordinates":[[[134.87,-14.61],[134.75,-14.76],[134.87,-15.14],[134.97,-15.24],[135.23,-15.34],[135.4,-15.84],[135.52,-15.83],[135.7,-15.72],[135.82,-15.45],[135.94,-15.36],[135.03,-14.45],[134.87,-14.61]]]},"properties":{"NAME":"Mara","SUBJECTO":"Mara","PARTOF":"Mara"}},
{"type":"Feature","geometry":{"type":"Polygon","coordinates":[[[130.09,-13.59],[129.86,-13.72],[130.09,-13.7],[130.11,-13.85],[130.17,-13.89],[130.25,-13.88],[130.28,-13.64],[130.21,-13.6],[130.19,-13.5],[130.09,-13.59]]]},"properties":{"NAME":"Maranunggu","SUBJECTO":"Maranunggu","PARTOF":"Maranunggu"}},
{"type":"Feature","geometry":{"type":"Polygon","coordinates":[[[145.32,-26.42],[145.81,-26.29],[146.57,-25.63],[146.79,-24.91],[146.73,-24.76],[146.69,-24.3],[145.83,-24.43],[145.76,-24.57],[145.68,-24.55],[145.63,-24.74],[145.27,-24.92],[145.1,-24.84],[144.92,-24.68],[144.57,-24.57],[144.47,-24.75],[144.11,-25.04],[143.71,-25.31],[143.66,-25.56],[143.65,-25.81],[143.43,-26.63],[143.64,-26.67],[144.37,-26.65],[144.91,-26.54],[145.32,-26.42]]]},"properties":{"NAME":"Dharawala","SUBJECTO":"Dharawala","PARTOF":"Dharawala"}},
{"type":"Feature","geometry":{"type":"Polygon","coordinates":[[[116.43,-23.98],[116.35,-24.46],[116.38,-24.64],[116.89,-24.48],[117.11,-24.09],[117.5,-24.06],[117.73,-23.99],[117.73,-23.86],[117.64,-23.83],[117.5,-23.73],[117.28,-23.68],[117.03,-23.56],[116.69,-23.4],[116.28,-23.21],[115.98,-23.01],[115.74,-22.9],[115.7,-23.25],[115.82,-23.7],[115.77,-23.84],[115.89,-23.86],[116.27,-23.88],[116.43,-23.98]]]},"properties":{"NAME":"Thiin","SUBJECTO":"Thiin","PARTOF":"Thiin"}},
{"type":"Feature","geometry":{"type":"Polygon","coordinates":[[[128.05,-15.64],[127.82,-15.87],[127.86,-15.96],[128.43,-16.04],[128.63,-16.11],[128.82,-16.16],[129.17,-16.24],[129.33,-16.31],[129.8,-15.76],[130.01,-15.64],[130.17,-15.51],[130.13,-15.44],[129.91,-15.41],[129.89,-15.34],[129.81,-15.25],[129.72,-15.29],[129.28,-15.29],[128.78,-15.08],[128.47,-15.17],[128.45,-15.33],[128.44,-15.49],[128.14,-15.56],[128.05,-15.64]]]},"properties":{"NAME":"Doolboong/Miriwoong","SUBJECTO":"Doolboong/Miriwoong","PARTOF":"Doolboong/Miriwoong"}},
{"type":"Feature","geometry":{"type":"Polygon","coordinates":[[[129.03,-18.01],[129.14,-18.92],[128.86,-19.17],[128.72,-19.3],[130.5,-20.55],[130.4,-21],[130.13,-21.21],[129.98,-21.68],[130.73,-22.8],[130.95,-22.87],[131.26,-22.97],[131.46,-23.01],[131.78,-23.01],[132.12,-23.03],[132.23,-23.03],[132.03,-22.75],[131.88,-22.55],[132.07,-22],[132.9,-21.96],[133.08,-21.68],[133.1,-21.21],[133,-20.88],[132.82,-20.21],[132.53,-19.82],[132.45,-19.56],[132.2,-19.16],[132.06,-18.95],[131.59,-18.56],[131.23,-18.3],[130.95,-18.1],[129.27,-18.32],[129.03,-18.01]]]},"properties":{"NAME":"Warlpiri","SUBJECTO":"Warlpiri","PARTOF":"Warlpiri"}},
{"type":"Feature","geometry":{"type":"Polygon","coordinates":[[[142.95,-24.49],[142.95,-24.56],[143.17,-24.84],[143.47,-25.12],[143.72,-25.34],[143.91,-25.23],[144.12,-25.1],[144.47,-24.84],[144.66,-24.65],[144.93,-24.81],[145.14,-24.92],[145.42,-24.92],[145.67,-24.75],[145.72,-24.48],[145.42,-24.29],[145.17,-24.07],[145.02,-23.84],[143.61,-23.7],[143.26,-23.84],[143.09,-24.14],[142.95,-24.49]]]},"properties":{"NAME":"Kuungkari","SUBJECTO":"Kuungkari","PARTOF":"Kuungkari"}},
{"type":"Feature","geometry":{"type":"Polygon","coordinates":[[[141.97,-34],[141.87,-34.09],[141.92,-34.19],[142.14,-34.23],[142.32,-34.61],[142.49,-34.71],[142.68,-34.71],[142.9,-34.64],[143.11,-34.56],[143.35,-34.44],[143,-34.14],[142.77,-33.91],[142.6,-33.74],[142.42,-33.71],[142.23,-33.75],[142.05,-33.87],[141.97,-34]]]},"properties":{"NAME":"Kureinji","SUBJECTO":"Kureinji","PARTOF":"Kureinji"}},
{"type":"Feature","geometry":{"type":"Polygon","coordinates":[[[142.89,-34.61],[142.98,-34.71],[142.95,-34.83],[142.97,-34.85],[143.01,-34.86],[143.18,-34.77],[143.37,-34.72],[143.39,-34.64],[143.39,-34.52],[143.29,-34.45],[143.15,-34.49],[142.94,-34.59],[142.89,-34.61]]]},"properties":{"NAME":"Dadi Dadi","SUBJECTO":"Dadi Dadi","PARTOF":"Dadi Dadi"}},
{"type":"Feature","geometry":{"type":"Polygon","coordinates":[[[138.27,-34.58],[138.57,-34.93],[138.53,-35.3],[138.46,-35.48],[138.52,-35.44],[138.58,-35.34],[138.65,-35.17],[138.71,-34.99],[138.79,-34.86],[138.79,-34.69],[138.75,-34.61],[138.69,-34.49],[138.54,-34.08],[138.41,-33.53],[138.36,-33.34],[138.32,-33.3],[138.17,-33.32],[138.09,-33.45],[138,-33.46],[137.99,-33.47],[137.99,-33.79],[138.04,-34.15],[138.11,-34.25],[138.27,-34.58]]]},"properties":{"NAME":"Kaurna Pangkarra","SUBJECTO":"Kaurna Pangkarra","PARTOF":"Kaurna Pangkarra"}},
{"type":"Feature","geometry":{"type":"Polygon","coordinates":[[[124.88,-18.48],[124.75,-18.68],[124.76,-19.1],[124.97,-19.59],[124.99,-20.05],[124.87,-20.25],[125.04,-20.28],[125.6,-20.35],[125.93,-20.41],[126.13,-20.41],[126.4,-20.43],[126.54,-20.28],[126.75,-19.67],[126.77,-19.47],[126.82,-19.26],[126.83,-19.13],[126.85,-19.09],[126.78,-19.06],[126.44,-19.07],[126.34,-18.96],[126.22,-18.93],[126.06,-18.93],[125.88,-18.85],[125.55,-18.43],[125.45,-18.42],[125.31,-18.48],[124.88,-18.48]]]},"properties":{"NAME":"Walmatjarri","SUBJECTO":"Walmatjarri","PARTOF":"Walmatjarri"}},
{"type":"Feature","geometry":{"type":"Polygon","coordinates":[[[152.93,-27.06],[152.85,-26.94],[152.56,-26.78],[152.07,-26.23],[151.93,-25.89],[151.88,-25.53],[151.78,-25.12],[151.72,-25.03],[151.56,-25.02],[151.35,-25.1],[151.07,-25.4],[150.95,-25.54],[150.88,-25.65],[150.83,-25.71],[150.99,-25.83],[151.38,-26.22],[151.51,-26.66],[152.14,-27.22],[152.24,-27.22],[152.37,-27.2],[152.51,-27.21],[152.74,-27.33],[152.8,-27.3],[152.84,-27.19],[152.93,-27.06]]]},"properties":{"NAME":"Waka Waka","SUBJECTO":"Waka Waka","PARTOF":"Waka Waka"}},
{"type":"Feature","geometry":{"type":"Polygon","coordinates":[[[141.55,-14.89],[141.65,-15.04],[141.71,-15.22],[141.73,-15.22],[141.87,-14.97],[142.03,-14.75],[142.06,-14.46],[141.53,-14.48],[141.49,-14.57],[141.55,-14.89]]]},"properties":{"NAME":"Thaayorre","SUBJECTO":"Thaayorre","PARTOF":"Thaayorre"}},
{"type":"Feature","geometry":{"type":"Polygon","coordinates":[[[116.77,-20.79],[116.78,-20.8],[116.81,-20.78],[116.77,-20.79]]]},"properties":{"NAME":"Jaburrara","SUBJECTO":"Jaburrara","PARTOF":"Jaburrara"}},
{"type":"Feature","geometry":{"type":"Polygon","coordinates":[[[120.39,-32.77],[120.42,-32.57],[120.39,-32.36],[120.29,-32.22],[119.37,-31.67],[118.47,-31.1],[118.23,-30.84],[117.92,-31.26],[117.72,-31.53],[117.53,-31.96],[117.54,-32.21],[117.67,-32.55],[118.04,-32.98],[118.15,-33.11],[118.66,-33.15],[119.66,-33.17],[120.14,-33.14],[120.33,-32.95],[120.39,-32.77]]]},"properties":{"NAME":"Nyaki-nyaki","SUBJECTO":"Nyaki-nyaki","PARTOF":"Nyaki-nyaki"}},
{"type":"Feature","geometry":{"type":"Polygon","coordinates":[[[144.85,-35.47],[144.6,-35.62],[144.51,-35.82],[144.56,-35.96],[144.8,-36.13],[145,-36.19],[145.5,-36.21],[145.63,-36.2],[145.76,-36.14],[145.83,-36.02],[145.78,-35.94],[145.63,-35.88],[145.33,-35.64],[145.33,-35.14],[145.22,-35.16],[145.07,-35.24],[144.85,-35.47]]]},"properties":{"NAME":"Yorta Yorta","SUBJECTO":"Yorta Yorta","PARTOF":"Yorta Yorta"}},
{"type":"Feature","geometry":{"type":"Polygon","coordinates":[[[149.59,-35.38],[149.26,-35.35],[148.84,-35.24],[148.38,-35.15],[148,-35.15],[147.99,-35.28],[147.81,-35.96],[147.81,-36.28],[147.81,-36.74],[147.84,-36.97],[148,-37.1],[148.08,-37.27],[148.25,-37.38],[148.36,-37.39],[148.54,-37.26],[149.03,-37.08],[149.34,-37.07],[149.5,-37.04],[149.5,-36.7],[149.49,-36.32],[149.49,-35.84],[149.59,-35.38]]]},"properties":{"NAME":"Ngarigo","SUBJECTO":"Ngarigo","PARTOF":"Ngarigo"}},
{"type":"Feature","geometry":{"type":"Polygon","coordinates":[[[146.03,-27.99],[145.98,-27.97],[145.91,-28.25],[145.77,-28.58],[145.56,-28.93],[145.66,-29.02],[145.76,-29.31],[145.73,-29.71],[145.85,-29.64],[146.66,-29.74],[146.78,-29.83],[146.96,-29.92],[147.59,-29.14],[147.41,-28.98],[146.9,-28.76],[146.45,-28.46],[146.03,-27.99]]]},"properties":{"NAME":"Muruwari","SUBJECTO":"Muruwari","PARTOF":"Muruwari"}},
{"type":"Feature","geometry":{"type":"Polygon","coordinates":[[[117.09,-20.78],[116.81,-20.78],[116.78,-20.83],[116.92,-20.9],[116.99,-20.98],[117.14,-21.06],[117.93,-21.33],[118.03,-21.3],[117.81,-20.62],[117.09,-20.78]]]},"properties":{"NAME":"Ngarluma","SUBJECTO":"Ngarluma","PARTOF":"Ngarluma"}},
{"type":"Feature","geometry":{"type":"Polygon","coordinates":[[[142.91,-19.46],[142.59,-19.83],[142.42,-20.14],[142.69,-20.46],[142.83,-20.54],[142.9,-20.61],[143.16,-20.6],[143.54,-20.58],[144.02,-20.52],[144.29,-20.53],[144.35,-20.25],[144.37,-19.94],[144.24,-19.67],[144.05,-19.61],[143.95,-19.58],[143.56,-19.57],[142.91,-19.46]]]},"properties":{"NAME":"Mbara","SUBJECTO":"Mbara","PARTOF":"Mbara"}},
{"type":"Feature","geometry":{"type":"Polygon","coordinates":[[[153.2,-29.91],[153.34,-29.25],[152.79,-29.57],[152.55,-29.49],[152.23,-29.46],[151.85,-29.45],[151.67,-29.43],[151.43,-29.68],[151.39,-29.76],[151.39,-29.89],[151.68,-30.18],[151.85,-30.31],[152.11,-30.48],[152.4,-30.54],[152.74,-30.62],[152.95,-30.67],[153.2,-29.91]]]},"properties":{"NAME":"Gumbainggir","SUBJECTO":"Gumbainggir","PARTOF":"Gumbainggir"}},
{"type":"Feature","geometry":{"type":"Polygon","coordinates":[[[142.6,-12.44],[142.58,-12.54],[142.59,-13.03],[142.62,-13.08],[142.71,-13.12],[142.81,-13.12],[142.89,-13.09],[142.97,-13.03],[142.98,-12.98],[142.97,-12.68],[142.93,-12.6],[142.76,-12.55],[142.65,-12.46],[142.6,-12.44]]]},"properties":{"NAME":"Yinwum","SUBJECTO":"Yinwum","PARTOF":"Yinwum"}},
{"type":"Feature","geometry":{"type":"Polygon","coordinates":[[[130.08,-14.07],[130.03,-14.07],[130.04,-14.1],[130.08,-14.12],[130.1,-14.13],[130.19,-14.13],[130.25,-14.1],[130.33,-13.95],[130.32,-13.92],[130.31,-13.89],[130.26,-13.87],[130.22,-13.9],[130.08,-14.07]]]},"properties":{"NAME":"Marramaninjsji","SUBJECTO":"Marramaninjsji","PARTOF":"Marramaninjsji"}},
{"type":"Feature","geometry":{"type":"Polygon","coordinates":[[[148.57,-22.35],[148.58,-22.19],[148.58,-21.77],[148.62,-21.62],[148.18,-21.62],[147.97,-21.6],[147.74,-21.57],[147.74,-21.67],[147.73,-21.78],[147.73,-21.9],[147.73,-22.03],[147.76,-22.27],[147.7,-22.43],[147.73,-22.54],[147.78,-22.65],[147.87,-22.75],[148.02,-22.65],[148.17,-22.61],[148.47,-22.44],[148.57,-22.35]]]},"properties":{"NAME":"Barna","SUBJECTO":"Barna","PARTOF":"Barna"}},
{"type":"Feature","geometry":{"type":"Polygon","coordinates":[[[143.44,-13.08],[143.38,-12.83],[143.24,-12.88],[143.14,-12.94],[143.13,-12.95],[143.18,-13.03],[143.26,-13.24],[143.33,-13.35],[143.39,-13.39],[143.46,-13.39],[143.44,-13.08]]]},"properties":{"NAME":"Uutaalnganu","SUBJECTO":"Uutaalnganu","PARTOF":"Uutaalnganu"}},
{"type":"Feature","geometry":{"type":"Polygon","coordinates":[[[141.01,-36.9],[141.47,-36.8],[141.91,-36.8],[142.46,-36.32],[142.75,-36.32],[143.02,-36.37],[143.7,-36.23],[143.87,-36.15],[143.95,-36.08],[144,-35.99],[143.95,-35.86],[143.78,-35.84],[143.56,-35.75],[143.43,-35.56],[143.36,-35.36],[143.32,-35.24],[143.24,-35.01],[143.04,-34.86],[142.8,-34.8],[142.42,-34.71],[141.76,-34.59],[141.57,-34.66],[141.44,-34.77],[141.39,-34.86],[141.28,-35.21],[141.14,-35.53],[141,-35.96],[141,-36.25],[141,-36.52],[140.99,-36.76],[141.01,-36.9]]]},"properties":{"NAME":"Wergaia","SUBJECTO":"Wergaia","PARTOF":"Wergaia"}},
{"type":"Feature","geometry":{"type":"Polygon","coordinates":[[[125.51,-17.57],[125.34,-17.6],[125.31,-17.77],[125.41,-17.94],[125.62,-18.14],[125.69,-18.16],[125.86,-18.08],[126.07,-17.99],[126.32,-17.79],[126.3,-17.64],[126.06,-17.48],[125.87,-17.41],[125.69,-17.41],[125.51,-17.57]]]},"properties":{"NAME":"Punuba","SUBJECTO":"Punuba","PARTOF":"Punuba"}},
{"type":"Feature","geometry":{"type":"Polygon","coordinates":[[[131.49,-17.98],[131.11,-18.06],[130.9,-18.16],[131.08,-18.35],[131.37,-18.49],[131.86,-18.9],[132.15,-19.22],[132.43,-19.34],[133.54,-19.27],[133.85,-18.81],[133.56,-18.53],[133.5,-18.34],[133.34,-18.17],[133.35,-17.75],[132.28,-17.69],[132.01,-17.8],[131.64,-17.91],[131.49,-17.98]]]},"properties":{"NAME":"Warlmanpa","SUBJECTO":"Warlmanpa","PARTOF":"Warlmanpa"}},
{"type":"Feature","geometry":{"type":"Polygon","coordinates":[[[148.06,-25.06],[147.52,-25.32],[147.29,-25.51],[147.19,-25.66],[147.18,-25.86],[147.18,-25.97],[147.22,-26.06],[148.24,-26.14],[148.32,-25.96],[148.35,-25.72],[148.39,-25.48],[148.4,-25.26],[148.34,-25.15],[148.23,-25.08],[148.06,-25.06]]]},"properties":{"NAME":"Nguri","SUBJECTO":"Nguri","PARTOF":"Nguri"}},
{"type":"Feature","geometry":{"type":"Polygon","coordinates":[[[148.37,-26.6],[148.36,-26.51],[148.4,-26.12],[148.37,-26.08],[148.31,-26.06],[148.29,-25.95],[148.3,-25.84],[148.36,-25.61],[148.41,-25.47],[148.43,-25.35],[148.43,-25.27],[148.43,-25.18],[148.31,-24.94],[148.22,-24.8],[148.11,-24.7],[148.03,-24.68],[147.97,-24.73],[147.85,-24.8],[147.72,-24.94],[147.41,-25.4],[147.35,-25.55],[147.2,-25.77],[147.13,-25.93],[147.07,-26.06],[147,-26.21],[146.92,-26.57],[146.75,-26.83],[146.61,-26.88],[146.56,-26.92],[146.43,-27.01],[146.95,-27.12],[146.97,-27.14],[147,-27.23],[147.09,-27.6],[147.28,-27.44],[147.43,-27.64],[147.53,-27.7],[147.68,-27.7],[148.54,-27.81],[148.55,-27.43],[148.37,-26.6]]]},"properties":{"NAME":"Gunggari","SUBJECTO":"Gunggari","PARTOF":"Gunggari"}},
{"type":"Feature","geometry":{"type":"Polygon","coordinates":[[[150.97,-29.8],[150.91,-30.01],[150.81,-30.32],[150.81,-30.6],[151.03,-31.02],[151.18,-31.11],[151.29,-31.18],[151.66,-31.04],[151.81,-30.92],[152,-30.76],[152.11,-30.57],[152.14,-30.45],[151.73,-30.16],[151.51,-29.98],[151.38,-29.79],[151.24,-29.81],[151.04,-29.81],[151,-29.8],[150.97,-29.8]]]},"properties":{"NAME":"Nganyaywana","SUBJECTO":"Nganyaywana","PARTOF":"Nganyaywana"}},
{"type":"Feature","geometry":{"type":"Polygon","coordinates":[[[125.87,-16.84],[125.66,-17.05],[125.68,-17.21],[125.73,-17.31],[125.8,-17.43],[126.04,-17.48],[126.19,-17.59],[126.29,-17.74],[126.53,-17.73],[127.53,-17.28],[127.36,-16.62],[127.42,-16.42],[127.45,-16.08],[127.47,-15.94],[126.97,-15.94],[126.6,-16.78],[125.87,-16.84]]]},"properties":{"NAME":"Worla","SUBJECTO":"Worla","PARTOF":"Worla"}},
{"type":"Feature","geometry":{"type":"Polygon","coordinates":[[[140.09,-20.18],[140.06,-20.11],[139.63,-20.17],[138.8,-20.32],[138.83,-20.47],[139.08,-20.91],[139.14,-21.19],[139.15,-21.58],[139.26,-21.51],[139.61,-21.6],[140.06,-21.72],[140.24,-21.81],[140.42,-21.76],[140.73,-21.74],[140.82,-21.69],[140.69,-21.41],[140.51,-20.95],[140.37,-20.76],[140.2,-20.51],[140.14,-20.35],[140.09,-20.18]]]},"properties":{"NAME":"Kalkadoon","SUBJECTO":"Kalkadoon","PARTOF":"Kalkadoon"}},
{"type":"Feature","geometry":{"type":"Polygon","coordinates":[[[118.65,-28.03],[118.76,-28.13],[118.95,-27.95],[119.34,-27.32],[119.9,-27.34],[120.69,-27.54],[121.32,-27.58],[121.28,-27.4],[121.15,-27.28],[120.93,-26.91],[120.85,-26.59],[120.84,-26.47],[120.8,-26.36],[119.31,-25.78],[118.94,-25.73],[118.81,-25.87],[118.57,-26.31],[118.44,-26.48],[118.26,-26.84],[118.11,-27.07],[118.04,-27.16],[118.02,-27.21],[118.65,-28.03]]]},"properties":{"NAME":"Tjupany","SUBJECTO":"Tjupany","PARTOF":"Tjupany"}},
{"type":"Feature","geometry":{"type":"Polygon","coordinates":[[[143.21,-20.63],[143.12,-20.53],[142.65,-20.66],[142.28,-20.61],[141.82,-20.59],[141.35,-20.04],[141.12,-20.11],[140.78,-20.25],[140.5,-20.54],[140.37,-20.87],[140.52,-21.21],[140.66,-21.49],[140.79,-21.77],[140.86,-21.96],[141.12,-21.89],[141.37,-21.75],[141.66,-21.71],[142.54,-21.88],[142.98,-21.73],[143.24,-21.7],[143.39,-21.67],[143.21,-20.63]]]},"properties":{"NAME":"Wunumara","SUBJECTO":"Wunumara","PARTOF":"Wunumara"}},
{"type":"Feature","geometry":{"type":"Polygon","coordinates":[[[131.04,-25.45],[130.95,-25.75],[130.78,-26.08],[130.87,-26.74],[130.7,-27.33],[130.7,-27.52],[131.43,-28.21],[131.8,-28.34],[132.23,-28.42],[132.66,-28.41],[133.11,-28.41],[133.46,-28.4],[133.51,-28.21],[133.34,-27.8],[133.24,-27.25],[133.11,-26.89],[133.07,-26.72],[132.99,-26.38],[132.91,-26.1],[132.64,-25.85],[131.77,-25.74],[131.34,-25.61],[131.04,-25.45]]]},"properties":{"NAME":"Yankuntjatjara","SUBJECTO":"Yankuntjatjara","PARTOF":"Yankuntjatjara"}},
{"type":"Feature","geometry":{"type":"Polygon","coordinates":[[[126.96,-26.64],[127.22,-27.92],[127.22,-28.31],[127.3,-28.63],[127.56,-28.56],[127.99,-28.44],[129.19,-28.36],[129.59,-28.36],[129.9,-28.37],[129.99,-28.29],[130.16,-28.03],[130.59,-27.67],[130.58,-27.52],[130.21,-27.5],[129.29,-27.13],[129.08,-26.82],[129.02,-26.4],[129.02,-26.1],[129.02,-25.96],[129.02,-25.84],[128.76,-25.91],[128.28,-25.92],[127.79,-26.28],[127.47,-26.39],[126.96,-26.64]]]},"properties":{"NAME":"Nakako","SUBJECTO":"Nakako","PARTOF":"Nakako"}},
{"type":"Feature","geometry":{"type":"Polygon","coordinates":[[[147.19,-37.09],[147.4,-37.5],[147.67,-37.51],[148,-37.34],[148.15,-37.17],[148.22,-37.06],[148.26,-36.08],[148.1,-36.02],[147.9,-35.99],[147.7,-35.95],[147.25,-35.98],[147.14,-36.02],[147.23,-36.13],[147.29,-36.77],[147.23,-36.95],[147.18,-37.02],[147.19,-37.09]]]},"properties":{"NAME":"Jaitmatang","SUBJECTO":"Jaitmatang","PARTOF":"Jaitmatang"}},
{"type":"Feature","geometry":{"type":"Polygon","coordinates":[[[125.44,-25.87],[125.1,-25.86],[124.55,-26.39],[124.41,-26.84],[124.38,-27.12],[124.35,-27.45],[124.4,-27.67],[126.09,-28.78],[126.74,-28.94],[127.4,-28.63],[127.28,-28.15],[127.32,-27.79],[127.14,-26.86],[127.01,-26.61],[126.8,-26.52],[126.42,-26.38],[125.44,-25.87]]]},"properties":{"NAME":"Mandjindja","SUBJECTO":"Mandjindja","PARTOF":"Mandjindja"}},
{"type":"Feature","geometry":{"type":"Polygon","coordinates":[[[131.44,-30.23],[131.15,-30.13],[130.85,-30.03],[130.52,-29.87],[130.35,-29.66],[130.14,-29.51],[130.05,-29.35],[129.87,-28.74],[129.9,-28.55],[129.95,-28.31],[129.62,-28.26],[127.96,-28.31],[127.53,-28.48],[127.4,-28.57],[127.43,-28.67],[127.6,-28.81],[127.8,-29.08],[128.21,-29.51],[128.4,-29.79],[128.41,-30.06],[128.46,-30.13],[129.34,-30.09],[130.16,-30.12],[131.25,-30.21],[131.44,-30.23]]]},"properties":{"NAME":"Ngalea","SUBJECTO":"Ngalea","PARTOF":"Ngalea"}},
{"type":"Feature","geometry":{"type":"Polygon","coordinates":[[[146.39,-38.3],[146.51,-38],[146.32,-37.51],[146.22,-37.42],[146.09,-37.47],[145.72,-37.41],[144.95,-37.08],[144.72,-37.08],[144.54,-37.12],[144.33,-37.14],[144.17,-37.18],[144.2,-37.3],[144.24,-37.38],[144.28,-37.58],[144.4,-37.88],[144.53,-37.95],[144.73,-37.92],[144.99,-37.86],[146.05,-38.36],[146.32,-38.38],[146.39,-38.3]]]},"properties":{"NAME":"Wurundjeri","SUBJECTO":"Wurundjeri","PARTOF":"Wurundjeri"}},
{"type":"Feature","geometry":{"type":"Polygon","coordinates":[[[117.97,-20.47],[117.79,-20.64],[117.92,-21.16],[118,-21.39],[118.49,-21.68],[118.59,-21.66],[118.67,-21.57],[118.88,-20.95],[118.88,-20.51],[118.69,-20.34],[117.97,-20.47]]]},"properties":{"NAME":"Kariyarra","SUBJECTO":"Kariyarra","PARTOF":"Kariyarra"}},
{"type":"Feature","geometry":{"type":"Polygon","coordinates":[[[144.17,-38.49],[143.11,-38.77],[143.52,-38.91],[143.73,-38.83],[144.17,-38.49]]]},"properties":{"NAME":"Gadubanud","SUBJECTO":"Gadubanud","PARTOF":"Gadubanud"}},
{"type":"Feature","geometry":{"type":"Polygon","coordinates":[[[144.84,-36.11],[144.76,-36.27],[144.67,-36.35],[144.57,-36.49],[144.51,-36.53],[144.46,-36.58],[144.65,-36.63],[144.86,-36.66],[145.16,-36.66],[145.65,-36.44],[145.8,-36.11],[145.58,-36.16],[145.28,-36.15],[144.99,-36.12],[144.84,-36.11]]]},"properties":{"NAME":"Ngurraiillam","SUBJECTO":"Ngurraiillam","PARTOF":"Ngurraiillam"}},
{"type":"Feature","geometry":{"type":"Polygon","coordinates":[[[122.65,-16.74],[122.54,-16.92],[122.55,-16.93],[122.56,-16.95],[122.62,-17],[122.71,-17.03],[122.87,-17.04],[122.98,-17.03],[123.08,-16.98],[123.02,-16.86],[122.93,-16.73],[122.86,-16.73],[122.79,-16.74],[122.73,-16.74],[122.65,-16.74]]]},"properties":{"NAME":"Nyul Nyul","SUBJECTO":"Nyul Nyul","PARTOF":"Nyul Nyul"}},
{"type":"Feature","geometry":{"type":"Polygon","coordinates":[[[146.09,-36.49],[145.82,-36.11],[145.76,-36.08],[145.67,-36.11],[145.6,-36.19],[145.55,-36.29],[145.42,-36.51],[145.34,-36.57],[144.84,-36.6],[144.54,-36.57],[144.38,-36.55],[144.28,-36.57],[144.18,-36.64],[144.25,-37.01],[144.32,-37.13],[144.37,-37.16],[144.59,-37.14],[144.94,-37.16],[145.88,-37.49],[146.16,-37.49],[146.34,-37.43],[146.62,-37.33],[146.95,-37.1],[146.95,-37.02],[146.53,-36.92],[146.09,-36.49]]]},"properties":{"NAME":"Taungurung","SUBJECTO":"Taungurung","PARTOF":"Taungurung"}},
{"type":"Feature","geometry":{"type":"Polygon","coordinates":[[[133.59,-26.07],[133.18,-26.23],[132.97,-26.36],[132.98,-26.77],[133.18,-27.59],[133.23,-28.01],[133.25,-28.39],[133.58,-28.74],[133.91,-28.93],[134.43,-29.05],[134.68,-28.89],[134.88,-28.73],[135.15,-27.42],[135.32,-27.2],[135.21,-26.97],[134.17,-26.04],[133.93,-26.01],[133.59,-26.07]]]},"properties":{"NAME":"Antakarinja","SUBJECTO":"Antakarinja","PARTOF":"Antakarinja"}},
{"type":"Feature","geometry":{"type":"Polygon","coordinates":[[[132.14,-16],[132.13,-15.84],[131.96,-15.76],[131.73,-15.76],[131.51,-15.79],[131.37,-15.79],[131.33,-15.99],[131.1,-16],[130.91,-16.07],[130.84,-16.12],[130.91,-16.3],[130.94,-16.42],[131.08,-16.47],[131.26,-16.55],[131.36,-16.72],[131.56,-16.6],[131.94,-16.31],[132.14,-16]]]},"properties":{"NAME":"Karangpurru","SUBJECTO":"Karangpurru","PARTOF":"Karangpurru"}},
{"type":"Feature","geometry":{"type":"Polygon","coordinates":[[[116.27,-21.39],[115.64,-22.12],[115.39,-22.34],[115.19,-22.5],[115.81,-22.57],[115.95,-22.46],[116.17,-22.42],[116.42,-22.43],[116.75,-22.66],[116.96,-22.87],[116.99,-22.88],[117.51,-22.76],[117.82,-22.21],[117.82,-22.07],[117.67,-21.94],[117.48,-21.82],[117.26,-21.73],[116.94,-21.42],[116.69,-21.38],[116.37,-21.31],[116.27,-21.39]]]},"properties":{"NAME":"Kurrama","SUBJECTO":"Kurrama","PARTOF":"Kurrama"}},
{"type":"Feature","geometry":{"type":"Polygon","coordinates":[[[140.49,-23.97],[140.49,-24.19],[140.53,-24.5],[140.73,-24.97],[140.7,-25.24],[140.61,-25.46],[140.48,-25.72],[140.42,-25.92],[140.82,-26.07],[140.94,-26.15],[141.1,-26.26],[141.36,-25.96],[141.88,-25.15],[142.11,-24.85],[142.27,-24.58],[142.37,-24.48],[142.5,-24.26],[142.51,-24.08],[141.56,-24.04],[140.66,-23.89],[140.48,-23.91],[140.49,-23.97]]]},"properties":{"NAME":"Karuwali","SUBJECTO":"Karuwali","PARTOF":"Karuwali"}},
{"type":"Feature","geometry":{"type":"Polygon","coordinates":[[[141.83,-14.94],[141.75,-15.14],[141.7,-15.34],[141.69,-15.54],[141.66,-15.89],[141.66,-16.15],[141.76,-16.49],[141.77,-16.7],[141.79,-16.92],[142.86,-17.38],[142.97,-17.2],[143.37,-16.86],[143.45,-16.73],[143.54,-16.64],[143.49,-16.59],[143.31,-16.51],[142.73,-16.3],[143.22,-16],[143.56,-16],[143.66,-16.04],[143.7,-15.74],[143.7,-15.22],[143.7,-14.94],[143.49,-14.84],[143.22,-14.81],[142.54,-14.82],[142.15,-14.87],[141.83,-14.94]]]},"properties":{"NAME":"Kunjen","SUBJECTO":"Kunjen","PARTOF":"Kunjen"}},
{"type":"Feature","geometry":{"type":"Polygon","coordinates":[[[148.66,-22.31],[148.5,-22.34],[148.08,-22.6],[147.9,-22.68],[147.9,-22.75],[148.01,-22.88],[148.12,-23.05],[148.24,-23.22],[148.34,-23.37],[148.45,-23.47],[148.52,-23.57],[148.84,-23.43],[149,-23.32],[149.12,-23.28],[149.32,-23.25],[149.25,-23.15],[149.11,-22.89],[149.06,-22.67],[148.92,-22.44],[148.85,-22.33],[148.66,-22.31]]]},"properties":{"NAME":"Gabalbara","SUBJECTO":"Gabalbara","PARTOF":"Gabalbara"}},
{"type":"Feature","geometry":{"type":"Polygon","coordinates":[[[137.72,-35.21],[137.92,-34.63],[138.05,-34.19],[138.05,-34.03],[138.05,-33.86],[138.04,-33.61],[138.03,-33.46],[137.98,-33.46],[137.91,-33.52],[137.86,-33.88],[137.51,-34.46],[137.56,-34.91],[136.99,-35.4],[137.72,-35.21]]]},"properties":{"NAME":"Narangga","SUBJECTO":"Narangga","PARTOF":"Narangga"}},
{"type":"Feature","geometry":{"type":"Polygon","coordinates":[[[121.85,-26.04],[120.98,-26.24],[120.77,-26.42],[120.83,-26.78],[121.06,-27.31],[121.44,-27.67],[121.68,-27.96],[122.28,-27.68],[123.06,-26.68],[123.11,-26.47],[123.16,-26.39],[122.83,-26.04],[122.42,-25.98],[121.85,-26.04]]]},"properties":{"NAME":"Nana","SUBJECTO":"Nana","PARTOF":"Nana"}},
{"type":"Feature","geometry":{"type":"Polygon","coordinates":[[[152.69,-27.75],[152.85,-27.49],[152.72,-27.44],[152.57,-27.75],[152.69,-27.75]]]},"properties":{"NAME":"Yuggera","SUBJECTO":"Yuggera","PARTOF":"Yuggera"}},
{"type":"Feature","geometry":{"type":"Polygon","coordinates":[[[144,-31.61],[143.59,-31.89],[143.28,-32.24],[142.72,-32.64],[142.59,-33.36],[142.76,-33.63],[142.79,-34.03],[143.21,-33.77],[143.29,-33.79],[143.56,-33.64],[144.17,-33.08],[144.36,-32.84],[144.38,-32.54],[144.57,-32.05],[144.73,-31.71],[144.82,-31.46],[144.4,-31.56],[144.05,-31.56],[144,-31.61]]]},"properties":{"NAME":"Barindji","SUBJECTO":"Barindji","PARTOF":"Barindji"}},
{"type":"Feature","geometry":{"type":"Polygon","coordinates":[[[134.14,-12.08],[134.02,-12.06],[134.02,-12.13],[134.02,-12.2],[134.02,-12.27],[134.06,-12.32],[134.11,-12.3],[134.13,-12.26],[134.15,-12.21],[134.19,-12.11],[134.23,-12.1],[134.14,-12.08]]]},"properties":{"NAME":"Gunibidji","SUBJECTO":"Gunibidji","PARTOF":"Gunibidji"}},
{"type":"Feature","geometry":{"type":"Polygon","coordinates":[[[133.15,-14.88],[133.3,-14.96],[133.58,-15.07],[133.71,-15.07],[133.8,-14.99],[133.84,-14.9],[134.01,-14.81],[134.08,-14.77],[134.15,-14.72],[133.91,-14.49],[133.53,-14.29],[133.43,-14.28],[133.15,-14.88]]]},"properties":{"NAME":"Mangarayi","SUBJECTO":"Mangarayi","PARTOF":"Mangarayi"}},
{"type":"Feature","geometry":{"type":"Polygon","coordinates":[[[153.3,-27.91],[153.15,-27.68],[152.96,-27.8],[152.8,-27.85],[152.7,-27.9],[152.54,-27.99],[151.68,-28.25],[151.96,-28.76],[152.09,-29.16],[152.1,-29.32],[152.08,-29.42],[152.06,-29.48],[152.09,-29.53],[152.87,-29.6],[153.33,-29.31],[153.49,-28.84],[153.48,-28.5],[153.3,-27.91]]]},"properties":{"NAME":"Bundjalung","SUBJECTO":"Bundjalung","PARTOF":"Bundjalung"}},
{"type":"Feature","geometry":{"type":"Polygon","coordinates":[[[114.97,-30.34],[115.43,-31.39],[115.92,-31.37],[116.39,-31.39],[116.83,-30.05],[116.72,-30],[115.08,-30.25],[114.96,-30.28],[114.97,-30.34]]]},"properties":{"NAME":"Yuat","SUBJECTO":"Yuat","PARTOF":"Yuat"}},
{"type":"Feature","geometry":{"type":"Polygon","coordinates":[[[149.69,-35.24],[149.27,-34.94],[148.93,-34.64],[148.66,-34.47],[148.51,-34.31],[148.38,-34.22],[148.04,-34.41],[147.93,-34.57],[147.91,-35.19],[148.13,-35.21],[148.35,-35.21],[148.58,-35.23],[148.89,-35.29],[149.29,-35.42],[149.46,-35.42],[149.69,-35.24]]]},"properties":{"NAME":"Ngunawal","SUBJECTO":"Ngunawal","PARTOF":"Ngunawal"}},
{"type":"Feature","geometry":{"type":"Polygon","coordinates":[[[141.04,-19.36],[140.61,-19.6],[140.34,-19.86],[140.05,-20.17],[140.1,-20.5],[140.36,-20.91],[140.54,-20.6],[140.98,-20.22],[141.34,-20.04],[141.22,-19.74],[141.13,-19.35],[141.04,-19.36]]]},"properties":{"NAME":"Mayi-Thakurti","SUBJECTO":"Mayi-Thakurti","PARTOF":"Mayi-Thakurti"}},
{"type":"Feature","geometry":{"type":"Polygon","coordinates":[[[141.95,-11.96],[141.92,-12.01],[141.91,-12.09],[141.92,-12.13],[141.93,-12.15],[141.93,-12.19],[141.97,-12.19],[142,-12.19],[142.04,-12.18],[142.12,-12.16],[142.15,-12.14],[142.18,-12.09],[142.18,-12.05],[142.16,-12],[142.12,-11.98],[142.08,-11.97],[141.99,-11.98],[141.95,-11.96]]]},"properties":{"NAME":"Teppathiggi","SUBJECTO":"Teppathiggi","PARTOF":"Teppathiggi"}},
{"type":"Feature","geometry":{"type":"Polygon","coordinates":[[[135.73,-15.54],[135.67,-15.7],[135.49,-15.76],[135.42,-15.77],[135.4,-16.09],[135.36,-16.31],[135.62,-16.46],[135.92,-16.79],[136.53,-17.14],[136.58,-17.16],[136.61,-16.88],[136.61,-16.19],[136.65,-16.05],[136.14,-15.63],[135.91,-15.51],[135.73,-15.54]]]},"properties":{"NAME":"Binbinga","SUBJECTO":"Binbinga","PARTOF":"Binbinga"}},
{"type":"Feature","geometry":{"type":"Polygon","coordinates":[[[135.56,-17.54],[135.74,-17.71],[136.53,-18.06],[136.81,-18.07],[136.85,-17.44],[136.85,-17.21],[136.57,-17.07],[136.25,-16.84],[135.96,-16.8],[135.89,-17.05],[135.56,-17.54]]]},"properties":{"NAME":"Gunindiri","SUBJECTO":"Gunindiri","PARTOF":"Gunindiri"}},
{"type":"Feature","geometry":{"type":"Polygon","coordinates":[[[145.61,-20.56],[145.51,-20.39],[144.77,-20.32],[144.25,-20.44],[143.67,-20.49],[143.1,-20.47],[143.06,-20.74],[143.12,-21.05],[143.32,-21.49],[143.33,-21.78],[143.33,-22.09],[143.21,-22.43],[143.33,-22.37],[143.64,-22.19],[144.83,-22.03],[145.87,-22.5],[145.89,-22.37],[145.87,-22.16],[145.61,-21.76],[145.55,-21.55],[145.47,-21.28],[145.47,-20.94],[145.61,-20.56]]]},"properties":{"NAME":"Yirandali","SUBJECTO":"Yirandali","PARTOF":"Yirandali"}},
{"type":"Feature","geometry":{"type":"Polygon","coordinates":[[[146.11,-18.55],[146,-17.96],[145.41,-18.1],[145.38,-18.15],[145.68,-18.66],[145.89,-18.64],[146.13,-18.63],[146.11,-18.55]]]},"properties":{"NAME":"Wargamaygan","SUBJECTO":"Wargamaygan","PARTOF":"Wargamaygan"}},
{"type":"Feature","geometry":{"type":"Polygon","coordinates":[[[142.06,-29.85],[141.83,-30.38],[141.12,-31.27],[140.98,-31.31],[141.12,-31.4],[141.8,-31.43],[142.38,-31.43],[142.34,-31.32],[142.34,-31.21],[142.49,-31],[142.78,-30.92],[143.28,-30.86],[143.31,-30.56],[143.31,-30.25],[143.36,-29.94],[143.47,-29.75],[143.06,-29.72],[142.38,-29.63],[142.17,-29.63],[142.06,-29.63],[142.06,-29.85]]]},"properties":{"NAME":"Bandjigali","SUBJECTO":"Bandjigali","PARTOF":"Bandjigali"}},
{"type":"Feature","geometry":{"type":"Polygon","coordinates":[[[148.75,-24.26],[149.07,-24.4],[149.27,-23.84],[149.68,-24.21],[149.84,-24.94],[150.12,-24.92],[150.58,-24.8],[150.71,-24.77],[150.84,-24.33],[150.78,-24.22],[150.74,-24.12],[150.6,-23.75],[150.51,-23.61],[150.08,-23.5],[149.71,-23.55],[149.29,-23.17],[148.96,-23.31],[148.61,-23.45],[148.51,-23.56],[148.6,-24.11],[148.75,-24.26]]]},"properties":{"NAME":"Gangulu","SUBJECTO":"Gangulu","PARTOF":"Gangulu"}},
{"type":"Feature","geometry":{"type":"Polygon","coordinates":[[[115.49,-31.55],[115.76,-32.49],[116.67,-31.99],[116.39,-31.47],[115.98,-31.42],[115.49,-31.55]]]},"properties":{"NAME":"Wajuk","SUBJECTO":"Wajuk","PARTOF":"Wajuk"}},
{"type":"Feature","geometry":{"type":"Polygon","coordinates":[[[140.8,-17.73],[140.81,-17.93],[140.82,-18.17],[140.9,-18.31],[141,-18.63],[141.11,-19.23],[141.11,-19.4],[141.47,-19.29],[142.26,-19.31],[142.82,-19.51],[142.94,-19.21],[142.95,-18.95],[142.93,-18.78],[142.71,-18.74],[142.34,-18.66],[141.38,-18.16],[141.31,-17.63],[141.23,-17.46],[140.97,-17.6],[140.8,-17.73]]]},"properties":{"NAME":"Mayi-Kulan","SUBJECTO":"Mayi-Kulan","PARTOF":"Mayi-Kulan"}},
{"type":"Feature","geometry":{"type":"Polygon","coordinates":[[[133.42,-16.2],[133.34,-16.53],[133.35,-17.43],[133.31,-17.57],[133.28,-17.77],[133.25,-17.91],[133.26,-18.29],[133.54,-18.22],[133.84,-18.19],[134.18,-18.09],[134.33,-17.97],[134.44,-17.81],[134.51,-17.54],[134.51,-17.24],[134.4,-17.03],[134.12,-16.69],[133.74,-16.33],[133.42,-16.2]]]},"properties":{"NAME":"Jingili","SUBJECTO":"Jingili","PARTOF":"Jingili"}},
{"type":"Feature","geometry":{"type":"Polygon","coordinates":[[[145.22,-15.66],[145.2,-15.4],[145.03,-15.77],[144.87,-15.89],[144.63,-15.99],[144.27,-16.1],[143.87,-16.12],[143.87,-16.25],[143.89,-16.31],[143.88,-16.52],[143.9,-16.67],[143.92,-16.78],[144.06,-16.96],[144.18,-17.04],[144.35,-17.22],[144.66,-17.46],[144.83,-17.41],[145.38,-17.35],[145.32,-17.24],[145.27,-17.11],[145.27,-16.97],[145.34,-16.63],[145.39,-16.55],[145.33,-16.49],[145.35,-16.01],[145.22,-15.66]]]},"properties":{"NAME":"Kuku-yalanji","SUBJECTO":"Kuku-yalanji","PARTOF":"Kuku-yalanji"}},
{"type":"Feature","geometry":{"type":"Polygon","coordinates":[[[142.15,-12.03],[142.15,-12.06],[142.2,-12.16],[142.48,-12.41],[142.6,-12.47],[142.86,-12.62],[142.94,-12.62],[142.88,-12.34],[142.81,-12.21],[142.74,-12.07],[142.71,-12],[142.49,-11.99],[142.27,-11.98],[142.15,-11.98],[142.15,-12.03]]]},"properties":{"NAME":"Mpalitjanh","SUBJECTO":"Mpalitjanh","PARTOF":"Mpalitjanh"}},
{"type":"Feature","geometry":{"type":"Polygon","coordinates":[[[115.13,-22.4],[115.42,-22.4],[115.72,-22.28],[116.46,-21.42],[116.44,-21.21],[116.25,-20.92],[116.13,-20.98],[115.35,-21.6],[114.69,-21.95],[115.13,-22.4]]]},"properties":{"NAME":"Nhuwala","SUBJECTO":"Nhuwala","PARTOF":"Nhuwala"}},
{"type":"Feature","geometry":{"type":"Polygon","coordinates":[[[149.42,-26.19],[149.6,-26.16],[149.78,-26.14],[149.92,-26.13],[149.99,-26.04],[149.98,-25.9],[150.04,-25.77],[150.05,-25.62],[150.01,-25.38],[150.01,-24.96],[150,-24.92],[149.9,-24.96],[149.15,-25.14],[149.02,-25.18],[149.02,-25.29],[149.02,-25.54],[148.97,-25.96],[148.91,-26.12],[149.42,-26.19]]]},"properties":{"NAME":"Yiman","SUBJECTO":"Yiman","PARTOF":"Yiman"}},
{"type":"Feature","geometry":{"type":"Polygon","coordinates":[[[126.72,-18.67],[126.3,-18.89],[126.31,-19.02],[126.44,-19.1],[126.69,-19.08],[126.83,-19.16],[127.06,-19.27],[127.73,-19.43],[128.11,-19.38],[128.54,-19.26],[128.78,-19.25],[129.2,-18.94],[129.24,-18.63],[129.25,-18.43],[129.28,-18.22],[129.2,-17.93],[128.94,-17.76],[128.8,-17.63],[128.59,-17.55],[128.38,-17.54],[128.22,-17.58],[128.12,-17.81],[127.62,-18.07],[127.42,-18.3],[126.86,-18.39],[126.72,-18.67]]]},"properties":{"NAME":"Jaru","SUBJECTO":"Jaru","PARTOF":"Jaru"}},
{"type":"Feature","geometry":{"type":"Polygon","coordinates":[[[129.85,-14.12],[129.85,-14.27],[129.87,-14.36],[129.99,-14.41],[129.99,-14.43],[130.01,-14.46],[130.04,-14.46],[130.04,-14.41],[130,-14.34],[130.11,-14.17],[130.11,-14.12],[130.04,-14.09],[129.93,-14.08],[129.87,-14.09],[129.85,-14.12]]]},"properties":{"NAME":"Ngan’gikurunggurr","SUBJECTO":"Ngan’gikurunggurr","PARTOF":"Ngan’gikurunggurr"}},
{"type":"Feature","geometry":{"type":"Polygon","coordinates":[[[143.52,-33.62],[143.47,-33.7],[143.87,-33.93],[144.09,-34.11],[144.29,-34.19],[144.56,-34.15],[144.61,-34.1],[144.7,-34.04],[144.78,-34],[144.85,-33.93],[144.95,-33.83],[145.18,-33.75],[145.21,-33.54],[144.69,-33.17],[144.43,-33.02],[144.26,-32.93],[144.12,-33.02],[143.67,-33.44],[143.52,-33.62]]]},"properties":{"NAME":"Yitha Yitha","SUBJECTO":"Yitha Yitha","PARTOF":"Yitha Yitha"}},
{"type":"Feature","geometry":{"type":"Polygon","coordinates":[[[142.6,-13.07],[142.45,-13.06],[142.34,-13.05],[142.21,-12.81],[142.15,-12.81],[142.09,-12.83],[142.05,-12.88],[142.04,-12.91],[141.99,-12.98],[141.99,-13.07],[141.97,-13.17],[141.98,-13.22],[142.68,-13.12],[142.6,-13.07]]]},"properties":{"NAME":"Mbeiwum","SUBJECTO":"Mbeiwum","PARTOF":"Mbeiwum"}},
{"type":"Feature","geometry":{"type":"Polygon","coordinates":[[[132.21,-12.8],[132.24,-12.58],[132.22,-12.34],[131.82,-12.37],[131.63,-12.39],[131.61,-12.91],[131.72,-12.95],[132.21,-12.8]]]},"properties":{"NAME":"Limilngan","SUBJECTO":"Limilngan","PARTOF":"Limilngan"}},
{"type":"Feature","geometry":{"type":"Polygon","coordinates":[[[118.69,-28.56],[118.22,-28.3],[117.89,-28.35],[116.31,-29.21],[116.52,-29.6],[116.95,-30.12],[117.92,-30.67],[118.09,-30.74],[118.27,-30.91],[118.35,-31.07],[118.87,-31.53],[119.92,-32.18],[120.17,-31.89],[120.42,-31.64],[120.7,-31.41],[120.96,-31.25],[121.22,-31.11],[120.74,-30.63],[120,-29.32],[118.69,-28.56]]]},"properties":{"NAME":"Kalaamaya","SUBJECTO":"Kalaamaya","PARTOF":"Kalaamaya"}},
{"type":"Feature","geometry":{"type":"Polygon","coordinates":[[[115.89,-22.62],[115.75,-22.81],[115.7,-22.91],[115.87,-23],[116.21,-23.2],[116.55,-23.38],[116.88,-23.53],[117.36,-23.75],[117.66,-23.87],[117.78,-23.76],[117.82,-23.58],[117.72,-23.47],[117.33,-23.37],[117.1,-23.31],[116.86,-23.21],[116.67,-23.09],[116.46,-22.97],[116.09,-22.8],[115.96,-22.64],[115.89,-22.62]]]},"properties":{"NAME":"Jiwarli","SUBJECTO":"Jiwarli","PARTOF":"Jiwarli"}},
{"type":"Feature","geometry":{"type":"Polygon","coordinates":[[[125.11,-15.21],[125.08,-15.31],[125.29,-15.25],[125.38,-15.46],[125.6,-15.67],[125.67,-15.75],[125.74,-15.83],[125.83,-15.67],[125.89,-15.52],[126,-14.81],[126,-14.65],[126,-14.54],[125.97,-14.48],[125.86,-14.69],[125.5,-14.68],[125.16,-14.8],[125.11,-15.21]]]},"properties":{"NAME":"Wunambul","SUBJECTO":"Wunambul","PARTOF":"Wunambul"}},
{"type":"Feature","geometry":{"type":"Polygon","coordinates":[[[139.21,-21.5],[139.21,-21.71],[139.24,-22.17],[139.38,-22.07],[139.58,-22.15],[139.77,-22.18],[140.28,-22.24],[140.31,-22.04],[140.3,-21.92],[140.38,-21.75],[140.28,-21.73],[139.79,-21.46],[139.48,-21.46],[139.21,-21.5]]]},"properties":{"NAME":"Yalarrnga","SUBJECTO":"Yalarrnga","PARTOF":"Yalarrnga"}},
{"type":"Feature","geometry":{"type":"Polygon","coordinates":[[[130.98,-17.55],[130.98,-17.83],[130.99,-17.91],[131.41,-17.95],[131.55,-17.98],[131.76,-17.99],[132.47,-17.77],[132.75,-17.74],[132.88,-17.74],[133.03,-17.73],[133.26,-17.72],[133.38,-17.64],[133.5,-17.31],[133.41,-16.96],[133.42,-16.56],[133.39,-16.41],[133.19,-16.49],[132.63,-16.42],[132.43,-16.16],[132.23,-16.31],[131.93,-16.44],[130.98,-17.55]]]},"properties":{"NAME":"Mudburra","SUBJECTO":"Mudburra","PARTOF":"Mudburra"}},
{"type":"Feature","geometry":{"type":"Polygon","coordinates":[[[135.78,-35.11],[136.65,-34.12],[136.8,-33.95],[136.55,-33.85],[136.15,-33.62],[135.97,-33.17],[135.76,-33.05],[135.47,-32.85],[135.42,-32.77],[135.24,-32.56],[135.07,-32.45],[134.89,-32.33],[134.26,-32.88],[134.24,-33.27],[134.42,-33.29],[135.15,-34.05],[135.6,-35.11],[135.78,-35.11]]]},"properties":{"NAME":"Nawu","SUBJECTO":"Nawu","PARTOF":"Nawu"}},
{"type":"Feature","geometry":{"type":"Polygon","coordinates":[[[134.68,-13.94],[134.92,-13.86],[135.14,-13.8],[135.3,-13.62],[135.37,-13.52],[135.22,-13.2],[135.09,-13.1],[135.01,-13.06],[134.79,-13.07],[134.41,-13.27],[134.33,-13.42],[134.68,-13.94]]]},"properties":{"NAME":"Ngalkbun","SUBJECTO":"Ngalkbun","PARTOF":"Ngalkbun"}},
{"type":"Feature","geometry":{"type":"Polygon","coordinates":[[[139.58,-24.65],[139.41,-25.04],[139.35,-25.23],[139.24,-25.33],[139.64,-25.23],[139.94,-25.27],[140.49,-25.47],[140.65,-25.57],[140.71,-25.49],[140.78,-25.29],[140.82,-24.92],[140.71,-24.7],[140.61,-24.43],[140.6,-24.38],[140.32,-24.47],[139.97,-24.55],[139.71,-24.62],[139.58,-24.65]]]},"properties":{"NAME":"Mithaka","SUBJECTO":"Mithaka","PARTOF":"Mithaka"}},
{"type":"Feature","geometry":{"type":"Polygon","coordinates":[[[149.2,-23.85],[149.08,-24.1],[149.03,-24.34],[148.99,-24.59],[148.99,-25.12],[149.05,-25.2],[149.2,-25.17],[149.56,-25.1],[149.94,-24.95],[149.94,-24.87],[149.88,-24.59],[149.59,-23.97],[149.23,-23.79],[149.2,-23.85]]]},"properties":{"NAME":"Wadjigu","SUBJECTO":"Wadjigu","PARTOF":"Wadjigu"}},
{"type":"Feature","geometry":{"type":"Polygon","coordinates":[[[137.83,-33.02],[137.87,-32.75],[138.17,-33.19],[138.15,-33.36],[138.21,-33.34],[138.38,-33.29],[138.41,-33.28],[138.44,-32.84],[138.36,-32.54],[138.21,-32.31],[138.13,-32.25],[137.61,-32.49],[137.61,-32.8],[137.7,-32.95],[137.8,-33.01],[137.83,-33.02]]]},"properties":{"NAME":"Nukunu","SUBJECTO":"Nukunu","PARTOF":"Nukunu"}},
{"type":"Feature","geometry":{"type":"Polygon","coordinates":[[[143.29,-28.8],[143.39,-29.66],[143.29,-29.95],[143.26,-30.43],[143.26,-30.76],[143.27,-31.22],[143.55,-31.53],[143.87,-31.61],[144.38,-31.63],[144.8,-31.54],[145.25,-30.92],[144.99,-30.44],[144.99,-30.18],[145.03,-29.76],[145.1,-29.48],[145.38,-29.12],[145.48,-28.9],[145.04,-28.85],[144.48,-28.75],[143.92,-28.75],[143.5,-28.73],[143.29,-28.8]]]},"properties":{"NAME":"Barundji","SUBJECTO":"Barundji","PARTOF":"Barundji"}},
{"type":"Feature","geometry":{"type":"Polygon","coordinates":[[[152.76,-25.42],[152.68,-25.4],[152.6,-25.53],[152.68,-26.06],[152.99,-25.94],[152.9,-25.63],[152.76,-25.42]]]},"properties":{"NAME":"Badtjala","SUBJECTO":"Badtjala","PARTOF":"Badtjala"}},
{"type":"Feature","geometry":{"type":"Polygon","coordinates":[[[118.57,-24.34],[118.58,-24.45],[119.4,-24.84],[119.65,-25.02],[119.78,-24.99],[119.98,-24.09],[119.87,-23.82],[119.7,-23.56],[119.6,-23.44],[119.19,-23.38],[118.98,-23.43],[118.79,-23.58],[118.57,-24.34]]]},"properties":{"NAME":"Ngalawangka","SUBJECTO":"Ngalawangka","PARTOF":"Ngalawangka"}},
{"type":"Feature","geometry":{"type":"Polygon","coordinates":[[[142.47,-24.16],[142.24,-24.43],[142.04,-24.86],[141.38,-25.56],[141.26,-25.92],[141.06,-26.22],[141.2,-26.39],[141.68,-26.69],[141.95,-26.96],[142.71,-26.51],[143.53,-25.6],[143.75,-25.41],[143.76,-25.26],[143.28,-24.75],[142.89,-24.27],[142.53,-24.15],[142.47,-24.16]]]},"properties":{"NAME":"Birria","SUBJECTO":"Birria","PARTOF":"Birria"}},
{"type":"Feature","geometry":{"type":"Polygon","coordinates":[[[122.84,-18.54],[122.74,-19],[122.88,-19.18],[123.05,-19.29],[123.37,-19.67],[123.6,-20.14],[123.84,-20.68],[124.38,-20.66],[124.85,-20.3],[125,-20.15],[125.11,-19.88],[124.8,-18.96],[124.8,-18.78],[124.86,-18.7],[124.86,-18.59],[124.7,-18.56],[124.59,-18.35],[124.46,-18.25],[124.35,-18.21],[124.15,-18.34],[123.88,-18.8],[123.32,-18.44],[123.14,-18.44],[122.93,-18.45],[122.84,-18.54]]]},"properties":{"NAME":"Mangala","SUBJECTO":"Mangala","PARTOF":"Mangala"}},
{"type":"Feature","geometry":{"type":"Polygon","coordinates":[[[132.89,-12.77],[132.84,-12.66],[132.77,-12.65],[132.65,-12.67],[132.64,-12.73],[132.69,-12.8],[132.82,-12.85],[132.89,-12.77]]]},"properties":{"NAME":"Bukurnidja","SUBJECTO":"Bukurnidja","PARTOF":"Bukurnidja"}},
{"type":"Feature","geometry":{"type":"Polygon","coordinates":[[[120.22,-29.4],[120.99,-30.73],[121.07,-31.1],[121.62,-31.1],[122.28,-31.04],[122.81,-30.98],[123.35,-30.92],[123.55,-30.95],[123.59,-30.7],[123.55,-30.26],[122.76,-28.87],[122.74,-28.75],[122.54,-28.65],[122.3,-28.7],[122.1,-28.77],[121.85,-28.84],[119.87,-28.85],[119.73,-28.97],[120.22,-29.4]]]},"properties":{"NAME":"Wangkathaa","SUBJECTO":"Wangkathaa","PARTOF":"Wangkathaa"}},
{"type":"Feature","geometry":{"type":"Polygon","coordinates":[[[137.76,-33],[137.77,-32.94],[137.66,-32.79],[137.65,-32.5],[138.14,-32.28],[138.4,-32.19],[138.49,-32.15],[138.65,-32.12],[138.84,-32.03],[138.65,-31.73],[138.48,-31.66],[138.37,-31.58],[137.79,-31.28],[137.6,-31.23],[137.59,-31.16],[137.46,-31.16],[136.65,-31.69],[136.28,-31.75],[136.09,-31.76],[135.94,-31.8],[135.7,-31.86],[135.11,-32.11],[135,-32.23],[134.92,-32.36],[135.01,-32.48],[135.37,-32.75],[135.52,-32.89],[135.79,-33.14],[135.94,-33.31],[136.01,-33.51],[136.49,-33.96],[136.7,-33.96],[136.92,-33.93],[137.76,-33]]]},"properties":{"NAME":"Banggarla","SUBJECTO":"Banggarla","PARTOF":"Banggarla"}},
{"type":"Feature","geometry":{"type":"Polygon","coordinates":[[[149.2,-36.19],[149.19,-35.69],[149.26,-35.6],[149.37,-35.54],[149.43,-35.5],[149.47,-35.43],[149.49,-35.38],[149.49,-35.32],[149.46,-35.26],[149.45,-35.24],[149.41,-35.2],[149.39,-35.13],[149.38,-35.08],[149.38,-35.05],[149.39,-35],[149.39,-34.98],[149.35,-34.98],[149.31,-34.98],[149.26,-34.97],[149.24,-34.97],[149.06,-34.88],[149.05,-34.88],[149.04,-34.88],[149.01,-34.87],[148.96,-34.88],[148.95,-34.83],[148.59,-35.01],[148.57,-35.08],[148.57,-35.13],[148.56,-35.19],[148.57,-35.25],[148.57,-35.29],[148.58,-35.39],[148.5,-35.84],[149.2,-36.19]]]},"properties":{"NAME":"Ngambri","SUBJECTO":"Ngambri","PARTOF":"Ngambri"}},
{"type":"Feature","geometry":{"type":"Polygon","coordinates":[[[140.89,-22.43],[140.68,-22.77],[140.52,-23.28],[140.54,-23.57],[140.53,-23.92],[140.83,-23.99],[141.37,-24.13],[142.21,-24.08],[142.36,-24.17],[142.56,-24.31],[142.94,-24.57],[143.15,-24.39],[143.32,-23.99],[143.45,-23.81],[143.43,-23.56],[143.26,-23.14],[143.26,-22.84],[143.25,-22.52],[142.95,-22.52],[142.1,-22.82],[141.59,-22.57],[141.27,-22.35],[141.01,-22.27],[140.89,-22.43]]]},"properties":{"NAME":"Maiawali","SUBJECTO":"Maiawali","PARTOF":"Maiawali"}},
{"type":"Feature","geometry":{"type":"Polygon","coordinates":[[[136.75,-17.22],[136.72,-17.61],[136.71,-17.9],[136.74,-18.12],[136.94,-18.3],[137.22,-18.38],[137.47,-18.46],[137.8,-18.51],[138.14,-18.52],[138.41,-18.24],[138.41,-18],[138.32,-17.76],[138.19,-17.6],[137.97,-17.53],[137.65,-17.43],[137.15,-17.3],[136.75,-17.22]]]},"properties":{"NAME":"Waanyi","SUBJECTO":"Waanyi","PARTOF":"Waanyi"}},
{"type":"Feature","geometry":{"type":"Polygon","coordinates":[[[140.11,-30.21],[140.31,-30.21],[141.51,-29.77],[141.85,-29.76],[142.03,-29.76],[142.14,-29.76],[142.14,-29.52],[142.13,-29.26],[142.1,-28.69],[142.12,-28.41],[142.12,-28.36],[141.99,-28.36],[141.65,-28.55],[141.16,-28.7],[140.95,-28.82],[140.99,-28.92],[141.03,-29.05],[140.82,-29.61],[140.25,-29.86],[140.19,-30.05],[140.11,-30.21]]]},"properties":{"NAME":"Wadigali","SUBJECTO":"Wadigali","PARTOF":"Wadigali"}},
{"type":"Feature","geometry":{"type":"Polygon","coordinates":[[[151.57,-33.22],[151.6,-33.19],[151.52,-33.18],[151.43,-33.16],[151.32,-33.14],[151.25,-33.14],[151.14,-33.12],[151.09,-33.19],[151.1,-33.29],[151.1,-33.34],[151.08,-33.45],[151,-33.65],[151,-33.73],[151.03,-33.74],[151.1,-33.77],[151.19,-33.78],[151.31,-33.77],[151.57,-33.22]]]},"properties":{"NAME":"Guringai","SUBJECTO":"Guringai","PARTOF":"Guringai"}},
{"type":"Feature","geometry":{"type":"Polygon","coordinates":[[[114.7,-24.06],[115.09,-24.46],[115.09,-24.7],[115.08,-24.8],[115,-25.03],[115.2,-25.08],[115.34,-25.09],[115.42,-24.89],[115.48,-24.7],[115.52,-24.62],[115.64,-24.22],[115.77,-24],[115.82,-23.81],[115.82,-23.76],[115.72,-23.72],[115.44,-23.67],[115.05,-23.42],[114.92,-23.4],[114.79,-23.35],[114.68,-23.32],[114.65,-23.54],[114.52,-23.88],[114.52,-24.03],[114.7,-24.06]]]},"properties":{"NAME":"Tharrgari","SUBJECTO":"Tharrgari","PARTOF":"Tharrgari"}},
{"type":"Feature","geometry":{"type":"Polygon","coordinates":[[[145.28,-17.33],[144.95,-17.35],[144.76,-17.4],[144.65,-17.43],[144.66,-17.48],[144.73,-17.52],[144.82,-17.58],[145.13,-17.6],[145.22,-17.56],[145.29,-17.45],[145.28,-17.33]]]},"properties":{"NAME":"Mbabaram","SUBJECTO":"Mbabaram","PARTOF":"Mbabaram"}},
{"type":"Feature","geometry":{"type":"Polygon","coordinates":[[[124.53,-16.33],[124.61,-16.38],[124.62,-16.37],[124.81,-16.37],[124.89,-16.15],[124.85,-16.02],[124.93,-15.89],[125.73,-15.98],[125.82,-15.96],[125.82,-15.88],[125.77,-15.76],[125.61,-15.59],[125.41,-15.46],[125.36,-15.22],[125.1,-15.26],[125.06,-15.42],[125.11,-15.62],[124.42,-15.66],[124.53,-16.33]]]},"properties":{"NAME":"Worora","SUBJECTO":"Worora","PARTOF":"Worora"}},
{"type":"Feature","geometry":{"type":"Polygon","coordinates":[[[151.2,-23.94],[151.17,-23.92],[150.94,-24.05],[150.7,-24.17],[150.72,-24.3],[150.74,-24.4],[150.74,-24.53],[150.67,-24.71],[150.62,-24.76],[150.6,-24.93],[150.61,-25.12],[150.71,-25.6],[150.82,-25.73],[151.02,-25.53],[151.47,-25.07],[151.77,-25.15],[151.86,-25.17],[152.15,-25.14],[152.4,-25.05],[152.4,-24.95],[152.32,-24.82],[152.07,-24.74],[151.73,-24.16],[151.2,-23.94]]]},"properties":{"NAME":"Gureng Gureng","SUBJECTO":"Gureng Gureng","PARTOF":"Gureng Gureng"}},
{"type":"Feature","geometry":{"type":"Polygon","coordinates":[[[136.65,-20.94],[136.91,-21.7],[137.33,-21.74],[137.68,-21.74],[137.97,-21.74],[138.93,-21.27],[139.09,-21],[139.04,-20.61],[138.91,-20.37],[138.49,-20.37],[137.48,-20.8],[136.85,-20.76],[136.74,-20.88],[136.65,-20.94]]]},"properties":{"NAME":"Bularnu","SUBJECTO":"Bularnu","PARTOF":"Bularnu"}},
{"type":"Feature","geometry":{"type":"Polygon","coordinates":[[[123.56,-17.21],[123.52,-17.5],[123.43,-17.69],[123.17,-17.86],[123.06,-18.04],[123,-18.27],[122.89,-18.45],[123.06,-18.55],[123.23,-18.43],[123.35,-18.49],[123.6,-18.72],[123.94,-18.89],[124.17,-18.34],[124.37,-18.21],[124.56,-18.35],[124.64,-18.59],[124.71,-18.62],[124.84,-18.62],[125.02,-18.57],[125.37,-18.53],[125.56,-18.35],[125.66,-18.24],[125.74,-18.12],[125.65,-18.07],[125.48,-17.91],[125.4,-17.77],[125.35,-17.67],[125.28,-17.54],[125.21,-17.44],[125.05,-17.4],[124.7,-17.42],[124.55,-17.42],[124.4,-17.4],[123.86,-17.32],[123.67,-17.24],[123.57,-17.17],[123.56,-17.21]]]},"properties":{"NAME":"Nyikina","SUBJECTO":"Nyikina","PARTOF":"Nyikina"}},
{"type":"Feature","geometry":{"type":"Polygon","coordinates":[[[143.45,-37.05],[143.26,-37.04],[142.95,-37.06],[142.73,-37.06],[142.58,-37.05],[142.5,-37.09],[142.49,-37.46],[142.11,-37.49],[141.94,-37.58],[141.89,-37.68],[141.91,-37.77],[142.37,-37.97],[142.59,-38.02],[142.76,-37.99],[142.86,-37.8],[142.99,-37.71],[143.06,-37.62],[143,-37.53],[143.1,-37.4],[143.23,-37.29],[143.38,-37.16],[143.45,-37.05]]]},"properties":{"NAME":"Djabwurung","SUBJECTO":"Djabwurung","PARTOF":"Djabwurung"}},
{"type":"Feature","geometry":{"type":"Polygon","coordinates":[[[123.58,-16.39],[123.55,-16.7],[123.99,-16.82],[123.58,-16.39]]]},"properties":{"NAME":"Unggarangi","SUBJECTO":"Unggarangi","PARTOF":"Unggarangi"}},
{"type":"Feature","geometry":{"type":"Polygon","coordinates":[[[123.5,-17.32],[123.06,-16.94],[122.93,-16.99],[122.84,-17.1],[122.81,-17.26],[122.8,-17.41],[122.81,-17.62],[122.84,-17.84],[122.92,-18],[123.09,-18.08],[123.55,-17.64],[123.58,-17.57],[123.57,-17.49],[123.53,-17.38],[123.5,-17.32]]]},"properties":{"NAME":"Nimanburu","SUBJECTO":"Nimanburu","PARTOF":"Nimanburu"}},
{"type":"Feature","geometry":{"type":"Polygon","coordinates":[[[138.26,-16.84],[137.69,-16.42],[137.06,-16.17],[136.88,-16.12],[136.61,-16.09],[136.55,-16.35],[136.54,-16.78],[136.56,-16.97],[136.56,-17.14],[136.68,-17.24],[136.82,-17.29],[136.94,-17.3],[137.36,-17.48],[137.74,-17.52],[137.86,-17.64],[138.11,-17.56],[138.29,-16.93],[138.32,-16.86],[138.26,-16.84]]]},"properties":{"NAME":"Garawa","SUBJECTO":"Garawa","PARTOF":"Garawa"}},
{"type":"Feature","geometry":{"type":"Polygon","coordinates":[[[142.61,-30.9],[142.35,-30.98],[142.28,-31.13],[142.28,-31.31],[142.33,-31.41],[142.59,-31.41],[142.87,-31.41],[143.17,-31.38],[143.43,-31.38],[143.33,-30.86],[143.17,-30.83],[142.72,-30.85],[142.61,-30.9]]]},"properties":{"NAME":"Wandjiwalgu","SUBJECTO":"Wandjiwalgu","PARTOF":"Wandjiwalgu"}},
{"type":"Feature","geometry":{"type":"Polygon","coordinates":[[[137.8,-18.44],[137.7,-18.8],[137.59,-19.19],[137.47,-19.46],[137.47,-19.77],[138.11,-19.83],[138.69,-20.1],[138.74,-20.32],[139.06,-20.4],[139.55,-20.24],[139.9,-20.23],[140.06,-20.16],[139.76,-19.83],[139.46,-19.41],[139.14,-19.09],[138.16,-18.55],[137.8,-18.44]]]},"properties":{"NAME":"Wakabunga","SUBJECTO":"Wakabunga","PARTOF":"Wakabunga"}},
{"type":"Feature","geometry":{"type":"Polygon","coordinates":[[[130.67,-27.46],[130.44,-27.64],[130.22,-27.85],[129.85,-28.26],[129.83,-28.63],[129.99,-29.47],[130.3,-29.75],[130.66,-29.95],[131.02,-30.12],[131.44,-30.25],[131.85,-30.37],[133.23,-30.5],[134.95,-31.08],[135.87,-31.6],[136.03,-31.8],[136.19,-31.88],[137.08,-31.63],[137.47,-31.31],[137.72,-31.11],[137.47,-30.37],[136.79,-29.88],[136.58,-29.6],[136.42,-29.52],[135.38,-29.59],[134.71,-29.02],[134.35,-28.85],[134.11,-28.69],[133.63,-28.55],[133.56,-28.43],[133.26,-28.31],[132.92,-28.34],[132.6,-28.4],[132.12,-28.4],[131.72,-28.25],[131.28,-28.04],[130.98,-27.77],[130.78,-27.54],[130.67,-27.46]]]},"properties":{"NAME":"Kokatha","SUBJECTO":"Kokatha","PARTOF":"Kokatha"}},
{"type":"Feature","geometry":{"type":"Polygon","coordinates":[[[141.99,-13.07],[141.59,-13.15],[141.62,-13.35],[141.62,-13.45],[141.65,-13.54],[141.89,-13.53],[141.96,-13.33],[141.97,-13.23],[141.98,-13.15],[141.99,-13.07]]]},"properties":{"NAME":"Winda Winda","SUBJECTO":"Winda Winda","PARTOF":"Winda Winda"}},
{"type":"Feature","geometry":{"type":"Polygon","coordinates":[[[145.13,-26.8],[145.11,-26.47],[144.62,-26.57],[143.85,-26.59],[143.52,-26.62],[143.46,-26.87],[143.47,-27.36],[143.61,-27.83],[143.76,-27.91],[143.93,-27.96],[144.2,-27.98],[144.52,-28.03],[144.77,-28.06],[144.94,-28.09],[145.27,-27.96],[145.34,-27.64],[145.24,-27.39],[145.13,-26.8]]]},"properties":{"NAME":"Margany","SUBJECTO":"Margany","PARTOF":"Margany"}},
{"type":"Feature","geometry":{"type":"Polygon","coordinates":[[[134.04,-12.06],[133.73,-11.99],[133.85,-12.19],[133.9,-12.21],[134.04,-12.29],[134.04,-12.06]]]},"properties":{"NAME":"Gunbalang","SUBJECTO":"Gunbalang","PARTOF":"Gunbalang"}},
{"type":"Feature","geometry":{"type":"Polygon","coordinates":[[[118.42,-28.37],[118.55,-28.29],[118.63,-28.2],[118.73,-28.1],[118.7,-27.94],[118.69,-27.9],[118.06,-27.2],[117.93,-27.16],[117.67,-27.19],[117.51,-27.45],[116.54,-27.99],[116.1,-28.31],[115.97,-28.48],[115.82,-28.57],[115.82,-28.61],[116.27,-29.27],[116.43,-29.21],[116.5,-29.17],[116.77,-29.05],[117.19,-28.84],[117.81,-28.47],[118.33,-28.4],[118.42,-28.37]]]},"properties":{"NAME":"Badimaya","SUBJECTO":"Badimaya","PARTOF":"Badimaya"}},
{"type":"Feature","geometry":{"type":"Polygon","coordinates":[[[130.98,-12.98],[130.47,-13.37],[131.17,-13.45],[131.52,-13.23],[130.98,-12.98]]]},"properties":{"NAME":"Kungarakany","SUBJECTO":"Kungarakany","PARTOF":"Kungarakany"}},
{"type":"Feature","geometry":{"type":"Polygon","coordinates":[[[133.8,-13.93],[133.63,-13.68],[133.54,-13.76],[133.45,-14.15],[133.46,-14.3],[133.56,-14.39],[134.03,-14.72],[134.26,-14.87],[134.7,-15.18],[134.9,-15.18],[134.97,-15.06],[134.99,-14.93],[134.93,-14.73],[134.81,-14.61],[133.8,-13.93]]]},"properties":{"NAME":"Ngalakan","SUBJECTO":"Ngalakan","PARTOF":"Ngalakan"}},
{"type":"Feature","geometry":{"type":"Polygon","coordinates":[[[124.22,-31.03],[124.43,-32.94],[126.01,-32.27],[127.31,-32.27],[128.9,-31.71],[131.02,-31.55],[131.11,-31.46],[131.24,-30.81],[131.03,-30.77],[128.69,-30.34],[127.13,-30.37],[126.36,-30.38],[125.19,-30.65],[124.22,-31.03]]]},"properties":{"NAME":"Mirning","SUBJECTO":"Mirning","PARTOF":"Mirning"}},
{"type":"Feature","geometry":{"type":"Polygon","coordinates":[[[152.31,-32.7],[152.45,-32.51],[152.54,-32.21],[152.58,-32.14],[152.53,-32.08],[151.82,-32.01],[151.72,-32.11],[151.61,-32.27],[151.56,-32.5],[151.5,-32.63],[151.54,-32.76],[151.69,-32.8],[151.83,-32.85],[152.01,-32.84],[152.31,-32.7]]]},"properties":{"NAME":"Worimi","SUBJECTO":"Worimi","PARTOF":"Worimi"}},
{"type":"Feature","geometry":{"type":"Polygon","coordinates":[[[143.51,-15.95],[143.06,-15.96],[142.66,-16.11],[142.68,-16.35],[142.79,-16.44],[143.31,-16.64],[143.48,-16.68],[143.62,-16.7],[143.87,-16.56],[143.92,-16.39],[143.98,-16.27],[143.98,-16.2],[143.83,-16.1],[143.68,-16.04],[143.57,-16],[143.51,-15.95]]]},"properties":{"NAME":"Kokomini","SUBJECTO":"Kokomini","PARTOF":"Kokomini"}},
{"type":"Feature","geometry":{"type":"Polygon","coordinates":[[[135.49,-27.11],[135.22,-27.17],[135.01,-27.44],[134.63,-28.82],[134.53,-28.94],[134.65,-29.06],[134.87,-29.24],[134.97,-29.41],[135.41,-29.66],[136.43,-29.63],[136.65,-29.82],[136.92,-29.74],[137.27,-29.63],[137.25,-29.46],[136.9,-28.52],[136.89,-28.31],[136.9,-28.01],[136.9,-27.77],[136.71,-27.37],[136.38,-27.26],[135.92,-27.12],[135.49,-27.11]]]},"properties":{"NAME":"Arabana","SUBJECTO":"Arabana","PARTOF":"Arabana"}},
{"type":"Feature","geometry":{"type":"Polygon","coordinates":[[[135.74,-14.42],[135.96,-13.89],[135.83,-13.73],[135.83,-13.68],[135.75,-13.68],[135.46,-13.59],[135.38,-13.54],[135.3,-13.54],[135.26,-13.6],[135.25,-13.66],[135.27,-13.7],[135.33,-13.76],[135.4,-13.95],[135.51,-14.11],[135.53,-14.3],[135.49,-14.47],[135.65,-14.51],[135.74,-14.42]]]},"properties":{"NAME":"Nunggubuyu","SUBJECTO":"Nunggubuyu","PARTOF":"Nunggubuyu"}},
{"type":"Feature","geometry":{"type":"Polygon","coordinates":[[[131.01,-15.33],[130.91,-15.4],[130.68,-15.43],[130.5,-15.46],[130.36,-15.48],[130.38,-15.56],[130.41,-15.64],[130.43,-15.71],[130.64,-15.74],[131.06,-15.7],[131.29,-15.69],[131.42,-15.68],[131.43,-15.6],[131.39,-15.5],[131.25,-15.36],[131.12,-15.32],[131.06,-15.31],[131.01,-15.33]]]},"properties":{"NAME":"Nungali","SUBJECTO":"Nungali","PARTOF":"Nungali"}},
{"type":"Feature","geometry":{"type":"Polygon","coordinates":[[[147.57,-22.42],[147.37,-22.42],[147.22,-22.5],[147.15,-22.6],[147.1,-23.29],[147.19,-23.35],[147.74,-23.21],[147.88,-23.1],[147.97,-22.96],[148.07,-22.85],[147.98,-22.76],[147.88,-22.62],[147.76,-22.46],[147.6,-22.42],[147.57,-22.42]]]},"properties":{"NAME":"Wangan","SUBJECTO":"Wangan","PARTOF":"Wangan"}},
{"type":"Feature","geometry":{"type":"Polygon","coordinates":[[[148.54,-27.81],[149.41,-27.79],[149.5,-27.7],[149.56,-27.61],[149.63,-27.37],[149.63,-27.32],[149.63,-27.25],[149.63,-27.06],[149.65,-26.91],[149.65,-26.54],[149.67,-26.4],[149.46,-26.35],[149.4,-26.32],[148.72,-26.08],[148.61,-26.01],[148.4,-26.02],[148.34,-26.04],[148.32,-26.06],[148.3,-26.11],[148.3,-26.2],[148.31,-26.32],[148.32,-26.43],[148.37,-26.53],[148.45,-26.9],[148.51,-26.99],[148.57,-27.46],[148.54,-27.81]]]},"properties":{"NAME":"Mandandanji","SUBJECTO":"Mandandanji","PARTOF":"Mandandanji"}},
{"type":"Feature","geometry":{"type":"Polygon","coordinates":[[[140.9,-36.78],[141.03,-36.73],[141.12,-36.28],[140.94,-36.24],[140.19,-36.26],[140.08,-36.28],[140.1,-36.37],[140.1,-36.54],[140.13,-36.71],[140.18,-36.8],[140.3,-36.88],[140.66,-36.92],[140.79,-36.86],[140.9,-36.78]]]},"properties":{"NAME":"Bindjali","SUBJECTO":"Bindjali","PARTOF":"Bindjali"}},
{"type":"Feature","geometry":{"type":"Polygon","coordinates":[[[139.33,-17.93],[139.33,-18.82],[139.12,-19.21],[139.69,-19.97],[139.87,-20.15],[139.98,-20.19],[140.12,-19.8],[140.12,-18.75],[140,-18.22],[139.81,-17.99],[139.49,-17.91],[139.33,-17.93]]]},"properties":{"NAME":"Mayi-Kutuna","SUBJECTO":"Mayi-Kutuna","PARTOF":"Mayi-Kutuna"}},
{"type":"Feature","geometry":{"type":"Polygon","coordinates":[[[117.42,-21.1],[117.18,-21.03],[117.03,-21.04],[116.91,-21.28],[116.89,-21.34],[116.87,-21.44],[117.21,-21.79],[117.32,-21.83],[117.48,-21.91],[117.65,-21.98],[117.96,-22.13],[118.88,-22.38],[119.04,-22.23],[119.04,-22.1],[119.02,-21.94],[118.97,-21.8],[118.69,-21.65],[118.39,-21.55],[118.11,-21.43],[117.91,-21.27],[117.42,-21.1]]]},"properties":{"NAME":"Yindjibarndi","SUBJECTO":"Yindjibarndi","PARTOF":"Yindjibarndi"}},
{"type":"Feature","geometry":{"type":"Polygon","coordinates":[[[122.22,-18.19],[121.55,-18.77],[121.54,-18.81],[122.69,-19.06],[122.85,-18.95],[122.93,-18.56],[122.88,-18.45],[122.51,-18.26],[122.23,-18.19],[122.22,-18.19]]]},"properties":{"NAME":"Karajarri","SUBJECTO":"Karajarri","PARTOF":"Karajarri"}},
{"type":"Feature","geometry":{"type":"Polygon","coordinates":[[[150.36,-22.55],[150.13,-22.42],[150.19,-22.79],[149.58,-22.85],[149.4,-22.68],[149.34,-22.46],[149.29,-22.35],[149.11,-22.36],[148.88,-22.36],[148.8,-22.45],[149.03,-22.95],[149.19,-23.18],[149.32,-23.35],[149.67,-23.58],[149.92,-23.56],[150.15,-23.56],[150.33,-23.56],[150.42,-23.61],[150.49,-23.64],[150.54,-23.72],[150.64,-23.66],[150.78,-23.57],[150.8,-23.56],[150.75,-22.81],[150.36,-22.55]]]},"properties":{"NAME":"Darumbal","SUBJECTO":"Darumbal","PARTOF":"Darumbal"}},
{"type":"Feature","geometry":{"type":"Polygon","coordinates":[[[144.73,-38.08],[146.53,-39.18],[146.63,-38.88],[146.63,-38.87],[146.62,-38.69],[146.36,-38.68],[146.35,-38.32],[146.22,-38.3],[146,-38.26],[144.91,-37.76],[144.82,-37.84],[144.57,-37.89],[144.57,-38.01],[144.73,-38.08]]]},"properties":{"NAME":"Boonwurrung","SUBJECTO":"Boonwurrung","PARTOF":"Boonwurrung"}},
{"type":"Feature","geometry":{"type":"Polygon","coordinates":[[[140.35,-21.73],[140.22,-22.02],[140.22,-22.19],[140.34,-22.37],[140.72,-22.53],[140.98,-22.55],[141.05,-22.22],[141.02,-21.86],[140.82,-21.65],[140.61,-21.69],[140.35,-21.73]]]},"properties":{"NAME":"Yanda","SUBJECTO":"Yanda","PARTOF":"Yanda"}},
{"type":"Feature","geometry":{"type":"Polygon","coordinates":[[[144.65,-17.55],[144.49,-18.18],[144.48,-18.51],[144.49,-19.04],[144.43,-19.26],[144.27,-19.47],[144.16,-19.63],[144.15,-19.95],[144.12,-20.24],[144.12,-20.42],[144.09,-20.49],[144.9,-20.41],[145.28,-20.45],[145.56,-20.53],[145.84,-20.4],[146.34,-20.34],[146.6,-20.45],[146.93,-20.55],[147.06,-20.62],[147.22,-20.51],[147.27,-20.09],[147.21,-19.85],[146.81,-19.84],[146.85,-19.4],[146.67,-19.35],[146.5,-19.31],[146.35,-19.24],[145.96,-18.89],[145.85,-18.68],[145.69,-18.48],[145.52,-18.35],[145.4,-18.15],[145.36,-18.01],[145.34,-17.85],[145.28,-17.68],[145.17,-17.53],[144.91,-17.55],[144.65,-17.55]]]},"properties":{"NAME":"Gugu-Badhun","SUBJECTO":"Gugu-Badhun","PARTOF":"Gugu-Badhun"}},
{"type":"Feature","geometry":{"type":"Polygon","coordinates":[[[123.46,-33.99],[123.62,-33.92],[123.95,-33.48],[123.65,-33.14],[122.45,-33.02],[121.52,-32.78],[121.09,-32.78],[120.38,-33.01],[120.2,-33.08],[120.01,-33.16],[119.61,-33.14],[119.17,-33.14],[118.48,-33.11],[118.58,-33.28],[119.51,-34.34],[119.77,-34.12],[121.74,-33.96],[123.19,-34.04],[123.46,-33.99]]]},"properties":{"NAME":"Wudjari","SUBJECTO":"Wudjari","PARTOF":"Wudjari"}},
{"type":"Feature","geometry":{"type":"Polygon","coordinates":[[[131.39,-16.77],[131.4,-16.63],[131.2,-16.47],[130.98,-16.39],[130.83,-16.45],[130.74,-16.49],[130.73,-16.55],[130.3,-17.08],[130.26,-17.29],[130.26,-17.35],[130.5,-17.35],[130.81,-17.4],[130.97,-17.39],[131.39,-16.77]]]},"properties":{"NAME":"Bilinara","SUBJECTO":"Bilinara","PARTOF":"Bilinara"}},
{"type":"Feature","geometry":{"type":"Polygon","coordinates":[[[130.37,-13.37],[130.31,-13.39],[130.3,-13.44],[130.32,-13.46],[130.35,-13.46],[130.41,-13.4],[130.39,-13.38],[130.37,-13.37]]]},"properties":{"NAME":"Tjerratj","SUBJECTO":"Tjerratj","PARTOF":"Tjerratj"}},
{"type":"Feature","geometry":{"type":"Polygon","coordinates":[[[152.97,-31.42],[152.98,-31.27],[152.95,-31.25],[152.58,-31.26],[152,-31.09],[151.66,-31.06],[151.42,-31.05],[151.23,-31.15],[151.41,-31.49],[151.38,-31.58],[151.33,-31.63],[151.44,-31.66],[151.56,-31.74],[151.77,-32.04],[151.91,-32.14],[152.2,-32.14],[152.52,-32.16],[152.58,-32.14],[152.83,-31.77],[152.97,-31.42]]]},"properties":{"NAME":"Biripi","SUBJECTO":"Biripi","PARTOF":"Biripi"}},
{"type":"Feature","geometry":{"type":"Polygon","coordinates":[[[142.08,-28.42],[142.05,-28.67],[142.05,-29.29],[142.04,-29.53],[142.05,-29.72],[142.59,-29.78],[142.95,-29.81],[143.33,-29.79],[143.5,-29.76],[143.39,-29.05],[143.42,-28.78],[142.95,-28.73],[142.4,-28.59],[142.11,-28.36],[142.08,-28.42]]]},"properties":{"NAME":"Karenggapa","SUBJECTO":"Karenggapa","PARTOF":"Karenggapa"}},
{"type":"Feature","geometry":{"type":"Polygon","coordinates":[[[148.88,-26.09],[149.03,-26.1],[149.19,-25.89],[149.27,-25.6],[149.28,-25.23],[149.27,-25.14],[148.75,-25.22],[148.47,-25.26],[148.36,-25.31],[148.33,-25.59],[148.28,-25.85],[148.19,-26.13],[148.33,-26.11],[148.56,-26.05],[148.88,-26.09]]]},"properties":{"NAME":"Gungabula","SUBJECTO":"Gungabula","PARTOF":"Gungabula"}},
{"type":"Feature","geometry":{"type":"Polygon","coordinates":[[[142.82,-13.1],[142.82,-13.4],[142.78,-13.65],[142.81,-14.12],[142.86,-14.29],[142.99,-14.26],[143.27,-14.16],[143.34,-14.12],[143.36,-14.02],[143.4,-13.77],[143.42,-13.48],[143.42,-13.38],[143.34,-13.2],[143.19,-12.98],[143.11,-12.92],[142.94,-13.01],[142.82,-13.1]]]},"properties":{"NAME":"Kaantju","SUBJECTO":"Kaantju","PARTOF":"Kaantju"}},
{"type":"Feature","geometry":{"type":"Polygon","coordinates":[[[144.95,-32.6],[144.87,-32.88],[144.23,-32.86],[144.51,-33.19],[145.06,-33.56],[144.67,-33.89],[144.65,-34.2],[144.76,-34.63],[145,-34.98],[145.13,-35.26],[145.2,-35.73],[145.55,-35.92],[146.18,-36.08],[146.95,-36.12],[147.44,-36.08],[147.99,-36.08],[148.1,-35.64],[148.14,-35.34],[148.14,-34.98],[148.14,-34.69],[148.27,-34.45],[148.47,-34.34],[148.75,-34.31],[149.11,-34.25],[149.68,-34.09],[149.88,-33.8],[150.05,-32.99],[150.12,-32.73],[149.85,-32.25],[149.66,-32.03],[148.75,-31.67],[147.3,-31.67],[146.69,-31.78],[146.01,-32.03],[144.95,-32.6]]]},"properties":{"NAME":"Wiradjuri","SUBJECTO":"Wiradjuri","PARTOF":"Wiradjuri"}},
{"type":"Feature","geometry":{"type":"Polygon","coordinates":[[[146.95,-19.44],[146.63,-19.26],[146.63,-19.27],[146.95,-19.44]]]},"properties":{"NAME":"Wulgurukaba","SUBJECTO":"Wulgurukaba","PARTOF":"Wulgurukaba"}},
{"type":"Feature","geometry":{"type":"Polygon","coordinates":[[[138.13,-26.56],[138.27,-27.28],[138.41,-27.39],[138.56,-27.48],[139.11,-27.53],[139.57,-27.32],[139.87,-27.27],[140.06,-27.27],[140.31,-26.62],[140.36,-26.4],[140.41,-26.21],[140.2,-26.28],[139.78,-26.28],[139.47,-26.2],[139.13,-26.19],[138.89,-26.19],[138.22,-26.36],[138.07,-26.43],[138.13,-26.56]]]},"properties":{"NAME":"Ngamini","SUBJECTO":"Ngamini","PARTOF":"Ngamini"}},
{"type":"Feature","geometry":{"type":"Polygon","coordinates":[[[142.53,-38.47],[143.13,-38.71],[143.26,-38.73],[143.45,-38.57],[143.44,-38.5],[143.33,-38.47],[143.22,-38.45],[143.04,-38.4],[143.08,-38.05],[143.08,-37.91],[143.08,-37.81],[143.04,-37.69],[142.9,-37.69],[142.78,-37.77],[142.67,-37.97],[142.67,-38.04],[142.63,-38.16],[142.55,-38.37],[142.53,-38.47]]]},"properties":{"NAME":"Giraiwurung","SUBJECTO":"Giraiwurung","PARTOF":"Giraiwurung"}},
{"type":"Feature","geometry":{"type":"Polygon","coordinates":[[[143.11,-12.25],[143.1,-12.24],[142.91,-12.28],[142.78,-12.29],[142.77,-12.29],[142.79,-12.36],[142.84,-12.45],[142.87,-12.51],[142.92,-12.61],[142.97,-12.77],[142.97,-12.93],[142.97,-12.99],[142.98,-13.03],[143.11,-12.98],[143.22,-12.93],[143.36,-12.87],[143.38,-12.84],[143.37,-12.81],[143.29,-12.69],[142.97,-12.53],[143.11,-12.25]]]},"properties":{"NAME":"Kuuku-ya’u","SUBJECTO":"Kuuku-ya’u","PARTOF":"Kuuku-ya’u"}},
{"type":"Feature","geometry":{"type":"Polygon","coordinates":[[[121.33,-21.99],[121.15,-22.02],[121.08,-22.11],[121.12,-22.28],[121.12,-23.05],[121,-23.3],[120.95,-23.36],[120.97,-23.44],[121.95,-24.53],[122.26,-24.8],[122.84,-25.3],[122.91,-25.37],[122.98,-25.42],[124.27,-24.26],[125.26,-24.47],[125.61,-24.64],[126.16,-24.23],[128.01,-24.11],[127.83,-23.92],[127.43,-23.65],[127.05,-23.3],[126.56,-22.35],[126.31,-22.04],[125.99,-21.81],[125.39,-21.81],[125.21,-21.96],[124.09,-22.35],[123.61,-21.42],[123.41,-21.36],[123.17,-21.38],[122.54,-22.41],[121.33,-21.99]]]},"properties":{"NAME":"Mardu","SUBJECTO":"Mardu","PARTOF":"Mardu"}},
{"type":"Feature","geometry":{"type":"Polygon","coordinates":[[[119.35,-34.55],[119.46,-34.4],[119.16,-34.1],[118.67,-33.52],[118.44,-33.17],[117.86,-33.39],[117.45,-33.65],[117.65,-33.81],[117.67,-34.05],[118.57,-34.23],[118.92,-34.29],[119.35,-34.55]]]},"properties":{"NAME":"Goreng","SUBJECTO":"Goreng","PARTOF":"Goreng"}},
{"type":"Feature","geometry":{"type":"Polygon","coordinates":[[[133.41,-12.85],[133.45,-12.89],[133.52,-12.91],[133.58,-12.99],[133.7,-12.8],[133.91,-12.42],[133.96,-12.35],[134.01,-12.25],[133.76,-12],[133.45,-11.9],[133.17,-11.85],[133.1,-11.86],[133.05,-11.91],[133.01,-12.08],[133.32,-12.81],[133.41,-12.85]]]},"properties":{"NAME":"Gunwinggu","SUBJECTO":"Gunwinggu","PARTOF":"Gunwinggu"}},
{"type":"Feature","geometry":{"type":"Polygon","coordinates":[[[113.75,-25.32],[114.01,-25.71],[114.21,-25.77],[114.57,-25.77],[114.97,-25.73],[115.21,-25.72],[115.89,-25.69],[115.94,-25.35],[115.94,-25.26],[115.89,-25.29],[115.83,-25.21],[115.77,-25.17],[115.75,-25.18],[115.44,-25.01],[115.26,-24.97],[114.87,-24.92],[114.14,-24.67],[113.63,-24.78],[113.55,-24.88],[113.75,-25.32]]]},"properties":{"NAME":"Yinggarda","SUBJECTO":"Yinggarda","PARTOF":"Yinggarda"}},
{"type":"Feature","geometry":{"type":"Polygon","coordinates":[[[145.87,-17.19],[145.69,-16.93],[145.57,-17.21],[145.46,-17.26],[145.59,-17.31],[145.65,-17.34],[145.93,-17.47],[145.98,-17.47],[145.87,-17.19]]]},"properties":{"NAME":"Yidinjdji","SUBJECTO":"Yidinjdji","PARTOF":"Yidinjdji"}},
{"type":"Feature","geometry":{"type":"Polygon","coordinates":[[[136.16,-23.3],[136.1,-23.04],[134.32,-23.02],[133.84,-22.96],[133.22,-22.92],[132.63,-22.78],[132.54,-22.8],[132.28,-23.04],[132.03,-23.18],[132.03,-23.66],[132.87,-24.55],[133.24,-25.44],[133.77,-26.02],[134.17,-26.25],[135.07,-27.02],[135.37,-27.35],[135.88,-27.37],[136.19,-27.22],[136.19,-26.73],[136.27,-26.14],[136.27,-25.09],[136.16,-24.31],[136.16,-23.3]]]},"properties":{"NAME":"Arrernte","SUBJECTO":"Arrernte","PARTOF":"Arrernte"}},
{"type":"Feature","geometry":{"type":"Polygon","coordinates":[[[142.64,-11.09],[142.34,-10.92],[142.26,-11],[142.28,-11.03],[142.41,-11.09],[142.66,-11.14],[142.66,-11.32],[142.67,-11.48],[142.67,-11.6],[142.67,-11.72],[142.67,-11.78],[142.8,-11.76],[142.75,-11.32],[142.64,-11.09]]]},"properties":{"NAME":"Yadhaigana","SUBJECTO":"Yadhaigana","PARTOF":"Yadhaigana"}},
{"type":"Feature","geometry":{"type":"Polygon","coordinates":[[[138.74,-34.83],[138.55,-35.34],[138.58,-35.4],[138.98,-35.22],[139.16,-35.11],[139.19,-35.02],[139.22,-34.96],[139.24,-34.86],[139.23,-34.55],[139.22,-34.45],[139.13,-34.44],[138.99,-34.47],[138.85,-34.53],[138.77,-34.57],[138.71,-34.61],[138.74,-34.83]]]},"properties":{"NAME":"Peramangk","SUBJECTO":"Peramangk","PARTOF":"Peramangk"}},
{"type":"Feature","geometry":{"type":"Polygon","coordinates":[[[138.37,-24.58],[138.37,-24.78],[138.38,-25.01],[138.53,-25.66],[138.71,-25.94],[138.81,-25.96],[138.86,-26],[139.11,-25.68],[139.2,-25.55],[139.35,-25.25],[139.46,-25.07],[139.6,-24.67],[139.54,-24.46],[139.14,-24.02],[138.91,-23.44],[139.36,-22.3],[139.21,-22.15],[138.45,-22.11],[138.25,-22.65],[138.26,-23.29],[138.36,-23.64],[138.36,-23.92],[138.37,-24.58]]]},"properties":{"NAME":"Wangkamana","SUBJECTO":"Wangkamana","PARTOF":"Wangkamana"}},
{"type":"Feature","geometry":{"type":"Polygon","coordinates":[[[132.43,-12.75],[132.45,-12.6],[132.43,-12.32],[132.18,-12.34],[132.19,-12.77],[132.3,-12.79],[132.43,-12.75]]]},"properties":{"NAME":"Konbudj","SUBJECTO":"Konbudj","PARTOF":"Konbudj"}},
{"type":"Feature","geometry":{"type":"Polygon","coordinates":[[[147.13,-23.35],[147.19,-23.95],[147.24,-24.04],[147.37,-24.23],[147.61,-24.5],[147.81,-24.62],[148.12,-24.81],[148.47,-24.52],[148.63,-24.34],[148.74,-24.21],[148.61,-23.99],[148.57,-23.59],[148.53,-23.48],[148.21,-23.04],[148.08,-22.89],[148.01,-22.85],[147.83,-23.06],[147.67,-23.18],[147.37,-23.26],[147.13,-23.35]]]},"properties":{"NAME":"Gayiri","SUBJECTO":"Gayiri","PARTOF":"Gayiri"}},
{"type":"Feature","geometry":{"type":"Polygon","coordinates":[[[136.8,-27.74],[136.83,-28.72],[136.93,-29.01],[137.03,-29.28],[137.18,-29.66],[137.54,-29.57],[138.45,-29.6],[138.6,-29.17],[138.69,-28.48],[138.43,-28.13],[138.26,-27.86],[138.23,-27.77],[138.12,-27.61],[136.93,-27.66],[136.8,-27.74]]]},"properties":{"NAME":"Dhirari","SUBJECTO":"Dhirari","PARTOF":"Dhirari"}},
{"type":"Feature","geometry":{"type":"Polygon","coordinates":[[[123.95,-24.35],[122.94,-25.17],[122.76,-25.62],[122.78,-26.16],[122.89,-26.49],[123.16,-26.78],[123.73,-27.16],[124.17,-27.35],[124.37,-27.47],[124.49,-27.16],[124.53,-26.85],[124.88,-26.14],[125.49,-25.91],[126.38,-26.44],[126.84,-26.58],[127.31,-26.59],[127.43,-26.58],[127.08,-26.39],[126.87,-26.23],[126.36,-25.96],[125.9,-25.65],[125.58,-24.97],[125.58,-24.75],[125.51,-24.6],[125.24,-24.42],[124.26,-24.2],[123.95,-24.35]]]},"properties":{"NAME":"Ngaanyatjarra","SUBJECTO":"Ngaanyatjarra","PARTOF":"Ngaanyatjarra"}},
{"type":"Feature","geometry":{"type":"Polygon","coordinates":[[[148.71,-20.84],[148.69,-20.83],[148.58,-20.89],[148.65,-20.97],[148.71,-21.1],[148.91,-21.38],[148.95,-21.51],[148.99,-21.6],[149.04,-21.67],[149.2,-21.61],[149.29,-21.58],[149.2,-21.31],[149.1,-21.06],[148.71,-20.84]]]},"properties":{"NAME":"Yuwi","SUBJECTO":"Yuwi","PARTOF":"Yuwi"}},
{"type":"Feature","geometry":{"type":"Polygon","coordinates":[[[124.85,-16.53],[125.62,-17.12],[125.77,-17],[125.86,-16.93],[125.94,-16.84],[126.53,-16.9],[127.08,-16],[127.3,-16],[127.52,-16],[127.74,-15.98],[128.02,-15.82],[128.11,-15.65],[128.12,-15.52],[128.02,-15.42],[127.83,-15.56],[127.72,-15.46],[127.72,-15.29],[127.62,-15.2],[127.44,-15.18],[127.38,-14.7],[127.28,-14.45],[126.99,-14.38],[126.69,-14.38],[126.05,-14.64],[125.95,-14.87],[125.9,-15.31],[125.85,-15.51],[125.73,-15.77],[125.56,-15.85],[125,-15.79],[124.82,-15.94],[124.78,-16.24],[124.8,-16.5],[124.85,-16.53]]]},"properties":{"NAME":"Ngarinyin","SUBJECTO":"Ngarinyin","PARTOF":"Ngarinyin"}},
{"type":"Feature","geometry":{"type":"Polygon","coordinates":[[[152.89,-27.48],[152.98,-27.28],[152.85,-27.23],[152.81,-27.29],[152.89,-27.48]]]},"properties":{"NAME":"Turrbal","SUBJECTO":"Turrbal","PARTOF":"Turrbal"}},
{"type":"Feature","geometry":{"type":"Polygon","coordinates":[[[127.41,-16.08],[127.32,-16.67],[127.5,-17.2],[127.34,-17.33],[126.45,-17.69],[126.22,-17.73],[126.06,-17.93],[125.94,-18.06],[126.49,-18.14],[126.74,-18.48],[126.89,-18.48],[127.03,-18.47],[127.55,-18.26],[128.06,-17.94],[128.23,-17.72],[128.3,-17.55],[128.43,-17.56],[128.78,-17.66],[128.88,-17.78],[128.98,-17.81],[129.06,-17.85],[129.02,-17.62],[128.89,-17.17],[128.8,-16.7],[128.9,-16.65],[129.11,-16.63],[129.27,-16.63],[129.34,-16.46],[129.29,-16.34],[129.22,-16.27],[129.01,-16.14],[128.08,-15.88],[127.8,-15.87],[127.55,-15.97],[127.41,-16.08]]]},"properties":{"NAME":"Kija","SUBJECTO":"Kija","PARTOF":"Kija"}},
{"type":"Feature","geometry":{"type":"Polygon","coordinates":[[[131.34,-13.63],[131.31,-13.72],[131.15,-13.77],[130.91,-13.78],[130.86,-13.81],[130.86,-13.9],[130.88,-14.02],[130.91,-14.18],[130.79,-14.4],[130.55,-14.48],[130.39,-14.49],[130.34,-14.51],[130.34,-14.57],[130.35,-14.67],[130.35,-14.75],[130.42,-14.76],[130.63,-14.75],[130.85,-14.76],[130.96,-14.8],[131.01,-14.84],[131.18,-14.81],[131.31,-14.79],[131.67,-14.65],[131.97,-14.65],[132,-14.54],[131.92,-14.45],[131.98,-14.37],[132,-13.98],[131.34,-13.63]]]},"properties":{"NAME":"Wagiman","SUBJECTO":"Wagiman","PARTOF":"Wagiman"}},
{"type":"Feature","geometry":{"type":"Polygon","coordinates":[[[141.86,-12.1],[141.81,-12.18],[141.93,-12.19],[141.95,-12.16],[141.94,-12.12],[141.9,-12.1],[141.86,-12.1]]]},"properties":{"NAME":"Yupangathi","SUBJECTO":"Yupangathi","PARTOF":"Yupangathi"}},
{"type":"Feature","geometry":{"type":"Polygon","coordinates":[[[132.34,-12.98],[132.37,-13.02],[132.41,-13.04],[132.67,-13.04],[132.73,-12.91],[132.73,-12.83],[132.71,-12.8],[132.62,-12.74],[132.5,-12.76],[132.41,-12.8],[132.34,-12.98]]]},"properties":{"NAME":"Ngombur","SUBJECTO":"Ngombur","PARTOF":"Ngombur"}},
{"type":"Feature","geometry":{"type":"Polygon","coordinates":[[[136.49,-23.06],[137.07,-22.39],[137.04,-21.84],[136.98,-21.41],[136.89,-21.06],[136.56,-20.74],[136.38,-20.72],[135.88,-20.94],[134.67,-21.8],[134.41,-22.13],[133.99,-22.37],[133.95,-22.84],[134.06,-23.24],[135.02,-23.24],[135.92,-23.16],[136.49,-23.06]]]},"properties":{"NAME":"Alyawarre","SUBJECTO":"Alyawarre","PARTOF":"Alyawarre"}},
{"type":"Feature","geometry":{"type":"Polygon","coordinates":[[[145.45,-16.6],[145.36,-16.52],[145.27,-16.82],[145.27,-17.1],[145.28,-17.22],[145.33,-17.32],[145.46,-17.27],[145.59,-17.23],[145.72,-16.98],[145.45,-16.6]]]},"properties":{"NAME":"Djabuganjdji","SUBJECTO":"Djabuganjdji","PARTOF":"Djabuganjdji"}},
{"type":"Feature","geometry":{"type":"Polygon","coordinates":[[[151.41,-31.61],[150.95,-31.63],[149.72,-32.05],[149.62,-32.28],[149.77,-32.5],[150.18,-32.38],[150.56,-32.26],[150.85,-32.26],[151.3,-32.43],[151.61,-32.52],[151.71,-32.22],[151.8,-32.03],[151.63,-31.72],[151.41,-31.61]]]},"properties":{"NAME":"Geawegal","SUBJECTO":"Geawegal","PARTOF":"Geawegal"}},
{"type":"Feature","geometry":{"type":"Polygon","coordinates":[[[134.38,-17.26],[134.42,-17.79],[134.66,-17.69],[134.87,-17.69],[135.3,-17.73],[135.47,-17.63],[135.62,-17.54],[135.97,-17.16],[136.03,-16.95],[136.03,-16.77],[135.67,-16.46],[135.45,-16.36],[135.26,-16.36],[135,-16.71],[134.66,-17.11],[134.38,-17.26]]]},"properties":{"NAME":"Ngandji","SUBJECTO":"Ngandji","PARTOF":"Ngandji"}},
{"type":"Feature","geometry":{"type":"Polygon","coordinates":[[[144.95,-30.27],[144.91,-30.47],[145.12,-30.78],[144.85,-31.41],[144.73,-31.53],[144.49,-31.78],[144.28,-32.36],[144.22,-32.75],[144.24,-32.95],[144.44,-32.97],[144.71,-33.01],[145.03,-32.99],[145.1,-32.6],[146.14,-32.15],[147.01,-31.8],[147.27,-31.72],[147.21,-31.6],[147.19,-31.18],[146.99,-30.57],[146.31,-30.13],[146.26,-30.02],[146.21,-29.95],[145.97,-29.95],[145.68,-30.09],[145.54,-30.22],[145.21,-30.31],[144.95,-30.27]]]},"properties":{"NAME":"Wongaibon","SUBJECTO":"Wongaibon","PARTOF":"Wongaibon"}},
{"type":"Feature","geometry":{"type":"Polygon","coordinates":[[[146.31,-27.17],[145.81,-27.55],[145.81,-27.64],[145.83,-27.7],[145.86,-27.87],[146,-28.11],[146.2,-28.34],[146.72,-28.77],[147.4,-29.04],[147.5,-29.04],[147.71,-29.01],[147.83,-28.95],[148.04,-28.83],[148.41,-28.4],[148.41,-28.35],[148.38,-28.27],[147.59,-27.75],[147.49,-27.65],[147.4,-27.54],[147.26,-27.29],[147.15,-27.23],[147.06,-27.21],[146.9,-27.14],[146.31,-27.17]]]},"properties":{"NAME":"Kooma","SUBJECTO":"Kooma","PARTOF":"Kooma"}},
{"type":"Feature","geometry":{"type":"Polygon","coordinates":[[[141.68,-12.47],[141.83,-12.62],[142.01,-12.54],[142.06,-12.54],[142.09,-12.53],[142.09,-12.46],[142.1,-12.38],[142.1,-12.3],[142.07,-12.23],[142,-12.18],[141.9,-12.18],[141.84,-12.17],[141.82,-12.16],[141.69,-12.38],[141.68,-12.47]]]},"properties":{"NAME":"Anguthimri","SUBJECTO":"Anguthimri","PARTOF":"Anguthimri"}},
{"type":"Feature","geometry":{"type":"Polygon","coordinates":[[[145.32,-27.48],[145.23,-27.5],[145.27,-27.7],[145.03,-28.04],[144.87,-28.06],[144.78,-28.26],[144.71,-28.52],[144.6,-28.73],[144.53,-28.82],[145.1,-28.93],[145.42,-28.96],[145.6,-28.98],[145.95,-28.41],[145.96,-28.13],[145.94,-27.9],[145.9,-27.6],[145.69,-27.56],[145.32,-27.48]]]},"properties":{"NAME":"Kunja","SUBJECTO":"Kunja","PARTOF":"Kunja"}},
{"type":"Feature","geometry":{"type":"Polygon","coordinates":[[[132.63,-11.75],[132.78,-11.58],[132.04,-11.38],[132.63,-11.75]]]},"properties":{"NAME":"Iwaidja","SUBJECTO":"Iwaidja","PARTOF":"Iwaidja"}},
{"type":"Feature","geometry":{"type":"Polygon","coordinates":[[[139.43,-29.57],[138.51,-30.58],[138.43,-31.11],[138.47,-31.48],[138.53,-31.57],[138.58,-31.74],[138.76,-31.92],[138.77,-32.05],[138.8,-32.15],[139.41,-32.09],[139.71,-32.09],[139.99,-32.07],[140.16,-32.07],[140.12,-31.75],[140.03,-31.31],[139.88,-30.81],[140.02,-30.33],[140.06,-30.18],[140.14,-30.02],[140.14,-29.79],[140.22,-29.56],[139.98,-29.52],[139.72,-29.51],[139.59,-29.5],[139.43,-29.57]]]},"properties":{"NAME":"Andyamathanha","SUBJECTO":"Andyamathanha","PARTOF":"Andyamathanha"}},
{"type":"Feature","geometry":{"type":"Polygon","coordinates":[[[132.29,-13.07],[132.29,-13.12],[132.33,-13.12],[132.41,-13.13],[132.45,-13.13],[132.51,-13.15],[132.59,-13.2],[132.66,-13.2],[132.73,-13.14],[132.79,-13.1],[132.85,-13.03],[132.86,-12.96],[132.82,-12.92],[132.87,-12.87],[132.83,-12.82],[132.76,-12.8],[132.71,-12.81],[132.71,-12.91],[132.67,-13.02],[132.41,-12.99],[132.35,-12.96],[132.32,-13.05],[132.29,-13.07]]]},"properties":{"NAME":"Mbukarla","SUBJECTO":"Mbukarla","PARTOF":"Mbukarla"}},
{"type":"Feature","geometry":{"type":"Polygon","coordinates":[[[115.71,-23.98],[115.36,-24.93],[115.39,-25.05],[115.75,-25.21],[115.98,-25.18],[116.3,-24.7],[116.41,-24.49],[116.49,-24.29],[116.55,-24.08],[116.44,-23.9],[115.87,-23.83],[115.76,-23.9],[115.71,-23.98]]]},"properties":{"NAME":"Warriyangga","SUBJECTO":"Warriyangga","PARTOF":"Warriyangga"}},
{"type":"Feature","geometry":{"type":"Polygon","coordinates":[[[142.87,-18.8],[142.87,-19.05],[142.84,-19.26],[142.84,-19.45],[143.1,-19.54],[143.99,-19.61],[143.98,-19.51],[143.63,-18.78],[143.56,-18.57],[143.48,-18.49],[143.28,-18.57],[142.96,-18.66],[142.87,-18.8]]]},"properties":{"NAME":"Yanga","SUBJECTO":"Yanga","PARTOF":"Yanga"}},
{"type":"Feature","geometry":{"type":"Polygon","coordinates":[[[148.71,-20.84],[148.7,-20.2],[148.19,-20.17],[148.09,-20.14],[148.09,-20.17],[148.59,-20.91],[148.71,-20.85],[148.71,-20.84]]]},"properties":{"NAME":"Giya","SUBJECTO":"Giya","PARTOF":"Giya"}},
{"type":"Feature","geometry":{"type":"Polygon","coordinates":[[[132.63,-12.27],[132.4,-12.33],[132.41,-12.72],[132.48,-12.79],[132.63,-12.79],[132.71,-12.74],[132.67,-12.58],[132.72,-12.2],[132.63,-12.27]]]},"properties":{"NAME":"Gagudju","SUBJECTO":"Gagudju","PARTOF":"Gagudju"}},
{"type":"Feature","geometry":{"type":"Polygon","coordinates":[[[138.94,-35.7],[139.37,-35.61],[139.84,-37.04],[140.22,-37.08],[140.63,-37.07],[140.72,-36.9],[140.68,-36.86],[140.24,-36.84],[140.17,-36.54],[140.12,-36.29],[139.88,-35.98],[139.62,-35.42],[139.52,-35.18],[139.35,-35.07],[139,-35.08],[138.49,-35.4],[138.23,-35.73],[138.94,-35.7]]]},"properties":{"NAME":"Ngarrindjeri","SUBJECTO":"Ngarrindjeri","PARTOF":"Ngarrindjeri"}},
{"type":"Feature","geometry":{"type":"Polygon","coordinates":[[[122.73,-16.72],[122.77,-16.76],[122.95,-16.76],[122.87,-16.66],[122.76,-16.6],[122.73,-16.72]]]},"properties":{"NAME":"Bardi","SUBJECTO":"Bardi","PARTOF":"Bardi"}},
{"type":"Feature","geometry":{"type":"Polygon","coordinates":[[[133.4,-11.88],[133.14,-11.7],[133.08,-11.86],[133.14,-11.89],[133.54,-11.94],[133.4,-11.88]]]},"properties":{"NAME":"Maung","SUBJECTO":"Maung","PARTOF":"Maung"}},
{"type":"Feature","geometry":{"type":"Polygon","coordinates":[[[118.73,-20.32],[118.62,-20.37],[118.81,-20.62],[118.8,-20.99],[118.64,-21.54],[118.65,-21.71],[118.89,-21.84],[118.96,-21.98],[119.12,-22.04],[120.4,-22.09],[120.95,-22.16],[121.07,-22.23],[121.2,-22.1],[121.23,-21.95],[121.23,-21.6],[120.88,-20.82],[120.55,-20.67],[120.16,-20.35],[120.04,-20.14],[119.93,-20.11],[119.64,-20.39],[118.83,-20.14],[118.73,-20.32]]]},"properties":{"NAME":"Nyamal","SUBJECTO":"Nyamal","PARTOF":"Nyamal"}},
{"type":"Feature","geometry":{"type":"Polygon","coordinates":[[[138.85,-25.97],[138.86,-26.1],[139.08,-26.25],[139.92,-26.35],[140.17,-26.33],[140.39,-26.25],[140.58,-25.95],[140.6,-25.69],[140.66,-25.61],[140.66,-25.52],[140.5,-25.42],[139.86,-25.19],[139.48,-25.2],[139.2,-25.24],[139.23,-25.37],[138.94,-25.71],[138.85,-25.87],[138.85,-25.97]]]},"properties":{"NAME":"Yarluyandi","SUBJECTO":"Yarluyandi","PARTOF":"Yarluyandi"}},
{"type":"Feature","geometry":{"type":"Polygon","coordinates":[[[147.97,-20.1],[147.47,-19.65],[147.26,-19.89],[147.27,-19.92],[147.27,-19.95],[147.68,-19.97],[147.97,-20.1]]]},"properties":{"NAME":"Yuru","SUBJECTO":"Yuru","PARTOF":"Yuru"}},
{"type":"Feature","geometry":{"type":"Polygon","coordinates":[[[129.76,-14.02],[129.58,-14.18],[129.68,-14.41],[129.79,-14.46],[129.98,-14.45],[130.02,-14.41],[129.98,-14.38],[129.93,-14.36],[129.9,-14.37],[129.87,-14.33],[129.86,-14.2],[129.87,-14.13],[129.93,-14.03],[129.93,-13.98],[129.76,-13.99],[129.76,-14.02]]]},"properties":{"NAME":"Marringarr","SUBJECTO":"Marringarr","PARTOF":"Marringarr"}},
{"type":"Feature","geometry":{"type":"Polygon","coordinates":[[[149.94,-24.9],[149.95,-25.13],[149.97,-25.32],[149.97,-25.69],[150.17,-25.75],[150.79,-25.71],[150.84,-25.66],[150.78,-25.52],[150.73,-25.19],[150.64,-24.84],[150.66,-24.7],[150.52,-24.77],[149.94,-24.9]]]},"properties":{"NAME":"Wuli-wuli","SUBJECTO":"Wuli-wuli","PARTOF":"Wuli-wuli"}},
{"type":"Feature","geometry":{"type":"Polygon","coordinates":[[[143.01,-34.8],[143.1,-34.97],[143.24,-35.12],[143.25,-35.31],[143.38,-35.35],[143.82,-35.28],[144.07,-35.03],[144.06,-34.95],[144.01,-34.85],[143.99,-34.82],[143.87,-34.76],[143.74,-34.71],[143.57,-34.68],[143.45,-34.67],[143.29,-34.67],[143.01,-34.8]]]},"properties":{"NAME":"Wadi Wadi","SUBJECTO":"Wadi Wadi","PARTOF":"Wadi Wadi"}},
{"type":"Feature","geometry":{"type":"Polygon","coordinates":[[[115.14,-34.4],[115.65,-34.6],[116,-34.94],[116.43,-35.05],[116.56,-34.84],[116.18,-34.17],[116.2,-33.93],[116.05,-33.8],[115.96,-33.67],[115.85,-33.67],[115.81,-33.74],[115.72,-33.89],[115.37,-34.08],[115.14,-34.4]]]},"properties":{"NAME":"Bibbulman","SUBJECTO":"Bibbulman","PARTOF":"Bibbulman"}},
{"type":"Feature","geometry":{"type":"Polygon","coordinates":[[[146.8,-21.94],[146.78,-22.21],[146.7,-22.36],[146.94,-22.43],[147.11,-22.46],[147.25,-22.51],[147.46,-22.48],[147.61,-22.48],[147.77,-22.48],[147.88,-22.45],[147.79,-21.82],[147.43,-21.74],[146.78,-21.81],[146.79,-21.87],[146.8,-21.94]]]},"properties":{"NAME":"Yambina","SUBJECTO":"Yambina","PARTOF":"Yambina"}},
{"type":"Feature","geometry":{"type":"Polygon","coordinates":[[[138.96,-16.99],[138.97,-17.04],[139.05,-17.06],[138.96,-16.99]]]},"properties":{"NAME":"Gananggalinda","SUBJECTO":"Gananggalinda","PARTOF":"Gananggalinda"}},
{"type":"Feature","geometry":{"type":"Polygon","coordinates":[[[126.1,-14.2],[125.92,-14.57],[125.96,-14.7],[126.08,-14.67],[126.32,-14.65],[126.69,-14.48],[126.77,-14.35],[126.64,-14.15],[126.55,-14.35],[126.27,-14.07],[126.1,-14.2]]]},"properties":{"NAME":"Gamberre","SUBJECTO":"Gamberre","PARTOF":"Gamberre"}},
{"type":"Feature","geometry":{"type":"Polygon","coordinates":[[[126.41,-24.2],[126,-24.23],[125.68,-24.46],[125.51,-24.62],[125.52,-25.05],[125.84,-25.68],[126.68,-26.24],[127.05,-26.42],[127.36,-26.54],[127.68,-26.48],[128.21,-26],[128.57,-26],[128.92,-26.01],[129.07,-25.85],[129.03,-24.8],[128.88,-24.42],[128.67,-24.11],[128.12,-23.99],[127.44,-23.99],[126.41,-24.2]]]},"properties":{"NAME":"Ngatatjara","SUBJECTO":"Ngatatjara","PARTOF":"Ngatatjara"}},
{"type":"Feature","geometry":{"type":"Polygon","coordinates":[[[119.81,-23.37],[119.62,-23.4],[119.62,-23.51],[119.7,-23.66],[119.81,-23.94],[119.88,-24.43],[119.83,-24.71],[119.72,-24.93],[119.58,-25.13],[119.32,-25.33],[119.09,-25.44],[118.89,-25.68],[118.91,-25.81],[119.23,-25.81],[119.64,-26],[120.61,-26.31],[120.79,-26.42],[121.03,-26.49],[121.94,-26.1],[122.5,-26.01],[122.79,-26.01],[122.95,-26.03],[122.97,-25.53],[122.94,-25.31],[122.79,-25.12],[122.3,-24.6],[121.79,-24.28],[121.19,-23.5],[120.98,-23.28],[119.81,-23.37]]]},"properties":{"NAME":"Wawula","SUBJECTO":"Wawula","PARTOF":"Wawula"}},
{"type":"Feature","geometry":{"type":"Polygon","coordinates":[[[121.54,-18.79],[120.87,-19.68],[120.22,-19.98],[119.93,-20.08],[120.03,-20.28],[120.22,-20.52],[120.9,-20.98],[121.14,-21.95],[121.42,-22.26],[122.56,-22.51],[122.89,-21.84],[123.26,-21.39],[123.56,-21.05],[123.71,-20.9],[123.84,-20.75],[123.84,-20.42],[123.8,-20.04],[123.15,-19.13],[122.49,-18.96],[121.84,-18.84],[121.54,-18.79]]]},"properties":{"NAME":"Nyangumarda","SUBJECTO":"Nyangumarda","PARTOF":"Nyangumarda"}},
{"type":"Feature","geometry":{"type":"Polygon","coordinates":[[[137.92,-21.75],[138.14,-21.99],[138.23,-21.99],[138.42,-22.02],[138.58,-22.07],[138.98,-22.21],[139.26,-22.28],[139.26,-21.43],[139.24,-21.17],[139.14,-21.03],[139.08,-20.95],[138.7,-21.22],[138.08,-21.51],[137.92,-21.75]]]},"properties":{"NAME":"Warluwarra","SUBJECTO":"Warluwarra","PARTOF":"Warluwarra"}},
{"type":"Feature","geometry":{"type":"Polygon","coordinates":[[[139.9,-18.45],[139.93,-18.79],[140.02,-19.03],[140.01,-19.85],[139.98,-20.22],[140.21,-20.15],[140.9,-19.46],[141.19,-19.37],[141.19,-19.1],[141.16,-18.67],[141,-18.28],[140.87,-18.07],[140.79,-18.27],[140.63,-18.5],[140.09,-18.4],[139.9,-18.45]]]},"properties":{"NAME":"Mayi-Yapi","SUBJECTO":"Mayi-Yapi","PARTOF":"Mayi-Yapi"}},
{"type":"Feature","geometry":{"type":"Polygon","coordinates":[[[147.97,-20.1],[147.74,-19.95],[147.67,-19.93],[147.35,-19.91],[147.19,-19.91],[147.23,-20.09],[147.17,-20.33],[147.16,-20.47],[147.12,-20.54],[147.21,-20.67],[147.33,-20.85],[147.59,-21.18],[147.78,-21.36],[147.72,-21.57],[147.84,-21.6],[147.99,-21.66],[148.4,-21.66],[148.85,-21.66],[149.09,-21.63],[149.03,-21.49],[148.84,-21.16],[148.69,-20.95],[148.59,-20.79],[148.3,-20.27],[148.18,-20.17],[147.97,-20.1]]]},"properties":{"NAME":"Biri","SUBJECTO":"Biri","PARTOF":"Biri"}},
{"type":"Feature","geometry":{"type":"Polygon","coordinates":[[[150.28,-28.46],[149.63,-28.8],[148.38,-28.88],[147.89,-28.97],[147.44,-29.03],[147.44,-29.13],[147.28,-29.34],[147,-29.55],[146.81,-29.9],[146.89,-29.98],[147.07,-30.07],[148.04,-30.04],[148.45,-30.64],[148.64,-30.61],[149.18,-31.26],[149.19,-31.39],[149.14,-31.51],[149,-31.9],[149.19,-31.96],[149.33,-32.04],[149.66,-32.12],[149.96,-32.02],[150.28,-31.89],[150.86,-31.78],[151.29,-31.64],[151.42,-31.63],[151.46,-31.46],[151.31,-31.11],[151.22,-30.98],[151.06,-30.81],[150.97,-30.65],[150.96,-30.34],[151,-29.89],[151,-29.72],[150.97,-28.78],[150.88,-28.66],[150.81,-28.55],[150.68,-28.41],[150.28,-28.46]]]},"properties":{"NAME":"Kamilaroi","SUBJECTO":"Kamilaroi","PARTOF":"Kamilaroi"}},
{"type":"Feature","geometry":{"type":"Polygon","coordinates":[[[143.37,-16.73],[143.03,-16.89],[142.94,-17.1],[142.93,-17.25],[143,-17.33],[143.04,-17.38],[143.26,-17.48],[143.38,-17.6],[143.45,-17.99],[143.46,-18.35],[143.48,-18.5],[143.51,-18.7],[143.65,-19.11],[143.89,-19.49],[144.01,-19.63],[144.24,-19.54],[144.55,-19.2],[144.5,-18.81],[144.5,-18.65],[144.47,-18.43],[144.5,-18.24],[144.56,-18.06],[144.59,-17.84],[144.66,-17.65],[144.76,-17.58],[144.81,-17.57],[144.78,-17.44],[144.59,-17.32],[144.37,-17.12],[143.94,-16.49],[143.7,-16.49],[143.53,-16.59],[143.37,-16.73]]]},"properties":{"NAME":"Agwarmin","SUBJECTO":"Agwarmin","PARTOF":"Agwarmin"}},
{"type":"Feature","geometry":{"type":"Polygon","coordinates":[[[150.8,-35.15],[150.82,-35.11],[150.8,-35.09],[150.7,-35.08],[150.36,-34.94],[150.26,-34.92],[150.08,-34.96],[149.85,-35.1],[149.64,-35.22],[149.44,-35.33],[149.44,-35.39],[149.44,-35.48],[149.44,-35.6],[149.44,-35.71],[149.39,-35.95],[149.38,-36.43],[149.44,-36.61],[149.44,-36.72],[149.41,-36.81],[149.41,-36.93],[149.4,-37.02],[149.5,-37.04],[149.82,-37.1],[149.93,-37.1],[149.98,-37.05],[150.48,-35.47],[150.8,-35.15]]]},"properties":{"NAME":"Yuin","SUBJECTO":"Yuin","PARTOF":"Yuin"}},
{"type":"Feature","geometry":{"type":"Polygon","coordinates":[[[147.09,-20.5],[147.04,-20.53],[146.82,-20.57],[146.55,-20.66],[146.44,-20.97],[146.54,-21.47],[146.55,-21.66],[146.68,-21.88],[146.86,-21.87],[147.28,-21.82],[147.54,-21.82],[147.78,-21.82],[147.79,-21.76],[147.78,-21.58],[147.89,-21.45],[147.27,-20.63],[147.09,-20.5]]]},"properties":{"NAME":"Yangga","SUBJECTO":"Yangga","PARTOF":"Yangga"}},
{"type":"Feature","geometry":{"type":"Polygon","coordinates":[[[148.41,-28.26],[148.27,-28.46],[148.12,-28.64],[147.91,-28.85],[147.71,-29.06],[149.5,-28.92],[150.44,-28.45],[150.91,-28.74],[150.96,-28.7],[150.91,-28.66],[150.91,-28.51],[150.8,-28.02],[150.83,-27.64],[150.97,-27.54],[150.96,-27.42],[150.8,-27.27],[150.36,-27.14],[149.81,-27.19],[149.43,-27.3],[149.39,-27.46],[149.38,-27.73],[149.51,-27.97],[148.41,-28.26]]]},"properties":{"NAME":"Bigambul","SUBJECTO":"Bigambul","PARTOF":"Bigambul"}},
{"type":"Feature","geometry":{"type":"Polygon","coordinates":[[[133.9,-14.84],[133.76,-15.02],[133.63,-15.11],[133.48,-16.21],[133.66,-16.38],[133.87,-16.56],[134.31,-16.97],[134.45,-17.21],[134.7,-17.08],[134.91,-16.91],[135.4,-16.36],[135.42,-16.05],[135.44,-15.77],[135.43,-15.57],[135.38,-15.4],[135.23,-15.28],[134.96,-15.18],[134.73,-15.11],[134.3,-14.8],[134.14,-14.72],[133.93,-14.77],[133.9,-14.84]]]},"properties":{"NAME":"Alawa","SUBJECTO":"Alawa","PARTOF":"Alawa"}},
{"type":"Feature","geometry":{"type":"Polygon","coordinates":[[[140.98,-38.09],[141.36,-38.42],[142.51,-38.41],[142.55,-38.4],[142.59,-38.38],[142.66,-38.28],[142.69,-38.15],[142.68,-38.1],[142.66,-38.06],[142.71,-38.02],[142.71,-37.98],[142.56,-37.92],[142.41,-37.87],[142.28,-37.81],[142.03,-37.73],[141.94,-37.71],[141.84,-37.67],[141.6,-37.63],[141.49,-37.64],[141.41,-37.59],[141.42,-37.64],[141.23,-37.77],[141.25,-38.06],[141.17,-38.05],[141.1,-38.02],[140.98,-38.09]]]},"properties":{"NAME":"Gunditjmara","SUBJECTO":"Gunditjmara","PARTOF":"Gunditjmara"}},
{"type":"Feature","geometry":{"type":"Polygon","coordinates":[[[147.13,-36.02],[146.12,-36.03],[145.94,-35.95],[145.77,-36],[145.77,-36.05],[145.84,-36.19],[145.96,-36.42],[146.56,-36.99],[146.87,-37.06],[147.12,-37.06],[147.29,-36.99],[147.29,-36.78],[147.29,-36.57],[147.27,-36.14],[147.13,-36.02]]]},"properties":{"NAME":"Waveroo","SUBJECTO":"Waveroo","PARTOF":"Waveroo"}},
{"type":"Feature","geometry":{"type":"Polygon","coordinates":[[[143.33,-35.31],[143.29,-35.37],[143.33,-35.54],[143.43,-35.73],[143.59,-35.8],[143.76,-35.8],[144.22,-35.47],[144.4,-35.29],[144.56,-35.14],[144.68,-35.03],[144.79,-34.89],[144.87,-34.76],[144.81,-34.7],[144.7,-34.66],[144.55,-34.66],[144.1,-34.81],[144.04,-34.94],[143.94,-35.08],[143.71,-35.26],[143.49,-35.31],[143.33,-35.31]]]},"properties":{"NAME":"Wemba Wemba","SUBJECTO":"Wemba Wemba","PARTOF":"Wemba Wemba"}},
{"type":"Feature","geometry":{"type":"Polygon","coordinates":[[[132.33,-16.11],[132.53,-16.37],[132.69,-16.52],[133.2,-16.57],[133.43,-16.39],[133.6,-15.95],[133.69,-15.41],[133.69,-15.15],[133.7,-14.94],[133.4,-14.91],[133.2,-14.87],[133.1,-14.96],[132.46,-14.98],[132.32,-15.96],[132.33,-16.11]]]},"properties":{"NAME":"Yangman","SUBJECTO":"Yangman","PARTOF":"Yangman"}},
{"type":"Feature","geometry":{"type":"Polygon","coordinates":[[[152.43,-27.77],[152.42,-27.63],[152.23,-27.24],[152.16,-27.11],[151.97,-26.83],[151.58,-26.63],[151.47,-26.24],[151.24,-25.97],[151.03,-25.78],[150.85,-25.64],[150.56,-25.66],[150.23,-25.69],[150.09,-25.7],[150,-25.68],[149.99,-25.85],[149.97,-25.99],[149.85,-26.1],[149.53,-26.13],[149.42,-26.29],[149.42,-26.48],[149.32,-26.84],[149.27,-27.38],[149.51,-27.3],[149.79,-27.24],[150.08,-27.2],[150.56,-27.21],[150.85,-27.36],[150.86,-27.47],[150.89,-27.55],[150.99,-27.52],[151.06,-27.53],[151.18,-27.78],[151.33,-27.84],[151.51,-27.84],[152.43,-27.77]]]},"properties":{"NAME":"Barunggam","SUBJECTO":"Barunggam","PARTOF":"Barunggam"}},
{"type":"Feature","geometry":{"type":"Polygon","coordinates":[[[131.36,-31.67],[131.99,-32.07],[133.84,-32.34],[134.26,-32.88],[134.84,-32.44],[135.36,-32.12],[135.66,-31.96],[136.14,-31.77],[136.1,-31.71],[135.94,-31.56],[135.58,-31.32],[133.54,-30.51],[132.48,-30.26],[131.45,-30.18],[131.29,-30.28],[131.04,-30.64],[131.24,-30.81],[131.11,-31.46],[131.36,-31.67]]]},"properties":{"NAME":"Wirangu","SUBJECTO":"Wirangu","PARTOF":"Wirangu"}},
{"type":"Feature","geometry":{"type":"Polygon","coordinates":[[[151.2,-23.94],[150.8,-23.6],[150.8,-23.5],[150.7,-23.6],[150.51,-23.68],[150.69,-24.18],[151,-24.08],[151.2,-23.94]]]},"properties":{"NAME":"Bayali","SUBJECTO":"Bayali","PARTOF":"Bayali"}},
{"type":"Feature","geometry":{"type":"Polygon","coordinates":[[[141.12,-19.37],[141.14,-19.6],[141.17,-19.79],[141.25,-20],[141.3,-20.09],[141.7,-20.64],[142.1,-20.67],[142.32,-20.66],[142.72,-20.66],[142.95,-20.61],[142.6,-20.25],[142.48,-20.12],[142.98,-19.51],[142.79,-19.39],[141.69,-19.21],[141.12,-19.37]]]},"properties":{"NAME":"Ngawun","SUBJECTO":"Ngawun","PARTOF":"Ngawun"}},
{"type":"Feature","geometry":{"type":"Polygon","coordinates":[[[127.4,-14.1],[127.24,-14.28],[127.24,-14.45],[127.31,-14.69],[127.31,-15.19],[127.45,-15.27],[127.58,-15.23],[127.66,-15.23],[127.86,-15.02],[127.99,-14.86],[127.96,-14.7],[127.4,-14.1]]]},"properties":{"NAME":"Kwini","SUBJECTO":"Kwini","PARTOF":"Kwini"}},
{"type":"Feature","geometry":{"type":"Polygon","coordinates":[[[148.59,-21.65],[148.55,-21.86],[148.51,-22.34],[148.55,-22.39],[148.69,-22.32],[148.82,-22.39],[149,-22.4],[149.21,-22.4],[149.37,-22.35],[149.36,-21.94],[149.27,-21.76],[149.13,-21.59],[148.81,-21.62],[148.63,-21.63],[148.59,-21.65]]]},"properties":{"NAME":"Baradha","SUBJECTO":"Baradha","PARTOF":"Baradha"}},
{"type":"Feature","geometry":{"type":"Polygon","coordinates":[[[144.11,-28],[143.57,-28.37],[143.61,-28.57],[143.65,-28.77],[143.99,-28.84],[144.57,-28.79],[144.83,-28.78],[144.87,-28.21],[144.93,-27.97],[144.21,-27.95],[144.11,-28]]]},"properties":{"NAME":"Budjari","SUBJECTO":"Budjari","PARTOF":"Budjari"}},
{"type":"Feature","geometry":{"type":"Polygon","coordinates":[[[138.46,-29.57],[138.93,-29.54],[139.48,-29.54],[139.64,-29.56],[139.6,-29.3],[139.61,-28.98],[139.64,-28.74],[139.84,-28.24],[139.99,-27.64],[139.99,-27.43],[140.03,-27.24],[139.78,-27.23],[139.6,-27.25],[139.19,-27.38],[138.42,-27.36],[138.23,-27.53],[138.2,-27.66],[138.15,-27.77],[138.59,-28.64],[138.54,-28.93],[138.52,-29.23],[138.46,-29.49],[138.46,-29.57]]]},"properties":{"NAME":"Dieri","SUBJECTO":"Dieri","PARTOF":"Dieri"}},
{"type":"Feature","geometry":{"type":"Polygon","coordinates":[[[141.56,-13.39],[141.52,-14.49],[142,-14.5],[142.18,-14.47],[142.39,-14.47],[142.65,-14.35],[142.84,-14.32],[142.9,-14.29],[142.96,-14.24],[142.93,-13.97],[142.92,-13.53],[142.88,-13.13],[142.87,-13.07],[142.61,-13.07],[142.26,-13.11],[141.98,-13.19],[141.93,-13.36],[141.89,-13.49],[141.69,-13.52],[141.65,-13.34],[141.58,-13.36],[141.56,-13.39]]]},"properties":{"NAME":"Wik","SUBJECTO":"Wik","PARTOF":"Wik"}},
{"type":"Feature","geometry":{"type":"Polygon","coordinates":[[[145.12,-14.98],[144.53,-14.67],[144.39,-14.37],[144.21,-14.45],[144.17,-14.49],[144.19,-14.8],[144.21,-14.86],[144.28,-14.84],[144.35,-14.8],[144.54,-14.83],[144.81,-14.98],[144.91,-15.02],[145.03,-15.07],[145.14,-15],[145.12,-14.98]]]},"properties":{"NAME":"Mutumui","SUBJECTO":"Mutumui","PARTOF":"Mutumui"}},
{"type":"Feature","geometry":{"type":"Polygon","coordinates":[[[141.93,-12],[141.86,-12.11],[141.9,-12.11],[141.92,-12.12],[141.93,-12.06],[141.93,-12]]]},"properties":{"NAME":"Tjungundji","SUBJECTO":"Tjungundji","PARTOF":"Tjungundji"}},
{"type":"Feature","geometry":{"type":"Polygon","coordinates":[[[142.84,-36.59],[142.91,-36.4],[142.96,-36.32],[143.03,-36.29],[143,-36.24],[142.34,-36.22],[141.82,-36.69],[141.28,-36.73],[140.99,-36.73],[140.98,-36.84],[141.04,-36.94],[141.38,-37.6],[141.47,-37.67],[141.66,-37.78],[141.9,-37.78],[141.97,-37.64],[142.06,-37.57],[142.53,-37.56],[142.53,-37.14],[142.57,-37.06],[142.72,-37.06],[143.02,-37.06],[143.29,-37.1],[143.44,-37.02],[143.44,-36.94],[143.38,-36.93],[143.25,-36.92],[143.01,-36.9],[142.84,-36.59]]]},"properties":{"NAME":"Jardwadjali","SUBJECTO":"Jardwadjali","PARTOF":"Jardwadjali"}},
{"type":"Feature","geometry":{"type":"Polygon","coordinates":[[[141.99,-12.18],[141.99,-12.25],[142,-12.34],[142.03,-12.42],[142.04,-12.52],[142.08,-12.65],[142.12,-12.77],[142.16,-12.86],[142.29,-13.04],[142.35,-13.1],[142.58,-13.11],[142.61,-13.02],[142.64,-12.65],[142.64,-12.49],[142.59,-12.39],[142.28,-12.13],[142.17,-12.08],[142.09,-12.14],[141.99,-12.18]]]},"properties":{"NAME":"Luthigh","SUBJECTO":"Luthigh","PARTOF":"Luthigh"}},
{"type":"Feature","geometry":{"type":"Polygon","coordinates":[[[145.12,-14.98],[145.09,-15.01],[144.89,-15.13],[144.6,-15.45],[144.67,-15.74],[144.77,-15.92],[144.8,-15.98],[145.22,-15.66],[145.18,-15.05],[145.12,-14.98]]]},"properties":{"NAME":"Guugu-Yimidhirr","SUBJECTO":"Guugu-Yimidhirr","PARTOF":"Guugu-Yimidhirr"}},
{"type":"Feature","geometry":{"type":"Polygon","coordinates":[[[141.23,-17.52],[141.24,-17.68],[141.26,-17.88],[141.29,-18.09],[141.46,-18.29],[142.25,-18.67],[142.66,-18.76],[143.02,-18.82],[143.04,-18.7],[142.84,-18.43],[142.68,-18.18],[142.57,-18.01],[141.42,-17.5],[141.23,-17.52]]]},"properties":{"NAME":"Walangama","SUBJECTO":"Walangama","PARTOF":"Walangama"}},
{"type":"Feature","geometry":{"type":"Polygon","coordinates":[[[142.69,-11.18],[142.65,-11.1],[142.27,-10.99],[142.21,-11.05],[142.13,-11.16],[142.09,-11.53],[141.95,-11.95],[141.94,-11.98],[141.97,-11.99],[142.02,-11.99],[142.12,-12],[142.2,-12.01],[142.35,-12.02],[142.63,-12.02],[142.71,-12.02],[142.71,-11.95],[142.68,-11.8],[142.7,-11.7],[142.69,-11.18]]]},"properties":{"NAME":"Anggamudi","SUBJECTO":"Anggamudi","PARTOF":"Anggamudi"}},
{"type":"Feature","geometry":{"type":"Polygon","coordinates":[[[131.2,-12.92],[130.95,-12.63],[130.39,-12.89],[131.1,-12.96],[131.2,-12.92]]]},"properties":{"NAME":"Larrakia","SUBJECTO":"Larrakia","PARTOF":"Larrakia"}},
{"type":"Feature","geometry":{"type":"Polygon","coordinates":[[[139.22,-22.15],[139.17,-22.39],[139.17,-22.63],[139.06,-22.95],[138.74,-23.39],[139.26,-24.27],[139.49,-24.49],[139.64,-24.71],[140.24,-24.51],[140.6,-24.43],[140.57,-24.09],[140.59,-23.58],[140.61,-23.18],[140.73,-22.84],[140.91,-22.56],[141.05,-22.38],[140.55,-22.37],[140.24,-22.12],[140.01,-22.09],[139.49,-22],[139.31,-22],[139.22,-22.15]]]},"properties":{"NAME":"Pitta-Pitta","SUBJECTO":"Pitta-Pitta","PARTOF":"Pitta-Pitta"}},
{"type":"Feature","geometry":{"type":"Polygon","coordinates":[[[151.46,-27.95],[151.28,-27.77],[151.12,-27.54],[151,-27.48],[150.92,-27.46],[150.81,-27.55],[150.75,-28.34],[150.85,-28.6],[150.93,-28.69],[150.94,-28.8],[150.95,-29.82],[151.08,-29.88],[151.14,-29.89],[151.33,-29.87],[151.38,-29.82],[151.51,-29.69],[151.75,-29.51],[151.91,-29.24],[152.01,-29.09],[151.5,-28.11],[151.46,-27.95]]]},"properties":{"NAME":"Ngarabal","SUBJECTO":"Ngarabal","PARTOF":"Ngarabal"}},
{"type":"Feature","geometry":{"type":"Polygon","coordinates":[[[114.54,-28.78],[114.9,-30.13],[114.95,-30.31],[115.02,-30.37],[115.21,-30.31],[116.15,-30.22],[116.5,-30.11],[116.63,-30.04],[116.67,-29.95],[116.38,-29.38],[116.3,-29.22],[115.98,-28.69],[115.85,-28.53],[115.73,-28.42],[115.49,-28.44],[115.23,-28.57],[114.7,-28.72],[114.59,-28.72],[114.54,-28.78]]]},"properties":{"NAME":"Amangu","SUBJECTO":"Amangu","PARTOF":"Amangu"}},
{"type":"Feature","geometry":{"type":"Polygon","coordinates":[[[143.67,-38.04],[143.56,-38.03],[143.27,-37.91],[143.12,-37.8],[143.05,-37.8],[143.05,-37.91],[143.05,-38.04],[142.98,-38.39],[143.06,-38.44],[143.35,-38.5],[143.39,-38.49],[143.42,-38.48],[143.43,-38.17],[143.64,-38.17],[143.67,-38.12],[143.67,-38.07],[143.67,-38.04]]]},"properties":{"NAME":"Djargurdwurung","SUBJECTO":"Djargurdwurung","PARTOF":"Djargurdwurung"}},
{"type":"Feature","geometry":{"type":"Polygon","coordinates":[[[138.26,-16.84],[137.76,-16.4],[137.07,-16.03],[136.69,-16.03],[136.46,-15.75],[136.09,-15.45],[135.9,-15.33],[135.74,-15.47],[136.01,-15.65],[136.4,-15.93],[136.61,-16.11],[136.91,-16.13],[138.26,-16.84]]]},"properties":{"NAME":"Yanyuwa","SUBJECTO":"Yanyuwa","PARTOF":"Yanyuwa"}},
{"type":"Feature","geometry":{"type":"Polygon","coordinates":[[[134.39,-12.12],[134.23,-12.1],[134.17,-12.12],[134.14,-12.18],[134.12,-12.24],[134.12,-12.29],[134.18,-12.31],[134.27,-12.33],[134.4,-12.23],[134.4,-12.15],[134.39,-12.12]]]},"properties":{"NAME":"Gungurugoni","SUBJECTO":"Gungurugoni","PARTOF":"Gungurugoni"}},
{"type":"Feature","geometry":{"type":"Polygon","coordinates":[[[140.87,-33.43],[141.09,-33.64],[141.87,-33.93],[142.02,-34.03],[142.12,-33.93],[142.35,-33.95],[142.37,-33.83],[142.47,-33.67],[142.55,-33.71],[142.85,-34],[142.9,-33.99],[142.78,-33.55],[142.68,-33.2],[142.97,-32.65],[143.91,-31.86],[144.14,-31.5],[143.6,-31.41],[143.29,-31.59],[141.44,-33.08],[140.87,-33.43]]]},"properties":{"NAME":"Barkindji","SUBJECTO":"Barkindji","PARTOF":"Barkindji"}},
{"type":"Feature","geometry":{"type":"Polygon","coordinates":[[[143.86,-37.98],[143.75,-38],[143.66,-38.06],[143.64,-38.13],[143.57,-38.16],[143.39,-38.16],[143.38,-38.47],[143.43,-38.52],[143.53,-38.57],[143.72,-38.57],[143.87,-38.47],[144.03,-38.38],[144.03,-37.99],[143.95,-37.94],[143.86,-37.98]]]},"properties":{"NAME":"Gulidjan","SUBJECTO":"Gulidjan","PARTOF":"Gulidjan"}},
{"type":"Feature","geometry":{"type":"Polygon","coordinates":[[[138.12,-32.32],[138.36,-33.01],[138.37,-33.19],[138.33,-33.32],[138.32,-33.43],[138.67,-34.69],[138.97,-34.6],[139.22,-34.5],[139.22,-34.04],[139.16,-33.73],[139.06,-33.49],[139.04,-33.24],[139.89,-32.85],[140.01,-32.54],[140.03,-32.28],[140.06,-32.05],[139.74,-32.05],[138.89,-32.05],[138.55,-32.06],[138.2,-32.23],[138.12,-32.32]]]},"properties":{"NAME":"Ngadjuri","SUBJECTO":"Ngadjuri","PARTOF":"Ngadjuri"}},
{"type":"Feature","geometry":{"type":"Polygon","coordinates":[[[122.75,-33.39],[123.61,-33.38],[123.92,-33.52],[124,-33.42],[124.43,-32.94],[124.22,-31.03],[123.38,-30.99],[123.19,-31.46],[123.11,-31.75],[123,-32.1],[122.92,-32.37],[122.93,-32.49],[122.91,-32.76],[122.83,-33.04],[122.75,-33.39]]]},"properties":{"NAME":"Ngatjumay","SUBJECTO":"Ngatjumay","PARTOF":"Ngatjumay"}},
{"type":"Feature","geometry":{"type":"Polygon","coordinates":[[[130.41,-15.71],[130.43,-15.96],[130.56,-16.02],[130.78,-16.07],[130.9,-16.09],[131.3,-16],[131.43,-15.99],[131.43,-15.81],[131.43,-15.66],[131.15,-15.65],[130.92,-15.65],[130.62,-15.7],[130.45,-15.69],[130.41,-15.71]]]},"properties":{"NAME":"Ngaliwuru","SUBJECTO":"Ngaliwuru","PARTOF":"Ngaliwuru"}},
{"type":"Feature","geometry":{"type":"Polygon","coordinates":[[[114.64,-21.98],[113.62,-22.66],[113.72,-22.82],[113.82,-22.85],[113.86,-22.78],[114.22,-22.72],[114.48,-22.76],[114.63,-22.79],[114.86,-22.84],[115.6,-22.87],[115.81,-22.83],[115.87,-22.71],[115.91,-22.6],[115.95,-22.55],[116.02,-22.47],[115.89,-22.47],[115.78,-22.48],[115.39,-22.46],[115.3,-22.4],[115.26,-22.43],[114.92,-22.42],[114.64,-21.98]]]},"properties":{"NAME":"Thalanyji","SUBJECTO":"Thalanyji","PARTOF":"Thalanyji"}},
{"type":"Feature","geometry":{"type":"Polygon","coordinates":[[[131.66,-12.94],[131.64,-12.84],[131.68,-12.55],[131.68,-12.38],[131.06,-12.26],[131.21,-12.92],[131.66,-12.94]]]},"properties":{"NAME":"Woolna","SUBJECTO":"Woolna","PARTOF":"Woolna"}},
{"type":"Feature","geometry":{"type":"Polygon","coordinates":[[[134.32,-13.43],[134.47,-13.33],[134.87,-13.12],[135.03,-13.12],[135.15,-13.07],[135.04,-12.77],[134.77,-12.47],[134.66,-12.43],[134.27,-12.66],[133.96,-12.98],[133.95,-13.1],[134.32,-13.43]]]},"properties":{"NAME":"Rembarnga","SUBJECTO":"Rembarnga","PARTOF":"Rembarnga"}},
{"type":"Feature","geometry":{"type":"Polygon","coordinates":[[[129.73,-14.67],[129.82,-14.78],[130.32,-14.8],[130.39,-14.75],[130.4,-14.71],[130.37,-14.53],[130.22,-14.45],[130.08,-14.44],[129.92,-14.43],[129.81,-14.45],[129.65,-14.34],[129.6,-14.17],[129.43,-14.31],[129.46,-14.5],[129.73,-14.67]]]},"properties":{"NAME":"Murrinh-patha","SUBJECTO":"Murrinh-patha","PARTOF":"Murrinh-patha"}},
{"type":"Feature","geometry":{"type":"Polygon","coordinates":[[[128.8,-24.44],[128.88,-25],[128.89,-25.71],[128.85,-25.95],[128.89,-26.31],[128.89,-26.62],[129.33,-27.24],[129.72,-27.5],[130.51,-27.53],[130.75,-27.45],[131,-26.84],[130.84,-26.11],[131.04,-25.57],[131.12,-25.32],[130.89,-24.84],[130.5,-24.75],[129.94,-24.55],[129.45,-24.48],[128.85,-24.43],[128.8,-24.44]]]},"properties":{"NAME":"Pitjantjatjara","SUBJECTO":"Pitjantjatjara","PARTOF":"Pitjantjatjara"}},
{"type":"Feature","geometry":{"type":"Polygon","coordinates":[[[141.58,-27.33],[141.37,-27.48],[140.93,-27.65],[140.53,-27.65],[140.3,-27.53],[139.91,-27.48],[139.52,-28.91],[139.83,-28.91],[140.75,-28.93],[141.15,-28.82],[141.77,-28.56],[142.12,-28.35],[141.88,-28],[141.67,-27.61],[141.58,-27.33]]]},"properties":{"NAME":"Yandruwandha","SUBJECTO":"Yandruwandha","PARTOF":"Yandruwandha"}},
{"type":"Feature","geometry":{"type":"Polygon","coordinates":[[[117.98,-35.1],[118.02,-35.1],[118,-35.09],[117.98,-35.1]]]},"properties":{"NAME":"Minang","SUBJECTO":"Minang","PARTOF":"Minang"}},
{"type":"Feature","geometry":{"type":"Polygon","coordinates":[[[153.3,-27.91],[153.12,-27.63],[152.69,-27.82],[152.65,-27.88],[152.61,-27.97],[152.54,-28.23],[152.63,-28.38],[153.48,-28.5],[153.3,-27.91]]]},"properties":{"NAME":"Yugambeh","SUBJECTO":"Yugambeh","PARTOF":"Yugambeh"}},
{"type":"Feature","geometry":{"type":"Polygon","coordinates":[[[143.74,-14.47],[143.67,-14.29],[143.4,-14.32],[143.4,-14.35],[143.4,-14.53],[143.4,-14.72],[143.4,-14.74],[143.4,-14.89],[143.45,-14.96],[143.57,-14.99],[143.76,-14.99],[144.23,-14.87],[144.22,-14.65],[144.2,-14.46],[143.74,-14.47]]]},"properties":{"NAME":"Lamalama","SUBJECTO":"Lamalama","PARTOF":"Lamalama"}},
{"type":"Feature","geometry":{"type":"Polygon","coordinates":[[[115.05,-34.38],[115.37,-34.07],[115.54,-33.98],[115.75,-33.85],[115.76,-33.8],[115.83,-33.69],[114.99,-33.75],[115.02,-34.26],[115.05,-34.38]]]},"properties":{"NAME":"Wardandi","SUBJECTO":"Wardandi","PARTOF":"Wardandi"}},
{"type":"Feature","geometry":{"type":"Polygon","coordinates":[[[132.75,-12.17],[132.88,-12.17],[132.93,-12.09],[132.78,-11.58],[132.63,-11.75],[132.75,-12.17]]]},"properties":{"NAME":"Amarak","SUBJECTO":"Amarak","PARTOF":"Amarak"}},
{"type":"Feature","geometry":{"type":"Polygon","coordinates":[[[123.58,-16.39],[123.91,-16.57],[123.97,-16.64],[123.96,-16.74],[124.01,-16.87],[124.45,-16.89],[124.5,-16.77],[124.43,-16.52],[124.28,-16.52],[123.98,-16.41],[123.58,-16.39]]]},"properties":{"NAME":"Umida","SUBJECTO":"Umida","PARTOF":"Umida"}},
{"type":"Feature","geometry":{"type":"Polygon","coordinates":[[[132.75,-12.17],[132.92,-12.68],[132.87,-12.24],[132.75,-12.17]]]},"properties":{"NAME":"Kundjey’mi","SUBJECTO":"Kundjey’mi","PARTOF":"Kundjey’mi"}},
{"type":"Feature","geometry":{"type":"Polygon","coordinates":[[[146.91,-38.72],[146.93,-38.71],[147.74,-38.05],[149.31,-37.83],[149.32,-37.74],[149.25,-37.62],[148.96,-37.48],[148.45,-37.41],[148.32,-37.33],[148.17,-37.23],[148.16,-37.16],[148.05,-37.17],[147.88,-37.28],[147.71,-37.41],[147.55,-37.48],[147.29,-37.1],[147.18,-37],[146.9,-37.08],[146.68,-37.23],[146.16,-37.43],[146.18,-37.52],[146.39,-37.83],[146.41,-37.97],[146.32,-38.13],[146.32,-38.22],[146.32,-38.32],[146.29,-38.44],[146.22,-38.73],[146.33,-38.75],[146.45,-38.75],[146.65,-38.76],[146.91,-38.72]]]},"properties":{"NAME":"Kurnai","SUBJECTO":"Kurnai","PARTOF":"Kurnai"}},
{"type":"Feature","geometry":{"type":"Polygon","coordinates":[[[118.98,-22.06],[118.91,-22.28],[118.95,-22.4],[119.36,-22.71],[119.61,-23.38],[119.72,-23.45],[120.58,-23.49],[120.88,-23.42],[121.02,-23.36],[121.08,-23.31],[121.12,-23.23],[121.26,-22.74],[121.22,-22.18],[121.07,-22],[120.66,-21.88],[119.99,-22.02],[119.08,-21.96],[118.98,-22.06]]]},"properties":{"NAME":"Palyku","SUBJECTO":"Palyku","PARTOF":"Palyku"}},
{"type":"Feature","geometry":{"type":"Polygon","coordinates":[[[117.67,-24.03],[117.58,-24.03],[117.42,-24.01],[117.36,-23.97],[116.99,-24.06],[116.83,-24.48],[116.5,-24.51],[116.29,-24.65],[116.14,-24.76],[116.06,-24.97],[115.89,-25.11],[115.81,-25.29],[115.82,-25.55],[114.73,-25.71],[114.72,-25.87],[114.77,-26.08],[114.74,-26.39],[114.64,-26.47],[114.7,-26.62],[114.87,-27.16],[114.91,-27.95],[115.2,-28.47],[115.39,-28.57],[115.73,-28.51],[115.86,-28.59],[116.24,-28.3],[116.76,-27.95],[117.57,-27.46],[117.75,-27.25],[117.98,-27.21],[118.23,-27.04],[118.88,-25.99],[118.92,-25.79],[118.95,-25.65],[119.01,-25.55],[119.17,-25.38],[119.34,-25.33],[119.65,-25.18],[119.7,-25.12],[119.77,-24.97],[119.48,-24.79],[119.3,-24.69],[119.08,-24.54],[118.88,-24.46],[118.61,-24.4],[118.44,-24.37],[117.67,-24.03]]]},"properties":{"NAME":"Watjarri","SUBJECTO":"Watjarri","PARTOF":"Watjarri"}},
{"type":"Feature","geometry":{"type":"Polygon","coordinates":[[[139.81,-30.32],[139.77,-31.09],[139.92,-31.58],[139.99,-31.9],[140.05,-32.06],[140.43,-31.73],[140.89,-31.45],[141.15,-31.28],[141.99,-30.28],[142.14,-29.9],[142.14,-29.65],[141.66,-29.65],[140.84,-29.86],[140.27,-30.05],[139.9,-30.2],[139.81,-30.32]]]},"properties":{"NAME":"Malyangaba","SUBJECTO":"Malyangaba","PARTOF":"Malyangaba"}},
{"type":"Feature","geometry":{"type":"Polygon","coordinates":[[[143.56,-14.98],[143.56,-15.26],[143.56,-15.62],[143.57,-15.87],[143.58,-16],[143.58,-16.09],[143.71,-16.15],[143.94,-16.14],[144.42,-16.14],[144.57,-16.1],[144.73,-15.98],[144.8,-15.96],[144.81,-15.82],[144.74,-15.65],[144.74,-15.47],[145.11,-15.15],[144.98,-14.97],[144.48,-14.79],[144.17,-14.81],[143.88,-14.96],[143.56,-14.98]]]},"properties":{"NAME":"Kokowarra","SUBJECTO":"Kokowarra","PARTOF":"Kokowarra"}},
{"type":"Feature","geometry":{"type":"Polygon","coordinates":[[[139.54,-28.93],[139.57,-29.51],[139.75,-29.58],[140.08,-29.58],[140.03,-30.1],[140.04,-30.23],[140.13,-30.22],[140.24,-30.06],[140.27,-29.91],[140.97,-29.59],[141.11,-29.01],[141.01,-28.9],[140.94,-28.84],[140.64,-28.87],[140.19,-28.87],[139.63,-28.89],[139.54,-28.93]]]},"properties":{"NAME":"Pirlatapa","SUBJECTO":"Pirlatapa","PARTOF":"Pirlatapa"}},
{"type":"Feature","geometry":{"type":"Polygon","coordinates":[[[127.74,-19.46],[127.72,-19.81],[127.74,-20.6],[127.88,-20.74],[128.13,-20.91],[129.19,-21.15],[130.11,-21.27],[130.38,-21.08],[130.57,-20.52],[129.76,-19.83],[129.4,-19.7],[128.88,-19.39],[128.74,-19.24],[127.96,-19.31],[127.74,-19.46]]]},"properties":{"NAME":"Ngarti","SUBJECTO":"Ngarti","PARTOF":"Ngarti"}},
{"type":"Feature","geometry":{"type":"Polygon","coordinates":[[[151.19,-33.41],[151.22,-33.32],[150.93,-33.28],[150.57,-33.24],[150.13,-33.21],[149.87,-33.16],[149.87,-33.31],[149.83,-33.52],[149.4,-34.06],[149,-34.19],[148.77,-34.21],[148.63,-34.17],[148.73,-34.24],[148.93,-34.31],[149.41,-34.36],[150.21,-34.21],[150.42,-34.2],[150.61,-34.16],[150.81,-34.16],[150.9,-33.98],[150.98,-33.84],[151.01,-33.76],[151.07,-33.66],[151.11,-33.55],[151.19,-33.41]]]},"properties":{"NAME":"Dharug","SUBJECTO":"Dharug","PARTOF":"Dharug"}},
{"type":"Feature","geometry":{"type":"Polygon","coordinates":[[[144.4,-38.4],[144.7,-38.09],[144.6,-38.05],[144.62,-37.95],[144.59,-37.88],[144.49,-37.79],[144.41,-37.5],[144.34,-37.38],[144.27,-37.27],[144.15,-37.19],[143.87,-37.27],[143.71,-37.2],[143.43,-37.21],[143.25,-37.21],[142.89,-37.5],[142.97,-37.64],[142.99,-37.75],[143.03,-37.8],[143.17,-37.84],[143.34,-38.01],[143.56,-38.08],[143.71,-38.07],[143.95,-37.98],[143.99,-38.02],[144,-38.27],[143.9,-38.36],[144.1,-38.43],[144.26,-38.44],[144.4,-38.4]]]},"properties":{"NAME":"Wathaurong","SUBJECTO":"Wathaurong","PARTOF":"Wathaurong"}},
{"type":"Feature","geometry":{"type":"Polygon","coordinates":[[[123.6,-17.16],[123.68,-17.28],[123.78,-17.35],[124.28,-17.43],[124.43,-17.44],[124.49,-17.44],[124.51,-17.28],[124.5,-17.04],[124.47,-16.84],[124.34,-16.83],[124.19,-16.83],[124.05,-16.82],[123.96,-16.82],[123.6,-17.16]]]},"properties":{"NAME":"Warwa","SUBJECTO":"Warwa","PARTOF":"Warwa"}},
{"type":"Feature","geometry":{"type":"Polygon","coordinates":[[[140.88,-17.42],[140.92,-17.43],[141.04,-17.47],[141.17,-17.49],[141.26,-17.53],[141.81,-17.7],[141.95,-17.79],[142.58,-18.04],[142.95,-17.77],[143.13,-17.6],[143.13,-17.31],[142.8,-17.18],[142.6,-17.18],[141.84,-16.85],[141.6,-16.72],[141.29,-16.52],[140.88,-17.42]]]},"properties":{"NAME":"Kurtjar","SUBJECTO":"Kurtjar","PARTOF":"Kurtjar"}},
{"type":"Feature","geometry":{"type":"Polygon","coordinates":[[[146.95,-19.44],[147.25,-19.71],[147.47,-19.65],[146.95,-19.44]]]},"properties":{"NAME":"Thul Garrie Waja (Bindal)","SUBJECTO":"Thul Garrie Waja (Bindal)","PARTOF":"Thul Garrie Waja (Bindal)"}},
{"type":"Feature","geometry":{"type":"Polygon","coordinates":[[[133.75,-13.02],[133.96,-13.03],[134.31,-12.69],[134.5,-12.61],[134.68,-12.44],[134.75,-12.35],[134.75,-12.16],[134.69,-12.11],[134.56,-12.1],[134.37,-12.17],[134.36,-12.25],[134.19,-12.26],[134.07,-12.26],[133.98,-12.27],[133.6,-12.9],[133.75,-13.02]]]},"properties":{"NAME":"Dangbon","SUBJECTO":"Dangbon","PARTOF":"Dangbon"}},
{"type":"Feature","geometry":{"type":"Polygon","coordinates":[[[132.21,-14.77],[131.98,-14.56],[131.51,-14.6],[131.03,-14.77],[130.96,-14.85],[131.03,-15.27],[131.11,-15.38],[131.27,-15.44],[131.34,-15.55],[131.4,-15.68],[131.4,-15.81],[131.52,-15.83],[131.94,-15.78],[132.06,-15.85],[132.18,-15.98],[132.3,-15.98],[132.21,-14.77]]]},"properties":{"NAME":"Wardaman","SUBJECTO":"Wardaman","PARTOF":"Wardaman"}},
{"type":"Feature","geometry":{"type":"Polygon","coordinates":[[[140.71,-17.63],[139.72,-17.71],[139.69,-17.92],[139.76,-18.04],[139.82,-18.13],[139.88,-18.28],[139.89,-18.49],[140.25,-18.53],[140.54,-18.66],[140.82,-18.35],[140.89,-18.18],[140.91,-17.97],[140.89,-17.76],[140.76,-17.61],[140.75,-17.6],[140.71,-17.63]]]},"properties":{"NAME":"Kukatj","SUBJECTO":"Kukatj","PARTOF":"Kukatj"}},
{"type":"Feature","geometry":{"type":"Polygon","coordinates":[[[116.63,-32.14],[116.27,-32.29],[116.1,-32.43],[116.08,-32.64],[115.99,-32.95],[115.99,-32.99],[116.17,-33.02],[116.63,-33.23],[117.16,-33.44],[117.42,-33.64],[117.53,-33.55],[117.96,-33.32],[117.96,-32.98],[117.8,-32.77],[117.51,-32.38],[116.63,-32.14]]]},"properties":{"NAME":"Wiilman","SUBJECTO":"Wiilman","PARTOF":"Wiilman"}},
{"type":"Feature","geometry":{"type":"Polygon","coordinates":[[[134.73,-12.06],[134.7,-12.1],[134.69,-12.18],[134.69,-12.32],[134.69,-12.45],[135.05,-12.87],[135.05,-13.06],[135.05,-13.27],[135.22,-13.49],[135.42,-13.61],[135.71,-13.7],[135.83,-13.73],[136.86,-12.44],[136.3,-12.51],[134.73,-12.06]]]},"properties":{"NAME":"Yolngu","SUBJECTO":"Yolngu","PARTOF":"Yolngu"}},
{"type":"Feature","geometry":{"type":"Polygon","coordinates":[[[143.21,-22.41],[143.17,-22.63],[143.09,-22.87],[143.07,-23.12],[143.18,-23.44],[143.33,-23.68],[143.45,-23.84],[144.75,-23.84],[144.92,-23.96],[145.27,-24.22],[145.43,-24.38],[145.64,-24.55],[145.85,-24.73],[146.46,-24.87],[146.78,-24.83],[146.77,-24.46],[146.74,-24.23],[146.71,-24.05],[146.59,-23.83],[146.39,-23.58],[146.37,-23.49],[146.41,-23.05],[146.21,-22.64],[146.06,-22.46],[145.75,-22.33],[145.3,-22.13],[144.89,-21.97],[143.84,-22.01],[143.41,-22.13],[143.21,-22.41]]]},"properties":{"NAME":"Iningai","SUBJECTO":"Iningai","PARTOF":"Iningai"}},
{"type":"Feature","geometry":{"type":"Polygon","coordinates":[[[131.6,-13.21],[131.54,-13.58],[132.07,-13.75],[132.18,-13.7],[132.33,-13.72],[132.72,-13.63],[132.88,-13.62],[132.91,-13.52],[132.72,-13.39],[132.52,-13.32],[132.21,-13.23],[131.92,-13.1],[131.6,-13.21]]]},"properties":{"NAME":"Warray","SUBJECTO":"Warray","PARTOF":"Warray"}},
{"type":"Feature","geometry":{"type":"Polygon","coordinates":[[[143.12,-12.24],[143.13,-12.01],[142.82,-11.92],[142.79,-11.74],[142.77,-11.74],[142.66,-11.78],[142.67,-11.95],[142.7,-12.06],[142.73,-12.22],[142.74,-12.28],[142.79,-12.33],[142.97,-12.28],[143.12,-12.24]]]},"properties":{"NAME":"Wuthathi","SUBJECTO":"Wuthathi","PARTOF":"Wuthathi"}},
{"type":"Feature","geometry":{"type":"Polygon","coordinates":[[[126.8,-19.2],[126.36,-20.28],[126.24,-20.63],[126.16,-20.96],[125.52,-21.81],[125.75,-21.84],[126,-21.87],[126.16,-21.93],[126.42,-21.79],[126.88,-21.48],[127.46,-20.95],[127.71,-20.68],[127.78,-20.5],[127.78,-19.44],[127.77,-19.35],[126.93,-19.11],[126.8,-19.2]]]},"properties":{"NAME":"Kukatja","SUBJECTO":"Kukatja","PARTOF":"Kukatja"}},
{"type":"Feature","geometry":{"type":"Polygon","coordinates":[[[139.75,-17.72],[139.48,-17.57],[139.33,-17.81],[139.3,-17.92],[139.51,-17.98],[139.63,-17.96],[139.72,-17.94],[139.75,-17.72]]]},"properties":{"NAME":"Mingin","SUBJECTO":"Mingin","PARTOF":"Mingin"}},
{"type":"Feature","geometry":{"type":"Polygon","coordinates":[[[142.34,-31.35],[141.57,-31.35],[141.2,-31.32],[140.87,-31.33],[140.43,-31.58],[140.17,-31.84],[139.94,-32.11],[139.89,-32.55],[139.88,-32.81],[140.35,-32.81],[141.77,-32.21],[142.46,-31.5],[142.34,-31.35]]]},"properties":{"NAME":"Wiljali","SUBJECTO":"Wiljali","PARTOF":"Wiljali"}},
{"type":"Feature","geometry":{"type":"Polygon","coordinates":[[[116.84,-22.78],[116.65,-22.92],[116.56,-23.08],[116.76,-23.22],[117.08,-23.34],[117.56,-23.49],[117.71,-23.53],[117.85,-23.47],[117.83,-23.37],[117.45,-22.91],[117.24,-22.77],[117.06,-22.7],[116.92,-22.75],[116.84,-22.78]]]},"properties":{"NAME":"Jurruru","SUBJECTO":"Jurruru","PARTOF":"Jurruru"}},
{"type":"Feature","geometry":{"type":"Polygon","coordinates":[[[141.66,-34.1],[141.51,-34.7],[141.8,-34.7],[142.47,-34.89],[142.95,-34.94],[142.97,-34.83],[142.97,-34.67],[142.88,-34.6],[142.76,-34.58],[142.73,-34.7],[142.6,-34.7],[142.48,-34.63],[142.34,-34.24],[142.15,-34.13],[141.94,-34.08],[141.73,-34.08],[141.66,-34.1]]]},"properties":{"NAME":"Latje Latje","SUBJECTO":"Latje Latje","PARTOF":"Latje Latje"}},
{"type":"Feature","geometry":{"type":"Polygon","coordinates":[[[150.79,-34.18],[150.74,-34.15],[150.45,-34.18],[149.98,-34.21],[149.6,-34.28],[149.11,-34.28],[148.79,-34.22],[148.66,-34.18],[148.46,-34.18],[148.36,-34.2],[148.33,-34.28],[148.35,-34.33],[148.56,-34.54],[148.79,-34.72],[149.13,-34.92],[149.47,-35.15],[149.66,-35.25],[149.79,-35.2],[149.95,-35.11],[150.31,-34.96],[150.43,-34.78],[150.57,-34.55],[150.61,-34.44],[150.79,-34.18]]]},"properties":{"NAME":"Gundungurra","SUBJECTO":"Gundungurra","PARTOF":"Gundungurra"}},
{"type":"Feature","geometry":{"type":"Polygon","coordinates":[[[149.85,-37.64],[149.98,-37.08],[149.92,-37.07],[149.85,-37.03],[149.67,-37],[149.46,-36.98],[149.28,-36.96],[149.04,-36.96],[148.29,-37.02],[148.11,-37.1],[148.12,-37.21],[148.17,-37.3],[148.28,-37.41],[149.01,-37.54],[149.23,-37.64],[149.23,-37.74],[149.31,-37.81],[149.43,-37.81],[149.85,-37.64]]]},"properties":{"NAME":"Bidwell","SUBJECTO":"Bidwell","PARTOF":"Bidwell"}},
{"type":"Feature","geometry":{"type":"Polygon","coordinates":[[[136.31,-25.06],[136.11,-25.08],[136.19,-26.54],[136.09,-26.92],[136.09,-27.22],[136.25,-27.29],[136.58,-27.4],[136.72,-27.54],[136.8,-27.71],[136.89,-27.84],[137.43,-27.76],[138.08,-27.73],[138.3,-27.52],[138.42,-27.43],[138.37,-27.26],[138.31,-26.98],[138.16,-26.57],[138.15,-26.43],[138.04,-26.24],[138.03,-26.06],[138.19,-26.02],[138.64,-26],[138.85,-25.97],[138.72,-25.74],[138.59,-25.52],[138.47,-25.24],[138.38,-24.71],[138.08,-24.71],[136.31,-25.06]]]},"properties":{"NAME":"Wangkangurru","SUBJECTO":"Wangkangurru","PARTOF":"Wangkangurru"}},
{"type":"Feature","geometry":{"type":"Polygon","coordinates":[[[114.75,-22.83],[114.69,-23.26],[114.76,-23.37],[115.18,-23.54],[115.39,-23.66],[115.7,-23.78],[115.88,-23.78],[115.78,-23.33],[115.78,-23.16],[115.78,-23.09],[115.78,-22.94],[115.77,-22.87],[115.63,-22.81],[114.87,-22.81],[114.77,-22.83],[114.75,-22.83]]]},"properties":{"NAME":"Purduna","SUBJECTO":"Purduna","PARTOF":"Purduna"}},
{"type":"Feature","geometry":{"type":"Polygon","coordinates":[[[145.99,-17.51],[145.96,-17.43],[145.82,-17.38],[145.64,-17.29],[145.54,-17.24],[145.49,-17.19],[145.43,-17.18],[145.33,-17.27],[145.34,-17.27],[145.31,-17.36],[145.29,-17.43],[145.22,-17.55],[145.19,-17.65],[145.34,-18.09],[145.44,-18.14],[145.56,-18.14],[145.98,-18.01],[146.02,-17.86],[145.99,-17.51]]]},"properties":{"NAME":"Djirbalngan","SUBJECTO":"Djirbalngan","PARTOF":"Djirbalngan"}},
{"type":"Feature","geometry":{"type":"Polygon","coordinates":[[[141.4,-15.86],[141.39,-15.92],[141.62,-15.92],[141.72,-15.92],[141.72,-15.77],[141.78,-15.35],[141.65,-15.32],[141.52,-15.53],[141.4,-15.86]]]},"properties":{"NAME":"Koko-bera","SUBJECTO":"Koko-bera","PARTOF":"Koko-bera"}},
{"type":"Feature","geometry":{"type":"Polygon","coordinates":[[[147.28,-22.53],[147.14,-22.4],[146.99,-22.34],[146.77,-22.33],[146.5,-22.33],[146.06,-22.44],[146.06,-22.51],[146.16,-22.65],[146.32,-22.96],[146.33,-23.43],[146.4,-23.63],[146.59,-23.92],[146.69,-24.13],[146.75,-24.26],[147.24,-23.99],[147.19,-23.8],[147.17,-23.47],[147.16,-23.3],[147.16,-22.99],[147.28,-22.53]]]},"properties":{"NAME":"Yagalingu","SUBJECTO":"Yagalingu","PARTOF":"Yagalingu"}},
{"type":"Feature","geometry":{"type":"Polygon","coordinates":[[[141.11,-36.3],[141.12,-36.14],[141.13,-35.97],[141.17,-35.7],[141.51,-35.02],[141.49,-34.8],[141.33,-34.62],[141.24,-34.53],[139.77,-34.55],[139.69,-34.8],[139.52,-35.09],[139.38,-35.22],[140,-36.32],[140.3,-36.34],[140.8,-36.34],[141.11,-36.3]]]},"properties":{"NAME":"Ngargad","SUBJECTO":"Ngargad","PARTOF":"Ngargad"}},
{"type":"Feature","geometry":{"type":"Polygon","coordinates":[[[149.41,-21.92],[149.28,-21.54],[149.18,-21.57],[149.06,-21.64],[149.16,-21.79],[149.23,-21.92],[149.28,-22.17],[149.28,-22.36],[149.3,-22.59],[149.4,-22.8],[149.74,-22.95],[150.14,-22.89],[150.25,-22.78],[150.23,-22.48],[149.94,-22.32],[150.02,-22.73],[149.56,-22.43],[149.41,-21.92]]]},"properties":{"NAME":"Guwinmal","SUBJECTO":"Guwinmal","PARTOF":"Guwinmal"}},
{"type":"Feature","geometry":{"type":"Polygon","coordinates":[[[151.25,-34.06],[151.26,-33.99],[151.09,-33.93],[150.89,-33.94],[150.83,-34.03],[150.73,-34.15],[150.64,-34.27],[150.22,-34.92],[150.34,-34.96],[150.46,-35.01],[150.54,-35.03],[150.69,-35.09],[150.82,-35.11],[150.85,-34.92],[150.85,-34.88],[150.96,-34.56],[151.25,-34.06]]]},"properties":{"NAME":"Tharawal","SUBJECTO":"Tharawal","PARTOF":"Tharawal"}},
{"type":"Feature","geometry":{"type":"Polygon","coordinates":[[[127.62,-20.65],[127.02,-21.04],[126.63,-21.62],[126.21,-21.88],[126.17,-22.15],[127.07,-23.5],[127.44,-23.77],[127.68,-23.91],[127.88,-24.03],[128.14,-24.13],[128.5,-24.27],[128.96,-24.43],[129.33,-24.49],[130.5,-24.87],[130.67,-24.71],[130.91,-24.39],[131.19,-23.46],[131.26,-23.15],[131.31,-22.89],[131.32,-22.76],[130.86,-22.62],[130.87,-21.64],[130.44,-21.14],[130.09,-21.09],[129.79,-20.96],[129.45,-20.94],[129.14,-21.06],[128.72,-20.91],[128.42,-20.89],[127.62,-20.65]]]},"properties":{"NAME":"Pintupi","SUBJECTO":"Pintupi","PARTOF":"Pintupi"}},
{"type":"Feature","geometry":{"type":"Polygon","coordinates":[[[127.4,-14.1],[126.85,-13.78],[126.76,-14],[126.67,-14.1],[126.62,-14.2],[126.69,-14.35],[126.86,-14.44],[127.14,-14.47],[127.29,-14.48],[127.4,-14.1]]]},"properties":{"NAME":"Miwa","SUBJECTO":"Miwa","PARTOF":"Miwa"}},
{"type":"Feature","geometry":{"type":"Polygon","coordinates":[[[118.8,-23.54],[119.14,-23.55],[119.47,-23.54],[119.62,-23.53],[119.66,-23.53],[119.67,-23.35],[119.53,-22.9],[119.32,-22.57],[119.16,-22.45],[118.91,-22.33],[118.2,-22.08],[117.89,-22.04],[117.77,-22.12],[117.6,-22.45],[117.54,-22.61],[117.49,-22.68],[117.43,-22.82],[117.49,-22.91],[118.2,-23.34],[118.42,-23.46],[118.58,-23.53],[118.8,-23.54]]]},"properties":{"NAME":"Banjima","SUBJECTO":"Banjima","PARTOF":"Banjima"}},
{"type":"Feature","geometry":{"type":"Polygon","coordinates":[[[130.21,-13.48],[130.18,-13.51],[130.2,-13.6],[130.23,-13.64],[130.25,-13.64],[130.29,-13.63],[130.35,-13.47],[130.32,-13.44],[130.29,-13.43],[130.21,-13.48]]]},"properties":{"NAME":"Kuwema","SUBJECTO":"Kuwema","PARTOF":"Kuwema"}},
{"type":"Feature","geometry":{"type":"Polygon","coordinates":[[[130.96,-17.48],[130.94,-17.37],[130.73,-17.38],[130.29,-17.29],[130.29,-17.18],[130.14,-17.07],[129.25,-16.79],[129.25,-16.6],[129.11,-16.56],[128.76,-16.69],[128.87,-17.52],[128.98,-17.79],[129.1,-18.01],[129.18,-18.25],[129.27,-18.41],[130.29,-18.33],[130.83,-18.23],[131.04,-18.16],[131.37,-18.06],[131.62,-18.01],[131.29,-17.9],[131.09,-17.9],[130.98,-17.87],[130.96,-17.48]]]},"properties":{"NAME":"Gurindji","SUBJECTO":"Gurindji","PARTOF":"Gurindji"}},
{"type":"Feature","geometry":{"type":"Polygon","coordinates":[[[141.9,-14.92],[142.23,-14.92],[142.94,-14.84],[143.32,-14.84],[143.42,-14.82],[143.46,-14.46],[143.44,-14.33],[143.42,-14.24],[143.34,-14.08],[143.18,-14.1],[142.95,-14.18],[142.75,-14.24],[142.55,-14.3],[142.15,-14.47],[142.06,-14.47],[142,-14.49],[142.01,-14.64],[141.98,-14.8],[141.9,-14.92]]]},"properties":{"NAME":"Bakanh","SUBJECTO":"Bakanh","PARTOF":"Bakanh"}},
{"type":"Feature","geometry":{"type":"Polygon","coordinates":[[[142.76,-17.83],[142.61,-17.93],[142.57,-18.02],[142.6,-18.19],[142.89,-18.68],[142.98,-18.76],[143.13,-18.69],[143.39,-18.59],[143.56,-18.48],[143.48,-17.59],[143.21,-17.33],[143.07,-17.43],[142.76,-17.83]]]},"properties":{"NAME":"Takalak","SUBJECTO":"Takalak","PARTOF":"Takalak"}},
{"type":"Feature","geometry":{"type":"Polygon","coordinates":[[[132.97,-21.89],[132.31,-21.87],[131.92,-21.98],[131.73,-22.31],[131.85,-22.68],[132.02,-22.9],[132.14,-23.06],[132.52,-23.01],[133.07,-22.92],[133.44,-22.9],[133.98,-22.89],[134.01,-22.65],[134.15,-22.35],[133.99,-22.23],[132.97,-21.89]]]},"properties":{"NAME":"Anmatyerre","SUBJECTO":"Anmatyerre","PARTOF":"Anmatyerre"}},
{"type":"Feature","geometry":{"type":"Polygon","coordinates":[[[129.77,-13.82],[129.76,-14.01],[129.9,-13.99],[129.87,-14.05],[129.88,-14.1],[129.92,-14.1],[129.99,-14.11],[130.08,-14.08],[130.16,-14.05],[130.21,-14.01],[130.23,-13.9],[130.14,-13.86],[130.1,-13.78],[130.13,-13.66],[130.06,-13.61],[129.85,-13.72],[129.77,-13.82]]]},"properties":{"NAME":"Marrithiyel","SUBJECTO":"Marrithiyel","PARTOF":"Marrithiyel"}},
{"type":"Feature","geometry":{"type":"Polygon","coordinates":[[[130.48,-13.42],[130.37,-13.38],[130.32,-13.47],[130.3,-13.55],[130.27,-13.63],[130.24,-13.71],[130.22,-13.88],[130.31,-13.92],[130.42,-13.92],[130.54,-13.9],[130.82,-13.81],[130.89,-13.81],[131.08,-13.8],[131.22,-13.8],[131.34,-13.74],[131.36,-13.7],[131.33,-13.62],[130.48,-13.42]]]},"properties":{"NAME":"Malak malak","SUBJECTO":"Malak malak","PARTOF":"Malak malak"}},
{"type":"Feature","geometry":{"type":"Polygon","coordinates":[[[145.54,-26.39],[145.57,-27.11],[146.47,-26.98],[146.63,-26.9],[146.93,-26.78],[148.14,-26.74],[148.22,-26.52],[148.37,-26.21],[148.33,-26.14],[148.33,-26.03],[148.64,-25.86],[148.94,-25.9],[148.82,-25.48],[148.87,-25.3],[148.86,-25.23],[148.85,-25.17],[148.85,-25.13],[148.83,-25.03],[148.86,-24.88],[148.74,-24.53],[148.7,-24.48],[148.62,-24.46],[148.59,-24.44],[148.54,-24.41],[148.48,-24.37],[148.21,-24.12],[147.85,-24.03],[147.43,-24],[147.07,-23.98],[146.85,-23.97],[146.59,-23.94],[145.92,-23.86],[145.46,-23.66],[145.13,-24.35],[145.09,-24.52],[145.08,-24.64],[145.06,-24.77],[145.04,-24.86],[144.88,-25.05],[144.61,-25.91],[144.88,-26.2],[145.33,-26.14],[145.47,-26.26],[145.5,-26.33],[145.54,-26.39]]]},"properties":{"NAME":"Bidjara","SUBJECTO":"Bidjara","PARTOF":"Bidjara"}},
{"type":"Feature","geometry":{"type":"Polygon","coordinates":[[[134.73,-12.06],[134.6,-12.06],[134.6,-12.09],[134.6,-12.11],[134.63,-12.13],[134.66,-12.16],[134.7,-12.13],[134.72,-12.08],[134.73,-12.06]]]},"properties":{"NAME":"Burarra","SUBJECTO":"Burarra","PARTOF":"Burarra"}},
{"type":"Feature","geometry":{"type":"Polygon","coordinates":[[[124.85,-16.53],[124.72,-16.5],[124.4,-16.52],[124.45,-16.65],[124.45,-16.77],[124.45,-17.07],[124.46,-17.35],[124.46,-17.45],[125.15,-17.46],[125.3,-17.64],[125.48,-17.67],[125.78,-17.45],[125.83,-17.32],[125.81,-17.15],[125.62,-17.03],[125.46,-16.88],[125.16,-16.7],[124.89,-16.38],[124.85,-16.53]]]},"properties":{"NAME":"Unggumi","SUBJECTO":"Unggumi","PARTOF":"Unggumi"}},
{"type":"Feature","geometry":{"type":"Polygon","coordinates":[[[122.5,-27.29],[122.1,-27.56],[121.94,-27.69],[121.57,-27.94],[121.85,-28.21],[122.06,-28.54],[122.15,-28.76],[122.52,-28.8],[122.84,-28.6],[123.64,-28.29],[124.27,-27.73],[124.34,-27.59],[124.44,-27.51],[124.37,-27.33],[124.11,-27.21],[124.01,-27.15],[123.44,-26.78],[123.24,-26.61],[123.16,-26.5],[123.05,-26.42],[122.82,-26.78],[122.5,-27.29]]]},"properties":{"NAME":"Tjalkanti","SUBJECTO":"Tjalkanti","PARTOF":"Tjalkanti"}},
{"type":"Feature","geometry":{"type":"Polygon","coordinates":[[[122.15,-17.73],[122.19,-17.78],[122.68,-17.76],[122.81,-17.72],[122.87,-17.68],[122.85,-17.32],[122.76,-17.32],[122.6,-17.32],[122.16,-17.32],[122.1,-17.38],[122.15,-17.73]]]},"properties":{"NAME":"Ngumbarl","SUBJECTO":"Ngumbarl","PARTOF":"Ngumbarl"}},
{"type":"Feature","geometry":{"type":"Polygon","coordinates":[[[114.34,-28.49],[114.45,-28.65],[114.68,-28.76],[115.33,-28.58],[115.23,-28.46],[115.19,-28.32],[114.98,-28.01],[114.96,-27.23],[114.91,-27.03],[114.69,-26.45],[114.63,-26.4],[114.53,-26.4],[114.02,-26.59],[113.85,-26.75],[113.7,-26.81],[113.94,-27.28],[114.34,-28.49]]]},"properties":{"NAME":"Nhanta","SUBJECTO":"Nhanta","PARTOF":"Nhanta"}},
{"type":"Feature","geometry":{"type":"Polygon","coordinates":[[[149.92,-32.75],[149.81,-32.92],[149.75,-33.09],[149.87,-33.18],[150.17,-33.3],[150.81,-33.33],[151.02,-33.34],[151.24,-33.39],[151.38,-33.26],[151.46,-33.08],[151.47,-32.9],[151.25,-32.85],[150.76,-32.8],[150.23,-32.76],[149.92,-32.75]]]},"properties":{"NAME":"Darkinung","SUBJECTO":"Darkinung","PARTOF":"Darkinung"}},
{"type":"Feature","geometry":{"type":"Polygon","coordinates":[[[142.85,-28.08],[142.4,-28.29],[142.29,-28.45],[142.27,-28.53],[142.36,-28.61],[142.77,-28.72],[143.06,-28.74],[143.32,-28.76],[143.54,-28.81],[143.7,-28.82],[143.65,-28.53],[143.65,-28.4],[144.11,-28.04],[144.19,-27.97],[144.06,-27.96],[143.83,-27.9],[143.7,-27.9],[143.54,-27.95],[143.05,-28.01],[142.85,-28.08]]]},"properties":{"NAME":"Kullilla","SUBJECTO":"Kullilla","PARTOF":"Kullilla"}},
{"type":"Feature","geometry":{"type":"Polygon","coordinates":[[[140.13,-37.72],[140.33,-37.87],[140.95,-38.07],[140.96,-38],[140.98,-37.99],[141.05,-37.75],[140.19,-37.08],[140,-37.62],[140.13,-37.72]]]},"properties":{"NAME":"Buandig","SUBJECTO":"Buandig","PARTOF":"Buandig"}},
{"type":"Feature","geometry":{"type":"Polygon","coordinates":[[[141.31,-16.45],[141.25,-16.64],[141.26,-16.65],[141.55,-16.82],[141.95,-16.98],[141.9,-16.84],[141.74,-15.87],[141.61,-15.87],[141.4,-15.86],[141.31,-16.45]]]},"properties":{"NAME":"Koknar","SUBJECTO":"Koknar","PARTOF":"Koknar"}},
{"type":"Feature","geometry":{"type":"Polygon","coordinates":[[[118.87,-20.07],[118.81,-20.17],[119.68,-20.43],[119.86,-20.3],[119.98,-20.11],[119.97,-20.07],[119.53,-20.14],[118.87,-20.07]]]},"properties":{"NAME":"Ngarla","SUBJECTO":"Ngarla","PARTOF":"Ngarla"}},
{"type":"Feature","geometry":{"type":"Polygon","coordinates":[[[129.7,-15.06],[129.67,-15.15],[129.73,-15.23],[129.81,-15.36],[129.93,-15.49],[130.2,-15.53],[130.31,-15.5],[130.55,-15.49],[130.98,-15.42],[131.12,-15.28],[131.1,-14.89],[131,-14.76],[130.66,-14.72],[130.26,-14.72],[130.06,-14.72],[129.79,-14.75],[129.7,-15.06]]]},"properties":{"NAME":"Jaminjung","SUBJECTO":"Jaminjung","PARTOF":"Jaminjung"}},
{"type":"Feature","geometry":{"type":"Polygon","coordinates":[[[117.59,-30.6],[116.85,-30.07],[116.43,-31.47],[116.73,-31.6],[116.73,-32.12],[117.71,-32.43],[117.6,-31.97],[118.31,-31.08],[118.06,-30.71],[117.59,-30.6]]]},"properties":{"NAME":"Ballardong","SUBJECTO":"Ballardong","PARTOF":"Ballardong"}},
{"type":"Feature","geometry":{"type":"Polygon","coordinates":[[[143.68,-14.3],[143.58,-14.04],[143.44,-14.07],[143.32,-14.12],[143.35,-14.18],[143.39,-14.36],[143.53,-14.31],[143.68,-14.3]]]},"properties":{"NAME":"Umbindhamu","SUBJECTO":"Umbindhamu","PARTOF":"Umbindhamu"}},
{"type":"Feature","geometry":{"type":"Polygon","coordinates":[[[134.95,-14.32],[135.05,-14.46],[135.41,-14.43],[135.51,-14.47],[135.59,-14.18],[135.43,-13.84],[135.32,-13.69],[135.24,-13.63],[135.04,-13.77],[134.87,-13.81],[134.79,-13.91],[134.95,-14.32]]]},"properties":{"NAME":"Ngandi","SUBJECTO":"Ngandi","PARTOF":"Ngandi"}},
{"type":"Feature","geometry":{"type":"Polygon","coordinates":[[[143.54,-13.94],[143.5,-13.77],[143.43,-13.8],[143.37,-13.82],[143.32,-13.84],[143.32,-13.89],[143.3,-13.95],[143.3,-14.07],[143.29,-14.1],[143.3,-14.13],[143.43,-14.1],[143.58,-14.06],[143.54,-13.94]]]},"properties":{"NAME":"Kuuku-yani","SUBJECTO":"Kuuku-yani","PARTOF":"Kuuku-yani"}},
{"type":"Feature","geometry":{"type":"Polygon","coordinates":[[[146.11,-18.55],[145.68,-18.43],[145.69,-18.45],[145.68,-18.51],[145.74,-18.72],[145.89,-19.14],[146.59,-19.64],[146.73,-19.41],[146.71,-19.36],[146.52,-19.27],[146.35,-19.1],[146.28,-19.01],[146.16,-18.7],[146.11,-18.55]]]},"properties":{"NAME":"Nyawaygi","SUBJECTO":"Nyawaygi","PARTOF":"Nyawaygi"}},
{"type":"Feature","geometry":{"type":"Polygon","coordinates":[[[145.56,-21.75],[145.77,-22.08],[145.81,-22.33],[145.92,-22.48],[146.15,-22.48],[146.5,-22.39],[146.76,-22.39],[146.84,-22.16],[146.82,-21.92],[146.73,-21.76],[146.62,-21.61],[146.59,-21.53],[146,-21.53],[145.71,-21.58],[145.56,-21.75]]]},"properties":{"NAME":"Miyan","SUBJECTO":"Miyan","PARTOF":"Miyan"}},
{"type":"Feature","geometry":{"type":"Polygon","coordinates":[[[124.26,-20.53],[123.82,-20.53],[123.51,-20.84],[123.29,-21.29],[123.29,-21.51],[123.93,-22.41],[125.53,-22.07],[125.82,-21.84],[126.04,-21.58],[126.45,-20.63],[126.45,-20.37],[126.08,-20.28],[125.11,-20.18],[124.72,-20.22],[124.26,-20.53]]]},"properties":{"NAME":"Yulparitja","SUBJECTO":"Yulparitja","PARTOF":"Yulparitja"}},
{"type":"Feature","geometry":{"type":"Polygon","coordinates":[[[148.12,-24.78],[148.12,-24.93],[148.12,-25.07],[148.29,-25.14],[148.31,-25.24],[148.36,-25.32],[148.67,-25.26],[148.87,-25.25],[149.02,-25.22],[149.05,-25.05],[149.05,-24.58],[149.05,-24.35],[148.82,-24.26],[148.69,-24.19],[148.5,-24.39],[148.23,-24.68],[148.12,-24.78]]]},"properties":{"NAME":"Garingbal","SUBJECTO":"Garingbal","PARTOF":"Garingbal"}},
{"type":"Feature","geometry":{"type":"Polygon","coordinates":[[[143.68,-35.84],[143.85,-35.9],[143.91,-35.96],[144,-36.07],[144.17,-36.36],[144.21,-36.49],[144.27,-36.58],[144.49,-36.62],[144.57,-36.57],[144.68,-36.47],[144.77,-36.37],[144.8,-36.28],[144.85,-36.14],[144.87,-36.08],[144.53,-35.85],[144.67,-35.58],[145.11,-35.32],[145.23,-35.22],[145.32,-35.11],[145,-34.91],[144.88,-34.8],[144.84,-34.76],[144.76,-34.9],[144.66,-35.03],[144.46,-35.25],[144.21,-35.43],[143.82,-35.72],[143.68,-35.84]]]},"properties":{"NAME":"Baraba Baraba","SUBJECTO":"Baraba Baraba","PARTOF":"Baraba Baraba"}},
{"type":"Feature","geometry":{"type":"Polygon","coordinates":[[[140.71,-17.63],[140.69,-17.64],[140.8,-17.74],[140.84,-17.79],[140.92,-17.72],[141.15,-17.6],[141.25,-17.54],[141.04,-17.42],[140.88,-17.42],[140.71,-17.63]]]},"properties":{"NAME":"Kuthant","SUBJECTO":"Kuthant","PARTOF":"Kuthant"}},
{"type":"Feature","geometry":{"type":"Polygon","coordinates":[[[151.57,-32.45],[151.19,-32.34],[151.01,-32.25],[150.01,-32.25],[149.95,-32.35],[149.92,-32.46],[149.9,-32.56],[149.9,-32.76],[150.03,-32.81],[150.3,-32.83],[150.61,-32.88],[151.4,-32.91],[151.52,-32.87],[151.59,-32.75],[151.61,-32.52],[151.57,-32.45]]]},"properties":{"NAME":"Wonnarua","SUBJECTO":"Wonnarua","PARTOF":"Wonnarua"}},
{"type":"Feature","geometry":{"type":"Polygon","coordinates":[[[132.85,-12.84],[132.84,-12.9],[132.83,-12.96],[132.72,-13.14],[132.64,-13.19],[132.69,-13.23],[132.73,-13.25],[132.91,-13.3],[133,-13.37],[133.06,-13.3],[133.11,-13.28],[133.25,-13.3],[133.32,-13.33],[133.53,-13.34],[133.61,-13.32],[133.65,-13.04],[133.59,-12.96],[133.54,-12.92],[133.51,-12.91],[133.44,-12.88],[133.32,-12.83],[132.91,-12.78],[132.85,-12.84]]]},"properties":{"NAME":"Wuningangk","SUBJECTO":"Wuningangk","PARTOF":"Wuningangk"}},
{"type":"Feature","geometry":{"type":"Polygon","coordinates":[[[143.41,-31.38],[142.61,-31.37],[142.33,-31.42],[142.28,-31.63],[141.84,-32.05],[141.22,-32.38],[139.92,-32.77],[139.3,-32.9],[138.93,-33.19],[138.93,-33.48],[139.1,-33.68],[139.31,-33.62],[139.52,-33.55],[139.76,-33.43],[140.16,-33.35],[140.75,-33.38],[140.97,-33.45],[141.09,-33.34],[141.77,-32.93],[142.5,-32.33],[142.94,-32.04],[143.28,-31.68],[143.44,-31.56],[143.53,-31.51],[143.47,-31.43],[143.41,-31.38]]]},"properties":{"NAME":"Danggali","SUBJECTO":"Danggali","PARTOF":"Danggali"}},
{"type":"Feature","geometry":{"type":"Polygon","coordinates":[[[146.88,-29.91],[146.82,-29.79],[146.7,-29.7],[145.83,-29.61],[145.69,-29.89],[145.59,-30.04],[145.54,-30.2],[145.73,-30.08],[145.98,-30.02],[146.27,-30],[146.78,-30.01],[146.94,-30],[146.88,-29.91]]]},"properties":{"NAME":"Barranbinya","SUBJECTO":"Barranbinya","PARTOF":"Barranbinya"}},
{"type":"Feature","geometry":{"type":"Polygon","coordinates":[[[130.01,-14.28],[129.99,-14.34],[130.01,-14.39],[130.03,-14.43],[130.07,-14.47],[130.16,-14.47],[130.28,-14.49],[130.32,-14.51],[130.45,-14.54],[130.89,-14.41],[130.94,-14.25],[130.91,-14.01],[130.89,-13.86],[130.87,-13.8],[130.73,-13.8],[130.59,-13.85],[130.42,-13.89],[130.3,-13.89],[130.29,-14],[130.21,-14.09],[130.09,-14.13],[130.01,-14.28]]]},"properties":{"NAME":"Ngan’giwumirri","SUBJECTO":"Ngan’giwumirri","PARTOF":"Ngan’giwumirri"}},
{"type":"Feature","geometry":{"type":"Polygon","coordinates":[[[151.57,-33.22],[151.77,-33],[151.84,-32.89],[151.96,-32.82],[151.77,-32.82],[151.69,-32.79],[151.59,-32.75],[151.55,-32.72],[151.5,-32.72],[151.44,-32.81],[151.44,-32.87],[151.42,-32.93],[151.37,-33.04],[151.29,-33.17],[151.39,-33.2],[151.51,-33.23],[151.57,-33.22]]]},"properties":{"NAME":"Awabakal","SUBJECTO":"Awabakal","PARTOF":"Awabakal"}},
{"type":"Feature","geometry":{"type":"Polygon","coordinates":[[[115.77,-32.75],[115.71,-33.02],[115.97,-32.99],[115.99,-32.92],[116.02,-32.83],[116.02,-32.76],[116.11,-32.52],[116.14,-32.38],[115.77,-32.75]]]},"properties":{"NAME":"Pinjarup","SUBJECTO":"Pinjarup","PARTOF":"Pinjarup"}},
{"type":"Feature","geometry":{"type":"Polygon","coordinates":[[[140.94,-21.95],[140.95,-22.3],[141.17,-22.4],[141.57,-22.73],[142.1,-22.95],[142.28,-22.81],[142.88,-22.64],[143.25,-22.56],[143.34,-22.31],[143.39,-22.07],[143.39,-21.76],[143.38,-21.62],[143.13,-21.63],[142.56,-21.78],[141.9,-21.63],[141.2,-21.73],[140.97,-21.89],[140.94,-21.95]]]},"properties":{"NAME":"Guwa","SUBJECTO":"Guwa","PARTOF":"Guwa"}},
{"type":"Feature","geometry":{"type":"Polygon","coordinates":[[[123.56,-30.92],[124.42,-30.96],[125.19,-30.65],[126.36,-30.38],[127.13,-30.37],[128.17,-30.13],[128.45,-30.13],[128.47,-29.78],[128.34,-29.5],[127.86,-29.06],[127.64,-28.79],[127.38,-28.52],[127.13,-28.63],[126.94,-28.83],[126.65,-28.88],[125.93,-28.56],[125.07,-28.03],[124.61,-27.61],[124.39,-27.51],[124.17,-27.63],[123.88,-27.88],[123.28,-28.29],[122.63,-28.66],[122.64,-28.85],[122.73,-28.94],[123.41,-30.11],[123.51,-30.47],[123.52,-30.73],[123.56,-30.92]]]},"properties":{"NAME":"Nyanganyatjara","SUBJECTO":"Nyanganyatjara","PARTOF":"Nyanganyatjara"}},
{"type":"Feature","geometry":{"type":"Polygon","coordinates":[[[127.13,-30.37],[128.69,-30.34],[131.03,-30.77],[131.04,-30.64],[131.29,-30.28],[131.44,-30.23],[130.16,-30.12],[129.34,-30.09],[128.46,-30.13],[128.17,-30.13],[127.13,-30.37]]]},"properties":{"NAME":null,"SUBJECTO":null,"PARTOF":null}},
{"type":"Feature","geometry":{"type":"MultiPolygon","coordinates":[[[[146.63,-19.26],[146.35,-19.1],[146.52,-19.27],[146.63,-19.27],[146.63,-19.26]]],[[[147.47,-19.65],[147.25,-19.71],[147.26,-19.89],[147.47,-19.65]]],[[[152.98,-27.28],[153.06,-27.1],[153,-27.08],[152.93,-27.06],[152.84,-27.19],[152.85,-27.23],[152.98,-27.28]]],[[[151.77,-33],[152.31,-32.7],[152.01,-32.84],[151.84,-32.89],[151.77,-33]]],[[[146.93,-38.71],[148.04,-38.1],[149.5,-37.93],[149.85,-37.64],[149.43,-37.81],[149.31,-37.83],[147.74,-38.05],[146.93,-38.71]]],[[[146.63,-38.88],[146.91,-38.72],[146.65,-38.76],[146.63,-38.87],[146.63,-38.88]]],[[[144.7,-38.09],[144.73,-38.08],[144.6,-38.05],[144.7,-38.09]]],[[[140.33,-37.87],[141.55,-38.53],[143.36,-38.97],[143.46,-38.96],[144.31,-38.57],[144.58,-38.5],[144.57,-38.41],[144.4,-38.4],[144.26,-38.44],[144.17,-38.49],[143.73,-38.83],[143.52,-38.91],[143.11,-38.77],[143.13,-38.71],[142.53,-38.47],[142.51,-38.41],[141.36,-38.42],[140.98,-38.09],[140.95,-38.07],[140.33,-37.87]]],[[[137.92,-34.63],[138.27,-34.58],[138.11,-34.25],[138.05,-34.19],[137.92,-34.63]]],[[[136.65,-34.12],[137.07,-33.95],[137.83,-33.02],[137.8,-33.01],[137.76,-33],[136.92,-33.93],[136.8,-33.95],[136.65,-34.12]]],[[[124,-33.42],[126.06,-32.43],[127.27,-32.38],[129.19,-31.8],[131.36,-31.67],[131.02,-31.55],[128.9,-31.71],[127.31,-32.27],[126.01,-32.27],[124.43,-32.94],[124,-33.42]]],[[[119.46,-34.4],[119.51,-34.34],[119.16,-34.1],[119.46,-34.4]]],[[[119.01,-34.61],[119.35,-34.55],[118.92,-34.29],[119.03,-34.49],[119.01,-34.61]]],[[[115.02,-34.26],[115.05,-34.42],[115.62,-34.63],[115.97,-34.94],[116.56,-35.19],[117.74,-35.22],[116.41,-35.08],[116.43,-35.05],[116,-34.94],[115.65,-34.6],[115.14,-34.4],[115.05,-34.38],[115.02,-34.26]]],[[[114.9,-30.13],[115.06,-30.8],[115.49,-31.55],[115.98,-31.42],[115.92,-31.37],[115.43,-31.39],[114.97,-30.34],[114.95,-30.31],[114.9,-30.13]]],[[[114.45,-28.65],[114.54,-28.78],[114.59,-28.72],[114.45,-28.65]]],[[[113.06,-26.12],[114.02,-27.63],[114.34,-28.49],[113.94,-27.28],[113.7,-26.81],[113.6,-26.76],[113.06,-26.12]]],[[[113.37,-24.26],[113.43,-24.87],[113.9,-25.59],[113.75,-25.32],[113.55,-24.88],[113.57,-24.79],[113.37,-24.26]]],[[[113.62,-22.66],[113.74,-23.25],[113.77,-22.86],[113.72,-22.82],[113.62,-22.66]]],[[[114.69,-21.95],[114.64,-21.98],[114.92,-22.42],[115.26,-22.43],[115.13,-22.4],[114.69,-21.95]]],[[[122.21,-18.05],[122.23,-18.14],[122.31,-18.07],[122.25,-18.06],[122.21,-18.05]]],[[[122.1,-17.38],[122.09,-17.62],[122.18,-17.92],[122.16,-17.79],[122.15,-17.73],[122.1,-17.38]]],[[[122.76,-16.6],[122.65,-16.74],[122.73,-16.74],[122.73,-16.72],[122.76,-16.6]]],[[[123.6,-17.16],[123.51,-17.11],[123.5,-17.32],[123.53,-17.38],[123.56,-17.21],[123.57,-17.17],[123.6,-17.16]]],[[[141.59,-13.15],[141.56,-13.39],[141.58,-13.36],[141.62,-13.35],[141.59,-13.15]]],[[[152.89,-27.48],[152.81,-27.29],[152.8,-27.3],[152.74,-27.33],[152.72,-27.44],[152.85,-27.49],[152.89,-27.48]]],[[[152.43,-27.77],[151.51,-27.84],[151.46,-27.95],[151.5,-28.11],[151.68,-28.25],[152.54,-27.99],[152.65,-27.88],[152.69,-27.82],[152.69,-27.75],[152.57,-27.75],[152.43,-27.77]]],[[[116.63,-32.14],[117.51,-32.38],[116.73,-32.12],[116.73,-31.6],[116.43,-31.47],[116.85,-30.07],[117.59,-30.6],[117.92,-30.67],[116.95,-30.12],[116.83,-30.05],[116.39,-31.39],[116.39,-31.47],[116.67,-31.99],[116.63,-32.14]]],[[[116.72,-30],[116.52,-29.6],[116.38,-29.38],[116.67,-29.95],[116.72,-30]]],[[[118.47,-28.4],[118.42,-28.37],[118.69,-28.56],[119.2,-28.64],[118.47,-28.4]]],[[[120.99,-30.73],[120.22,-29.4],[119.69,-29.01],[119.52,-28.81],[119.44,-28.76],[120,-29.32],[120.74,-30.63],[120.99,-30.73]]],[[[132.41,-12.8],[132.43,-12.75],[132.3,-12.79],[132.21,-12.8],[131.72,-12.95],[131.66,-12.94],[131.21,-12.92],[131.2,-12.92],[131.1,-12.96],[130.98,-12.98],[131.52,-13.23],[131.6,-13.21],[131.92,-13.1],[132.18,-13.19],[132.26,-13.08],[132.29,-13.07],[132.32,-13.05],[132.34,-12.98],[132.41,-12.8]]],[[[117.67,-34.05],[117.56,-34.21],[116.43,-34.31],[116.21,-33.95],[116.18,-34.17],[116.56,-34.84],[116.57,-34.83],[116.52,-34.33],[118.65,-34.25],[118.57,-34.23],[117.67,-34.05]]],[[[117.45,-33.65],[117.56,-33.77],[117.65,-33.81],[117.45,-33.65]]],[[[134.95,-14.32],[134.79,-13.91],[134.68,-13.94],[134.33,-13.42],[134.32,-13.43],[133.95,-13.1],[133.75,-13.02],[133.65,-13.04],[133.61,-13.32],[133.64,-13.41],[133.63,-13.56],[133.8,-13.93],[134.81,-14.61],[134.87,-14.61],[135.03,-14.45],[134.95,-14.32]]],[[[118.04,-32.98],[117.8,-32.77],[117.96,-32.98],[118.04,-32.98]]],[[[118.58,-33.28],[118.44,-33.17],[118.67,-33.52],[118.58,-33.28]]],[[[120.33,-32.95],[120.2,-33.08],[120.38,-33.01],[120.46,-32.88],[120.41,-32.78],[120.39,-32.77],[120.33,-32.95]]],[[[131.39,-16.77],[130.97,-17.39],[130.96,-17.48],[130.98,-17.87],[130.98,-17.83],[130.98,-17.55],[131.56,-16.6],[131.39,-16.77]]],[[[132.14,-16],[131.94,-16.31],[131.93,-16.44],[132.23,-16.31],[132.33,-16.11],[132.32,-15.96],[132.3,-15.98],[132.18,-15.98],[132.14,-16]]],[[[123.35,-30.92],[123.25,-30.95],[123.38,-30.99],[124.22,-31.03],[124.42,-30.96],[123.56,-30.92],[123.55,-30.95],[123.35,-30.92]]],[[[118.8,-23.54],[118.58,-23.53],[118.5,-23.63],[117.88,-24.03],[117.67,-24.03],[118.44,-24.37],[118.57,-24.34],[118.79,-23.58],[118.8,-23.54]]],[[[132.46,-14.98],[133.1,-14.96],[132.93,-14.74],[132.11,-14.6],[132.21,-14.77],[132.46,-14.98]]],[[[141.42,-37.64],[141.38,-37.6],[141.04,-36.94],[141.01,-36.9],[140.98,-36.84],[140.99,-36.76],[140.9,-36.78],[140.79,-36.86],[140.72,-36.9],[140.63,-37.07],[140.22,-37.08],[140.19,-37.08],[141.05,-37.75],[141.23,-37.77],[141.42,-37.64]]],[[[142.98,-36.37],[142.91,-36.4],[142.91,-36.48],[142.98,-36.37]]],[[[143.24,-36.91],[142.85,-36.58],[142.84,-36.59],[143.01,-36.9],[143.24,-36.91]]],[[[138.37,-24.58],[138.36,-23.92],[138.33,-23.67],[137.98,-23.65],[137.19,-23.34],[136.97,-22.89],[136.49,-23.06],[136.16,-23.3],[136.16,-24.31],[136.31,-25.06],[138.08,-24.71],[138.37,-24.58]]],[[[148.72,-26.08],[149.4,-26.32],[149.42,-26.29],[149.42,-26.19],[148.91,-26.12],[148.88,-26.09],[148.72,-26.08]]],[[[148.37,-26.6],[148.55,-27.43],[148.57,-27.46],[148.51,-26.99],[148.45,-26.9],[148.37,-26.53],[148.37,-26.6]]],[[[146.43,-27.01],[146.47,-26.98],[145.57,-27.11],[145.54,-26.39],[145.32,-26.42],[145.13,-26.8],[145.24,-27.39],[145.32,-27.48],[145.69,-27.56],[145.81,-27.55],[146.31,-27.17],[146.43,-27.01]]],[[[149.41,-27.79],[148.54,-27.81],[147.68,-27.7],[147.59,-27.75],[148.38,-28.27],[148.41,-28.26],[149.51,-27.97],[149.41,-27.79]]],[[[130.16,-30.12],[129.34,-30.09],[128.46,-30.13],[128.45,-30.13],[128.17,-30.13],[127.13,-30.37],[128.69,-30.34],[131.04,-30.64],[131.29,-30.28],[131.37,-30.23],[131.35,-30.22],[131.25,-30.21],[130.16,-30.12]]],[[[130.47,-13.37],[130.48,-13.42],[131.33,-13.62],[131.34,-13.63],[131.17,-13.45],[130.47,-13.37]]],[[[132.88,-12.17],[132.87,-12.24],[132.92,-12.68],[132.89,-12.77],[132.91,-12.78],[133.32,-12.83],[133.32,-12.81],[133.01,-12.08],[132.93,-12.09],[132.88,-12.17]]]]},"properties":{"NAME":"Australian aboriginal hunter-gatherers","SUBJECTO":"Australian aboriginal hunter-gatherers","PARTOF":"Australian aboriginal hunter-gatherers"}},
{"type":"Feature","geometry":{"type":"Polygon","coordinates":[[[43.07,18.65],[43.49,16.62],[44.51,14.1],[45.26,13.83],[46.34,14.1],[46.66,15.42],[47.84,16.42],[50.51,17.15],[53.96,19.73],[56.95,20.64],[58.18,21.85],[57.62,22.7],[57.4,23.84],[56.41,24.82],[56.37,26.24],[54.35,24.15],[53.69,23.99],[51.29,24.28],[51.59,25.61],[51.07,25.95],[50.97,24.44],[50.57,23.85],[49.7,24.41],[49.4,26.08],[48.47,26.7],[47.44,28.83],[46.51,28.97],[46.91,29.44],[44.08,30.34],[40.03,34.39],[38.04,34.6],[37.21,33.57],[36.52,31.16],[36.59,29.79],[37.42,27.83],[38.81,24.84],[40.65,24.15],[41.07,22.26],[41.81,21.71],[41.92,20.77],[43.07,18.65]]]},"properties":{"NAME":null,"SUBJECTO":null,"PARTOF":null}},
{"type":"Feature","geometry":{"type":"Polygon","coordinates":[[[33.68,47.95],[32.87,48.19],[29.32,48.29],[26.16,48.94],[25.67,48.69],[23.89,49.26],[19.38,49.8],[18.93,49.62],[18.25,49.18],[18.31,48.28],[17.52,47.64],[16.12,45.58],[14.53,45.78],[14.35,45.32],[15.49,43.89],[16.7,43.85],[16.64,43.39],[19.61,41.76],[19.37,40.26],[20.03,39.81],[21.17,38.35],[22.33,38.43],[21.23,37.9],[21.78,36.82],[22.98,36.61],[22.64,37.49],[22.98,37.96],[23.99,37.76],[23.8,38.35],[22.49,38.88],[23.24,39.2],[22.49,40.5],[23.6,39.93],[23.89,40.73],[25.02,41.02],[26.61,40.4],[27.47,40.96],[28.83,40.91],[27.5,42.52],[28.45,43.48],[28.69,44.49],[29.71,45.26],[30.83,46.58],[32.19,46.59],[32.11,46.22],[33.68,47.95]]]},"properties":{"NAME":"Ottoman Empire","SUBJECTO":"Ottoman Empire","PARTOF":"Ottoman Empire"}},
{"type":"Feature","geometry":{"type":"Polygon","coordinates":[[[27.59,68.85],[30.59,64.35],[30.56,63.11],[31.19,61.63],[32.94,60.64],[31.3,59.94],[31.32,59.59],[28.26,59.02],[31.17,56.73],[32.08,56.77],[31.21,55.73],[32.21,54.43],[32.47,53.09],[31.38,53.26],[31.34,50.92],[33.17,51.43],[33.88,51.13],[33.88,50.21],[35.7,50.42],[36.4,49.04],[37.88,49.19],[40.51,47.44],[40.63,46.69],[42.26,46.81],[43.38,46.19],[43.88,44.81],[44.75,44.44],[46.87,44.68],[47.67,45.75],[48.3,45.77],[49.53,46.54],[51.37,47.09],[51.77,47.46],[51.39,48.11],[51.9,49.39],[51.13,50.42],[51.39,51.06],[55.25,51.71],[57.15,51.23],[58.33,50.93],[60.82,50.86],[63.04,51.18],[64.46,53.58],[64.69,54.27],[72.99,55.31],[74.92,54.15],[78.65,50.81],[81.48,50.29],[84.27,49.2],[83.12,48.28],[85.61,48.23],[90,51.57],[91.97,51.57],[92.59,52.4],[92.03,55.3],[92.66,58.15],[91.08,59.1],[89.97,60.52],[89.97,61.79],[87.59,63.53],[87.91,66.23],[86.64,67.49],[86.24,69],[86.01,69.87],[83.04,70.24],[81.67,71.57],[79.22,72.27],[77.79,71.78],[78.61,70.85],[75.67,71.2],[75.62,72.63],[73.22,71.46],[74.25,70.57],[73.91,69.15],[77.41,68.94],[77.98,68.15],[76.95,67.65],[76.33,68.78],[74.5,68.59],[74.74,67.69],[72.21,66.17],[70.84,66.55],[72.84,67.65],[73.39,68.38],[72.53,69.07],[72.68,70.82],[71.8,71.43],[72.71,72.77],[69.34,72.83],[68.32,71.63],[66.82,71.11],[66.88,69.62],[69.11,68.83],[68.22,68.2],[66.58,68.89],[62.28,69.71],[60.37,69.47],[60.99,69],[59.76,68.3],[58.77,68.86],[53.63,68.05],[53.89,68.79],[48.08,67.56],[47.57,66.82],[46.4,66.72],[44.87,67.31],[46.63,67.7],[45.86,68.38],[44.01,68.49],[43.7,67.27],[44.03,66.01],[42.21,66.41],[39.95,65.58],[40.32,64.46],[36.88,65.07],[37.94,63.85],[35.08,64.29],[34.29,65.4],[34.54,66],[32.22,66.99],[35.77,66.26],[39.19,66.04],[41.26,66.94],[40.83,67.66],[37.25,68.79],[31.33,69.66],[30.73,68.53],[27.59,68.85]],[[36.2,61.53],[35.83,60.87],[34.63,61.65],[34.64,62.49],[35.74,62.52],[36.2,61.53]],[[38.7,58.13],[37.64,59.16],[38.99,58.5],[38.7,58.13]]]},"properties":{"NAME":"Tsardom of Muscovy","SUBJECTO":"Tsardom of Muscovy","PARTOF":"Tsardom of Muscovy"}},
{"type":"Feature","geometry":{"type":"Polygon","coordinates":[[[69.82,41.21],[68.78,40.94],[60.95,45.25],[57.73,44.63],[52.98,45.78],[51.51,45.37],[51.58,44.55],[50.33,44.56],[52.07,42.83],[52.83,42.65],[52.52,42.07],[53.99,42.11],[54.75,41.14],[54.42,40.66],[53.26,40.76],[52.99,39.93],[54.07,38.9],[53.94,38.16],[56.43,38.21],[58.62,39.05],[62.66,39.22],[64.35,37.87],[64.68,36.53],[66.34,36.31],[69.23,37.37],[70.1,37.91],[69.82,41.21]]]},"properties":{"NAME":"Khiva Khanate","SUBJECTO":"Khiva Khanate","PARTOF":"Khiva Khanate"}},
{"type":"Feature","geometry":{"type":"Polygon","coordinates":[[[-4.15,53.23],[-4.42,53.42],[-4.57,53.27],[-4.15,53.23]]]},"properties":{"NAME":null,"SUBJECTO":null,"PARTOF":null}},
{"type":"Feature","geometry":{"type":"Polygon","coordinates":[[[-5.1,55.44],[-5.3,55.72],[-5.34,55.47],[-5.1,55.44]]]},"properties":{"NAME":null,"SUBJECTO":null,"PARTOF":null}},
{"type":"Feature","geometry":{"type":"Polygon","coordinates":[[[-6.12,55.88],[-6.45,55.85],[-6.33,55.59],[-6.12,55.88]]]},"properties":{"NAME":null,"SUBJECTO":null,"PARTOF":null}},
{"type":"Feature","geometry":{"type":"Polygon","coordinates":[[[-5.95,55.83],[-5.71,56.15],[-5.97,56.02],[-5.95,55.83]]]},"properties":{"NAME":null,"SUBJECTO":null,"PARTOF":null}},
{"type":"Feature","geometry":{"type":"Polygon","coordinates":[[[-7.47,56.94],[-7.45,57.06],[-7.56,56.95],[-7.47,56.94]]]},"properties":{"NAME":null,"SUBJECTO":null,"PARTOF":null}},
{"type":"Feature","geometry":{"type":"Polygon","coordinates":[[[-7.22,57.34],[-7.42,57.38],[-7.38,57.11],[-7.22,57.34]]]},"properties":{"NAME":null,"SUBJECTO":null,"PARTOF":null}},
{"type":"Feature","geometry":{"type":"Polygon","coordinates":[[[-7.27,57.4],[-7.2,57.46],[-7.35,57.49],[-7.27,57.4]]]},"properties":{"NAME":null,"SUBJECTO":null,"PARTOF":null}},
{"type":"Feature","geometry":{"type":"Polygon","coordinates":[[[-7.19,57.69],[-7.54,57.6],[-7.15,57.51],[-7.19,57.69]]]},"properties":{"NAME":null,"SUBJECTO":null,"PARTOF":null}},
{"type":"Feature","geometry":{"type":"Polygon","coordinates":[[[-7.01,57.88],[-6.99,57.92],[-7.07,57.9],[-7.01,57.88]]]},"properties":{"NAME":null,"SUBJECTO":null,"PARTOF":null}},
{"type":"Feature","geometry":{"type":"Polygon","coordinates":[[[-6.8,58.2],[-6.85,58.25],[-6.87,58.21],[-6.8,58.2]]]},"properties":{"NAME":null,"SUBJECTO":null,"PARTOF":null}},
{"type":"Feature","geometry":{"type":"Polygon","coordinates":[[[-6.2,58.36],[-7.03,58.24],[-6.47,57.94],[-6.2,58.36]]]},"properties":{"NAME":null,"SUBJECTO":null,"PARTOF":null}},
{"type":"Feature","geometry":{"type":"Polygon","coordinates":[[[-2.92,58.73],[-2.9,58.84],[-3.04,58.82],[-2.92,58.73]]]},"properties":{"NAME":null,"SUBJECTO":null,"PARTOF":null}},
{"type":"Feature","geometry":{"type":"Polygon","coordinates":[[[-3.23,58.78],[-3.34,58.93],[-3.43,58.87],[-3.23,58.78]]]},"properties":{"NAME":null,"SUBJECTO":null,"PARTOF":null}},
{"type":"Feature","geometry":{"type":"Polygon","coordinates":[[[-2.79,58.95],[-3.35,59.11],[-3.19,58.91],[-2.79,58.95]]]},"properties":{"NAME":null,"SUBJECTO":null,"PARTOF":null}},
{"type":"Feature","geometry":{"type":"Polygon","coordinates":[[[-2.68,59.2],[-2.39,59.28],[-2.59,59.29],[-2.68,59.2]]]},"properties":{"NAME":null,"SUBJECTO":null,"PARTOF":null}},
{"type":"Feature","geometry":{"type":"Polygon","coordinates":[[[-2.89,59.3],[-3.07,59.32],[-3,59.26],[-2.89,59.3]]]},"properties":{"NAME":null,"SUBJECTO":null,"PARTOF":null}},
{"type":"Feature","geometry":{"type":"Polygon","coordinates":[[[-1.3,60.49],[-1.26,59.86],[-1.04,60.45],[-1.3,60.49]]]},"properties":{"NAME":null,"SUBJECTO":null,"PARTOF":null}},
{"type":"Feature","geometry":{"type":"Polygon","coordinates":[[[-1.03,60.5],[-1,60.72],[-1.18,60.64],[-1.03,60.5]]]},"properties":{"NAME":null,"SUBJECTO":null,"PARTOF":null}},
{"type":"Feature","geometry":{"type":"Polygon","coordinates":[[[-0.82,60.69],[-0.88,60.84],[-0.97,60.69],[-0.82,60.69]]]},"properties":{"NAME":null,"SUBJECTO":null,"PARTOF":null}},
{"type":"Feature","geometry":{"type":"Polygon","coordinates":[[[-6.71,61.94],[-7.19,62.31],[-7.23,62.17],[-6.71,61.94]]]},"properties":{"NAME":null,"SUBJECTO":null,"PARTOF":null}},
{"type":"Feature","geometry":{"type":"Polygon","coordinates":[[[-4.78,54.06],[-4.39,54.19],[-4.37,54.42],[-4.78,54.06]]]},"properties":{"NAME":null,"SUBJECTO":null,"PARTOF":null}},
{"type":"Feature","geometry":{"type":"Polygon","coordinates":[[[129.72,28.45],[129.14,28.25],[129.37,28.12],[129.72,28.45]]]},"properties":{"NAME":null,"SUBJECTO":null,"PARTOF":null}},
{"type":"Feature","geometry":{"type":"Polygon","coordinates":[[[129.96,29.96],[129.94,30],[129.94,29.97],[129.96,29.96]]]},"properties":{"NAME":null,"SUBJECTO":null,"PARTOF":null}},
{"type":"Feature","geometry":{"type":"Polygon","coordinates":[[[129.9,29.87],[129.85,29.85],[129.92,29.82],[129.9,29.87]]]},"properties":{"NAME":null,"SUBJECTO":null,"PARTOF":null}},
{"type":"Feature","geometry":{"type":"Polygon","coordinates":[[[130.91,30.35],[131.05,30.84],[130.87,30.47],[130.91,30.35]]]},"properties":{"NAME":null,"SUBJECTO":null,"PARTOF":null}},
{"type":"Feature","geometry":{"type":"Polygon","coordinates":[[[130.56,30.24],[130.67,30.37],[130.39,30.4],[130.56,30.24]]]},"properties":{"NAME":null,"SUBJECTO":null,"PARTOF":null}},
{"type":"Feature","geometry":{"type":"Polygon","coordinates":[[[121.73,25.14],[121,25],[120.12,23.63],[120.06,23.15],[120.7,21.95],[121.45,23.33],[121.84,24.48],[121.73,25.14]]]},"properties":{"NAME":null,"SUBJECTO":null,"PARTOF":null}},
{"type":"Feature","geometry":{"type":"Polygon","coordinates":[[[128.9,32.64],[128.65,32.78],[128.61,32.61],[128.9,32.64]]]},"properties":{"NAME":null,"SUBJECTO":null,"PARTOF":null}},
{"type":"Feature","geometry":{"type":"Polygon","coordinates":[[[128.53,38.33],[128.36,38.63],[128.28,38.43],[128.26,38.41],[128.24,38.4],[128.15,38.34],[128.01,38.31],[127.13,38.3],[126.86,37.26],[126.66,37.25],[126.66,37.16],[126.72,37.13],[126.74,37.15],[126.76,37.17],[126.77,37.17],[126.87,37.18],[126.77,37.12],[126.75,37.05],[126.5,37.05],[126.51,36.94],[126.45,36.99],[126.33,36.99],[126.34,36.96],[126.35,36.95],[126.38,36.93],[126.41,36.93],[126.4,36.85],[126.29,36.79],[126.79,35.89],[126.48,35.64],[126.34,35.15],[126.25,35.11],[126.37,34.79],[126.62,34.62],[126.45,34.65],[126.42,34.6],[126.35,34.7],[126.34,34.71],[126.33,34.73],[126.29,34.59],[126.32,34.56],[126.39,34.54],[126.46,34.48],[126.48,34.35],[126.52,34.32],[126.56,34.3],[126.6,34.3],[126.68,34.43],[126.77,34.58],[126.8,34.46],[126.82,34.44],[126.89,34.41],[126.99,34.53],[126.99,34.54],[127.01,34.6],[127.22,34.71],[127.27,34.73],[127.33,34.74],[127.64,34.62],[129.14,35.11],[129.34,37.26],[128.53,38.33]]]},"properties":{"NAME":null,"SUBJECTO":null,"PARTOF":null}},
{"type":"Feature","geometry":{"type":"Polygon","coordinates":[[[123.87,24.25],[123.77,24.41],[123.68,24.32],[123.87,24.25]]]},"properties":{"NAME":null,"SUBJECTO":null,"PARTOF":null}},
{"type":"Feature","geometry":{"type":"Polygon","coordinates":[[[125.36,24.78],[125.26,24.88],[125.25,24.74],[125.36,24.78]]]},"properties":{"NAME":null,"SUBJECTO":null,"PARTOF":null}},
{"type":"Feature","geometry":{"type":"Polygon","coordinates":[[[124.26,24.46],[124.09,24.44],[124.23,24.34],[124.26,24.46]]]},"properties":{"NAME":null,"SUBJECTO":null,"PARTOF":null}},
{"type":"Feature","geometry":{"type":"Polygon","coordinates":[[[128.25,26.64],[128.25,26.84],[127.72,26.44],[128.25,26.64]]]},"properties":{"NAME":null,"SUBJECTO":null,"PARTOF":null}},
{"type":"Feature","geometry":{"type":"Polygon","coordinates":[[[126.76,26.39],[126.69,26.37],[126.78,26.3],[126.76,26.39]]]},"properties":{"NAME":null,"SUBJECTO":null,"PARTOF":null}},
{"type":"Feature","geometry":{"type":"Polygon","coordinates":[[[128.95,27.68],[129.03,27.77],[128.9,27.9],[128.95,27.68]]]},"properties":{"NAME":null,"SUBJECTO":null,"PARTOF":null}},
{"type":"Feature","geometry":{"type":"Polygon","coordinates":[[[128.61,27.36],[128.7,27.45],[128.52,27.41],[128.61,27.36]]]},"properties":{"NAME":null,"SUBJECTO":null,"PARTOF":null}},
{"type":"Feature","geometry":{"type":"Polygon","coordinates":[[[129.99,28.28],[130.03,28.37],[129.92,28.29],[129.99,28.28]]]},"properties":{"NAME":null,"SUBJECTO":null,"PARTOF":null}},
{"type":"Feature","geometry":{"type":"Polygon","coordinates":[[[129.34,28.08],[129.22,28.18],[129.22,28.1],[129.34,28.08]]]},"properties":{"NAME":null,"SUBJECTO":null,"PARTOF":null}},
{"type":"Feature","geometry":{"type":"Polygon","coordinates":[[[129.73,29.61],[129.75,29.65],[129.71,29.65],[129.73,29.61]]]},"properties":{"NAME":null,"SUBJECTO":null,"PARTOF":null}},
{"type":"Feature","geometry":{"type":"Polygon","coordinates":[[[7.16,53.16],[5.39,53.14],[5.57,52.28],[5.47,52.18],[4.64,52.76],[3.78,51.39],[4.79,51.49],[6,50.74],[6.07,50.87],[6.01,50.96],[5.96,51.02],[6.07,51.08],[5.98,51.8],[6.82,51.96],[7.16,53.16]]]},"properties":{"NAME":"Dutch Republic","SUBJECTO":"Dutch Republic","PARTOF":"Dutch Republic"}},
{"type":"Feature","geometry":{"type":"Polygon","coordinates":[[[14.6,12.99],[14.99,12.1],[16.63,11.1],[20.21,12.05],[19.85,13.22],[17.16,13.47],[14.73,13.1],[14.6,12.99]]]},"properties":{"NAME":"Bagirmi","SUBJECTO":"Bagirmi","PARTOF":"Bagirmi"}},
{"type":"Feature","geometry":{"type":"MultiPolygon","coordinates":[[[[-180,66.96],[-180,65.96],[-180,65.38],[-180,65.31],[-180,65.26],[-179.38,66],[-178.65,65.54],[-176.14,65.46],[-175.95,65.01],[-173.08,64.38],[-172.56,65.51],[-169.83,66.02],[-171.96,66.96],[-174.34,67.08],[-174.19,66.29],[-175.51,67.67],[-180,68.92],[-180,67.96],[-180,66.96]]],[[[173.13,61.37],[177.29,62.49],[178.74,62.3],[179.29,62.82],[178.15,64.16],[175.9,64.55],[177.13,64.93],[178.73,64.61],[180,64.95],[180,65.05],[180,65.31],[180,65.38],[180,65.96],[180,66.96],[180,67.96],[180,68.92],[175.61,69.78],[173.01,69.69],[170.45,70.02],[170.83,68.92],[169.39,68.72],[167.32,69.66],[164.92,69.41],[159.19,61.6],[160.64,60.72],[162.75,61.61],[162.99,62.33],[165.25,62.31],[173.3,61.52],[173.13,61.37]]],[[[161.86,55.86],[162.32,56.24],[161.98,55.96],[161.86,55.86]]],[[[156.56,56.95],[156.69,57.11],[156.81,57.26],[156.56,56.95]]]]},"properties":{"NAME":"Chukchi","SUBJECTO":"Chukchi","PARTOF":"Chukchi"}},
{"type":"Feature","geometry":{"type":"Polygon","coordinates":[[[165.25,62.31],[164.01,62.13],[163.33,60.69],[161.54,59.94],[158.33,58.03],[156.81,57.26],[156.69,57.11],[161.98,55.96],[162.32,56.24],[163.01,55.94],[162.51,57.03],[163.13,57.55],[161.8,58.1],[162.91,58.89],[163.39,59.81],[164.58,59.66],[165.78,60.35],[166.03,59.71],[167.1,60.27],[170.34,60.28],[173.13,61.37],[173.3,61.52],[165.25,62.31]]]},"properties":{"NAME":"Koryaks","SUBJECTO":"Koryaks","PARTOF":"Koryaks"}},
{"type":"Feature","geometry":{"type":"Polygon","coordinates":[[[156.69,57.11],[156.56,56.95],[155.63,56.27],[155.47,54.92],[156.04,52.78],[156.7,50.96],[157.9,51.67],[158.46,52.83],[159.9,53.24],[159.93,54.09],[162.01,54.74],[161.86,55.86],[161.98,55.96],[156.69,57.11]]]},"properties":{"NAME":"Itelmen","SUBJECTO":"Itelmen","PARTOF":"Itelmen"}},
{"type":"Feature","geometry":{"type":"Polygon","coordinates":[[[152.32,70.67],[151.75,69.72],[161.92,68.15],[162.62,69.54],[160.86,69.08],[159.44,69.76],[158.41,70.81],[156.04,70.99],[152.32,70.67]]]},"properties":{"NAME":"Yukagir","SUBJECTO":"Yukagir","PARTOF":"Yukagir"}},
{"type":"Feature","geometry":{"type":"Polygon","coordinates":[[[97.98,74.36],[92.43,73.38],[99.92,71.36],[105.28,72.75],[113.63,75.27],[113.53,76.09],[111.43,76.57],[107.29,76.43],[106.87,76.43],[97.98,74.36]]]},"properties":{"NAME":"Nganasan","SUBJECTO":"Nganasan","PARTOF":"Samoyedic people"}},
{"type":"Feature","geometry":{"type":"Polygon","coordinates":[[[86.24,69],[92.3,69.82],[90.67,72.41],[82.44,72.05],[83.56,71.62],[83.49,70.19],[86.01,69.87],[86.24,69]]]},"properties":{"NAME":"Enets","SUBJECTO":"Enets","PARTOF":"Samoyedic people"}},
{"type":"Feature","geometry":{"type":"Polygon","coordinates":[[[27.59,68.85],[22.7,68.71],[21.92,69.12],[19.42,68.86],[18.62,67.64],[15.25,65.63],[17.73,64.56],[16.66,63.76],[15.05,63.53],[12.17,60.96],[12.49,58.56],[11.74,57.7],[11.88,57.33],[12.32,57.68],[13.43,56.52],[15.43,56.77],[16.06,56.4],[16.66,57.44],[16.44,58.63],[18.37,59.16],[19.04,59.71],[17.19,60.67],[17.29,62.44],[17.72,62.36],[21.39,64.38],[21.28,65.21],[22.65,65.93],[25.25,65.42],[24.47,64.64],[21.03,62.48],[21.56,60.51],[23.2,59.82],[28.52,60.62],[29.08,59.91],[27.7,59.3],[25.45,59.49],[23.15,59.04],[23.68,58.37],[24.7,58.81],[27.03,58.91],[27.69,58.97],[28.26,59.02],[31.32,59.59],[31.3,59.94],[29.83,61.22],[31.19,61.63],[30.56,63.11],[30.59,64.35],[27.59,68.85]],[[28.84,61.86],[27.55,62.41],[27.68,62.91],[27.18,63.08],[27.34,63.26],[27.74,62.95],[28.25,62.54],[28.6,62.26],[29.93,62.43],[28.87,61.25],[27.95,61.07],[28.07,61.23],[27.63,61.21],[27.27,61.32],[27.36,61.53],[27.82,61.73],[28.84,61.86]]]},"properties":{"NAME":"Sweden","SUBJECTO":"Sweden","PARTOF":"Sweden"}},
{"type":"Feature","geometry":{"type":"Polygon","coordinates":[[[27.34,63.26],[27.26,63.15],[27.74,62.95],[27.34,63.26]]]},"properties":{"NAME":"Sweden","SUBJECTO":"Sweden","PARTOF":"Sweden"}},
{"type":"Feature","geometry":{"type":"Polygon","coordinates":[[[28.25,62.54],[28.07,62.24],[28.6,62.26],[28.25,62.54]]]},"properties":{"NAME":"Sweden","SUBJECTO":"Sweden","PARTOF":"Sweden"}},
{"type":"Feature","geometry":{"type":"Polygon","coordinates":[[[28.73,62.08],[28.69,62.04],[28.78,61.98],[28.73,62.08]]]},"properties":{"NAME":"Sweden","SUBJECTO":"Sweden","PARTOF":"Sweden"}},
{"type":"Feature","geometry":{"type":"Polygon","coordinates":[[[16.42,56.59],[16.5,56.24],[17.12,57.32],[16.42,56.59]]]},"properties":{"NAME":"Sweden","SUBJECTO":"Sweden","PARTOF":"Sweden"}},
{"type":"Feature","geometry":{"type":"Polygon","coordinates":[[[20.02,60.09],[19.91,60.4],[19.77,60.08],[20.02,60.09]]]},"properties":{"NAME":"Sweden","SUBJECTO":"Sweden","PARTOF":"Sweden"}},
{"type":"Feature","geometry":{"type":"Polygon","coordinates":[[[19.55,60.13],[19.67,60.15],[19.59,60.26],[19.55,60.13]]]},"properties":{"NAME":"Sweden","SUBJECTO":"Sweden","PARTOF":"Sweden"}},
{"type":"Feature","geometry":{"type":"Polygon","coordinates":[[[20.29,60.13],[20.2,60.09],[20.26,60.05],[20.29,60.13]]]},"properties":{"NAME":"Sweden","SUBJECTO":"Sweden","PARTOF":"Sweden"}},
{"type":"Feature","geometry":{"type":"Polygon","coordinates":[[[20,60.05],[20.2,59.98],[20.21,60.06],[20,60.05]]]},"properties":{"NAME":"Sweden","SUBJECTO":"Sweden","PARTOF":"Sweden"}},
{"type":"Feature","geometry":{"type":"Polygon","coordinates":[[[27.63,61.38],[27.33,61.4],[27.59,61.27],[27.63,61.38]]]},"properties":{"NAME":"Sweden","SUBJECTO":"Sweden","PARTOF":"Sweden"}},
{"type":"Feature","geometry":{"type":"Polygon","coordinates":[[[27.55,61.49],[27.71,61.4],[27.97,61.5],[27.55,61.49]]]},"properties":{"NAME":"Sweden","SUBJECTO":"Sweden","PARTOF":"Sweden"}},
{"type":"Feature","geometry":{"type":"Polygon","coordinates":[[[28.26,61.5],[28.49,61.44],[28.48,61.72],[28.26,61.5]]]},"properties":{"NAME":"Sweden","SUBJECTO":"Sweden","PARTOF":"Sweden"}},
{"type":"Feature","geometry":{"type":"Polygon","coordinates":[[[22.88,58.83],[22.58,59.07],[22.48,58.7],[22.88,58.83]]]},"properties":{"NAME":"Sweden","SUBJECTO":"Sweden","PARTOF":"Sweden"}},
{"type":"Feature","geometry":{"type":"Polygon","coordinates":[[[21.92,69.12],[22.7,68.71],[27.59,68.85],[30.73,68.53],[31.33,69.66],[29.41,69.87],[21.92,69.12]]]},"properties":{"NAME":"Finnmark","SUBJECTO":"Denmark-Norway","PARTOF":"Finnmark"}},
{"type":"Feature","geometry":{"type":"Polygon","coordinates":[[[21.01,55.82],[22.8,54.74],[22.82,53.56],[20.33,52.97],[18.79,53.31],[18.67,54.26],[17.66,54.69],[16.2,53.71],[15.76,52.27],[17.29,51.79],[18.65,50.64],[18.93,49.62],[19.38,49.8],[23.89,49.26],[25.67,48.69],[26.16,48.94],[29.32,48.29],[32.87,48.19],[33.68,47.95],[34.16,47.81],[36.4,49.04],[35.7,50.42],[33.88,50.21],[33.88,51.13],[33.17,51.43],[31.34,50.92],[31.38,53.26],[32.47,53.09],[32.21,54.43],[31.21,55.73],[32.08,56.77],[31.17,56.73],[28.26,59.02],[27.69,58.97],[27.62,58.01],[27.03,58.91],[24.7,58.81],[23.68,58.37],[24.5,58.21],[24.35,57.16],[23.3,56.94],[22.86,56.32],[20.95,56.07],[21.01,55.82]]]},"properties":{"NAME":"Poland-Lithuania","SUBJECTO":"Poland-Lithuania","PARTOF":"Poland-Lithuania"}},
{"type":"Feature","geometry":{"type":"MultiPolygon","coordinates":[[[[17.77,79.42],[11.28,79.71],[13.06,78.35],[16.66,76.73],[19.12,78.45],[20.91,78.81],[17.77,79.42]]],[[[24.78,80.38],[22.2,80.12],[19.92,80.63],[18.33,79.88],[21.97,79.78],[21,79.19],[23.82,79.15],[27.2,79.94],[24.78,80.38]]],[[[23.3,56.94],[22.56,57.62],[21.68,57.46],[20.95,56.07],[22.86,56.32],[23.3,56.94]]],[[[22.2,57.99],[23.33,58.45],[21.83,58.51],[22.2,57.99]]],[[[10.14,54.34],[9.62,55.68],[10.95,56.42],[10.21,56.53],[10.34,56.68],[9.98,56.66],[10.31,56.81],[10.06,57.05],[9.28,56.98],[8.74,56.5],[8.18,56.67],[8.13,55.53],[8.88,54.23],[10.14,54.34]]],[[[12.61,56.03],[11.04,55.68],[12.15,54.99],[12.61,56.03]]],[[[10.49,57.63],[8.78,56.97],[9.15,57.04],[9.82,57.07],[10.39,57.05],[10.49,57.63]]],[[[16.06,56.4],[15.43,56.77],[13.43,56.52],[12.32,57.68],[11.88,57.33],[12.87,56.51],[12.61,56.03],[12.8,55.35],[14.12,55.35],[14.65,56.12],[16.06,56.4]]],[[[11.74,57.7],[12.49,58.56],[12.17,60.96],[15.05,63.53],[16.66,63.76],[17.73,64.56],[15.25,65.63],[18.62,67.64],[19.42,68.86],[21.92,69.12],[29.41,69.87],[30.46,70.54],[28.21,71.02],[22.31,70.22],[19.58,69.18],[18.32,69.36],[15.38,67.46],[13.75,66.92],[11.41,64.62],[9.22,63.28],[7.09,62.91],[5.15,61.74],[5.09,59.51],[6.24,59.28],[5.4,58.72],[6.96,57.97],[8.15,58.09],[10.41,59.5],[11.11,59.17],[11.74,57.7]]]]},"properties":{"NAME":"Denmark-Norway","SUBJECTO":"Denmark-Norway","PARTOF":"Denmark-Norway"}},
{"type":"Feature","geometry":{"type":"Polygon","coordinates":[[[85.61,48.23],[83.12,48.28],[84.27,49.2],[81.48,50.29],[78.65,50.81],[74.92,54.15],[72.99,55.31],[64.69,54.27],[64.46,53.58],[63.04,51.18],[60.82,50.86],[58.33,50.93],[57.15,51.23],[60.61,45.43],[60.95,45.25],[68.78,40.94],[69.82,41.21],[80.94,44.08],[85.54,47.18],[85.61,48.23]]]},"properties":{"NAME":"Quazaq Khanate","SUBJECTO":"Quazaq Khanate","PARTOF":"Quazaq Khanate"}},
{"type":"Feature","geometry":{"type":"Polygon","coordinates":[[[60.95,45.25],[60.61,45.43],[57.15,51.23],[55.25,51.71],[51.39,51.06],[51.13,50.42],[51.9,49.39],[51.39,48.11],[51.77,47.46],[51.37,47.09],[53.19,46.87],[52.98,45.78],[57.73,44.63],[60.95,45.25]]]},"properties":{"NAME":"Nogai Horde","SUBJECTO":"Nogai Horde","PARTOF":"Nogai Horde"}},
{"type":"Feature","geometry":{"type":"Polygon","coordinates":[[[70.1,37.91],[71.25,38.04],[71.57,36.91],[73.81,38.03],[75.25,38.03],[79.33,35.63],[80.13,36.88],[89.62,36.88],[99.24,38.75],[99.39,39.76],[100.54,40.33],[102.12,39.76],[103.56,39.9],[107.71,43.25],[120.39,46.42],[127.58,56.62],[129.21,56.87],[130.91,55.24],[130.54,53.91],[131.13,53.91],[132.02,52.43],[133.42,52.65],[134.24,53.46],[134.68,52.95],[136.16,53.02],[137.24,53.46],[136.35,53.7],[136.49,54.46],[135.09,54.43],[134.99,54.85],[137.23,55.98],[140.03,57.64],[140.59,58.24],[142.85,59.27],[147.92,59.26],[149.05,59.59],[151.14,59.44],[152.19,58.93],[154.91,59.1],[153.94,59.57],[157.1,61.63],[159.19,61.6],[164.92,69.41],[162.62,69.54],[161.92,68.15],[151.75,69.72],[152.32,70.67],[149.72,71.9],[146.92,72.2],[145.1,71.58],[145.6,72.43],[141.29,72.79],[139.85,72.24],[139.74,71.4],[137.63,71.08],[135.51,71.51],[134.24,71.26],[132.28,71.66],[131.05,70.69],[126.22,72.38],[128.52,72.95],[127.72,73.4],[124.22,73.7],[122.88,72.75],[118.5,73.04],[118.46,73.52],[111.76,73.66],[105.28,72.75],[99.92,71.36],[92.43,73.38],[97.98,74.36],[106.87,76.43],[107.16,76.95],[104.49,77],[105.06,77.57],[101.17,77.01],[98.72,76.07],[90,75.6],[86.96,74.78],[87.69,73.9],[80.84,73.55],[80.98,72.45],[82.44,72.05],[90.67,72.41],[92.3,69.82],[86.24,69],[86.64,67.49],[87.91,66.23],[87.59,63.53],[89.97,61.79],[89.97,60.52],[91.08,59.1],[92.66,58.15],[92.03,55.3],[92.59,52.4],[91.97,51.57],[90,51.57],[85.61,48.23],[85.54,47.18],[80.94,44.08],[69.82,41.21],[70.1,37.91]]]},"properties":{"NAME":"central Asian khanates","SUBJECTO":"central Asian khanates","PARTOF":"central Asian khanates"}},
{"type":"Feature","geometry":{"type":"Polygon","coordinates":[[[3.04,42.87],[4.08,43.49],[5.83,43.02],[7.4,43.76],[6.92,43.82],[6.94,44.87],[5.82,45.4],[5.33,46.4],[5.65,46.46],[6,48.9],[5.7,49.39],[3.82,50.04],[1.83,50.24],[1.8,50.92],[1.55,50.23],[-0.24,49.29],[-1.94,49.71],[-1.46,48.68],[-3.09,48.87],[-4.76,48.55],[-3.95,47.9],[-2,47.04],[-1.08,46.01],[-1.56,43.52],[-1.91,43.31],[-0.17,42.65],[1.73,42.5],[3.04,42.87]]]},"properties":{"NAME":"France","SUBJECTO":"France","PARTOF":"France"}},
{"type":"Feature","geometry":{"type":"Polygon","coordinates":[[[78,16.47],[78.32,17.42],[78.17,19.01],[77.39,18.77],[77.07,17.36],[77.17,16.66],[78,16.47]]]},"properties":{"NAME":"Bidar","SUBJECTO":"Bidar","PARTOF":"Deccan Sultanates"}},
{"type":"Feature","geometry":{"type":"Polygon","coordinates":[[[78,16.47],[77.17,16.66],[77.07,17.36],[77.39,18.77],[75.41,18.5],[73.4,16.62],[73.49,16.29],[74.38,16.31],[75.07,15.97],[76.1,15.97],[76.91,16.31],[77.92,16.25],[78,16.47]]]},"properties":{"NAME":"Bijapur","SUBJECTO":"Bijapur","PARTOF":"Deccan Sultanates"}},
{"type":"Feature","geometry":{"type":"Polygon","coordinates":[[[78.53,19.12],[78.57,20.44],[76.09,21.05],[76.93,23.9],[73.71,22.95],[74.27,21.91],[73.49,19.91],[72.79,19.88],[72.85,19.24],[73.4,16.62],[75.41,18.5],[77.39,18.77],[78.17,19.01],[78.53,19.12]]]},"properties":{"NAME":"Ahmadnagar","SUBJECTO":"Ahmadnagar","PARTOF":"Deccan Sultanates"}},
{"type":"Feature","geometry":{"type":"Polygon","coordinates":[[[82.32,17],[79.96,17.6],[79.33,17.23],[78.87,18.27],[79.21,18.85],[78.53,19.12],[78.17,19.01],[78.32,17.42],[78,16.47],[77.92,16.25],[80.46,15.77],[80.96,15.72],[82.32,17]]]},"properties":{"NAME":"Golkonda","SUBJECTO":"Golkonda","PARTOF":"Deccan Sultanates"}},
{"type":"Feature","geometry":{"type":"Polygon","coordinates":[[[102.49,19.4],[100.44,20.04],[98.56,21.12],[97.89,20.96],[98.02,19.75],[97.71,18.51],[97.37,18.45],[99.17,17.19],[100.75,17.43],[102.49,19.4]]]},"properties":{"NAME":"Lan Na","SUBJECTO":"Lan Na","PARTOF":"Lan Na"}},
{"type":"Feature","geometry":{"type":"MultiPolygon","coordinates":[[[[178.18,-18.24],[178.69,-18.03],[178.17,-17.34],[177.39,-17.63],[177.33,-18.12],[178.18,-18.24]]],[[[179.57,-16.76],[180,-16.17],[180,-16.15],[178.48,-16.76],[179.57,-16.76]]]]},"properties":{"NAME":"Tuʻi Tonga Empire","SUBJECTO":"Tuʻi Tonga Empire","PARTOF":"Tuʻi Tonga Empire"}},
{"type":"Feature","geometry":{"type":"Polygon","coordinates":[[[-109.24,-27.13],[-109.37,-27.06],[-109.45,-27.19],[-109.24,-27.13]]]},"properties":{"NAME":"Polynesians","SUBJECTO":"Polynesians","PARTOF":"Polynesians"}},
{"type":"Feature","geometry":{"type":"Polygon","coordinates":[[[32.11,46.22],[33.64,45.93],[32.5,45.45],[33.4,45.25],[34.01,44.49],[36.52,45.39],[35.06,45.34],[33.84,46.19],[35.21,46.64],[39.16,47.27],[37.76,46.6],[38.46,46.08],[36.96,45.23],[37.47,44.69],[39.63,45.69],[40.38,45.44],[40.63,46.69],[40.51,47.44],[37.88,49.19],[36.4,49.04],[34.16,47.81],[33.68,47.95],[32.11,46.22]]]},"properties":{"NAME":"Crimean Khanate","SUBJECTO":"Ottoman Empire","PARTOF":"Ottoman Empire"}},
{"type":"Feature","geometry":{"type":"MultiPolygon","coordinates":[[[[-1.07,32.45],[0.87,31.99],[6.27,31.87],[8.02,33.02],[8.77,33.19],[13.08,31.83],[13.88,31.06],[13.67,26.14],[9.46,25.18],[9.67,24.22],[15.14,25.1],[15.63,30.52],[17.58,30.34],[18.86,29.56],[19.97,29.72],[21.2,31.08],[22.43,31.26],[26.17,30.32],[29.43,22.66],[30.35,22.11],[29.47,20.77],[29.47,19.17],[30.69,16.84],[31.67,15.86],[31.43,13.29],[31.67,11.58],[33.14,11.58],[34,13.66],[33.63,15.74],[34.61,18.07],[33.88,19.66],[32.16,20.64],[31.64,21.28],[32.66,21],[35.25,21.37],[36.8,21.91],[35.75,22.91],[35.19,24.4],[33.93,26.56],[33.35,27.91],[32.32,29.54],[32.65,29.85],[33.33,28.55],[34.32,27.83],[34.76,29.25],[35.1,29.34],[34.76,28.1],[35.44,27.73],[37.22,25.17],[37.2,24.66],[38.33,23.83],[39.1,22.4],[39.17,21.22],[39.76,20.41],[40.69,19.87],[41.63,18.05],[42.76,16.65],[42.8,15.47],[43.38,13.57],[43.84,12.66],[44.96,12.83],[45.83,13.41],[46.88,13.47],[46.34,14.1],[45.26,13.83],[44.51,14.1],[43.49,16.62],[43.07,18.65],[41.92,20.77],[41.81,21.71],[41.07,22.26],[40.65,24.15],[38.81,24.84],[37.42,27.83],[36.59,29.79],[36.52,31.16],[37.21,33.57],[38.04,34.6],[40.03,34.39],[44.08,30.34],[46.91,29.44],[46.51,28.97],[47.44,28.83],[48.47,26.7],[49.4,26.08],[49.7,24.41],[50.57,23.85],[50.97,24.44],[49.94,25.96],[50.12,26.74],[48.86,27.52],[47.91,29.89],[49.22,30.48],[49.48,30.05],[49.56,34.26],[50.47,36.75],[50.04,37.22],[48.84,37.51],[48.82,38.31],[49.81,40.58],[47.57,43.01],[47.49,43.58],[47.25,42.78],[48.22,41.47],[47.35,41.3],[44.98,42.77],[43.96,42.59],[42.88,41.55],[41.48,41.44],[40.36,40.96],[38.65,40.92],[36.38,41.24],[35.96,41.69],[33.56,41.98],[30.74,41.04],[29.16,41.22],[29.05,40.33],[26.77,40.38],[26.14,39.44],[27.03,38.82],[26.39,38.1],[27.14,37.89],[27.31,36.92],[28.01,36.53],[29,36.69],[29.3,36.17],[30.47,36.19],[30.59,36.76],[31.37,36.71],[33.17,35.97],[34.49,36.63],[35.22,36.39],[35.89,36.77],[35.87,34.42],[35.53,34.12],[34.5,31.62],[33.56,30.97],[32.08,31.01],[31,31.47],[29.25,30.75],[26.14,31.49],[25.26,31.44],[24.82,31.91],[23.15,32.14],[22.54,32.72],[21.67,32.82],[20.37,32.3],[19.94,31.61],[20.12,30.96],[18.92,30.2],[17.42,31],[15.84,31.29],[15.01,32.36],[14.16,32.68],[12.56,32.74],[10.41,33.63],[10.02,34.08],[11.13,35.24],[10.51,36.21],[11.02,37.07],[10.27,36.75],[9.42,37.28],[7.91,36.78],[6.32,37.09],[5.14,36.67],[1.06,36.46],[-0.09,35.74],[-1.15,35.63],[-2.19,35.05],[-1.74,34.61],[-1.68,33.26],[-1.07,32.45]]],[[[38.53,18.16],[37.4,18.92],[37.17,20.76],[35.96,19.42],[36.45,18.07],[37.43,17.7],[38.53,18.16]]],[[[32.6,34.61],[33.92,34.95],[34.46,35.64],[32.14,35.04],[32.6,34.61]]],[[[23.73,35.63],[23.57,35.25],[24.69,34.94],[26.16,35.02],[23.73,35.63]]]]},"properties":{"NAME":"Ottoman Empire","SUBJECTO":"Ottoman Empire","PARTOF":"Ottoman Empire"}}
]}