{"type":"FeatureCollection", "features": [
{"type":"Feature","geometry":{"type":"Polygon","coordinates":[[[5.82,49.51],[6.43,49.45],[6.11,50.12],[5.82,49.51]]]},"properties":{"NAME":"Luxembourg","SUBJECTO":"Luxembourg","PARTOF":"Luxembourg"}},
{"type":"Feature","geometry":{"type":"Polygon","coordinates":[[[10.4,46.89],[9.54,47.49],[8.98,47.68],[7.51,47.6],[6.92,47.51],[6.06,46.62],[6.11,46.13],[6.36,46.35],[6.17,46.21],[6.27,46.39],[6.38,46.46],[6.4,46.46],[6.56,46.51],[6.59,46.52],[6.69,46.5],[6.72,46.49],[6.83,46.47],[6.86,46.45],[6.9,46.44],[6.93,46.41],[6.86,46.4],[6.96,45.94],[8.38,46.28],[8.89,45.87],[10.4,46.89]]]},"properties":{"NAME":"Switzerland","SUBJECTO":"Switzerland","PARTOF":"Switzerland"}},
{"type":"Feature","geometry":{"type":"MultiPolygon","coordinates":[[[[3.37,39.55],[3.07,39.92],[2.39,39.61],[3.37,39.55]]],[[[-1.91,43.31],[-3.42,43.38],[-5.98,43.71],[-7.64,43.72],[-9.27,43.05],[-8.64,42.42],[-8.81,41.89],[-6.71,41.96],[-6.14,41.53],[-6.8,41.09],[-6.88,39.7],[-7.43,39.52],[-6.93,38.96],[-7.39,38.29],[-6.84,38.1],[-7.49,37.21],[-6.63,37.02],[-5.66,36.01],[-4.45,36.72],[-2.24,36.73],[-1.82,37.29],[-0.87,37.76],[0.17,38.74],[-0.39,39.43],[0.88,41.02],[2.08,41.3],[3.13,41.86],[3.09,42.37],[1.91,42.45],[1.72,42.5],[1.45,42.6],[1.45,42.61],[-0.17,42.65],[-1.91,43.31]]],[[[-13.81,29.05],[-14.51,28.05],[-13.88,28.2],[-13.81,29.05]]],[[[-16.08,28.54],[-17.29,28.28],[-16.64,28.05],[-16.08,28.54]]]]},"properties":{"NAME":"Spain","SUBJECTO":"Spain","PARTOF":"Spain"}},
{"type":"Feature","geometry":{"type":"MultiPolygon","coordinates":[[[[33.78,35.21],[34.46,35.64],[32.14,35.04],[32.6,34.61],[33.92,34.95],[33.78,35.21]]],[[[-0.2,53.52],[-0.3,54.03],[-1.39,54.68],[-1.72,55.45],[-3.29,55.97],[-2.72,56.18],[-1.94,57.4],[-4.15,57.55],[-3.17,58.52],[-5.35,58.09],[-5.06,57.75],[-6.04,56.47],[-5.27,56.54],[-5.57,55.75],[-4.71,56.13],[-5.11,54.79],[-3.15,54.84],[-2.91,53.27],[-3.96,53.21],[-4.29,52.2],[-5,51.7],[-3.07,51.18],[-4.28,51.19],[-5.78,50.13],[-5.28,49.96],[-3.52,50.62],[-1.1,50.82],[0.19,50.73],[1.36,51.35],[0.25,51.45],[1.51,52.03],[1.38,52.81],[0.01,52.79],[-0.2,53.52]]],[[[-6.21,53.96],[-5.66,54.32],[-6.02,55.09],[-7.43,55.06],[-8.13,54.45],[-6.21,53.96]]]]},"properties":{"NAME":"United Kingdom","SUBJECTO":"United Kingdom","PARTOF":"United Kingdom"}},
{"type":"Feature","geometry":{"type":"Polygon","coordinates":[[[91.61,27.64],[91.15,28.03],[89.86,28.27],[88.8,27.18],[88.87,26.91],[90,26.78],[91.91,26.81],[91.61,27.64]]]},"properties":{"NAME":"Bhutan","SUBJECTO":"Bhutan","PARTOF":"Bhutan"}},
{"type":"Feature","geometry":{"type":"Polygon","coordinates":[[[51.29,24.41],[51.59,25.61],[51.07,25.95],[50.97,24.44],[51.12,24.4],[51.29,24.41]]]},"properties":{"NAME":"Qatar","SUBJECTO":"Qatar","PARTOF":"Qatar"}},
{"type":"Feature","geometry":{"type":"Polygon","coordinates":[[[51.12,24.4],[51.95,22.48],[55.37,22.07],[55.7,22.3],[55.66,23.74],[56,24.94],[56.41,24.92],[56.16,25.47],[56.16,25.97],[54.35,24.15],[53.69,23.99],[51.59,24],[51.29,24.41],[51.12,24.4]]]},"properties":{"NAME":"Trucial Oman","SUBJECTO":"Trucial Oman","PARTOF":"Trucial Oman"}},
{"type":"Feature","geometry":{"type":"Polygon","coordinates":[[[-82.18,22.37],[-80.78,22.1],[-79.73,21.67],[-78.73,21.62],[-78.45,20.97],[-77.29,20.7],[-77.66,19.9],[-75.52,19.91],[-74.17,20.19],[-75.6,21.01],[-77.34,21.51],[-78.17,22.12],[-79.33,22.4],[-79.76,22.76],[-81.43,23.14],[-82.96,23.03],[-84.26,22.54],[-84.21,21.83],[-82.85,22.64],[-82.18,22.37]]]},"properties":{"NAME":"Cuba","SUBJECTO":"Cuba","PARTOF":"Cuba"}},
{"type":"Feature","geometry":{"type":"Polygon","coordinates":[[[105.06,14.24],[105.99,13.89],[105.97,14.33],[107.39,14.58],[107.11,16.17],[106.64,16.48],[104.81,18.72],[103.9,19.31],[104.72,20.2],[104.13,20.94],[103.61,20.68],[102.99,20.94],[101.97,22.53],[101.54,22.14],[101.58,21.22],[101.01,21.44],[100,20.46],[100.43,20.23],[100.5,19.44],[101.1,19.55],[101.23,18.91],[100.89,17.6],[101.17,17.39],[101.86,18.11],[102.66,17.85],[103.22,18.44],[103.93,18.28],[104.58,17.33],[104.61,16.64],[105.47,15.15],[105.06,14.24]]]},"properties":{"NAME":"Laos","SUBJECTO":"Laos","PARTOF":"Laos"}},
{"type":"Feature","geometry":{"type":"Polygon","coordinates":[[[-71.78,19.77],[-73.47,19.84],[-72.77,19.53],[-72.75,18.51],[-74.3,18.7],[-73.86,18.11],[-73.47,18.32],[-71.98,18.26],[-71.68,18],[-71.78,19.77]]]},"properties":{"NAME":"Haiti","SUBJECTO":"Haiti","PARTOF":"Haiti"}},
{"type":"Feature","geometry":{"type":"Polygon","coordinates":[[[-71.68,18],[-71.4,17.7],[-71.06,18.35],[-68.37,18.58],[-70.88,19.93],[-71.78,19.77],[-71.68,18]]]},"properties":{"NAME":"Dominican Republic","SUBJECTO":"Dominican Republic","PARTOF":"Dominican Republic"}},
{"type":"Feature","geometry":{"type":"MultiPolygon","coordinates":[[[[120.36,14.53],[120.47,14.8],[121.29,14.34],[120.51,14.11],[121.01,13.66],[121.62,13.9],[122.39,13.3],[122.49,13.88],[123.24,13.03],[123.82,12.98],[122.67,14.27],[121.73,14.11],[121.24,15.31],[121.44,15.92],[122.06,16.33],[122.4,17.11],[122.07,17.44],[122.05,18.45],[120.56,18.43],[120.2,16.04],[119.76,16.36],[119.77,15.47],[120.36,14.53]]],[[[121.09,12.2],[121.3,13.13],[120.34,13.39],[121.09,12.2]]],[[[125.32,11.12],[125.25,12.29],[124.26,12.42],[125.32,11.12]]],[[[121.87,10.47],[122.9,11.15],[121.99,11.76],[121.87,10.47]]],[[[118.86,10.02],[119.56,10.5],[119.21,11.13],[118.86,10.02]]],[[[122.94,9.05],[123.31,10.74],[122.92,10.85],[122.4,9.48],[122.94,9.05]]],[[[117.27,8.45],[118.5,9.48],[118.51,9.92],[117.54,9.05],[117.27,8.45]]],[[[126.05,6.61],[126.32,7.15],[126.27,8.43],[125.43,9.78],[125.46,9.05],[124.67,8.43],[123.66,8.01],[123.49,8.5],[122.09,7.78],[121.99,6.87],[122.46,7.69],[123.02,7.48],[123.46,7.79],[124.07,7.26],[123.97,6.34],[124.8,5.79],[125.53,5.94],[125.28,6.59],[125.61,7.24],[126.05,6.61]]]]},"properties":{"NAME":"Philippines","SUBJECTO":"United States","PARTOF":"Philippines"}},
{"type":"Feature","geometry":{"type":"Polygon","coordinates":[[[-66.91,17.94],[-65.97,18.03],[-65.95,18.47],[-67.06,18.55],[-66.91,17.94]]]},"properties":{"NAME":"Puerto Rico","SUBJECTO":"Puerto Rico","PARTOF":"Puerto Rico"}},
{"type":"Feature","geometry":{"type":"Polygon","coordinates":[[[-77.29,17.81],[-76.43,18.12],[-77.77,18.51],[-78.32,18.35],[-77.29,17.81]]]},"properties":{"NAME":"Jamaica","SUBJECTO":"Jamaica","PARTOF":"Jamaica"}},
{"type":"Feature","geometry":{"type":"Polygon","coordinates":[[[-85.84,11.08],[-83.75,10.88],[-83.91,11.25],[-83.66,13.71],[-83.42,15],[-84.36,14.64],[-84.83,14.77],[-85.74,13.86],[-86.69,13.77],[-86.69,13.34],[-87.4,13.03],[-87.69,13.02],[-85.84,11.08]]]},"properties":{"NAME":"Nicaragua","SUBJECTO":"Nicaragua","PARTOF":"Nicaragua"}},
{"type":"Feature","geometry":{"type":"Polygon","coordinates":[[[105.06,14.24],[103.08,14.29],[102.33,13.23],[102.67,12.04],[103.04,10.9],[104.39,10.31],[105.49,10.89],[106.03,10.8],[105.84,11.58],[107.38,12.35],[107.51,13.42],[107.39,14.58],[105.97,14.33],[105.99,13.89],[105.06,14.24]]]},"properties":{"NAME":"Cambodia","SUBJECTO":"Empire of Japan","PARTOF":"Cambodia"}},
{"type":"Feature","geometry":{"type":"Polygon","coordinates":[[[-83.75,10.88],[-85.84,11.08],[-85.78,10.14],[-85.09,9.58],[-83.61,9.15],[-83.66,8.67],[-83.09,8.65],[-82.96,8.05],[-82.56,9.58],[-83.75,10.88]]]},"properties":{"NAME":"Costa Rica","SUBJECTO":"Costa Rica","PARTOF":"Costa Rica"}},
{"type":"Feature","geometry":{"type":"Polygon","coordinates":[[[-13.16,8.85],[-13.21,8.35],[-11.47,6.84],[-10.38,8.08],[-10.57,8.99],[-11.29,9.9],[-12.39,9.8],[-13.16,8.85]]]},"properties":{"NAME":"Sierra Leone","SUBJECTO":"United Kingdom","PARTOF":"Sierra Leone"}},
{"type":"Feature","geometry":{"type":"Polygon","coordinates":[[[80.56,5.93],[81.2,6.08],[81.87,7.08],[80.66,9.3],[80.18,9.45],[79.71,8.93],[79.85,7.06],[80.22,6.06],[80.56,5.93]]]},"properties":{"NAME":"Ceylon","SUBJECTO":"Ceylon","PARTOF":"Ceylon"}},
{"type":"Feature","geometry":{"type":"Polygon","coordinates":[[[-82.56,9.58],[-82.96,8.05],[-82.38,8.32],[-81.12,7.94],[-80.66,7.25],[-79.98,7.49],[-80.4,8.06],[-79.07,9.03],[-78.38,8.39],[-77.9,7.17],[-77.13,7.98],[-77.49,8.66],[-78.27,9.39],[-79.5,9.64],[-80.96,8.86],[-82.23,9.05],[-82.56,9.58]]]},"properties":{"NAME":"Panama","SUBJECTO":"Panama","PARTOF":"Panama"}},
{"type":"Feature","geometry":{"type":"Polygon","coordinates":[[[-60.55,5.01],[-59.9,5.04],[-60.08,4.46],[-59.51,3.97],[-59.94,2.73],[-59.62,1.73],[-58.85,1.15],[-57.13,1.9],[-56.71,1.89],[-57.25,3.26],[-58,3.96],[-57.76,4.91],[-57.25,4.95],[-57.07,5.84],[-58.01,6.79],[-58.51,6.56],[-58.62,7.5],[-59.83,8.44],[-60.56,7.56],[-60.23,6.96],[-61.02,6.67],[-61.25,5.87],[-60.55,5.01]]]},"properties":{"NAME":"Guyana","SUBJECTO":"Guyana","PARTOF":"Guyana"}},
{"type":"Feature","geometry":{"type":"Polygon","coordinates":[[[-10.38,8.08],[-11.47,6.84],[-9.94,5.86],[-9.25,5.17],[-7.56,4.35],[-7.42,5.73],[-8.53,6.53],[-8.3,7.44],[-9.01,7.13],[-9.46,7.43],[-9.62,8.39],[-10.38,8.08]]]},"properties":{"NAME":"Liberia","SUBJECTO":"Liberia","PARTOF":"Liberia"}},
{"type":"Feature","geometry":{"type":"Polygon","coordinates":[[[18.5,3.53],[17.96,2.09],[17.45,-0.85],[16.65,-1.41],[16.1,-2.33],[15.99,-3.67],[14.44,-4.89],[14.33,-4.3],[13.02,-4.77],[12.2,-5.75],[12.34,-6.19],[14.05,-5.93],[16.56,-6.02],[17.18,-7.69],[17.6,-8.12],[19.31,-8.04],[19.55,-7.03],[20.51,-6.99],[20.66,-7.39],[21.61,-7.34],[21.86,-8.48],[21.69,-9.42],[22.27,-10.34],[22.27,-11.16],[23.94,-11.04],[24.57,-11.44],[25.17,-11.28],[25.43,-11.73],[26.63,-12.06],[27.12,-11.55],[27.45,-12.19],[28.43,-12.71],[29.01,-13.42],[29.78,-13.47],[29.77,-12.22],[28.92,-12.3],[28.31,-11.51],[28.62,-10.52],[28.47,-9.3],[29.05,-8.54],[30.66,-8.29],[30.16,-7.13],[29.52,-6.44],[29.35,-4.75],[29.2,-3.22],[28.89,-2.77],[29.08,-1.81],[29.53,-1.43],[29.77,0.44],[31.16,1.8],[30.71,2.37],[30.74,3.51],[29.69,4.52],[29.22,4.18],[28.74,4.47],[28.22,4.18],[27.24,5.16],[26.59,4.94],[25.49,5.31],[25.21,4.9],[24.26,4.93],[23.43,4.54],[22.88,4.76],[22.42,4.07],[20.56,4.34],[19.58,5.08],[18.61,4.32],[18.5,3.53]]]},"properties":{"NAME":"Belgian Congo","SUBJECTO":"Belgium","PARTOF":"Belgian Congo"}},
{"type":"Feature","geometry":{"type":"Polygon","coordinates":[[[30.6,-1.15],[30.89,-2.11],[30.46,-2.48],[30.84,-3.31],[29.91,-4.6],[29.35,-4.75],[29.52,-6.44],[30.16,-7.13],[30.66,-8.29],[31.09,-8.67],[33.2,-9.66],[33.76,-9.7],[34.26,-10.32],[34.49,-11.6],[35.94,-11.42],[36.42,-11.77],[37.65,-11.72],[37.99,-11.23],[38.61,-11.44],[40.47,-10.48],[39.66,-9.8],[39.27,-7.8],[39.57,-7.04],[38.92,-6.34],[39.23,-4.84],[37.66,-3.69],[37.62,-3.17],[33.92,-1.12],[33.27,-1.13],[30.6,-1.15]]]},"properties":{"NAME":"Tanzania, United Republic of","SUBJECTO":"United Kingdom","PARTOF":"Tanzania, United Republic of"}},
{"type":"Feature","geometry":{"type":"Polygon","coordinates":[[[28.89,-2.77],[29.56,-2.92],[30.46,-2.48],[30.89,-2.11],[30.6,-1.15],[29.53,-1.43],[29.08,-1.81],[28.89,-2.77]]]},"properties":{"NAME":"Rwanda (Belgium)","SUBJECTO":"Belgium","PARTOF":"Rwanda (Belgium)"}},
{"type":"Feature","geometry":{"type":"Polygon","coordinates":[[[29.35,-4.75],[29.91,-4.6],[30.84,-3.31],[30.46,-2.48],[29.56,-2.92],[28.89,-2.77],[29.2,-3.22],[29.35,-4.75]]]},"properties":{"NAME":"Burundi","SUBJECTO":"Burundi","PARTOF":"Burundi"}},
{"type":"Feature","geometry":{"type":"MultiPolygon","coordinates":[[[[13.02,-4.77],[12.7,-4.53],[12,-5],[12.2,-5.75],[13.02,-4.77]]],[[[23.94,-11.04],[22.27,-11.16],[22.27,-10.34],[21.69,-9.42],[21.86,-8.48],[21.61,-7.34],[20.66,-7.39],[20.51,-6.99],[19.55,-7.03],[19.31,-8.04],[17.6,-8.12],[17.18,-7.69],[16.56,-6.02],[14.05,-5.93],[12.34,-6.19],[13.39,-8.16],[13.2,-9.64],[13.64,-10.3],[13.81,-11.66],[13.34,-12.65],[12.59,-13.46],[12.06,-15.59],[11.78,-15.87],[11.78,-17.34],[13.01,-17.03],[13.78,-17.38],[18.45,-17.51],[19.05,-17.89],[21.46,-18.02],[23.23,-17.66],[21.99,-16.38],[21.96,-13.07],[23.78,-13.01],[24.09,-12.38],[23.94,-11.04]]]]},"properties":{"NAME":"Angola (Portugal)","SUBJECTO":"Portugal","PARTOF":"Angola (Portugal)"}},
{"type":"Feature","geometry":{"type":"Polygon","coordinates":[[[23.23,-17.66],[24.06,-17.5],[25,-17.81],[25.35,-18.01],[26.89,-18.11],[28,-16.77],[28.93,-16.51],[29.08,-16.01],[30.4,-15.67],[30.38,-14.98],[33.11,-14.05],[32.72,-13.59],[32.97,-12.73],[33.53,-12.5],[33.26,-12.1],[33.26,-10.87],[33.65,-10.44],[33.2,-9.66],[31.09,-8.67],[30.66,-8.29],[29.05,-8.54],[28.47,-9.3],[28.62,-10.52],[28.31,-11.51],[28.92,-12.3],[29.77,-12.22],[29.78,-13.47],[29.01,-13.42],[28.43,-12.71],[27.45,-12.19],[27.12,-11.55],[26.63,-12.06],[25.43,-11.73],[25.17,-11.28],[24.57,-11.44],[23.94,-11.04],[24.09,-12.38],[23.78,-13.01],[21.96,-13.07],[21.99,-16.38],[23.23,-17.66]]]},"properties":{"NAME":"Northern Rhodesia","SUBJECTO":"United Kingdom","PARTOF":"Northern Rhodesia"}},
{"type":"Feature","geometry":{"type":"Polygon","coordinates":[[[34.49,-11.6],[34.26,-10.32],[33.76,-9.7],[33.2,-9.66],[33.65,-10.44],[33.26,-10.87],[33.26,-12.1],[33.53,-12.5],[32.97,-12.73],[32.72,-13.59],[33.11,-14.05],[33.64,-14.59],[34.26,-14.5],[34.51,-15.49],[34.24,-15.86],[35.22,-17.15],[35.25,-16.3],[35.79,-16.07],[35.88,-14.83],[34.71,-13.53],[34.35,-12.35],[34.49,-11.6]]]},"properties":{"NAME":"Malawi","SUBJECTO":"Malawi","PARTOF":"Malawi"}},
{"type":"Feature","geometry":{"type":"Polygon","coordinates":[[[-69.59,-10.9],[-69.09,-11.73],[-68.64,-12.58],[-68.97,-13.53],[-68.84,-14.17],[-69.24,-14.74],[-69.4,-15.64],[-68.81,-16.33],[-69.56,-17.17],[-69.64,-17.29],[-69.47,-17.37],[-69.46,-17.6],[-69.06,-18.06],[-68.93,-18.95],[-68.4,-19.42],[-68.72,-20.43],[-68.18,-21.25],[-67.88,-22.83],[-67.18,-22.81],[-66.15,-21.92],[-64.76,-22.16],[-64.25,-22.88],[-63.78,-22.07],[-62.61,-22.16],[-62.54,-22.01],[-62.01,-20.31],[-61.7,-19.81],[-61.05,-19.53],[-59.06,-19.33],[-58.18,-19.77],[-57.67,-18.79],[-57.6,-18.04],[-58.43,-16.88],[-58.33,-16.37],[-60.1,-16.28],[-60.36,-13.9],[-61.91,-13.45],[-62.08,-13.1],[-63.61,-12.51],[-64.26,-12.47],[-65.27,-11.37],[-65.35,-10.71],[-65.31,-9.82],[-66.31,-9.84],[-68.5,-11.09],[-69.59,-10.9]]]},"properties":{"NAME":"Bolivia","SUBJECTO":"Bolivia","PARTOF":"Bolivia"}},
{"type":"Feature","geometry":{"type":"Polygon","coordinates":[[[32.85,-26.98],[32.5,-26.07],[33.35,-25.3],[34.88,-24.72],[35.43,-24.23],[35.51,-22.18],[35.26,-22.27],[34.7,-20.57],[34.73,-19.86],[35.91,-19.03],[37.28,-17.71],[39.47,-16.72],[40.39,-15.74],[40.85,-14.58],[40.62,-14.48],[40.53,-12.58],[40.31,-11.34],[40.47,-10.48],[38.61,-11.44],[37.99,-11.23],[37.65,-11.72],[36.42,-11.77],[35.94,-11.42],[34.49,-11.6],[34.35,-12.35],[34.71,-13.53],[35.88,-14.83],[35.79,-16.07],[35.25,-16.3],[35.22,-17.15],[34.24,-15.86],[34.51,-15.49],[34.26,-14.5],[33.64,-14.59],[33.11,-14.05],[30.38,-14.98],[30.4,-15.67],[32.85,-16.78],[33.04,-18.38],[32.69,-18.96],[33.06,-19.93],[32.46,-20.79],[32.41,-21.43],[31.28,-22.56],[31.91,-24.34],[32.01,-26.08],[32.16,-27.01],[32.85,-26.98]]]},"properties":{"NAME":"Mozambique (Portugal)","SUBJECTO":"Portugal","PARTOF":"Mozambique (Portugal)"}},
{"type":"Feature","geometry":{"type":"Polygon","coordinates":[[[44.67,-16.24],[43.97,-17.55],[44.59,-19.53],[44.47,-20.17],[43.5,-21.49],[43.29,-22.41],[43.83,-23.41],[43.67,-24.23],[44.04,-24.99],[45.21,-25.66],[46.86,-25.22],[47.26,-24.77],[48.09,-22.04],[49.34,-18.23],[49.42,-17.2],[49.9,-16.46],[49.6,-15.65],[50.19,-15.96],[50.5,-15.31],[49.82,-12.83],[49.18,-12.27],[48.86,-13.25],[46.46,-15.86],[44.67,-16.24]]]},"properties":{"NAME":"Madagascar (France)","SUBJECTO":"France","PARTOF":"Madagascar (France)"}},
{"type":"Feature","geometry":{"type":"Polygon","coordinates":[[[30.4,-15.67],[29.08,-16.01],[28.93,-16.51],[28,-16.77],[26.89,-18.11],[25.35,-18.01],[26.36,-19.76],[27.62,-20.57],[27.97,-21.58],[29.23,-22.19],[31.28,-22.56],[32.41,-21.43],[32.46,-20.79],[33.06,-19.93],[32.69,-18.96],[33.04,-18.38],[32.85,-16.78],[30.4,-15.67]]]},"properties":{"NAME":"Southern Rhodesia","SUBJECTO":"United Kingdom","PARTOF":"Southern Rhodesia"}},
{"type":"Feature","geometry":{"type":"MultiPolygon","coordinates":[[[[-70.38,-18.35],[-70.2,-19.95],[-70.17,-21.73],[-70.65,-24.47],[-70.39,-25.24],[-70.71,-26.73],[-71.43,-29.1],[-71.23,-29.52],[-71.7,-30.85],[-71.42,-32.75],[-71.62,-33.71],[-72.63,-35.65],[-73.14,-37.16],[-73.67,-37.5],[-73.19,-39.57],[-73.91,-40.84],[-73.59,-41.7],[-72.59,-41.62],[-72.53,-43.06],[-73,-43.33],[-73.06,-44.19],[-72.58,-44.44],[-73.31,-45.09],[-73.97,-46.71],[-74.04,-46.09],[-73.46,-44.36],[-74.29,-44.03],[-74.86,-44.55],[-74.45,-44.87],[-75.44,-46.52],[-73.98,-47.03],[-74.67,-48.03],[-75.43,-47.59],[-75.66,-48.47],[-75.41,-50.81],[-74.46,-50.04],[-75.48,-51.63],[-74.16,-51.47],[-72.45,-52.16],[-71.43,-53.21],[-73.13,-53.23],[-71,-53.82],[-70.73,-52.8],[-69.42,-52.28],[-68.41,-52.38],[-69.99,-52],[-71.93,-51.92],[-72.29,-51.59],[-72.33,-50.69],[-72.4,-50.62],[-72.56,-50.62],[-72.9,-50.67],[-73.11,-50.78],[-73.3,-50.31],[-73.45,-49.96],[-72.22,-48.33],[-72.49,-47.93],[-71.63,-46.68],[-71.87,-46.15],[-71.32,-45.24],[-72.04,-44.77],[-71.78,-44.38],[-71.77,-44.12],[-71.89,-43.43],[-71.72,-43.17],[-72.15,-42.17],[-71.7,-42.06],[-71.86,-40.75],[-71.42,-38.95],[-70.84,-38.73],[-70.97,-38.1],[-71.19,-37.69],[-70.96,-36.54],[-70.39,-36.17],[-70.53,-35.26],[-70.19,-34.68],[-69.79,-34.25],[-69.76,-33.33],[-70.49,-31.58],[-69.85,-30.36],[-69.78,-29.15],[-69.62,-28.47],[-68.79,-27.31],[-68.25,-26.91],[-68.56,-25.44],[-68.24,-24.41],[-67.32,-24.04],[-67.18,-22.81],[-67.88,-22.83],[-68.18,-21.25],[-68.72,-20.43],[-68.4,-19.42],[-68.93,-18.95],[-69.06,-18.06],[-69.46,-17.6],[-69.46,-17.49],[-70.27,-18.31],[-70.31,-18.31],[-70.38,-18.35]]],[[[-68.61,-54.9],[-68.6,-54.87],[-68.6,-53.23],[-68.61,-52.66],[-69.41,-52.45],[-70.33,-52.82],[-70.15,-53.81],[-69.06,-54.6],[-70.34,-54.33],[-70.46,-53.56],[-71.16,-54.06],[-74.86,-52.67],[-73.61,-53.84],[-71.24,-55.13],[-70.08,-54.82],[-68.61,-54.9]]],[[[-73.77,-43.51],[-74,-42.02],[-74.3,-43.27],[-73.77,-43.51]]],[[[-68.16,-55.26],[-66.3,-55.2],[-67.96,-54.88],[-69.89,-55.09],[-70.32,-55.27],[-69.56,-55.64],[-66.81,-55.9],[-68.16,-55.26]]],[[[-73.08,-53.03],[-72.87,-52.28],[-74.38,-51.66],[-75.08,-51.73],[-74.91,-52.36],[-73.24,-52.57],[-73.08,-53.03]]]]},"properties":{"NAME":"Chile","SUBJECTO":"Chile","PARTOF":"Chile"}},
{"type":"Feature","geometry":{"type":"Polygon","coordinates":[[[25,-17.81],[24.11,-18.03],[23.57,-18.46],[23.29,-18.11],[20.95,-18.4],[20.92,-22.06],[19.89,-22.11],[19.84,-24.94],[20.4,-25.33],[20.74,-26.1],[20.61,-26.91],[21.53,-26.92],[22.17,-26.56],[22.94,-25.45],[24.48,-25.9],[25.61,-25.62],[25.86,-24.87],[26.81,-24.36],[26.96,-23.77],[28.22,-22.71],[29.23,-22.19],[27.97,-21.58],[27.62,-20.57],[26.36,-19.76],[25.35,-18.01],[25,-17.81]]]},"properties":{"NAME":"Botswana","SUBJECTO":"United Kingdom","PARTOF":"Botswana"}},
{"type":"Feature","geometry":{"type":"Polygon","coordinates":[[[-54.58,-25.74],[-54.22,-24.12],[-55.35,-23.78],[-55.62,-22.45],[-56.38,-22.14],[-57.81,-22.15],[-57.75,-20.69],[-58.14,-19.81],[-58.18,-19.77],[-59.06,-19.33],[-61.05,-19.53],[-61.7,-19.81],[-62.01,-20.31],[-62.54,-22.01],[-62.61,-22.16],[-61.24,-23.62],[-59.81,-24.22],[-57.71,-25.34],[-58.3,-26.48],[-58.61,-27.34],[-57.8,-27.2],[-57.35,-27.35],[-56.27,-27.26],[-56.01,-27.29],[-55.57,-27.22],[-54.99,-26.77],[-54.58,-25.74]]]},"properties":{"NAME":"Paraguay","SUBJECTO":"Paraguay","PARTOF":"Paraguay"}},
{"type":"Feature","geometry":{"type":"Polygon","coordinates":[[[32.01,-26.08],[31.36,-25.82],[30.81,-26.75],[31.33,-27.41],[32.16,-27.01],[32.01,-26.08]]]},"properties":{"NAME":"Swaziland","SUBJECTO":"United Kingdom","PARTOF":"Swaziland"}},
{"type":"Feature","geometry":{"type":"Polygon","coordinates":[[[27.85,-30.79],[28.99,-30.14],[29.44,-29.43],[28.62,-28.72],[27.74,-29.07],[27.07,-29.8],[27.85,-30.79]]]},"properties":{"NAME":"Lesotho","SUBJECTO":"United Kingdom","PARTOF":"Lesotho"}},
{"type":"Feature","geometry":{"type":"MultiPolygon","coordinates":[[[[175.31,-37.32],[174.22,-35.34],[172.63,-34.56],[174.76,-37.3],[174.95,-37.93],[174.65,-38.98],[173.8,-39.42],[175.35,-40.3],[174.9,-41.3],[175.37,-41.66],[176.01,-41.26],[177.16,-39.85],[177.02,-39.45],[178.41,-38.77],[178.57,-37.92],[177.53,-38.2],[176.13,-37.8],[175.84,-37.03],[175.31,-37.32]]],[[[172.06,-43.92],[173.01,-43.84],[172.44,-43.51],[174.23,-42.01],[174.06,-41.29],[173.26,-41.54],[172.44,-40.75],[172.09,-41.71],[171.46,-41.99],[171.02,-42.89],[168.42,-44.22],[167.14,-45.2],[166.55,-45.97],[168.42,-46.65],[169.4,-46.71],[170.61,-45.95],[171.38,-44.34],[172.06,-43.92]]]]},"properties":{"NAME":"New Zealand","SUBJECTO":"New Zealand","PARTOF":"New Zealand"}},
{"type":"Feature","geometry":{"type":"MultiPolygon","coordinates":[[[[-68.41,-52.38],[-69.17,-51.15],[-69.04,-50.56],[-67.83,-49.97],[-67.58,-49.06],[-66.08,-48.14],[-65.78,-47.23],[-67.33,-46.53],[-67.47,-45.92],[-66.41,-45.02],[-65.44,-44.89],[-65.31,-43.6],[-63.6,-42.7],[-63.73,-42.1],[-64.99,-42.19],[-64.94,-40.83],[-63.84,-41.16],[-62.26,-40.8],[-62.07,-39.56],[-62.31,-38.88],[-61.36,-39.03],[-59.52,-38.87],[-57.81,-38.39],[-56.7,-36.94],[-57.42,-36],[-57.23,-35.44],[-58.52,-34.59],[-58.34,-34.22],[-58.4,-33.8],[-58.29,-33.35],[-58.02,-32.96],[-58.12,-32.14],[-57.58,-30.4],[-57.48,-30.28],[-56.29,-29.07],[-54.75,-27.69],[-53.73,-27.22],[-53.62,-26.27],[-53.94,-25.66],[-54.58,-25.74],[-54.99,-26.77],[-55.57,-27.22],[-56.01,-27.29],[-56.27,-27.26],[-57.35,-27.35],[-57.8,-27.2],[-58.61,-27.34],[-58.3,-26.48],[-57.71,-25.34],[-59.81,-24.22],[-61.24,-23.62],[-62.61,-22.16],[-63.78,-22.07],[-64.25,-22.88],[-64.76,-22.16],[-66.15,-21.92],[-67.18,-22.81],[-67.32,-24.04],[-68.24,-24.41],[-68.56,-25.44],[-68.25,-26.91],[-68.79,-27.31],[-69.62,-28.47],[-69.78,-29.15],[-69.85,-30.36],[-70.49,-31.58],[-69.76,-33.33],[-69.79,-34.25],[-70.19,-34.68],[-70.53,-35.26],[-70.39,-36.17],[-70.96,-36.54],[-71.19,-37.69],[-70.97,-38.1],[-70.84,-38.73],[-71.42,-38.95],[-71.86,-40.75],[-71.7,-42.06],[-72.15,-42.17],[-71.72,-43.17],[-71.89,-43.43],[-71.77,-44.12],[-71.78,-44.38],[-72.04,-44.77],[-71.32,-45.24],[-71.87,-46.15],[-71.63,-46.68],[-72.49,-47.93],[-72.22,-48.33],[-73.45,-49.96],[-73.3,-50.31],[-73.11,-50.78],[-72.9,-50.67],[-72.56,-50.62],[-72.4,-50.62],[-72.33,-50.69],[-72.29,-51.59],[-71.93,-51.92],[-69.99,-52],[-68.41,-52.38]]],[[[-68.61,-54.9],[-68.38,-54.85],[-67.15,-54.91],[-66.62,-55.07],[-65.26,-54.72],[-66.42,-54.61],[-68.6,-53.23],[-68.6,-54.87],[-68.61,-54.9]]]]},"properties":{"NAME":"Argentina","SUBJECTO":"Argentina","PARTOF":"Argentina"}},
{"type":"Feature","geometry":{"type":"Polygon","coordinates":[[[28.01,59.46],[25.45,59.49],[23.42,59.12],[23.67,58.24],[24.35,57.86],[25.28,58.06],[27.35,57.53],[27.78,57.87],[27.4,58.79],[28.01,59.46]]]},"properties":{"NAME":"Estonia","SUBJECTO":"Estonia","PARTOF":"Estonia"}},
{"type":"Feature","geometry":{"type":"Polygon","coordinates":[[[27.35,57.53],[25.28,58.06],[24.35,57.86],[24.35,57.16],[23.22,56.98],[22.56,57.62],[21.68,57.46],[20.95,56.07],[22.12,56.42],[24.9,56.41],[26.59,55.67],[27.58,55.78],[28.19,56.25],[27.35,57.53]]]},"properties":{"NAME":"Latvia","SUBJECTO":"Latvia","PARTOF":"Latvia"}},
{"type":"Feature","geometry":{"type":"Polygon","coordinates":[[[22.7,54.41],[23.53,53.92],[24.77,53.97],[24.95,54.97],[26.61,55.12],[26.59,55.67],[24.9,56.41],[22.12,56.42],[20.95,56.07],[21.16,55.22],[22.55,55.06],[22.7,54.41]]]},"properties":{"NAME":"Lithuania","SUBJECTO":"Lithuania","PARTOF":"Lithuania"}},
{"type":"Feature","geometry":{"type":"Polygon","coordinates":[[[-6.21,53.96],[-8.13,54.45],[-7.43,55.06],[-8.35,55.1],[-8.59,54.2],[-9.89,54.33],[-10.16,53.37],[-9.31,53.12],[-10.22,51.76],[-9.82,51.43],[-6.41,52.21],[-6.04,52.89],[-6.21,53.96]]]},"properties":{"NAME":"Ireland","SUBJECTO":"Ireland","PARTOF":"Ireland"}},
{"type":"Feature","geometry":{"type":"Polygon","coordinates":[[[119.77,46.75],[118.77,47.86],[117.91,48.05],[115.72,47.73],[115.6,48.1],[116.76,49.93],[115.73,49.86],[114.1,50.27],[112.52,49.46],[109.42,49.3],[107.55,49.83],[106.32,50.42],[103.68,50.17],[102.64,50.46],[102.12,51.36],[98.92,52.04],[97.94,51.23],[98.24,50.24],[97.42,49.79],[94.7,50.03],[94.21,50.55],[92.16,50.76],[90,50.31],[89.8,49.82],[87.87,49.23],[88.23,48.54],[90,47.84],[90,46.85],[91.16,46.55],[90,46.01],[90,45.33],[93.51,44.94],[95.24,44.28],[96.34,42.79],[98.22,42.6],[101.74,42.54],[103.51,41.86],[105.02,41.59],[107.36,42.41],[109.38,42.44],[110.25,42.77],[111.95,43.86],[111.42,44.4],[112.1,45.14],[113.77,44.87],[114.64,45.47],[115.62,45.49],[116.48,46.31],[118.31,46.74],[119.58,46.65],[119.77,46.75]]]},"properties":{"NAME":"Mongolia","SUBJECTO":"Mongolia","PARTOF":"Mongolia"}},
{"type":"Feature","geometry":{"type":"Polygon","coordinates":[[[2.52,51.09],[2.88,50.68],[5.82,49.51],[6.11,50.12],[6,50.74],[4.79,51.49],[3.78,51.39],[2.52,51.09]]]},"properties":{"NAME":"Belgium","SUBJECTO":"Belgium","PARTOF":"Belgium"}},
{"type":"Feature","geometry":{"type":"MultiPolygon","coordinates":[[[[6.96,45.94],[6.36,46.35],[6.17,46.21],[6.11,46.58],[6.44,46.93],[7.51,47.6],[8.16,48.98],[6.43,49.45],[5.82,49.51],[2.88,50.68],[2.52,51.09],[1.59,50.82],[1.55,50.23],[-0.24,49.29],[-1.94,49.71],[-1.46,48.68],[-2.79,48.59],[-3.09,48.87],[-4.76,48.55],[-3.95,47.9],[-2,47.04],[-1.08,46.01],[-1.56,43.52],[-1.91,43.31],[-0.17,42.65],[1.45,42.61],[1.48,42.65],[1.72,42.51],[1.91,42.45],[3.09,42.37],[3.07,42.94],[4.08,43.49],[5.83,43.02],[6.52,43.15],[7.55,43.87],[6.51,45.12],[6.96,45.94]]],[[[8.63,41.73],[9.17,41.35],[9.43,42.79],[8.61,42.49],[8.63,41.73]]]]},"properties":{"NAME":"France","SUBJECTO":"France","PARTOF":"France"}},
{"type":"Feature","geometry":{"type":"Polygon","coordinates":[[[19.37,41.85],[19.37,40.26],[20.12,39.55],[21.03,40.73],[20.57,41.93],[19.56,42.55],[19.37,41.85]]]},"properties":{"NAME":"Albania","SUBJECTO":"Albania","PARTOF":"Albania"}},
{"type":"Feature","geometry":{"type":"Polygon","coordinates":[[[-7.49,37.21],[-6.84,38.1],[-7.39,38.29],[-6.93,38.96],[-7.43,39.52],[-6.88,39.7],[-6.8,41.09],[-6.14,41.53],[-6.71,41.96],[-8.81,41.89],[-8.69,40.99],[-9.52,38.69],[-8.85,38.5],[-8.99,36.99],[-7.49,37.21]]]},"properties":{"NAME":"Portugal","SUBJECTO":"Portugal","PARTOF":"Portugal"}},
{"type":"Feature","geometry":{"type":"MultiPolygon","coordinates":[[[[27.18,37.36],[28.01,36.53],[29,36.69],[29.3,36.17],[30.47,36.19],[30.59,36.76],[31.37,36.71],[32.33,36.13],[33.17,35.97],[34.49,36.63],[35.22,36.39],[36.08,36.62],[35.96,36.74],[36.93,38.73],[39.35,39.07],[38.88,40.98],[37.25,41.03],[35.96,41.69],[33.56,41.98],[32.42,41.75],[30.74,41.04],[29.16,41.22],[29.05,40.33],[26.77,40.38],[26.14,39.44],[26.93,39.48],[27.39,39.65],[28.36,38.92],[28.39,38.01],[27.18,37.36]]],[[[26.02,40.67],[26.61,40.4],[27.47,40.96],[28.83,40.91],[29.08,41.2],[27.92,41.98],[26.86,42.01],[26.35,41.64],[26.65,41.45],[26.02,40.67]]]]},"properties":{"NAME":"Turkey","SUBJECTO":"Turkey","PARTOF":"Turkey"}},
{"type":"Feature","geometry":{"type":"Polygon","coordinates":[[[44.21,37.87],[44.79,37.13],[45.39,35.93],[46.21,35.78],[46.18,35.06],[45.67,34.62],[45.51,33.8],[47.79,31.8],[47.69,30.88],[48.55,29.99],[50.13,30.07],[51.35,28.04],[52.41,27.58],[52.89,27.05],[54.65,26.39],[55.9,27.1],[56.79,26.97],[57.25,25.79],[59.03,25.31],[60.48,25.3],[61.57,25.04],[61.94,26.16],[63.24,26.67],[62.67,28.21],[61.66,28.66],[60.82,29.83],[61.78,30.91],[60.79,31.58],[60.54,32.99],[60.85,33.48],[60.42,34.08],[61.22,35.58],[61.01,36.64],[60.35,36.61],[59.24,37.45],[57.23,38.19],[55.36,38.04],[54.02,37.35],[53.8,36.68],[51.8,36.43],[50.56,36.69],[50.04,37.22],[48.84,37.51],[48.82,38.31],[47.99,38.85],[48.37,39.41],[47.85,39.71],[46.45,38.84],[45.41,39.03],[45.06,37.91],[44.21,37.87]]]},"properties":{"NAME":"Iran","SUBJECTO":"Iran","PARTOF":"Iran"}},
{"type":"Feature","geometry":{"type":"Polygon","coordinates":[[[61.22,35.58],[60.42,34.08],[60.85,33.48],[60.54,32.99],[60.79,31.58],[61.78,30.91],[60.82,29.83],[62.37,29.38],[64.09,29.39],[66.09,29.74],[66.47,30.84],[67.68,31.22],[68.24,31.77],[69.21,31.8],[69.51,32.95],[70.29,33.28],[69.87,33.94],[70.79,33.93],[71.66,35.13],[71.32,36.05],[72.37,36.72],[73.79,36.73],[74.52,37],[74.73,37.21],[73.05,37.33],[71.85,36.72],[71.3,37.17],[71.44,37.83],[70.72,38.36],[70.02,37.46],[69.31,37.08],[67.86,36.85],[67.52,37.21],[65.72,37.49],[64.83,37.15],[64.54,36.34],[63.12,35.79],[62.68,35.27],[61.22,35.58]]]},"properties":{"NAME":"Afghanistan","SUBJECTO":"Afghanistan","PARTOF":"Afghanistan"}},
{"type":"Feature","geometry":null,"properties":{"NAME":"Syria (France)","SUBJECTO":"France","PARTOF":"Syria (France)"}},
{"type":"Feature","geometry":{"type":"Polygon","coordinates":[[[11.47,33.14],[10.02,34.08],[11.13,35.24],[10.51,36.21],[11.02,37.07],[10.27,36.75],[9.42,37.28],[8.64,36.89],[8.27,36.32],[8.22,34.58],[7.58,34.04],[7.82,33.06],[9.01,31.91],[9.57,30.21],[10.06,30.54],[10.13,31.48],[11.42,32.33],[11.47,33.14]]]},"properties":{"NAME":"Tunisia","SUBJECTO":"Tunisia","PARTOF":"Tunisia"}},
{"type":"Feature","geometry":{"type":"Polygon","coordinates":[[[-8.63,27.17],[-5.5,25.4],[-1.65,22.85],[1.09,21.13],[1.84,20.16],[3.06,19.91],[3.23,18.95],[5.78,19.44],[7.54,20.92],[9.3,22],[11.96,23.47],[11.45,24.26],[10.42,24.4],[9.38,26.04],[9.86,26.43],[9.77,29.24],[9.57,30.21],[9.01,31.91],[7.82,33.06],[7.58,34.04],[8.22,34.58],[8.27,36.32],[8.64,36.89],[7.91,36.78],[6.32,37.09],[5.14,36.67],[3.74,36.84],[3.32,36.65],[1.06,36.46],[-0.09,35.74],[-1.15,35.63],[-2.19,35.05],[-1.74,34.61],[-1.68,33.26],[-1.08,32.45],[-1.23,31.99],[-2.82,31.99],[-3.78,31.56],[-3.73,30.89],[-4.91,30.43],[-6.42,29.47],[-7.17,29.48],[-8.59,28.64],[-8.64,27.57],[-8.63,27.17]]]},"properties":{"NAME":"Algeria (France)","SUBJECTO":"France","PARTOF":"Algeria (France)"}},
{"type":"Feature","geometry":{"type":"Polygon","coordinates":[[[-2.19,35.05],[-3.01,35.39],[-4.59,35.15],[-5.57,35.86],[-5.93,35.73],[-7,33.87],[-8.31,33.34],[-9.22,32.58],[-9.81,31.29],[-9.66,29.95],[-10.34,29.15],[-11.58,28.23],[-12.87,27.86],[-13.12,27.55],[-8.64,27.57],[-8.59,28.64],[-7.17,29.48],[-6.42,29.47],[-4.91,30.43],[-3.73,30.89],[-3.78,31.56],[-2.82,31.99],[-1.23,31.99],[-1.08,32.45],[-1.68,33.26],[-1.74,34.61],[-2.19,35.05]]]},"properties":{"NAME":"Morocco (France)","SUBJECTO":"France","PARTOF":"Morocco (France)"}},
{"type":"Feature","geometry":{"type":"Polygon","coordinates":[[[-97.26,25.81],[-99.1,26.41],[-99.6,27.47],[-101.03,29.33],[-101.73,29.75],[-102.45,29.69],[-103.02,29.09],[-103.59,29.06],[-104.57,29.58],[-105.13,30.61],[-106.54,31.7],[-108.23,31.72],[-108.37,31.28],[-111.09,31.31],[-114.62,32.43],[-114.88,32.64],[-117.17,32.52],[-115.6,29.69],[-114.07,28.42],[-114.48,27.78],[-115.05,27.85],[-114.48,27.24],[-113.29,26.81],[-112.41,26.19],[-112.17,25.01],[-110.22,23.4],[-110,22.89],[-109.52,23.19],[-110.8,24.88],[-111.59,26.76],[-111.91,26.66],[-112.87,28.33],[-114.68,30.14],[-114.97,31.13],[-114.84,31.82],[-113.05,31.14],[-112.65,29.92],[-111.69,28.5],[-110.6,27.86],[-110.38,27.21],[-109.13,26.29],[-109.26,25.65],[-108.01,24.98],[-105.54,22.28],[-105.29,20.67],[-105.69,20.4],[-104.95,19.44],[-103.49,18.35],[-101.99,18.03],[-101.22,17.42],[-98.86,16.6],[-97.88,16.05],[-96.33,15.75],[-95.13,16.3],[-94.08,16.11],[-92.16,14.54],[-92.24,15.28],[-91.76,16.1],[-90,16.1],[-90,16.82],[-91.08,16.92],[-91.01,17.84],[-89.15,17.83],[-88.32,18.49],[-87.88,18.38],[-87.65,20.19],[-86.94,20.98],[-87.2,21.53],[-88.33,21.59],[-90,21.16],[-90,19.38],[-91.7,18.82],[-94.24,18.24],[-96.01,18.93],[-97.5,21.19],[-97.88,22.33],[-97.82,24.21],[-97.26,25.81]]]},"properties":{"NAME":"Mexico","SUBJECTO":"Mexico","PARTOF":"Mexico"}},
{"type":"Feature","geometry":{"type":"Polygon","coordinates":[[[46.51,28.97],[47.26,28.85],[47.2,28.86],[46.51,28.97]]]},"properties":{"NAME":"Kuwait","SUBJECTO":"Kuwait","PARTOF":"Kuwait"}},
{"type":"Feature","geometry":{"type":"Polygon","coordinates":[[[102.07,6.15],[101.56,6.74],[100.61,6.98],[100.13,8.53],[99.72,9.26],[99.3,9.16],[99.19,10.49],[99.9,12.08],[99.93,13.26],[100.91,13.45],[100.87,12.68],[101.92,12.59],[102.67,12.04],[102.33,13.23],[103.08,14.29],[105.06,14.24],[105.47,15.15],[104.61,16.64],[104.58,17.33],[103.93,18.28],[103.22,18.44],[102.66,17.85],[101.86,18.11],[101.17,17.39],[100.89,17.6],[101.23,18.91],[101.1,19.55],[100.5,19.44],[100.43,20.23],[100,20.46],[98.99,19.86],[98.02,19.75],[97.71,18.51],[97.37,18.45],[97.79,17.58],[98.82,16.32],[98.58,15.47],[98.14,15.19],[99,13.89],[99.1,12.97],[99.58,11.89],[98.59,10.12],[98.18,8.6],[99.02,7.87],[99.66,6.71],[100.16,6.34],[100.62,6.42],[101.76,5.59],[102.07,6.15]]]},"properties":{"NAME":"Siam","SUBJECTO":"Siam","PARTOF":"Siam"}},
{"type":"Feature","geometry":{"type":"Polygon","coordinates":[[[-88.32,18.49],[-89.15,17.83],[-89.25,15.9],[-88.94,15.9],[-88.24,17.01],[-88.12,18.39],[-88.32,18.49]]]},"properties":{"NAME":"Belize","SUBJECTO":"Belize","PARTOF":"Belize"}},
{"type":"Feature","geometry":{"type":"Polygon","coordinates":[[[-92.16,14.54],[-91.24,13.95],[-90,13.87],[-89.38,14.47],[-89.18,15.1],[-88.27,15.75],[-88.94,15.9],[-89.25,15.9],[-89.15,17.83],[-91.01,17.84],[-91.08,16.92],[-90,16.82],[-90,16.1],[-91.76,16.1],[-92.24,15.28],[-92.16,14.54]]]},"properties":{"NAME":"Guatemala","SUBJECTO":"Guatemala","PARTOF":"Guatemala"}},
{"type":"Feature","geometry":{"type":"Polygon","coordinates":[[[-88.27,15.75],[-89.18,15.1],[-89.38,14.47],[-87.77,13.5],[-87.4,13.03],[-86.69,13.34],[-86.69,13.77],[-85.74,13.86],[-84.83,14.77],[-84.36,14.64],[-83.42,15],[-84.65,15.93],[-88.27,15.75]]]},"properties":{"NAME":"Honduras","SUBJECTO":"Honduras","PARTOF":"Honduras"}},
{"type":"Feature","geometry":{"type":"Polygon","coordinates":[[[-87.77,13.5],[-89.38,14.47],[-90,13.87],[-89.99,13.68],[-87.95,13.17],[-87.77,13.5]]]},"properties":{"NAME":"El Salvador","SUBJECTO":"El Salvador","PARTOF":"El Salvador"}},
{"type":"Feature","geometry":{"type":"Polygon","coordinates":[[[-71.19,11.91],[-71.44,12.42],[-73.36,11.32],[-74.22,11.37],[-75.45,10.63],[-75.7,9.43],[-76.76,8.69],[-76.86,7.93],[-77.49,8.66],[-77.13,7.98],[-77.9,7.17],[-77.4,6.67],[-77.5,5.51],[-77.11,3.79],[-77.8,2.58],[-78.47,2.47],[-78.94,1.38],[-77.63,0.72],[-76.85,0.14],[-76.15,0.35],[-75.53,-0.14],[-74.7,-0.38],[-73.61,-1.46],[-72.96,-2.45],[-72.23,-2.52],[-70.92,-2.32],[-70.05,-2.82],[-70.39,-3.78],[-70.21,-3.81],[-69.88,-4.19],[-69.32,-1.3],[-69.5,-0.6],[-69.98,-0.27],[-69.98,0.46],[-69.04,0.53],[-69.76,1.04],[-69.74,1.66],[-68.18,1.61],[-67.18,2.07],[-67.77,2.82],[-67.22,3.34],[-67.81,4.3],[-67.94,5.14],[-67.48,6.21],[-69.3,6.01],[-70.02,6.83],[-70.54,7.05],[-71.81,6.97],[-72.36,7.47],[-72.35,8.32],[-72.88,9.24],[-73.34,9.2],[-72.05,11.72],[-71.19,11.91]]]},"properties":{"NAME":"Colombia","SUBJECTO":"Colombia","PARTOF":"Colombia"}},
{"type":"Feature","geometry":{"type":"Polygon","coordinates":[[[0.06,11.06],[-0.72,10.93],[-2.7,10.93],[-2.88,10.7],[-2.52,8.28],[-3.19,6.6],[-2.75,5.1],[-2.03,4.7],[1.17,6.07],[0.54,6.82],[0.73,8.26],[-0.03,10.57],[0.06,11.06]]]},"properties":{"NAME":"Gold Coast","SUBJECTO":"United Kingdom","PARTOF":"Gold Coast"}},
{"type":"Feature","geometry":{"type":"Polygon","coordinates":[[[0.06,11.06],[-0.03,10.57],[0.73,8.26],[0.54,6.82],[1.17,6.07],[1.76,6.25],[1.59,9.08],[0.93,10.9],[0.06,11.06]]]},"properties":{"NAME":"Togo","SUBJECTO":"Togo","PARTOF":"Togo"}},
{"type":"Feature","geometry":{"type":"MultiPolygon","coordinates":[[[[102.07,6.15],[101.76,5.59],[100.62,6.42],[100.16,6.34],[100.66,3.9],[101.34,2.78],[103.43,1.38],[104.18,1.39],[103.31,3.03],[103.34,4.81],[102.33,6.1],[102.07,6.15]]],[[[109.52,1.82],[110.55,0.73],[111.56,0.76],[112.62,1.46],[113.68,1.15],[114.66,1.6],[115.04,2.74],[115.53,3.17],[115.71,4.16],[117.56,3.98],[118.39,4.37],[118.11,4.94],[119.04,5.17],[118.38,5.64],[117.37,5.79],[117.51,6.39],[116.6,6.9],[115.72,5.47],[114.96,4.88],[115.16,4.31],[114.43,4],[114.07,4.46],[112.76,3.01],[111.37,2.6],[110.82,1.24],[109.52,1.82]]]]},"properties":{"NAME":"Malaysia","SUBJECTO":"United Kingdom","PARTOF":"Malaysia"}},
{"type":"Feature","geometry":{"type":"Polygon","coordinates":[[[-56.71,1.89],[-55.79,1.73],[-56.07,2.18],[-54.86,2.48],[-54.39,2.26],[-53.98,3.36],[-54.37,4.69],[-53.84,5.69],[-54.57,5.96],[-56.75,6],[-57.07,5.84],[-57.25,4.95],[-57.76,4.91],[-58,3.96],[-57.25,3.26],[-56.71,1.89]]]},"properties":{"NAME":"Suriname","SUBJECTO":"Suriname","PARTOF":"Suriname"}},
{"type":"Feature","geometry":{"type":"Polygon","coordinates":[[[-51.62,4.22],[-53.03,5.43],[-53.84,5.69],[-54.37,4.69],[-53.98,3.36],[-54.39,2.26],[-52.85,2.09],[-51.62,4.22]]]},"properties":{"NAME":"French Guiana","SUBJECTO":"French Guiana","PARTOF":"French Guiana"}},
{"type":"Feature","geometry":{"type":"Polygon","coordinates":[[[9.88,2.06],[9.37,1.17],[9.63,0.89],[11.24,0.91],[11.22,2.05],[9.88,2.06]]]},"properties":{"NAME":"Equatorial Guinea","SUBJECTO":"Spain","PARTOF":"Equatorial Guinea"}},
{"type":"Feature","geometry":{"type":"Polygon","coordinates":[[[-69.59,-10.9],[-69.78,-10.92],[-70.56,-10.89],[-70.57,-10.2],[-70.69,-9.57],[-71.32,-10.02],[-72.15,-10],[-72.31,-9.56],[-73.12,-9.4],[-72.92,-9.04],[-73.84,-7.58],[-73.78,-7.04],[-73.06,-6.52],[-73.19,-6.08],[-72.77,-5.14],[-71.43,-4.52],[-70.55,-4.27],[-69.97,-4.42],[-69.82,-4.33],[-70.21,-3.81],[-70.39,-3.78],[-70.05,-2.82],[-70.92,-2.32],[-72.23,-2.52],[-72.96,-2.45],[-73.61,-1.46],[-74.7,-0.38],[-75.53,-0.14],[-75.21,-0.84],[-75.24,-0.95],[-76.21,-2.32],[-77.68,-2.99],[-78.43,-3.74],[-78.88,-4.87],[-79,-5.01],[-79.11,-5.04],[-79.29,-5.01],[-79.47,-4.79],[-79.55,-4.58],[-79.69,-4.46],[-80.26,-4.41],[-80.23,-3.47],[-81.3,-4.33],[-81.42,-4.68],[-80.88,-5.59],[-81.3,-6.04],[-80.07,-6.76],[-79.06,-8.22],[-77.69,-10.84],[-76.24,-13.5],[-76.24,-14.11],[-75.23,-15.22],[-74.05,-16.04],[-71.61,-17.22],[-71.37,-17.7],[-70.38,-18.35],[-70.31,-18.31],[-70.27,-18.31],[-69.46,-17.49],[-69.47,-17.37],[-69.64,-17.29],[-69.56,-17.17],[-68.81,-16.33],[-69.4,-15.64],[-69.24,-14.74],[-68.84,-14.17],[-68.97,-13.53],[-68.64,-12.58],[-69.09,-11.73],[-69.59,-10.9]]]},"properties":{"NAME":"Peru","SUBJECTO":"Peru","PARTOF":"Peru"}},
{"type":"Feature","geometry":{"type":"MultiPolygon","coordinates":[[[[-54.58,-25.74],[-53.94,-25.66],[-53.62,-26.27],[-53.73,-27.22],[-54.75,-27.69],[-56.29,-29.07],[-57.48,-30.28],[-57.58,-30.4],[-56.75,-30.25],[-55.87,-31.17],[-53.89,-32.05],[-53.24,-32.94],[-53.41,-33.88],[-52.35,-32.68],[-52.04,-31.56],[-51.45,-31.02],[-51.23,-30.27],[-50.58,-30.42],[-51.48,-31.82],[-50.47,-30.74],[-49.94,-29.63],[-48.94,-28.7],[-48.56,-27.68],[-48.72,-25.43],[-46.21,-23.88],[-45.46,-23.86],[-44.56,-22.99],[-41.96,-22.92],[-41.93,-22.55],[-40.98,-22.09],[-40.93,-21.28],[-39.69,-19.41],[-39.67,-18.23],[-39.14,-17.77],[-38.95,-16],[-39.13,-14.32],[-38.8,-12.63],[-38.27,-12.89],[-37.64,-11.95],[-37.19,-10.84],[-35.6,-9.63],[-35.11,-8.66],[-34.89,-7.61],[-35.46,-5.27],[-37.18,-4.95],[-38.79,-3.6],[-40.23,-2.85],[-41.1,-2.97],[-42.32,-2.82],[-43.33,-2.43],[-44.59,-3.15],[-44.46,-2.27],[-44.8,-1.74],[-47.24,-0.68],[-48.04,-0.82],[-48.39,-1.41],[-49.42,-2.36],[-49.29,-1.79],[-50.64,-1.88],[-50.98,-1.11],[-52.02,-1.57],[-51.53,-0.43],[-50.65,0.27],[-49.88,1.21],[-49.97,1.73],[-50.69,2.22],[-51.21,4.07],[-51.62,4.22],[-52.85,2.09],[-54.39,2.26],[-54.86,2.48],[-56.07,2.18],[-55.79,1.73],[-56.71,1.89],[-57.13,1.9],[-58.85,1.15],[-59.62,1.73],[-59.94,2.73],[-59.51,3.97],[-60.08,4.46],[-59.9,5.04],[-60.55,5.01],[-61.63,4.21],[-62.58,4.04],[-62.84,3.49],[-63.28,3.87],[-64.6,4.04],[-64.15,3.42],[-63.98,2.48],[-63.21,2.18],[-63.88,1.88],[-65.36,0.56],[-65.6,0.99],[-66.13,0.64],[-66.85,1.01],[-67.18,2.07],[-68.18,1.61],[-69.74,1.66],[-69.76,1.04],[-69.04,0.53],[-69.98,0.46],[-69.98,-0.27],[-69.5,-0.6],[-69.32,-1.3],[-69.88,-4.19],[-69.82,-4.33],[-69.97,-4.42],[-70.55,-4.27],[-71.43,-4.52],[-72.77,-5.14],[-73.19,-6.08],[-73.06,-6.52],[-73.78,-7.04],[-73.84,-7.58],[-72.92,-9.04],[-73.12,-9.4],[-72.31,-9.56],[-72.15,-10],[-71.32,-10.02],[-70.69,-9.57],[-70.57,-10.2],[-70.56,-10.89],[-69.78,-10.92],[-69.59,-10.9],[-69.17,-10.96],[-68.5,-11.09],[-66.31,-9.84],[-65.31,-9.82],[-65.35,-10.71],[-65.27,-11.37],[-64.26,-12.47],[-63.61,-12.51],[-62.08,-13.1],[-61.91,-13.45],[-60.36,-13.9],[-60.1,-16.28],[-58.33,-16.37],[-58.43,-16.88],[-57.6,-18.04],[-57.67,-18.79],[-58.14,-19.81],[-57.75,-20.69],[-57.81,-22.15],[-56.38,-22.14],[-55.62,-22.45],[-55.35,-23.78],[-54.22,-24.12],[-54.58,-25.74]]],[[[-50.22,-1.74],[-48.89,-1.42],[-48.4,-0.39],[-49.14,-0.2],[-50.5,-0.26],[-50.65,-1.27],[-50.22,-1.74]]]]},"properties":{"NAME":"Brazil","SUBJECTO":"Brazil","PARTOF":"Brazil"}},
{"type":"Feature","geometry":{"type":"Polygon","coordinates":[[[-58.34,-34.22],[-56.34,-35],[-54.62,-34.92],[-53.41,-33.88],[-53.24,-32.94],[-53.89,-32.05],[-55.87,-31.17],[-56.75,-30.25],[-57.58,-30.4],[-58.12,-32.14],[-58.02,-32.96],[-58.29,-33.35],[-58.4,-33.8],[-58.34,-34.22]]]},"properties":{"NAME":"Uruguay","SUBJECTO":"Uruguay","PARTOF":"Uruguay"}},
{"type":"Feature","geometry":{"type":"Polygon","coordinates":[[[7.16,53.16],[5.39,53.14],[5.76,52.33],[4.64,52.76],[3.78,51.39],[4.79,51.49],[6,50.74],[5.98,51.8],[6.82,51.96],[7.16,53.16]]]},"properties":{"NAME":"Netherlands","SUBJECTO":"Netherlands","PARTOF":"Netherlands"}},
{"type":"Feature","geometry":{"type":"Polygon","coordinates":[[[14.03,13.06],[13.54,13.66],[12.25,13.08],[11.25,13.36],[10.41,13.31],[9.06,12.82],[8.1,13.28],[6.86,13.06],[6.37,13.61],[5.5,13.79],[4.19,13.48],[3.72,12.54],[3.58,11.37],[3.83,10.71],[2.76,8.86],[2.77,6.35],[3.95,6.58],[5.45,5.48],[5.61,4.63],[6.09,4.33],[8.14,4.47],[8.59,4.71],[8.84,5.71],[10.07,6.89],[10.69,6.88],[11.08,6.38],[11.58,6.79],[12.14,8.07],[13.15,9.52],[13.79,11.09],[14.51,11.48],[14.03,13.06]]]},"properties":{"NAME":"Nigeria","SUBJECTO":"United Kingdom","PARTOF":"Nigeria"}},
{"type":"Feature","geometry":{"type":"Polygon","coordinates":[[[9.88,2.06],[11.22,2.05],[11.24,2.28],[13.27,2.11],[14.89,1.99],[15.93,1.62],[16.08,2.13],[15.67,3.05],[15.12,3.61],[14.4,5.83],[15.56,7.5],[15,8.54],[13.91,9.55],[14.29,9.98],[15.45,9.94],[15.16,10.37],[15,12.02],[14.41,12.97],[14.03,13.06],[14.51,11.48],[13.79,11.09],[13.15,9.52],[12.14,8.07],[11.58,6.79],[11.08,6.38],[10.69,6.88],[10.07,6.89],[8.84,5.71],[8.59,4.71],[9.03,4.14],[9.65,4.02],[9.88,2.06]]]},"properties":{"NAME":"French Cameroons","SUBJECTO":"France","PARTOF":"French Cameroons"}},
{"type":"Feature","geometry":{"type":"Polygon","coordinates":[[[35.7,32.72],[35.66,32.69],[35.69,32.71],[35.7,32.72]]]},"properties":{"NAME":"Jordan","SUBJECTO":"Jordan","PARTOF":"Jordan"}},
{"type":"Feature","geometry":{"type":"Polygon","coordinates":[[[24.95,21.88],[24.94,24.93],[24.94,29.17],[24.71,30.15],[25.11,31.51],[24.82,31.91],[23.15,32.14],[22.54,32.72],[21.67,32.82],[20.37,32.3],[19.94,31.61],[20.12,30.96],[18.92,30.2],[17.42,31],[15.84,31.29],[15.01,32.36],[14.16,32.68],[12.56,32.74],[11.47,33.14],[11.42,32.33],[10.13,31.48],[10.06,30.54],[9.57,30.21],[9.77,29.24],[9.86,26.43],[9.38,26.04],[10.42,24.4],[11.45,24.26],[11.96,23.47],[13.53,23.06],[14.18,22.57],[14.97,22.97],[15.97,23.38],[18.32,22.23],[20.55,21.16],[23.95,19.47],[23.98,19.98],[24.96,20.05],[24.95,21.88]]]},"properties":{"NAME":"Libya","SUBJECTO":"Libya","PARTOF":"Libya"}},
{"type":"Feature","geometry":{"type":"Polygon","coordinates":[[[34.15,31.21],[34.94,29.42],[34.98,29.47],[35.58,31.53],[35.66,32.69],[35.7,32.72],[34.97,32.94],[34.15,31.21]]]},"properties":{"NAME":"Israel","SUBJECTO":"Israel","PARTOF":"Israel"}},
{"type":"Feature","geometry":{"type":"Polygon","coordinates":[[[34.15,31.21],[33.56,30.97],[32.08,31.01],[31,31.47],[29.25,30.75],[26.14,31.49],[25.11,31.51],[24.71,30.15],[24.94,29.17],[24.94,24.93],[24.95,21.88],[28.79,21.91],[32.13,21.92],[36.8,21.91],[35.75,22.91],[35.19,24.4],[33.93,26.56],[33.35,27.91],[32.32,29.54],[32.65,29.85],[33.33,28.55],[34.32,27.83],[34.94,29.42],[34.15,31.21]]]},"properties":{"NAME":"Egypt","SUBJECTO":"Egypt","PARTOF":"Egypt"}},
{"type":"Feature","geometry":{"type":"Polygon","coordinates":[[[88.2,27.88],[86.45,27.95],[85.14,28.34],[82.2,30.09],[82.14,30.37],[81.02,30.25],[80.41,29.79],[80.1,28.95],[81.36,28.19],[83.32,27.37],[84.14,27.54],[85.37,26.76],[86.78,26.47],[88.09,26.44],[88.2,27.88]]]},"properties":{"NAME":"Nepal","SUBJECTO":"Nepal","PARTOF":"Nepal"}},
{"type":"Feature","geometry":{"type":"Polygon","coordinates":[[[33.99,4.03],[34.43,4.53],[35.8,4.56],[35.77,5.15],[35.1,5.65],[34.61,6.64],[33.77,7.53],[33.07,7.71],[33.14,8.34],[34.04,8.43],[34.35,10.68],[34.95,10.82],[35.1,11.79],[35.48,12.46],[36.13,12.77],[36.48,14.27],[36.47,15.2],[37.02,16.95],[38.27,17.57],[38.64,18.06],[37.48,18.82],[37.13,21.23],[36.8,21.91],[32.13,21.92],[28.79,21.91],[24.95,21.88],[24.96,20.05],[23.98,19.98],[23.95,19.47],[23.95,15.7],[23.01,15.68],[22.46,14.69],[22.46,14.19],[21.78,12.8],[22.26,12.68],[22.82,10.91],[23.63,9.67],[23.52,8.61],[25.29,7.72],[25.3,7.33],[26.17,6.73],[26.29,6.24],[26.95,5.87],[27.24,5.16],[28.22,4.18],[28.74,4.47],[29.22,4.18],[29.69,4.52],[30.74,3.51],[31.39,3.64],[33.29,3.63],[33.99,4.03]]]},"properties":{"NAME":"Sudan","SUBJECTO":"Sudan","PARTOF":"Sudan"}},
{"type":"Feature","geometry":{"type":"Polygon","coordinates":[[[42.33,12.36],[43.05,12.7],[42.41,13.18],[40.74,14.92],[39.52,15.46],[38.64,18.06],[38.27,17.57],[37.02,16.95],[36.47,15.2],[36.48,14.27],[37.15,14.45],[37.35,14.05],[37.72,14.8],[38.25,14.39],[38.88,14.62],[40.59,14.12],[42.33,12.36]]]},"properties":{"NAME":"Eritrea (Italy)","SUBJECTO":"Italy","PARTOF":"Eritrea (Italy)"}},
{"type":"Feature","geometry":{"type":"Polygon","coordinates":[[[42.93,10.89],[41.87,10.85],[41.84,11.67],[42.33,12.36],[40.59,14.12],[38.88,14.62],[38.25,14.39],[37.72,14.8],[37.35,14.05],[37.15,14.45],[36.48,14.27],[36.13,12.77],[35.48,12.46],[35.1,11.79],[34.95,10.82],[34.35,10.68],[34.04,8.43],[33.14,8.34],[33.07,7.71],[33.77,7.53],[34.61,6.64],[35.1,5.65],[35.77,5.15],[35.8,4.56],[36.76,4.38],[38.09,3.56],[39.54,3.35],[40.73,4.15],[41.77,3.83],[42.81,4.19],[43.87,4.84],[44.99,4.82],[47.9,7.88],[46.95,7.93],[43.86,9.03],[42.8,10.35],[42.93,10.89]]]},"properties":{"NAME":"Ethiopia (Italy)","SUBJECTO":"Italy","PARTOF":"Ethiopia (Italy)"}},
{"type":"Feature","geometry":{"type":"Polygon","coordinates":[[[-16.46,13.57],[-16.78,13.15],[-16.01,13.14],[-15.11,13.79],[-16.46,13.57]]]},"properties":{"NAME":"Gambia, The","SUBJECTO":"Gambia, The","PARTOF":"Gambia, The"}},
{"type":"Feature","geometry":{"type":"Polygon","coordinates":[[[42.93,10.89],[43.3,11.48],[42.56,11.57],[43.47,12.1],[43.05,12.7],[42.33,12.36],[41.84,11.67],[41.87,10.85],[42.93,10.89]]]},"properties":{"NAME":"French Somaliland","SUBJECTO":"French Somaliland","PARTOF":"French Somaliland"}},
{"type":"Feature","geometry":{"type":"Polygon","coordinates":[[[-16.57,12.31],[-15.81,11.84],[-15.1,11.81],[-15.01,11.1],[-13.69,11.89],[-13.69,12.62],[-15.2,12.64],[-16.57,12.31]]]},"properties":{"NAME":"Guinea-Bissau","SUBJECTO":"Guinea-Bissau","PARTOF":"Guinea-Bissau"}},
{"type":"Feature","geometry":{"type":"Polygon","coordinates":[[[-60.55,5.01],[-61.25,5.87],[-61.02,6.67],[-60.23,6.96],[-60.56,7.56],[-59.83,8.44],[-61.76,8.58],[-60.79,9.39],[-61.53,9.85],[-62.38,10.01],[-62.7,10.76],[-64.07,10.63],[-64.88,10.14],[-66.48,10.68],[-67.98,10.54],[-68.69,11.38],[-69.63,11.54],[-69.97,12.23],[-70.34,12],[-69.75,11.53],[-71.55,10.95],[-71.04,9.39],[-71.6,9.09],[-72.11,9.9],[-71.69,10.77],[-71.99,11.61],[-71.19,11.91],[-72.05,11.72],[-73.34,9.2],[-72.88,9.24],[-72.35,8.32],[-72.36,7.47],[-71.81,6.97],[-70.54,7.05],[-70.02,6.83],[-69.3,6.01],[-67.48,6.21],[-67.94,5.14],[-67.81,4.3],[-67.22,3.34],[-67.77,2.82],[-67.18,2.07],[-66.85,1.01],[-66.13,0.64],[-65.6,0.99],[-65.36,0.56],[-63.88,1.88],[-63.21,2.18],[-63.98,2.48],[-64.15,3.42],[-64.6,4.04],[-63.28,3.87],[-62.84,3.49],[-62.58,4.04],[-61.63,4.21],[-60.55,5.01]]]},"properties":{"NAME":"Venezuela","SUBJECTO":"Venezuela","PARTOF":"Venezuela"}},
{"type":"Feature","geometry":{"type":"Polygon","coordinates":[[[-61.11,10.82],[-61.81,10.72],[-61.21,10.12],[-61.11,10.82]]]},"properties":{"NAME":"Trinidad","SUBJECTO":"Trinidad","PARTOF":"Trinidad"}},
{"type":"Feature","geometry":{"type":"Polygon","coordinates":[[[114.07,4.46],[114.43,4],[115.16,4.31],[114.96,4.88],[114.07,4.46]]]},"properties":{"NAME":"Brunei","SUBJECTO":"Brunei","PARTOF":"Brunei"}},
{"type":"Feature","geometry":{"type":"Polygon","coordinates":[[[41.61,-1.88],[41.06,-1.08],[41.02,2.71],[41.77,3.83],[40.73,4.15],[39.54,3.35],[38.09,3.56],[36.76,4.38],[35.8,4.56],[34.43,4.53],[33.99,4.03],[35.04,1.69],[34.78,1.12],[33.83,0.09],[33.27,-1.13],[33.92,-1.12],[37.62,-3.17],[37.66,-3.69],[39.23,-4.84],[40.92,-2.08],[41.61,-1.88]]]},"properties":{"NAME":"Kenya","SUBJECTO":"United Kingdom","PARTOF":"Kenya"}},
{"type":"Feature","geometry":{"type":"Polygon","coordinates":[[[29.53,-1.43],[30.6,-1.15],[33.27,-1.13],[33.83,0.09],[34.78,1.12],[35.04,1.69],[33.99,4.03],[33.29,3.63],[31.39,3.64],[30.74,3.51],[30.71,2.37],[31.16,1.8],[29.77,0.44],[29.53,-1.43]]]},"properties":{"NAME":"Uganda","SUBJECTO":"United Kingdom","PARTOF":"Uganda"}},
{"type":"Feature","geometry":{"type":"MultiPolygon","coordinates":[[[[140.87,-2.79],[139.59,-2.38],[137.85,-1.61],[137.08,-2.25],[136.27,-2.42],[135.25,-3.54],[134.28,-2.85],[133.91,-1.01],[132.25,-0.53],[131.21,-1.02],[131.06,-1.54],[131.82,-1.67],[132.22,-2.34],[133.86,-2.25],[133.78,-2.72],[133.12,-2.6],[132.72,-2.93],[132.02,-2.82],[132.75,-3.4],[132.93,-4.27],[133.4,-3.99],[133.75,-3.19],[133.86,-3.77],[134.78,-4.31],[137.39,-5.12],[137.82,-5.43],[139.16,-7.73],[138.92,-8.32],[139.98,-8.24],[140.95,-9.27],[140.95,-6.38],[140.87,-2.79]]],[[[130.78,-3.88],[130.37,-3.13],[129.74,-2.98],[128.04,-3.06],[128.38,-3.55],[128.91,-3.25],[129.49,-3.6],[129.91,-3.39],[130.78,-3.88]]],[[[126.66,-3.88],[127.11,-3.72],[126.73,-3.23],[126.11,-3.3],[126.66,-3.88]]],[[[138.18,-8.55],[138.89,-7.78],[138.19,-7.68],[137.68,-8.46],[138.18,-8.55]]],[[[122.95,-8.38],[121.43,-8.72],[120.57,-8.39],[119.85,-8.57],[119.94,-8.94],[121.69,-9],[122.95,-8.38]]],[[[117.94,-8.54],[117.82,-8.81],[116.96,-8.53],[116.66,-9.06],[118.97,-8.88],[118.86,-8.48],[117.69,-8.27],[117.94,-8.54]]],[[[115.07,-8.78],[115.5,-8.47],[114.46,-8.33],[115.07,-8.78]]],[[[103.71,-0.02],[102.47,0.62],[101.87,1.43],[101.06,2.08],[100.46,2.12],[99.86,2.9],[98.15,4.07],[98.17,4.38],[97.38,5.18],[96.19,5.15],[95.19,5.41],[95.56,4.53],[96.39,3.65],[96.72,3.7],[97.51,2.74],[97.6,2.25],[98.6,1.71],[99.11,0.22],[99.7,-0.15],[100.65,-1.63],[100.81,-2.34],[102.11,-3.6],[102.46,-4.18],[103.52,-5],[104.57,-6.07],[104.56,-5.6],[105.19,-5.54],[105.64,-5.93],[105.71,-4.1],[105.94,-3.21],[105.44,-2.6],[104.61,-2.58],[104.81,-2.16],[104.3,-1.36],[103.24,-0.66],[103.71,-0.02]]],[[[127.63,-0.02],[128.3,-1.02],[127.86,0.1],[128.63,1.02],[128.55,1.45],[127.69,0.92],[127.8,1.9],[127.42,0.98],[127.63,-0.02]]],[[[106.55,-3.18],[106.64,-2.71],[106.04,-2.2],[105.86,-1.63],[105.2,-2.11],[105.81,-2.38],[106.55,-3.18]]],[[[105.18,-6.87],[106.55,-7.16],[106.32,-7.43],[108.16,-7.86],[109.04,-7.72],[110.78,-8.32],[112.41,-8.49],[113.07,-8.35],[114.33,-8.78],[113.95,-7.82],[112.68,-7.72],[112.27,-7.03],[111.04,-6.85],[110.81,-6.53],[110.03,-7.04],[108.56,-6.92],[108.17,-6.36],[107.77,-6.45],[105.93,-6.03],[105.63,-6.76],[105.18,-6.87]]],[[[123.49,-10.35],[124.15,-10.2],[125.21,-9.4],[126.87,-8.81],[127.04,-8.48],[125.08,-8.77],[123.67,-9.75],[123.49,-10.35]]],[[[120.28,-10.38],[120.58,-10.1],[119.79,-9.46],[118.9,-9.68],[120.28,-10.38]]],[[[117.56,3.98],[115.71,4.16],[115.53,3.17],[115.04,2.74],[114.66,1.6],[113.68,1.15],[112.62,1.46],[111.56,0.76],[110.55,0.73],[109.52,1.82],[109.28,1.88],[108.81,0.81],[109.18,-0.87],[109.94,-1.64],[110.1,-3.08],[110.8,-3.17],[111.59,-2.8],[111.74,-3.65],[112.58,-3.42],[112.8,-2.97],[113.61,-3.61],[114.1,-3.35],[114.58,-4.3],[115.57,-3.8],[116.35,-2.42],[116.05,-1.93],[117.05,-0.93],[117.37,-1],[117.32,-0.14],[117.86,0.87],[118.77,0.82],[117.7,1.9],[117.83,2.31],[117.07,3.51],[117.56,3.98]]],[[[119.69,-0.02],[119.6,-0.88],[119.2,-1.43],[119.17,-2.18],[118.68,-2.9],[118.79,-3.66],[119.46,-3.81],[119.48,-5.8],[120.25,-5.59],[120.14,-3.08],[121,-3.05],[120.88,-3.72],[121.51,-4.24],[121.39,-4.79],[121.87,-4.96],[122.65,-4.51],[122.19,-3.85],[122.26,-3.21],[121.26,-2.1],[122.22,-1.65],[122.98,-0.72],[122,-1.11],[121.46,-0.99],[121.06,-1.55],[120.51,-1.45],[119.87,-0.46],[120.34,0.36],[124.23,0.3],[124.86,1.05],[122.73,0.67],[120.77,1.14],[119.91,0.54],[119.69,-0.02]]]]},"properties":{"NAME":"Dutch East Indies","SUBJECTO":"Netherlands","PARTOF":"Dutch East Indies"}},
{"type":"Feature","geometry":{"type":"MultiPolygon","coordinates":[[[[21.97,79.78],[21,79.19],[23.82,79.15],[27.2,79.94],[24.42,80.44],[22.2,80.12],[19.92,80.63],[18.33,79.88],[21.97,79.78]]],[[[13.25,79.8],[11.28,79.71],[13.06,78.35],[16.62,78.47],[13.91,78],[16.66,76.73],[19.12,78.45],[20.91,78.81],[16.33,80.03],[16.39,79.23],[13.25,79.8]]],[[[11.18,59.07],[12.42,60.04],[11.93,62.55],[12.58,63.78],[14.15,64.11],[13.72,64.55],[15.04,66.06],[18.18,68.47],[19.84,68.16],[20.79,68.93],[24.8,68.43],[26.51,69.81],[29.11,69.49],[28.7,68.7],[31.05,69.64],[28.73,70.14],[30.46,70.54],[28.21,71.02],[26.62,70.39],[26.61,70.91],[22.31,70.22],[19.58,69.18],[18.32,69.36],[15.38,67.46],[13.75,66.92],[11.41,64.62],[9.22,63.28],[7.09,62.91],[5.15,61.74],[5.1,60.26],[5.89,60.16],[5.09,59.51],[6.24,59.28],[5.4,58.72],[6.96,57.97],[8.15,58.09],[10.41,59.5],[11.18,59.07]]]]},"properties":{"NAME":"Norway","SUBJECTO":"Norway","PARTOF":"Norway"}},
{"type":"Feature","geometry":{"type":"MultiPolygon","coordinates":[[[[-73.11,-72.75],[-70.02,-72.67],[-68.63,-72.05],[-68.4,-71.13],[-70.33,-68.96],[-72.39,-69.26],[-71.8,-69.74],[-72.11,-71.05],[-75.28,-71.67],[-74.35,-72.21],[-72.03,-71.82],[-73.11,-72.75]]],[[[-102.55,-72.13],[-97.14,-72.67],[-95.91,-72.36],[-97.22,-71.82],[-101.16,-71.82],[-102.55,-72.13]]],[[[-55.18,-80.94],[-44.83,-80.32],[-44.21,-78.39],[-48.85,-78.08],[-50.86,-78.7],[-51.71,-79.78],[-53.87,-79.94],[-55.18,-80.94]]],[[[-164.06,-79.36],[-160.43,-79.97],[-158.8,-79.67],[-162.59,-78.82],[-164.06,-79.36]]],[[[169.77,-83.42],[158.14,-80.32],[159.84,-79.16],[163.64,-78.66],[166.75,-78.6],[162.33,-76.96],[162.35,-75.11],[165.19,-74.67],[164.62,-74.17],[167.58,-73.48],[168.9,-73.54],[170.73,-71.9],[167.63,-70.87],[162.49,-70.31],[160.6,-70.22],[157.31,-69.16],[151.09,-68.89],[150.89,-68.54],[146.88,-68],[145.59,-67.22],[141.16,-66.72],[134.21,-66.18],[130.27,-66.25],[129.01,-67.03],[126.8,-66.88],[126.41,-66.37],[125.13,-66.79],[122.46,-66.65],[118.29,-67.07],[115.68,-66.41],[114.44,-66.49],[113.01,-65.76],[110.61,-66.06],[109.4,-66.71],[102.63,-65.93],[100.88,-66.08],[99.12,-66.89],[98.66,-66.63],[95.72,-66.53],[90,-66.61],[88.65,-66.76],[88.3,-66.07],[87.22,-66.99],[85.52,-66.92],[81.81,-67.3],[78.26,-68.38],[76.87,-69.31],[75.4,-69.47],[71.92,-70.55],[69.53,-72.4],[68.21,-72.4],[67.36,-71.71],[69.07,-70.59],[67.51,-70.46],[68.95,-69.89],[69.77,-68.64],[69.37,-67.84],[62.81,-67.61],[56.63,-66.94],[57.1,-66.52],[55.14,-65.96],[52.45,-65.99],[50.01,-66.59],[50.27,-67.14],[48.31,-67.02],[48.85,-67.43],[42.56,-68.11],[39.65,-68.93],[39.46,-69.7],[38.33,-70.03],[33.54,-68.54],[32.75,-69.35],[23.71,-70.59],[17.6,-70.08],[12.66,-70.32],[11.11,-70.86],[8.49,-70.08],[0.68,-71.32],[-6.32,-71.42],[-7.2,-70.89],[-8.82,-71.82],[-9.75,-71.05],[-12.33,-71.68],[-11.83,-72.32],[-16.4,-73.44],[-17.09,-73.91],[-14.45,-74.06],[-17.17,-74.76],[-18.4,-75.69],[-23.58,-75.92],[-30.23,-76.84],[-33.16,-77.39],[-36.41,-78.62],[-36.41,-79.16],[-29.57,-79.22],[-28.91,-80.48],[-38.03,-80.94],[-43.83,-81.79],[-52.25,-82.02],[-58.97,-83.18],[-60.21,-82.33],[-67.93,-81.48],[-78.83,-80.01],[-76.43,-79.86],[-77.98,-79.09],[-82.92,-79.16],[-84.16,-78.24],[-79.14,-78.93],[-78.29,-78.31],[-80.76,-78.24],[-80.69,-77.57],[-74.5,-78.08],[-73.57,-77.48],[-75.82,-77.46],[-78.6,-76.61],[-77.82,-75.99],[-75.93,-76.48],[-70.56,-76.69],[-64.46,-75.69],[-61.37,-73.91],[-60.83,-72.75],[-61.68,-70.82],[-63.84,-68.65],[-65.15,-68.5],[-65.38,-67.34],[-63.84,-66.49],[-62.76,-66.65],[-62.37,-65.8],[-61.13,-64.87],[-57.27,-63.71],[-57.43,-63.25],[-64.23,-65.25],[-66.85,-66.8],[-67.86,-67.57],[-67.08,-68.65],[-68.78,-69.81],[-67.08,-71.82],[-67.63,-72.75],[-75.58,-73.75],[-78.52,-73.72],[-80.99,-73.25],[-81.77,-74.02],[-86.32,-73.25],[-93.97,-73.17],[-96.52,-73.33],[-99.79,-73],[-103.25,-73.56],[-100.05,-75.31],[-105.64,-75.07],[-106.8,-75.38],[-110.56,-75.3],[-110.43,-74.29],[-113.43,-74.69],[-114.15,-73.93],[-114.99,-74.45],[-120.17,-74.53],[-123.57,-74.84],[-127.12,-74.68],[-128.98,-74.91],[-134.77,-74.64],[-140.57,-75.26],[-149.61,-76.34],[-147.13,-76.53],[-146.15,-77.46],[-149.99,-77.73],[-154.17,-77.12],[-158.03,-77.27],[-158.19,-77.81],[-154.55,-79.12],[-148.6,-79.67],[-145.67,-80.52],[-148.84,-81.37],[-154.48,-81.06],[-152.08,-82.6],[-152,-84.38],[-138.82,-85.01],[-148.76,-85.07],[-156.56,-85.46],[-167.23,-84.76],[-180,-84.32],[-180,-85.32],[-180,-86.32],[-180,-87.32],[-180,-88.32],[-180,-89.32],[-180,-90],[-179.2,-90],[-178.2,-90],[-177.2,-90],[-176.2,-90],[-175.2,-90],[-174.2,-90],[-173.2,-90],[-172.2,-90],[-171.2,-90],[-170.2,-90],[-169.2,-90],[-168.2,-90],[-167.2,-90],[-166.2,-90],[-165.2,-90],[-164.2,-90],[-163.2,-90],[-162.2,-90],[-161.2,-90],[-160.2,-90],[-159.2,-90],[-158.2,-90],[-157.2,-90],[-156.2,-90],[-155.2,-90],[-154.2,-90],[-153.2,-90],[-152.2,-90],[-151.2,-90],[-150.2,-90],[-149.2,-90],[-148.2,-90],[-147.2,-90],[-146.2,-90],[-145.2,-90],[-144.2,-90],[-143.2,-90],[-142.2,-90],[-141.2,-90],[-140.2,-90],[-139.2,-90],[-138.2,-90],[-137.2,-90],[-136.2,-90],[-135.2,-90],[-134.2,-90],[-133.2,-90],[-132.2,-90],[-131.2,-90],[-130.2,-90],[-129.2,-90],[-128.2,-90],[-127.2,-90],[-126.2,-90],[-125.2,-90],[-124.2,-90],[-123.2,-90],[-122.2,-90],[-121.2,-90],[-120.2,-90],[-119.2,-90],[-118.2,-90],[-117.2,-90],[-116.2,-90],[-115.2,-90],[-114.2,-90],[-113.2,-90],[-112.2,-90],[-111.2,-90],[-110.2,-90],[-109.2,-90],[-108.2,-90],[-107.2,-90],[-106.2,-90],[-105.2,-90],[-104.2,-90],[-103.2,-90],[-102.2,-90],[-101.2,-90],[-100.2,-90],[-99.2,-90],[-98.2,-90],[-97.2,-90],[-96.2,-90],[-95.2,-90],[-94.2,-90],[-93.2,-90],[-92.2,-90],[-91.2,-90],[-90,-90],[-89.2,-90],[-88.2,-90],[-87.2,-90],[-86.2,-90],[-85.2,-90],[-84.2,-90],[-83.2,-90],[-82.2,-90],[-81.2,-90],[-80.2,-90],[-79.2,-90],[-78.2,-90],[-77.2,-90],[-76.2,-90],[-75.2,-90],[-74.2,-90],[-73.2,-90],[-72.2,-90],[-71.2,-90],[-70.2,-90],[-69.2,-90],[-68.2,-90],[-67.2,-90],[-66.2,-90],[-65.2,-90],[-64.2,-90],[-63.2,-90],[-62.2,-90],[-61.2,-90],[-60.2,-90],[-59.2,-90],[-58.2,-90],[-57.2,-90],[-56.2,-90],[-55.2,-90],[-54.2,-90],[-53.2,-90],[-52.2,-90],[-51.2,-90],[-50.2,-90],[-49.2,-90],[-48.2,-90],[-47.2,-90],[-46.2,-90],[-45.2,-90],[-44.2,-90],[-43.2,-90],[-42.2,-90],[-41.2,-90],[-40.2,-90],[-39.2,-90],[-38.2,-90],[-37.2,-90],[-36.2,-90],[-35.2,-90],[-34.2,-90],[-33.2,-90],[-32.2,-90],[-31.2,-90],[-30.2,-90],[-29.2,-90],[-28.2,-90],[-27.2,-90],[-26.2,-90],[-25.2,-90],[-24.2,-90],[-23.2,-90],[-22.2,-90],[-21.2,-90],[-20.2,-90],[-19.2,-90],[-18.2,-90],[-17.2,-90],[-16.2,-90],[-15.2,-90],[-14.2,-90],[-13.2,-90],[-12.2,-90],[-11.2,-90],[-10.2,-90],[-9.2,-90],[-8.2,-90],[-7.2,-90],[-6.2,-90],[-5.2,-90],[-4.2,-90],[-3.2,-90],[-2.2,-90],[-1.2,-90],[-0.2,-90],[0.78,-90],[1.78,-90],[2.78,-90],[3.78,-90],[4.78,-90],[5.78,-90],[6.78,-90],[7.78,-90],[8.78,-90],[9.78,-90],[10.78,-90],[11.78,-90],[12.78,-90],[13.78,-90],[14.78,-90],[15.78,-90],[16.78,-90],[17.78,-90],[18.78,-90],[19.78,-90],[20.78,-90],[21.78,-90],[22.78,-90],[23.78,-90],[24.78,-90],[25.78,-90],[26.78,-90],[27.78,-90],[28.78,-90],[29.78,-90],[30.78,-90],[31.78,-90],[32.78,-90],[33.78,-90],[34.78,-90],[35.78,-90],[36.78,-90],[37.78,-90],[38.78,-90],[39.78,-90],[40.78,-90],[41.78,-90],[42.78,-90],[43.78,-90],[44.78,-90],[45.78,-90],[46.78,-90],[47.78,-90],[48.78,-90],[49.78,-90],[50.78,-90],[51.78,-90],[52.78,-90],[53.78,-90],[54.78,-90],[55.78,-90],[56.78,-90],[57.78,-90],[58.78,-90],[59.78,-90],[60.78,-90],[61.78,-90],[62.78,-90],[63.78,-90],[64.78,-90],[65.78,-90],[66.78,-90],[67.78,-90],[68.78,-90],[69.78,-90],[70.78,-90],[71.78,-90],[72.78,-90],[73.78,-90],[74.78,-90],[75.78,-90],[76.78,-90],[77.78,-90],[78.78,-90],[79.78,-90],[80.78,-90],[81.78,-90],[82.78,-90],[83.78,-90],[84.78,-90],[85.78,-90],[86.78,-90],[87.78,-90],[88.78,-90],[89.78,-90],[89.8,-90],[90,-90],[91.78,-90],[92.78,-90],[93.78,-90],[94.78,-90],[95.78,-90],[96.78,-90],[97.78,-90],[98.78,-90],[99.78,-90],[100.78,-90],[101.78,-90],[102.78,-90],[103.78,-90],[104.78,-90],[105.78,-90],[106.78,-90],[107.78,-90],[108.78,-90],[109.78,-90],[110.78,-90],[111.78,-90],[112.78,-90],[113.78,-90],[114.78,-90],[115.78,-90],[116.78,-90],[117.78,-90],[118.78,-90],[119.78,-90],[120.78,-90],[121.78,-90],[122.78,-90],[123.78,-90],[124.78,-90],[125.78,-90],[126.78,-90],[127.78,-90],[128.78,-90],[129.78,-90],[130.78,-90],[131.78,-90],[132.78,-90],[133.78,-90],[134.78,-90],[135.78,-90],[136.78,-90],[137.78,-90],[138.78,-90],[139.78,-90],[140.78,-90],[141.78,-90],[142.78,-90],[143.78,-90],[144.78,-90],[145.78,-90],[146.78,-90],[147.78,-90],[148.78,-90],[149.78,-90],[150.78,-90],[151.78,-90],[152.78,-90],[153.78,-90],[154.78,-90],[155.78,-90],[156.78,-90],[157.78,-90],[158.78,-90],[159.78,-90],[160.78,-90],[161.78,-90],[162.78,-90],[163.78,-90],[164.78,-90],[165.78,-90],[166.78,-90],[167.78,-90],[168.78,-90],[169.78,-90],[170.78,-90],[171.78,-90],[172.78,-90],[173.78,-90],[174.78,-90],[175.78,-90],[176.78,-90],[177.78,-90],[178.78,-90],[180,-90],[180,-89.32],[180,-88.32],[180,-87.32],[180,-86.32],[180,-85.32],[180,-84.34],[172.58,-83.84],[169.77,-83.42]]]]},"properties":{"NAME":null,"SUBJECTO":null,"PARTOF":null}},
{"type":"Feature","geometry":{"type":"Polygon","coordinates":[[[22.69,44.26],[22.32,43.68],[22.92,43.18],[22.33,42.29],[22.92,41.23],[24.42,41.48],[25.36,41.15],[26.35,41.64],[26.86,42.01],[27.92,41.98],[27.5,42.52],[28.03,43.39],[26.57,44.21],[25.38,43.78],[22.69,44.26]]]},"properties":{"NAME":"Bulgaria","SUBJECTO":"Bulgaria","PARTOF":"Bulgaria"}},
{"type":"Feature","geometry":{"type":"Polygon","coordinates":[[[26.99,48.68],[25.68,49.21],[24.33,48.51],[24.04,47.95],[23.3,48.02],[22.06,47.56],[21.34,46.53],[20.31,46.13],[21.34,44.88],[22.69,44.26],[25.38,43.78],[26.57,44.21],[28.03,43.39],[28.45,43.48],[28.69,44.49],[29.71,45.26],[29.63,45.75],[30.43,46.18],[29.43,46.82],[28.91,47.82],[27.11,48.83],[26.99,48.68]]]},"properties":{"NAME":"Romania","SUBJECTO":"Romania","PARTOF":"Romania"}},
{"type":"Feature","geometry":{"type":"Polygon","coordinates":[[[101.97,22.53],[102.99,20.94],[103.61,20.68],[104.13,20.94],[104.72,20.2],[103.9,19.31],[104.81,18.72],[106.64,16.48],[107.11,16.17],[107.39,14.58],[107.51,13.42],[107.38,12.35],[108.02,11.49],[108.82,11.27],[109.31,12.91],[108.79,15.09],[108.24,16.08],[106.43,17.55],[106.36,18.01],[105.53,18.84],[105.84,19.7],[106.81,20.91],[107.37,20.88],[107.88,21.46],[107.1,21.65],[106.51,22.33],[106.59,22.93],[105.31,23.3],[104.48,22.78],[101.97,22.53]]]},"properties":{"NAME":"French Indo-China","SUBJECTO":"France","PARTOF":"French Indo-China"}},
{"type":"Feature","geometry":{"type":"Polygon","coordinates":[[[108.82,11.27],[108.02,11.49],[107.38,12.35],[105.84,11.58],[106.03,10.8],[105.49,10.89],[104.39,10.31],[104.98,9.98],[104.74,8.49],[106.48,9.55],[106.77,10.64],[107.41,10.37],[108.82,11.27]]]},"properties":{"NAME":"Cochin China","SUBJECTO":"Empire of Japan","PARTOF":"Cochin China"}},
{"type":"Feature","geometry":{"type":"Polygon","coordinates":[[[53.02,16.65],[51.95,18.4],[51.81,18.98],[47.52,17.52],[46.47,16.26],[45.56,15.06],[43.87,12.66],[44.96,12.83],[45.83,13.41],[46.6,13.4],[48.04,14.05],[48.96,14.22],[49.33,14.63],[51.31,15.25],[52.14,15.69],[53.02,16.65]]]},"properties":{"NAME":"Yemen (UK)","SUBJECTO":"United Kingdom","PARTOF":"Yemen (UK)"}},
{"type":"Feature","geometry":{"type":"Polygon","coordinates":[[[38.33,23.83],[39.1,22.4],[39.17,21.22],[39.76,20.41],[40.69,19.87],[41.63,18.05],[42.76,16.65],[42.8,15.47],[43.38,13.57],[43.87,12.66],[45.56,15.06],[46.47,16.26],[47.52,17.52],[51.81,18.98],[53.62,19.9],[56.03,21.24],[55.7,22.3],[55.37,22.07],[51.95,22.48],[51.12,24.4],[50.97,24.44],[49.94,25.96],[50.12,26.74],[48.86,27.52],[48.44,28.44],[47.67,28.44],[47.26,28.85],[46.51,28.97],[44.69,29.03],[43.62,29.47],[43.54,30.29],[39.33,32.14],[39,31.86],[37.11,31.36],[37.94,30.37],[36.72,29.7],[36.52,29.42],[36.08,29.07],[35.07,29.21],[34.76,28.1],[35.44,27.73],[37.22,25.17],[37.2,24.66],[37.99,24.11],[38.33,23.83]]]},"properties":{"NAME":"Saudi Arabia","SUBJECTO":"Saudi Arabia","PARTOF":"Saudi Arabia"}},
{"type":"Feature","geometry":{"type":"Polygon","coordinates":[[[41.61,-1.88],[42.44,-0.51],[43.72,0.8],[45.54,1.97],[46.36,2.67],[48.47,5.2],[49.05,6.42],[50.78,9.37],[51.25,11.66],[50.7,11.95],[49.3,11.25],[48.44,11.3],[48.68,8.39],[47.9,7.88],[44.99,4.82],[43.87,4.84],[42.81,4.19],[41.77,3.83],[41.02,2.71],[41.06,-1.08],[41.61,-1.88]]]},"properties":{"NAME":"Italian Somaliland","SUBJECTO":"Italy","PARTOF":"Italian Somaliland"}},
{"type":"Feature","geometry":{"type":"Polygon","coordinates":[[[47.9,7.88],[48.68,8.39],[48.44,11.3],[47.39,11.16],[46.68,10.7],[45.91,10.83],[44.28,10.4],[43.3,11.48],[42.93,10.89],[42.8,10.35],[43.86,9.03],[46.95,7.93],[47.9,7.88]]]},"properties":{"NAME":"British Somaliland","SUBJECTO":"United Kingdom","PARTOF":"British Somaliland"}},
{"type":"Feature","geometry":{"type":"Polygon","coordinates":[[[-16.57,12.31],[-15.2,12.64],[-13.69,12.62],[-13.69,11.89],[-15.01,11.1],[-14.59,10.47],[-13.68,9.92],[-13.16,8.85],[-12.39,9.8],[-11.29,9.9],[-10.57,8.99],[-10.38,8.08],[-9.62,8.39],[-9.46,7.43],[-9.01,7.13],[-8.3,7.44],[-8.53,6.53],[-7.42,5.73],[-7.56,4.35],[-5,5.24],[-2.75,5.1],[-3.19,6.6],[-2.52,8.28],[-2.88,10.7],[-2.7,10.93],[-0.72,10.93],[0.06,11.06],[0.93,10.9],[1.59,9.08],[1.76,6.25],[2.77,6.35],[2.76,8.86],[3.83,10.71],[3.58,11.37],[3.72,12.54],[4.19,13.48],[5.5,13.79],[6.37,13.61],[6.86,13.06],[8.1,13.28],[9.06,12.82],[10.41,13.31],[11.25,13.36],[12.25,13.08],[13.54,13.66],[13.48,14.4],[14.4,15.71],[15.49,16.89],[15.67,19.55],[15.96,20.32],[15.21,21.42],[14.97,22.97],[14.18,22.57],[13.53,23.06],[11.96,23.47],[9.3,22],[7.54,20.92],[5.78,19.44],[3.23,18.95],[3.06,19.91],[1.84,20.16],[1.09,21.13],[-1.65,22.85],[-5.5,25.4],[-8.63,27.17],[-8.69,25.91],[-11.64,25.93],[-11.92,25.59],[-11.99,23.48],[-13.12,22.79],[-13.02,21.28],[-17.02,21.31],[-16.35,20.52],[-15.98,18.18],[-16.45,16.12],[-17.43,14.81],[-16.46,13.57],[-15.11,13.79],[-16.01,13.14],[-16.78,13.15],[-16.57,12.31]]]},"properties":{"NAME":"French West Africa","SUBJECTO":"France","PARTOF":"French West Africa"}},
{"type":"Feature","geometry":{"type":"MultiPolygon","coordinates":[[[[13.27,2.11],[11.24,2.28],[11.22,2.05],[11.24,0.91],[9.63,0.89],[9.2,-0.63],[8.82,-0.9],[9.47,-1.59],[9.66,-2.42],[11.15,-3.93],[11.78,-3.83],[11.64,-2.62],[12.33,-2.44],[12.64,-1.88],[13.07,-2.4],[13.62,-2.16],[14.14,-2.56],[14.49,-0.74],[13.96,-0.4],[13.87,0.25],[14.35,0.62],[14.21,1.19],[13.15,1.15],[13.27,2.11]]],[[[14.03,13.06],[14.41,12.97],[15,12.02],[15.16,10.37],[15.45,9.94],[14.29,9.98],[13.91,9.55],[15,8.54],[15.56,7.5],[14.4,5.83],[15.12,3.61],[15.67,3.05],[16.08,2.13],[16.55,3.31],[17.32,3.53],[18.5,3.53],[18.61,4.32],[19.58,5.08],[20.56,4.34],[22.42,4.07],[22.88,4.76],[23.43,4.54],[24.26,4.93],[25.21,4.9],[25.49,5.31],[26.59,4.94],[27.24,5.16],[26.95,5.87],[26.29,6.24],[26.17,6.73],[25.3,7.33],[25.29,7.72],[23.52,8.61],[23.63,9.67],[22.82,10.91],[22.26,12.68],[21.78,12.8],[22.46,14.19],[22.46,14.69],[23.01,15.68],[23.95,15.7],[23.95,19.47],[20.55,21.16],[18.32,22.23],[15.97,23.38],[14.97,22.97],[15.21,21.42],[15.96,20.32],[15.67,19.55],[15.49,16.89],[14.4,15.71],[13.48,14.4],[13.54,13.66],[14.03,13.06]]]]},"properties":{"NAME":"French Equatorial Africa","SUBJECTO":"France","PARTOF":"French Equatorial Africa"}},
{"type":"Feature","geometry":{"type":"Polygon","coordinates":[[[-14.67,25.6],[-11.92,25.59],[-11.64,25.93],[-8.69,25.91],[-8.63,27.17],[-8.64,27.57],[-13.12,27.55],[-13.63,26.59],[-14.67,25.6]]]},"properties":{"NAME":"Spanish Sahara","SUBJECTO":"Spain","PARTOF":"Spanish Sahara"}},
{"type":"Feature","geometry":{"type":"Polygon","coordinates":[[[-17.02,21.31],[-13.02,21.28],[-13.12,22.79],[-11.99,23.48],[-11.92,25.59],[-14.67,25.6],[-14.82,24.73],[-15.71,23.87],[-17.02,21.31]]]},"properties":{"NAME":"Rio De Oro","SUBJECTO":"Spain","PARTOF":"Rio De Oro"}},
{"type":"Feature","geometry":{"type":"Polygon","coordinates":[[[14.52,-22.47],[14.47,-23.54],[14.94,-23.48],[14.97,-22.49],[14.52,-22.47]]]},"properties":{"NAME":"Walbis Bay","SUBJECTO":"United Kingdom","PARTOF":"Walbis Bay"}},
{"type":"Feature","geometry":{"type":"Polygon","coordinates":[[[93.67,28.7],[94.17,29.03],[95.31,29],[95.93,29.38],[96.46,28.88],[96.25,28.39],[98.01,28.09],[98.71,28.19],[98.95,28.96],[98.93,31.09],[97.7,32.55],[95.53,31.74],[95.28,32.42],[92.95,32.7],[90.42,33.24],[89.82,34.19],[89.83,34.9],[89.57,36.06],[88.52,36.5],[86.25,36.16],[86.14,35.86],[83.16,35.38],[82.59,35.75],[81.69,35.26],[80.45,35.42],[79.84,34.51],[78.81,34.2],[78.62,33.5],[79.45,33.2],[79.57,32.7],[78.45,32.58],[78.89,31.32],[81.02,30.25],[82.14,30.37],[82.2,30.09],[85.14,28.34],[86.45,27.95],[88.2,27.88],[88.73,27.87],[88.8,27.18],[89.86,28.27],[91.15,28.03],[91.61,27.64],[92.55,27.92],[93.67,28.7]]]},"properties":{"NAME":"Tibet","SUBJECTO":"Tibet","PARTOF":"Tibet"}},
{"type":"Feature","geometry":{"type":"MultiPolygon","coordinates":[[[[101.01,21.44],[101.58,21.22],[101.54,22.14],[101.97,22.53],[104.48,22.78],[105.31,23.3],[106.59,22.93],[106.51,22.33],[107.1,21.65],[107.88,21.46],[108.55,21.82],[109.61,21.06],[109.93,20.24],[110.43,20.44],[110.08,20.87],[110.57,21.23],[112.75,21.76],[113.72,22.48],[115.31,22.77],[115.71,22.64],[117.85,24.05],[119.47,25.77],[119.43,26.59],[120.35,27.18],[121.01,28.28],[121.36,28.39],[121.77,29.83],[121.16,30.19],[119.94,30.12],[121.57,30.71],[121.27,31.45],[121.61,31.83],[120.66,32.54],[119.97,34.14],[119.02,34.69],[119.06,35.04],[120.14,36.19],[120.86,36.58],[122.26,36.73],[122.39,37.3],[121.43,37.34],[120.66,37.74],[119.6,37.12],[118.95,37.08],[118.88,37.95],[117.59,38.28],[117.75,39.2],[118.98,39.22],[119.34,39.79],[119.66,41.05],[120.45,41.58],[121.31,42.64],[121.77,44.15],[120.58,44.48],[119.86,44.15],[119.53,44.61],[119.86,45.6],[119.71,46.72],[119.58,46.65],[118.31,46.74],[116.48,46.31],[115.62,45.49],[114.64,45.47],[113.77,44.87],[112.1,45.14],[111.42,44.4],[111.95,43.86],[110.25,42.77],[109.38,42.44],[107.36,42.41],[105.02,41.59],[103.51,41.86],[101.74,42.54],[98.22,42.6],[96.34,42.79],[96.09,42],[94.15,41.4],[93.74,40.61],[93,40.59],[92.4,38.99],[90.11,38.47],[91.35,37.09],[90.81,36.81],[91.25,36.12],[89.57,36.06],[89.83,34.9],[89.82,34.19],[90.42,33.24],[92.95,32.7],[95.28,32.42],[95.53,31.74],[97.7,32.55],[98.93,31.09],[98.95,28.96],[98.71,28.19],[98.01,28.09],[98.64,27.48],[98.73,26.34],[98.38,25.63],[97.52,24.8],[97.53,23.89],[98.77,24.09],[98.98,23.15],[99.47,23.14],[99.16,22.31],[99.76,22.13],[100.32,21.46],[101.01,21.44]]],[[[108.65,18.48],[109.43,18.1],[110.26,18.63],[110.89,19.71],[110.62,20.02],[109.55,19.91],[108.58,19.19],[108.65,18.48]]]]},"properties":{"NAME":"Chinese warlords","SUBJECTO":"Chinese warlords","PARTOF":"Chinese warlords"}},
{"type":"Feature","geometry":{"type":"Polygon","coordinates":[[[-61.69,17.02],[-61.83,17.16],[-61.89,17.03],[-61.69,17.02]]]},"properties":{"NAME":"Antigua and Barbuda","SUBJECTO":"Antigua and Barbuda","PARTOF":"Antigua and Barbuda"}},
{"type":"Feature","geometry":{"type":"Polygon","coordinates":[[[96.34,42.79],[95.24,44.28],[93.51,44.94],[90,45.33],[90,46.01],[91.16,46.55],[90,46.85],[90,47.84],[88.23,48.54],[87.87,49.23],[85.61,48.1],[85.48,47.09],[83.25,47.29],[82.44,45.74],[82.43,45.17],[81.69,45.36],[80.24,45.12],[80.77,43.38],[80.21,42.81],[80.11,42],[78.87,41.68],[78.4,41.23],[77.02,41.11],[76.48,40.44],[75.43,40.61],[73.83,39.78],[73.86,38.54],[74.58,38.59],[75.01,37.47],[74.73,37.21],[74.52,37],[75.63,36.77],[75.75,36.05],[76.82,35.56],[77.85,35.47],[78.14,34.55],[78.81,34.2],[79.84,34.51],[80.45,35.42],[81.69,35.26],[82.59,35.75],[83.16,35.38],[86.14,35.86],[86.25,36.16],[88.52,36.5],[89.57,36.06],[91.25,36.12],[90.81,36.81],[91.35,37.09],[90.11,38.47],[92.4,38.99],[93,40.59],[93.74,40.61],[94.15,41.4],[96.09,42],[96.34,42.79]]]},"properties":{"NAME":"Xinjiang","SUBJECTO":"Xinjiang","PARTOF":"Xinjiang"}},
{"type":"Feature","geometry":{"type":"Polygon","coordinates":[[[-59.53,13.05],[-59.43,13.16],[-59.65,13.32],[-59.53,13.05]]]},"properties":{"NAME":"Barbados","SUBJECTO":"Barbados","PARTOF":"Barbados"}},
{"type":"Feature","geometry":{"type":"Polygon","coordinates":[[[-61.36,15.2],[-61.3,15.57],[-61.49,15.54],[-61.36,15.2]]]},"properties":{"NAME":"Dominica","SUBJECTO":"Dominica","PARTOF":"Dominica"}},
{"type":"Feature","geometry":{"type":"Polygon","coordinates":[[[-61.75,12],[-61.64,12.03],[-61.61,12.23],[-61.75,12]]]},"properties":{"NAME":"Grenada","SUBJECTO":"Grenada","PARTOF":"Grenada"}},
{"type":"Feature","geometry":{"type":"Polygon","coordinates":[[[-60.86,14.4],[-61.03,14.83],[-61.23,14.81],[-60.86,14.4]]]},"properties":{"NAME":"Martinique","SUBJECTO":"Martinique","PARTOF":"Martinique"}},
{"type":"Feature","geometry":{"type":"Polygon","coordinates":[[[-62.17,16.67],[-62.18,16.81],[-62.24,16.71],[-62.17,16.67]]]},"properties":{"NAME":"Montserrat","SUBJECTO":"Montserrat","PARTOF":"Montserrat"}},
{"type":"Feature","geometry":{"type":"Polygon","coordinates":[[[-63.17,18.16],[-62.99,18.23],[-63.06,18.26],[-63.17,18.16]]]},"properties":{"NAME":"Anguilla","SUBJECTO":"Anguilla","PARTOF":"Anguilla"}},
{"type":"Feature","geometry":{"type":"Polygon","coordinates":[[[-62.7,17.34],[-62.78,17.29],[-62.62,17.24],[-62.7,17.34]]]},"properties":{"NAME":"Saint Kitts and Nevis","SUBJECTO":"Saint Kitts and Nevis","PARTOF":"Saint Kitts and Nevis"}},
{"type":"Feature","geometry":{"type":"Polygon","coordinates":[[[-60.95,13.71],[-60.95,14.1],[-61.08,13.9],[-60.95,13.71]]]},"properties":{"NAME":"Saint Lucia","SUBJECTO":"Saint Lucia","PARTOF":"Saint Lucia"}},
{"type":"Feature","geometry":{"type":"Polygon","coordinates":[[[-61.17,13.13],[-61.14,13.38],[-61.28,13.25],[-61.17,13.13]]]},"properties":{"NAME":"Saint Vincent and the Grenadines","SUBJECTO":"Saint Vincent and the Grenadines","PARTOF":"Saint Vincent and the Grenadines"}},
{"type":"Feature","geometry":{"type":"Polygon","coordinates":[[[-64.76,17.77],[-64.9,17.68],[-64.67,17.71],[-64.76,17.77]]]},"properties":{"NAME":"United States Virgin Islands","SUBJECTO":"United States Virgin Islands","PARTOF":"United States Virgin Islands"}},
{"type":"Feature","geometry":{"type":"Polygon","coordinates":[[[-61.35,16.33],[-61.79,16.24],[-61.7,15.95],[-61.35,16.33]]]},"properties":{"NAME":"Guadeloupe","SUBJECTO":"Guadeloupe","PARTOF":"Guadeloupe"}},
{"type":"Feature","geometry":{"type":"Polygon","coordinates":[[[-68.97,12.2],[-68.83,12.05],[-68.82,12.16],[-68.97,12.2]]]},"properties":{"NAME":"Netherlands Antilles","SUBJECTO":"Netherlands Antilles","PARTOF":"Netherlands Antilles"}},
{"type":"Feature","geometry":{"type":"Polygon","coordinates":[[[-63.01,18.07],[-63.05,18.12],[-63.14,18.06],[-63.01,18.07]]]},"properties":{"NAME":"Saint Martin","SUBJECTO":"Saint Martin","PARTOF":"Saint Martin"}},
{"type":"Feature","geometry":{"type":"Polygon","coordinates":[[[-63.14,18.06],[-63.03,18.02],[-63.01,18.07],[-63.14,18.06]]]},"properties":{"NAME":"Saint Barthelemy","SUBJECTO":"Saint Barthelemy","PARTOF":"Saint Barthelemy"}},
{"type":"Feature","geometry":{"type":"Polygon","coordinates":[[[18.3,49.95],[18.02,49.6],[16.26,49.77],[16.28,50.53],[15.09,50.69],[13,50.02],[14.3,48.93],[15.07,49.15],[16.91,48.7],[17.25,48.05],[21.26,48.76],[22.33,48.67],[23.3,48.02],[24.04,47.95],[23.33,48.79],[21.59,49.5],[19.78,49.24],[19.49,49.63],[18.55,49.48],[18.3,49.95]]]},"properties":{"NAME":"Czechoslovakia","SUBJECTO":"Czechoslovakia","PARTOF":"Czechoslovakia"}},
{"type":"Feature","geometry":{"type":"Polygon","coordinates":[[[23.3,48.02],[22.33,48.67],[21.26,48.76],[17.25,48.05],[16.26,46.89],[17.79,45.81],[20.31,46.13],[21.34,46.53],[22.06,47.56],[23.3,48.02]]]},"properties":{"NAME":"Hungary","SUBJECTO":"Hungary","PARTOF":"Hungary"}},
{"type":"Feature","geometry":{"type":"MultiPolygon","coordinates":[[[[22.7,54.41],[22.55,55.06],[21.16,55.22],[19.94,54.85],[19.98,54.42],[22.7,54.41]]],[[[17.25,48.05],[16.91,48.7],[15.07,49.15],[14.3,48.93],[13,50.02],[15.09,50.69],[16.28,50.53],[16.26,49.77],[18.02,49.6],[18.3,49.95],[18.56,50.43],[17.54,52.09],[16.42,52.26],[16.29,53.15],[17.72,53.67],[18.3,54.72],[15.9,54.13],[13.78,53.78],[12.94,54.35],[10.72,53.96],[9.5,54.94],[8.62,54.89],[8.95,54.01],[8.5,53.45],[7.17,53.59],[7.16,53.16],[6.82,51.96],[5.98,51.8],[6,50.74],[6.11,50.12],[6.43,49.45],[8.16,48.98],[7.51,47.6],[8.98,47.68],[9.12,47.68],[9.22,47.67],[9.54,47.49],[10.4,46.89],[12.06,47.09],[12.36,46.71],[14.14,46.43],[15.98,46.64],[16.26,46.89],[17.25,48.05]]]]},"properties":{"NAME":"Germany","SUBJECTO":"Germany","PARTOF":"Germany"}},
{"type":"Feature","geometry":{"type":"Polygon","coordinates":[[[-71.66,21.82],[-71.85,21.85],[-71.83,21.78],[-71.66,21.82]]]},"properties":{"NAME":"Turks and Caicos Islands","SUBJECTO":"Turks and Caicos Islands","PARTOF":"Turks and Caicos Islands"}},
{"type":"Feature","geometry":{"type":"MultiPolygon","coordinates":[[[[-78.19,25.2],[-78.01,24.28],[-77.72,24.51],[-78.19,25.2]]],[[[-77.74,26.91],[-77.15,26.52],[-77.19,25.89],[-77.04,26.5],[-77.74,26.91]]]]},"properties":{"NAME":"Bahamas","SUBJECTO":"Bahamas","PARTOF":"Bahamas"}},
{"type":"Feature","geometry":{"type":"Polygon","coordinates":[[[26.99,48.68],[26.95,50.32],[27.49,50.84],[27.09,53.04],[26.6,53.05],[26.72,54.34],[27.5,54.7],[27.58,55.78],[26.59,55.67],[26.61,55.12],[24.95,54.97],[24.77,53.97],[23.53,53.92],[22.7,54.41],[19.98,54.42],[19.33,54.16],[18.3,54.72],[17.72,53.67],[16.29,53.15],[16.42,52.26],[17.54,52.09],[18.56,50.43],[18.3,49.95],[18.55,49.48],[19.49,49.63],[19.78,49.24],[21.59,49.5],[23.33,48.79],[24.04,47.95],[24.33,48.51],[25.68,49.21],[26.99,48.68]]]},"properties":{"NAME":"Poland","SUBJECTO":"Poland","PARTOF":"Poland"}},
{"type":"Feature","geometry":{"type":"MultiPolygon","coordinates":[[[[11.18,59.07],[11.22,58.31],[12.29,56.88],[12.8,55.35],[14.12,55.35],[14.65,56.12],[15.77,56.03],[16.66,57.44],[16.44,58.63],[18.37,59.16],[19.04,59.71],[17.93,60.59],[17.19,60.67],[17.29,62.44],[17.72,62.36],[21.39,64.38],[21.28,65.21],[22.65,65.93],[23.95,65.8],[23.49,67.83],[20.79,68.93],[19.84,68.16],[18.18,68.47],[15.04,66.06],[13.72,64.55],[14.15,64.11],[12.58,63.78],[11.93,62.55],[12.42,60.04],[11.18,59.07]]],[[[18.14,56.91],[19,57.91],[18.11,57.52],[18.14,56.91]]]]},"properties":{"NAME":"Sweden","SUBJECTO":"Sweden","PARTOF":"Sweden"}},
{"type":"Feature","geometry":{"type":"MultiPolygon","coordinates":[[[[-55.56,51.33],[-56.7,51.18],[-58.13,49.5],[-58.14,48.6],[-59.32,47.96],[-59.16,47.67],[-54.78,47.71],[-55.83,47.13],[-55.41,46.95],[-54.21,47.8],[-54.13,47.11],[-53.07,46.73],[-52.73,47.45],[-53.58,47.74],[-54.13,48.84],[-53.51,49.28],[-55.11,49.28],[-56.66,50.06],[-55.56,51.33]]],[[[-64.42,60.04],[-63.75,54.76],[-67.44,54.79],[-66.75,52.66],[-64.54,51.58],[-63.85,52.36],[-63.41,51.91],[-56.97,51.94],[-57.01,51.49],[-55.66,52.19],[-55.77,53.16],[-58.08,54.08],[-60.25,53.28],[-60.14,53.68],[-57.43,54.58],[-59.69,55.15],[-60.57,55.07],[-60.47,55.66],[-61.93,56.27],[-62.33,56.77],[-61.48,57.1],[-64.42,60.04]]]]},"properties":{"NAME":"Dominion of Newfoundland","SUBJECTO":"Dominion of Newfoundland","PARTOF":"Dominion of Newfoundland"}},
{"type":"Feature","geometry":{"type":"MultiPolygon","coordinates":[[[[-96.01,69.04],[-97.74,69.83],[-99.37,68.97],[-96.21,68.54],[-96.01,69.04]]],[[[-97.74,73.01],[-96.94,73.79],[-100.93,73.86],[-99.96,73.26],[-100.83,72.75],[-102.67,72.85],[-98.94,71.39],[-97.28,71.65],[-96.35,72.5],[-97.74,73.01]]],[[[-95.32,73.76],[-95.06,72.28],[-94.27,72.85],[-92,72.84],[-90,74],[-95.07,74.06],[-95.32,73.76]]],[[[-124.49,48.6],[-123.59,48.63],[-125.72,50.41],[-127.85,50.86],[-128.34,50.67],[-126.52,49.82],[-125.65,49.06],[-124.49,48.6]]],[[[-131.96,53.97],[-133.05,54.07],[-132.57,53.28],[-131.96,53.97]]],[[[-104.68,71.19],[-105.31,72.65],[-108.18,73.38],[-107.53,72.02],[-108.99,72.73],[-111.73,72.33],[-112.84,72.95],[-114.47,72.63],[-114.65,73.35],[-117.22,72.86],[-118.99,72.03],[-115.74,71.3],[-118.5,71.05],[-117.76,70.72],[-113.76,70.74],[-111.54,70.33],[-117.57,69.99],[-115.91,69.35],[-113.92,69.25],[-113.15,68.6],[-110.45,68.65],[-107.54,69.06],[-106.85,69.45],[-104.19,68.9],[-101.81,69.14],[-103.36,69.64],[-101.06,70.03],[-103.86,70.7],[-104.68,71.19]]],[[[-117.68,74.2],[-121.24,74.58],[-124.91,74.44],[-124.06,73.87],[-125.9,72.15],[-123.47,71.2],[-120.84,71.53],[-120.45,72.3],[-115.65,73.63],[-117.68,74.2]]],[[[-106.84,75.97],[-108.16,76.01],[-108.97,76.87],[-110.38,76.43],[-109.14,75.71],[-111.39,75.66],[-114.37,76.47],[-116.3,76.24],[-115.15,75.76],[-117.4,75.41],[-115.19,75.15],[-112.81,75.42],[-111.37,75.1],[-114.22,74.84],[-112.2,74.5],[-109.07,75.13],[-105.77,75.23],[-106.84,75.97]]],[[[-118.25,76.88],[-116.24,76.78],[-116.36,77.58],[-119.7,77.31],[-122.66,76.54],[-120.45,75.95],[-118.25,76.88]]],[[[-112.76,77.55],[-109.66,77.95],[-113.01,77.92],[-112.76,77.55]]],[[[-100.16,78.77],[-105.45,79.4],[-103.38,78.61],[-99.68,77.79],[-100.16,78.77]]],[[[-61.25,45.79],[-60.51,45.66],[-60.17,46.31],[-61.07,45.99],[-60.26,46.94],[-60.63,47.13],[-61.38,46.33],[-61.25,45.79]]],[[[-81.91,64.52],[-85.56,65.86],[-86.06,64.14],[-87.1,63.54],[-85.6,63.75],[-85.46,63.21],[-82.73,64.08],[-82.2,63.69],[-80.18,63.72],[-81.87,63.99],[-81.91,64.52]]],[[[-75.47,68.25],[-76.79,68.15],[-77.06,67.33],[-75.15,67.58],[-75.47,68.25]]],[[[-76.53,64.23],[-74.56,64.78],[-73.16,64.57],[-71.32,63.06],[-69.16,62.42],[-65.94,61.79],[-66.33,62.32],[-68.48,63.34],[-67.77,63.8],[-64.77,62.48],[-65.04,64.41],[-66.6,64.77],[-68.38,66.28],[-66.91,66.59],[-65.03,65.95],[-64.84,65.38],[-63.35,65.02],[-63.38,65.93],[-61.21,66.64],[-63.93,67.41],[-64.83,67.95],[-66.74,67.93],[-68.67,68.72],[-68.53,69.25],[-66.67,69.19],[-68.47,70.56],[-70.29,70.62],[-72.53,71.63],[-73.28,71.16],[-75.32,72.55],[-78.36,72.58],[-78.57,71.93],[-81.04,72.38],[-80.49,73.04],[-82.7,73.78],[-84.86,73.35],[-85.5,72.61],[-84.29,72.26],[-86.33,71.99],[-86.66,73.1],[-85.25,73.78],[-86.89,73.83],[-89.1,73.2],[-90,71.54],[-87.17,71.02],[-89.15,70.97],[-87.95,70.38],[-80.83,69.71],[-81.01,70.18],[-78.71,70.01],[-80.49,70.81],[-79.1,70.66],[-73.18,68.3],[-72.3,67.26],[-74.28,66.06],[-73.42,65.53],[-75.79,65.2],[-77.36,65.38],[-78.1,64.51],[-76.53,64.23]]],[[[-85.83,75.62],[-89.04,75.46],[-90,76.59],[-93.08,76.53],[-91.87,74.79],[-88.14,74.57],[-80.35,74.62],[-79.5,75.28],[-81.53,75.86],[-85.83,75.62]]],[[[-80.75,82.04],[-84.95,82.38],[-91.22,81.84],[-89.24,80.86],[-85.19,81.32],[-85.5,80.62],[-78.96,81.03],[-82.26,80.05],[-86.17,80.28],[-83.91,79.26],[-81.6,78.75],[-85.81,78.91],[-84.93,77.35],[-86.44,77.82],[-89.42,76.61],[-85.04,76.41],[-81.38,76.65],[-80.81,76.24],[-78.21,76.55],[-78.37,78.03],[-76.14,78.07],[-74.96,79.12],[-77.24,79.58],[-71.45,79.85],[-66.48,81.3],[-67.59,81.96],[-63.92,82.01],[-62.43,82.63],[-70.58,83.18],[-81.52,82.69],[-80.75,82.04]]],[[[-101.81,76.44],[-102.15,75.64],[-99.9,75.61],[-99.94,75.08],[-98,75.16],[-97.82,76.48],[-101.81,76.44]]],[[[-93.94,76.4],[-94.2,76.9],[-96.81,76.92],[-93.94,76.4]]],[[[-96.13,78.03],[-95.1,78.44],[-98.34,78.8],[-96.13,78.03]]],[[[-87.5,80.23],[-89.04,80.17],[-92.02,81.26],[-96.59,80.09],[-95.04,79.4],[-93.18,79.53],[-92.7,78.43],[-89.12,78.34],[-85.76,79.38],[-87.5,80.23]]],[[[-57.01,51.49],[-56.97,51.94],[-63.41,51.91],[-63.85,52.36],[-64.54,51.58],[-66.75,52.66],[-67.44,54.79],[-63.75,54.76],[-64.42,60.04],[-65.56,59.58],[-65.93,58.42],[-68,58.17],[-68.57,58.78],[-69.73,58.56],[-69.34,59.21],[-70.03,60.88],[-73.39,62.35],[-75.69,62.22],[-77.36,62.52],[-78,62.1],[-77.46,61.53],[-78.18,60.74],[-77.39,60.69],[-77.21,59.75],[-78.47,58.71],[-76.77,57.66],[-76.44,56.81],[-77.23,55.61],[-79.55,54.69],[-78.49,52.26],[-78.82,51.16],[-79.34,50.84],[-81.75,52.17],[-82.34,52.98],[-82.2,54.97],[-84.47,55.17],[-87.47,55.91],[-90,57.18],[-92.48,56.98],[-93.07,58.55],[-94.68,58.88],[-94.75,59.95],[-93.42,61.86],[-91.89,62.6],[-92.29,62.92],[-90,62.95],[-90,63.3],[-92.35,63.58],[-93.32,63.97],[-90,63.61],[-89.97,64.19],[-88.38,64.06],[-87.16,65.06],[-88.17,65.13],[-90,65.97],[-87.79,65.35],[-85.99,66.16],[-86.74,66.57],[-83.74,66.31],[-81.5,67.07],[-81.29,67.5],[-82.69,68.7],[-81.48,69.19],[-84.31,69.83],[-85.38,69.7],[-84.56,68.99],[-85.4,68.76],[-86.49,67.38],[-87.33,67.17],[-88.32,67.81],[-87.86,68.28],[-88.91,69.23],[-90,68.37],[-90,69.49],[-92.67,69.74],[-91.66,70.29],[-94.42,71.88],[-96.7,70.84],[-96.13,69.94],[-94.04,69.55],[-93.41,68.54],[-95.32,68.06],[-95.26,67.03],[-96.26,67.32],[-96.21,68.07],[-97.83,68.4],[-97.26,67.6],[-98.89,67.82],[-101.91,67.71],[-105.64,68.35],[-107.66,67.96],[-107.13,66.96],[-110.53,67.92],[-112.5,67.69],[-115.56,67.9],[-114.11,68.35],[-115.29,68.89],[-117.83,69.01],[-122.33,69.88],[-125.19,69.41],[-127.94,70.08],[-132.71,68.87],[-133.72,68.92],[-130.05,69.97],[-131.06,70.16],[-133.65,69.51],[-136.04,69.34],[-135.5,68.72],[-141.06,69.6],[-140.97,66.03],[-140.93,63.79],[-140.89,60.39],[-139.01,60.26],[-137.22,58.88],[-135.26,59.67],[-133.5,58.42],[-131.72,56.61],[-130.11,55.99],[-130,55.29],[-130,53.94],[-128.89,53.42],[-128.06,52.5],[-127.04,52.46],[-127.46,51.02],[-124.94,50.6],[-124.47,49.81],[-123.21,49.62],[-122.9,49.07],[-121.05,49.05],[-115.16,49.06],[-110.67,49.05],[-104.26,49.06],[-100.46,49.04],[-94.82,49.05],[-94.83,49.49],[-93.71,48.57],[-91.68,48.04],[-90,48.25],[-89.62,47.97],[-88.12,48.73],[-88.09,49],[-86.38,48.73],[-85.8,47.97],[-85.03,47.94],[-84.37,46.87],[-84.74,46.47],[-83.82,46.15],[-83.61,46.27],[-80.76,45.97],[-79.71,44.74],[-80.22,44.5],[-81.3,45.22],[-81.81,43.32],[-82.3,43.03],[-83.06,42.03],[-82.48,41.96],[-81.44,42.59],[-79.05,42.85],[-79.14,43.22],[-79.79,43.3],[-79.15,43.77],[-77.18,43.84],[-76.13,44.33],[-74.78,45.01],[-71.53,44.96],[-70.59,45.29],[-69.05,47.46],[-67.7,47.04],[-67.56,45.77],[-67.19,45.25],[-65.76,45.29],[-64.28,45.92],[-64.46,45.39],[-66.19,44.49],[-65.47,43.52],[-63.9,44.57],[-63.56,44.51],[-60.96,45.3],[-61.94,45.92],[-62.39,45.72],[-64.53,46.27],[-64.98,47.33],[-64.66,47.78],[-65.61,47.66],[-66.47,48.1],[-65.21,48.12],[-64.32,48.95],[-66.03,49.17],[-69.25,48.12],[-71.04,46.74],[-69.51,48.46],[-68.31,49.23],[-67.32,49.43],[-66.37,50.31],[-61.64,50.28],[-60.14,50.41],[-58.52,51.38],[-57.01,51.49]]]]},"properties":{"NAME":"Canada","SUBJECTO":"Canada","PARTOF":"Canada"}},
{"type":"Feature","geometry":{"type":"MultiPolygon","coordinates":[[[[-155.93,20.28],[-156.16,19.81],[-155.78,18.95],[-154.92,19.56],[-155.93,20.28]]],[[[-122.9,49.07],[-122.35,48.08],[-124.68,48.39],[-123.99,45.76],[-124.63,43.01],[-124.15,41.58],[-124.36,40.33],[-123.8,39.03],[-121.93,37.01],[-121.93,36.34],[-120.68,35.19],[-120.53,34.51],[-118.6,34.1],[-117.5,33.33],[-117.17,32.52],[-114.88,32.64],[-114.62,32.43],[-111.09,31.31],[-108.37,31.28],[-108.23,31.72],[-106.54,31.7],[-105.13,30.61],[-104.57,29.58],[-103.59,29.06],[-103.02,29.09],[-102.45,29.69],[-101.73,29.75],[-101.03,29.33],[-99.6,27.47],[-99.1,26.41],[-97.26,25.81],[-97.64,26.85],[-96.83,28.16],[-96.72,28.71],[-95.6,28.8],[-94.43,29.54],[-93.45,29.77],[-91.24,29.32],[-89.03,29.12],[-89.38,29.87],[-90,30.04],[-89.23,30.41],[-87.77,30.26],[-86.39,30.47],[-85.3,29.66],[-83.89,30.05],[-82.65,28.91],[-82.84,27.84],[-81.74,25.92],[-81.1,25.13],[-80.31,25.24],[-80.05,26.55],[-80.61,28.56],[-81.41,30.07],[-81.51,30.73],[-80.58,32.5],[-79.35,33.11],[-78.62,33.81],[-77.96,33.93],[-76.95,35.03],[-75.73,35.88],[-76.28,37.06],[-76.22,37.94],[-76.54,38.79],[-75.67,37.9],[-75.04,38.5],[-75.62,39.67],[-74.86,38.99],[-74.15,39.77],[-74.29,40.63],[-72.85,41.29],[-70.3,41.76],[-71.05,42.36],[-69.92,43.91],[-69.25,43.99],[-68.78,44.63],[-67.17,44.71],[-67.19,45.25],[-67.56,45.77],[-67.7,47.04],[-69.05,47.46],[-70.59,45.29],[-71.53,44.96],[-74.78,45.01],[-76.13,44.33],[-76.17,43.63],[-76.86,43.27],[-79.14,43.22],[-79.05,42.85],[-80.07,42.15],[-82.37,41.41],[-83.45,41.75],[-83.06,42.03],[-82.3,43.03],[-82.84,44.03],[-83.59,43.67],[-83.43,45.27],[-84.63,45.75],[-83.82,46.15],[-84.74,46.47],[-85.1,46.75],[-86.73,46.44],[-88.46,46.92],[-87.88,47.46],[-89.31,46.88],[-90.88,46.6],[-90.83,46.94],[-92.11,46.73],[-89.62,47.97],[-90,48.25],[-91.68,48.04],[-93.71,48.57],[-94.83,49.49],[-94.82,49.05],[-100.46,49.04],[-104.26,49.06],[-110.67,49.05],[-115.16,49.06],[-121.05,49.05],[-122.9,49.07]],[[-87.61,41.88],[-87.91,43.19],[-87.34,44.82],[-87.94,44.56],[-87,45.86],[-85.38,46.07],[-85.03,45.37],[-86.07,44.87],[-86.49,44],[-86.23,42.62],[-87.22,41.63],[-87.61,41.88]]],[[[-132.63,55.9],[-133.27,55.62],[-132.17,54.85],[-132.63,55.9]]],[[[-165.01,54.53],[-163.21,54.74],[-163.74,55.06],[-165.01,54.53]]],[[[-161.32,55.88],[-162.58,55.39],[-160.36,55.66],[-161.32,55.88]]],[[[-171.74,63.75],[-169.9,63.08],[-169.33,63.4],[-171.74,63.75]]],[[[-154.66,57.23],[-153.49,57.05],[-152.38,57.52],[-153.4,57.8],[-154.66,57.23]]],[[[-136.6,57.9],[-135.82,57.45],[-135.32,58.09],[-136.6,57.9]]],[[[-141.06,69.6],[-143.31,70.2],[-145.27,70.12],[-149.29,70.54],[-152.14,70.53],[-152.97,70.93],[-160.24,70.86],[-162.88,70],[-164.07,69.06],[-166.3,68.88],[-166.84,68.41],[-164.51,67.8],[-163.74,67.22],[-160.03,66.57],[-162.28,66.07],[-164.46,66.6],[-168.18,65.69],[-165.66,65.25],[-166.59,64.73],[-163.03,64.44],[-161.29,64.96],[-161.13,63.56],[-163.31,63.04],[-164.29,63.25],[-166.19,61.75],[-165.9,61.27],[-163.52,60.71],[-165.13,60.54],[-164.03,59.8],[-162.38,60.16],[-161.94,58.72],[-159.81,58.94],[-157.14,58.86],[-157.67,57.6],[-160.46,56.2],[-160.17,55.81],[-156.5,57.1],[-156.68,57.4],[-154.65,58.08],[-153.45,58.88],[-154.28,59.25],[-152.9,59.9],[-152.88,60.28],[-150.31,61.31],[-149.32,60.93],[-151.16,60.66],[-151.78,59.99],[-151.39,59.21],[-149.33,60.03],[-147.94,61.21],[-145,60.55],[-144.41,60.09],[-140.13,59.77],[-137.09,58.45],[-136.15,58.9],[-133.47,57.84],[-133.4,57.22],[-132.1,56.35],[-132.26,55.85],[-131.19,56.03],[-130.55,54.91],[-130,55.29],[-130.11,55.99],[-131.72,56.61],[-133.5,58.42],[-135.26,59.67],[-137.22,58.88],[-139.01,60.26],[-140.89,60.39],[-140.93,63.79],[-140.97,66.03],[-141.06,69.6]]],[[[-72.28,41.12],[-73.59,40.92],[-74.01,40.58],[-72.54,40.83],[-72.28,41.12]]]]},"properties":{"NAME":"United States","SUBJECTO":"United States","PARTOF":"United States"}},
{"type":"Feature","geometry":{"type":"Polygon","coordinates":[[[13.02,-4.77],[14.33,-4.3],[14.44,-4.89],[15.99,-3.67],[16.1,-2.33],[16.65,-1.41],[17.45,-0.85],[17.96,2.09],[18.5,3.53],[17.32,3.53],[16.55,3.31],[16.08,2.13],[15.93,1.62],[14.89,1.99],[13.27,2.11],[13.15,1.15],[14.21,1.19],[14.35,0.62],[13.87,0.25],[13.96,-0.4],[14.49,-0.74],[14.14,-2.56],[13.62,-2.16],[13.07,-2.4],[12.64,-1.88],[12.33,-2.44],[11.64,-2.62],[11.78,-3.83],[11.15,-3.93],[12,-5],[12.7,-4.53],[13.02,-4.77]]]},"properties":{"NAME":"Congo (France)","SUBJECTO":"France","PARTOF":"Congo (France)"}},
{"type":"Feature","geometry":{"type":"MultiPolygon","coordinates":[[[[146.71,-43.72],[147.82,-42.97],[148.32,-41.81],[148.27,-41.09],[146.38,-41.31],[144.78,-40.84],[145.18,-42.48],[145.72,-43.24],[146.71,-43.72]]],[[[142.34,-10.92],[141.68,-12.47],[141.71,-15.23],[140.8,-17.56],[140.25,-17.8],[139.25,-17.43],[137.07,-16.03],[136.69,-16.03],[135.39,-14.9],[135.88,-14.2],[135.83,-13.48],[136.47,-13.22],[136.86,-12.44],[135.44,-12.18],[134.94,-12.34],[133.56,-11.95],[132.38,-11.3],[132.75,-12.17],[131.54,-12.4],[131.18,-12.24],[130.46,-12.76],[130.27,-13.36],[129.43,-14.31],[129.85,-14.82],[129.63,-15.28],[128.46,-14.89],[128.07,-15.38],[127.96,-14.7],[126.85,-13.78],[125.86,-14.69],[125.16,-14.8],[125.02,-15.64],[124.42,-15.66],[124.34,-16.26],[123.58,-16.39],[123.89,-16.91],[123.42,-17.58],[122.74,-16.58],[122.09,-17.4],[122.2,-18.24],[121.58,-18.7],[120.87,-19.68],[119.53,-20.14],[118.87,-20.07],[117.6,-20.76],[116.42,-20.84],[113.63,-22.57],[113.76,-23.48],[113.36,-24.28],[113.43,-24.87],[114.18,-26.02],[114.1,-26.54],[113.16,-26.43],[114.02,-27.63],[113.96,-28.03],[114.63,-28.9],[115.06,-30.8],[115.75,-32.21],[115.65,-33.37],[114.99,-33.75],[115.05,-34.42],[116.56,-35.19],[118.21,-35.09],[119.77,-34.12],[121.74,-33.96],[122.17,-34.18],[123.62,-33.92],[124.25,-33.14],[126.06,-32.43],[127.27,-32.38],[129.19,-31.8],[131.28,-31.63],[131.99,-32.07],[133.84,-32.34],[134.63,-33.27],[135.71,-35.21],[136.11,-34.53],[137.07,-33.95],[137.87,-32.75],[138.17,-33.19],[136.95,-35.47],[137.68,-35.33],[138.1,-34.36],[138.57,-34.93],[138.35,-35.87],[139.37,-35.61],[140.01,-37.64],[140.65,-38.16],[143.36,-38.97],[144.75,-38.46],[144.97,-38.07],[145.54,-38.72],[146.53,-39.18],[148.04,-38.1],[149.5,-37.93],[149.98,-37.35],[150.22,-35.69],[150.76,-35.25],[151.36,-33.52],[152.18,-32.88],[152.97,-31.42],[152.94,-30.7],[153.49,-28.84],[152.95,-27.34],[152.9,-25.63],[151.73,-24.16],[150.8,-23.6],[150.75,-22.81],[149.56,-22.43],[149.1,-21.06],[148.19,-20.17],[146.32,-19.08],[145.92,-18.26],[145.87,-17.19],[145.33,-16.49],[145.18,-15.05],[144.39,-14.37],[143.74,-14.47],[143.17,-12.12],[142.34,-10.92]]],[[[149.55,-6.41],[151.8,-5.71],[152.27,-4.78],[151.54,-4.41],[151.59,-4.9],[150.29,-5.71],[149.87,-5.4],[149.41,-5.74],[148.42,-5.88],[149.55,-6.41]]],[[[140.95,-9.27],[142.61,-9.38],[143.33,-9],[142.25,-8.31],[143.44,-8.36],[143.36,-8.13],[144.38,-7.76],[145.82,-8.1],[146.65,-9.28],[147.87,-10.18],[149.78,-10.41],[150.49,-10.74],[150.42,-10.29],[148.59,-9.16],[148.03,-8.25],[147.38,-7.8],[146.91,-6.89],[147.74,-6.74],[147.38,-6.12],[145.59,-5.42],[145.73,-5],[143.45,-3.61],[140.87,-2.79],[140.95,-6.38],[140.95,-9.27]]]]},"properties":{"NAME":"Australia","SUBJECTO":"Australia","PARTOF":"Australia"}},
{"type":"Feature","geometry":{"type":"Polygon","coordinates":[[[28.67,60.16],[32.83,61.6],[30.01,63.62],[30.36,64.12],[29.62,64.97],[30,65.72],[29.02,66.89],[29.95,67.53],[29.07,67.98],[32.22,69.62],[31.05,69.64],[28.7,68.7],[29.11,69.49],[26.51,69.81],[24.8,68.43],[20.79,68.93],[23.49,67.83],[23.95,65.8],[25.25,65.42],[24.47,64.64],[21.03,62.48],[21.56,60.51],[23.2,59.82],[28.52,60.62],[28.67,60.16]]]},"properties":{"NAME":"Finland","SUBJECTO":"Finland","PARTOF":"Finland"}},
{"type":"Feature","geometry":{"type":"MultiPolygon","coordinates":[[[[-26.33,71.13],[-25.29,71.57],[-23.75,70.59],[-21.71,70.39],[-21.9,71.5],[-25.07,72.63],[-27.36,72.86],[-27.44,73.29],[-24.08,73.76],[-22.82,73.33],[-20.33,73.42],[-21.76,74.31],[-19.72,74.21],[-20.62,74.95],[-19.19,75.44],[-19.57,76.11],[-22.38,76.64],[-18.06,76.81],[-19.18,77.82],[-21.77,77.77],[-19.76,78.87],[-19.05,80.43],[-16.44,80.45],[-12.71,81.62],[-16.47,81.9],[-23.34,80.62],[-22.06,81.96],[-32.6,81.97],[-22.59,82.42],[-26.42,83.34],[-32.51,83.58],[-45.21,82.97],[-44.68,81.73],[-49.65,82.48],[-49.94,81.68],[-53.77,82.24],[-60.04,81.88],[-61.11,81.18],[-67.14,80.56],[-64.62,79.95],[-65.48,79.16],[-72.38,78.53],[-69.69,77.56],[-66.8,77.78],[-67.74,77.19],[-71.18,77.26],[-68.38,76.78],[-69.04,76.29],[-66.56,75.93],[-63.65,76.38],[-58.64,75.79],[-54.56,72.87],[-55.63,71.73],[-55.01,71.33],[-53.32,71.89],[-51.72,71.59],[-50.82,70.25],[-52.37,70.67],[-53.67,70.36],[-50.57,69.87],[-50.95,68.54],[-52.84,68.51],[-50.49,67.97],[-50.48,67.48],[-52.81,67.77],[-53.1,65.87],[-52.08,65.37],[-51.8,64.23],[-50.14,64.74],[-51.37,63.73],[-49.86,62.97],[-50.05,62.31],[-49.12,62.1],[-48.92,61.42],[-47.63,60.6],[-45.46,60.89],[-45.62,60.6],[-43.01,59.83],[-42.27,62.19],[-43.23,62.68],[-41.83,62.69],[-41.38,63.52],[-40.52,63.78],[-41.48,64.27],[-40.35,64.53],[-39.99,65.53],[-38.47,65.65],[-38.04,66.4],[-37.15,66.32],[-37.58,65.55],[-34.43,66.38],[-32.96,67.64],[-26.96,68.5],[-22.16,70.06],[-24.58,70.3],[-27.47,70.21],[-28.38,70.46],[-26.33,71.13]]],[[[-54.57,69.61],[-53.55,69.28],[-52.08,69.77],[-54.59,70.24],[-54.57,69.61]]],[[[8.96,57.13],[10.26,57.01],[10.56,57.75],[8.96,57.13]]],[[[9.5,54.94],[10.84,55.29],[9.9,55.51],[10.75,56.1],[10.22,56.85],[8.18,56.43],[8.62,54.89],[9.5,54.94]]],[[[11.29,55.19],[12.43,55.24],[11.1,55.63],[11.29,55.19]]],[[[-23.27,65.72],[-23.68,65.32],[-21.95,65.38],[-21.98,64.95],[-23.61,64.75],[-21.49,64.38],[-22.37,63.77],[-18.64,63.32],[-16.53,63.78],[-13.69,64.78],[-13.65,65.5],[-16.39,66.45],[-16.92,65.98],[-18.68,66.09],[-21.08,65.21],[-21.24,65.88],[-22.68,66.39],[-23.27,65.72]]]]},"properties":{"NAME":"Denmark","SUBJECTO":"Denmark","PARTOF":"Denmark"}},
{"type":"Feature","geometry":{"type":"Polygon","coordinates":[[[56.16,25.97],[56.16,25.47],[56.41,25.86],[56.16,25.97]]]},"properties":{"NAME":"India","SUBJECTO":"India","PARTOF":"India"}},
{"type":"Feature","geometry":{"type":"Polygon","coordinates":[[[14.52,45.27],[15.45,44.23],[15.39,43.96],[16.06,43.43],[16.99,43.32],[19.37,41.85],[19.56,42.55],[20.57,41.93],[21.03,40.73],[22.92,41.23],[22.33,42.29],[22.92,43.18],[22.32,43.68],[22.69,44.26],[21.34,44.88],[20.31,46.13],[17.79,45.81],[16.26,46.89],[15.98,46.64],[14.14,46.43],[14.52,45.27]]]},"properties":{"NAME":"Yugoslavia","SUBJECTO":"Yugoslavia","PARTOF":"Yugoslavia"}},
{"type":"Feature","geometry":{"type":"MultiPolygon","coordinates":[[[[8.42,39.21],[9.48,39.14],[9.79,40.56],[9.31,41.18],[8.24,40.86],[8.42,39.21]]],[[[13.87,37.16],[15.03,36.75],[15.39,38.21],[13.81,37.97],[13.32,38.22],[12.45,37.77],[13.87,37.16]]],[[[7.55,43.87],[8.9,44.44],[9.91,44.11],[10.74,42.85],[12.64,41.53],[13.8,41.19],[14.9,40.24],[15.67,40.09],[16.21,38.78],[15.63,38.23],[16.05,37.93],[17.09,38.92],[16.53,39.7],[16.95,40.48],[17.85,40.24],[18.03,40.6],[15.87,41.5],[16.01,41.9],[14.92,41.97],[14.09,42.61],[13.6,43.53],[12.7,43.93],[12.18,45.21],[13.67,45.71],[13.9,44.76],[14.52,45.27],[14.14,46.43],[12.36,46.71],[12.06,47.09],[10.4,46.89],[8.89,45.87],[8.38,46.28],[6.96,45.94],[6.51,45.12],[7.55,43.87]]]]},"properties":{"NAME":"Italy","SUBJECTO":"Italy","PARTOF":"Italy"}},
{"type":"Feature","geometry":{"type":"Polygon","coordinates":[[[-78.94,1.38],[-80.09,0.82],[-80.34,-0.66],[-80.97,-1.03],[-80.74,-2.12],[-80.36,-2.73],[-79.81,-2.17],[-79.76,-2.8],[-80.23,-3.47],[-80.26,-4.41],[-79.69,-4.46],[-79.55,-4.58],[-79.47,-4.79],[-79.27,-5.01],[-79.43,-5.86],[-78.72,-6.12],[-78.09,-5.69],[-78.02,-4.89],[-77.58,-4.41],[-77.3,-4.74],[-74.61,-5.2],[-73.59,-4.78],[-73.19,-4.07],[-73.03,-2.83],[-75.24,-0.95],[-75.21,-0.84],[-75.53,-0.14],[-76.15,0.35],[-76.85,0.14],[-77.63,0.72],[-78.94,1.38]]]},"properties":{"NAME":"Ecuador","SUBJECTO":"Ecuador","PARTOF":"Ecuador"}},
{"type":"Feature","geometry":{"type":"Polygon","coordinates":[[[56.41,24.92],[56,24.94],[55.66,23.74],[55.7,22.3],[56.03,21.24],[53.62,19.9],[51.81,18.98],[51.95,18.4],[53.02,16.65],[54.08,17.02],[54.91,16.97],[55.56,17.94],[56.26,17.98],[56.74,18.69],[57.84,19.03],[57.81,20.17],[58.51,20.42],[59.84,22.28],[58.63,23.46],[58.08,23.5],[56.79,24.27],[56.41,24.92]]]},"properties":{"NAME":"Oman (British Raj)","SUBJECTO":"United Kingdom","PARTOF":"Oman (British Raj)"}},
{"type":"Feature","geometry":{"type":"Polygon","coordinates":[[[61.57,25.04],[64.42,25.17],[66.62,25.32],[66.7,24.75],[67.32,24.09],[69.11,22.9],[70.41,22.75],[69.97,22.35],[68.89,22.29],[70.21,20.95],[71.02,20.66],[72.12,21.16],[72.32,22.12],[72.7,22.13],[72.77,21.15],[73.11,20.83],[72.76,20.06],[73.06,18.03],[73.84,15.39],[74.73,13.68],[75.21,12.1],[76.08,10.55],[76.7,8.71],[77.34,8.05],[77.9,8.26],[78.31,9],[79.16,9.28],[79.22,10.19],[79.79,10.25],[79.71,11.44],[80.32,13.33],[80.09,15.18],[80.3,15.65],[80.96,15.72],[81.37,16.35],[82.23,16.65],[82.35,17.09],[84.26,18.46],[85.11,19.44],[86.12,19.81],[86.93,20.69],[86.8,21.14],[88.05,21.94],[88.38,21.58],[90,21.93],[90,22.56],[91.41,22.72],[92.18,20.89],[92.89,20.11],[93.33,20.03],[93.97,19.19],[94.42,18.14],[94.46,17.26],[94.14,16.01],[94.82,16.21],[95.33,15.68],[96.47,16.51],[96.88,17.35],[97.57,16.45],[97.82,14.62],[98.49,13.11],[98.87,11.65],[98.4,10.56],[98.59,10.12],[99.58,11.89],[99.1,12.97],[99,13.89],[98.14,15.19],[98.58,15.47],[98.82,16.32],[97.79,17.58],[97.37,18.45],[97.71,18.51],[98.02,19.75],[98.99,19.86],[100,20.46],[101.01,21.44],[100.32,21.46],[99.76,22.13],[99.16,22.31],[99.47,23.14],[98.98,23.15],[98.77,24.09],[97.53,23.89],[97.52,24.8],[98.38,25.63],[98.73,26.34],[98.64,27.48],[98.01,28.09],[96.25,28.39],[96.46,28.88],[95.93,29.38],[95.31,29],[94.17,29.03],[93.67,28.7],[92.55,27.92],[91.61,27.64],[91.91,26.81],[90,26.78],[88.87,26.91],[88.8,27.18],[88.73,27.87],[88.2,27.88],[88.09,26.44],[86.78,26.47],[85.37,26.76],[84.14,27.54],[83.32,27.37],[81.36,28.19],[80.1,28.95],[80.41,29.79],[81.02,30.25],[78.89,31.32],[78.45,32.58],[79.57,32.7],[79.45,33.2],[78.62,33.5],[78.81,34.2],[78.14,34.55],[77.85,35.47],[76.82,35.56],[75.75,36.05],[75.63,36.77],[74.52,37],[73.79,36.73],[72.37,36.72],[71.32,36.05],[71.66,35.13],[70.79,33.93],[69.87,33.94],[70.29,33.28],[69.51,32.95],[69.21,31.8],[68.24,31.77],[67.68,31.22],[66.47,30.84],[66.09,29.74],[64.09,29.39],[62.37,29.38],[60.82,29.83],[61.66,28.66],[62.67,28.21],[63.24,26.67],[61.94,26.16],[61.57,25.04]]]},"properties":{"NAME":"British Raj","SUBJECTO":"United Kingdom","PARTOF":"British Raj"}},
{"type":"Feature","geometry":{"type":"MultiPolygon","coordinates":[[[[32.22,69.62],[29.07,67.98],[29.95,67.53],[29.02,66.89],[30,65.72],[29.62,64.97],[30.36,64.12],[30.01,63.62],[32.83,61.6],[28.67,60.16],[29.69,60.13],[28.01,59.46],[27.4,58.79],[27.78,57.87],[27.35,57.53],[28.19,56.25],[27.58,55.78],[27.5,54.7],[26.72,54.34],[26.6,53.05],[27.09,53.04],[27.49,50.84],[26.95,50.32],[26.99,48.68],[27.11,48.83],[28.91,47.82],[29.43,46.82],[30.43,46.18],[31.78,46.7],[32.2,46.17],[33.64,45.93],[32.5,45.45],[33.4,45.25],[33.4,44.6],[34.01,44.49],[36.52,45.39],[35.06,45.34],[33.84,46.19],[35.21,46.64],[39.16,47.27],[37.76,46.6],[38.46,46.08],[37.66,45.35],[36.96,45.23],[37.47,44.69],[38.92,44.21],[40.25,43.27],[41.41,42.79],[41.48,41.44],[42.88,41.55],[43.85,40.75],[43.81,40.01],[44.45,39.96],[45.41,39.03],[46.45,38.84],[47.85,39.71],[48.37,39.41],[47.99,38.85],[48.82,38.31],[49.28,39.02],[49.81,40.58],[47.57,43.01],[47.57,43.84],[46.85,44.45],[47.67,45.75],[48.3,45.77],[49.53,46.54],[51.37,47.09],[53.19,46.87],[52.84,45.51],[51.51,45.37],[51.1,44.88],[51.58,44.55],[50.33,44.56],[52.07,42.83],[52.83,42.65],[52.52,42.07],[52.93,41.38],[53.07,42.03],[53.99,42.11],[54.75,41.14],[54.42,40.66],[53.26,40.76],[52.99,39.93],[54.07,38.9],[54.02,37.35],[55.36,38.04],[57.23,38.19],[59.24,37.45],[60.35,36.61],[61.01,36.64],[61.22,35.58],[62.68,35.27],[63.12,35.79],[64.54,36.34],[64.83,37.15],[65.72,37.49],[67.52,37.21],[67.86,36.85],[69.31,37.08],[70.02,37.46],[70.72,38.36],[71.44,37.83],[71.3,37.17],[71.85,36.72],[73.05,37.33],[74.73,37.21],[75.01,37.47],[74.58,38.59],[73.86,38.54],[73.83,39.78],[75.43,40.61],[76.48,40.44],[77.02,41.11],[78.4,41.23],[78.87,41.68],[80.11,42],[80.21,42.81],[80.77,43.38],[80.24,45.12],[81.69,45.36],[82.43,45.17],[82.44,45.74],[83.25,47.29],[85.48,47.09],[85.61,48.1],[87.87,49.23],[89.8,49.82],[90,50.31],[92.16,50.76],[94.21,50.55],[94.7,50.03],[97.42,49.79],[98.24,50.24],[97.94,51.23],[98.92,52.04],[102.12,51.36],[102.64,50.46],[103.68,50.17],[106.32,50.42],[107.55,49.83],[109.42,49.3],[112.52,49.46],[114.1,50.27],[115.73,49.86],[116.76,49.93],[117.49,49.59],[119.29,50.12],[119.18,50.7],[120.75,52.01],[119.94,52.59],[121.19,53.32],[123.35,53.51],[125.51,53.16],[126.19,52.52],[127.71,49.7],[130.48,48.9],[130.92,47.73],[132.27,47.78],[134.11,48.25],[134.72,47.69],[134.17,47.33],[133.38,45.65],[132.78,44.99],[131.74,45.26],[130.99,44.82],[131.14,43.23],[130.23,42.65],[130.44,42.28],[131.58,43.21],[132.95,42.67],[134.14,42.99],[136.03,44.4],[137.72,46],[139.21,47.81],[140.08,48.5],[140.32,50.52],[141.26,52.1],[141.12,53.05],[139.38,54.08],[138.42,54.09],[137.98,53.46],[136.35,53.7],[136.49,54.46],[135.09,54.43],[134.99,54.85],[137.23,55.98],[140.03,57.64],[140.59,58.24],[142.85,59.27],[147.92,59.26],[149.05,59.59],[151.14,59.44],[152.19,58.93],[154.91,59.1],[153.94,59.57],[157.1,61.63],[160.15,61.66],[159.74,61.1],[160.64,60.72],[162.75,61.61],[162.99,62.33],[164.14,62.53],[163.33,60.69],[161.54,59.94],[158.33,58.03],[156.78,57.58],[155.63,56.27],[155.47,54.92],[156.04,52.78],[156.7,50.96],[157.9,51.67],[158.46,52.83],[159.9,53.24],[159.93,54.09],[162.01,54.74],[161.5,55.29],[163.1,56.56],[162.51,57.03],[163.13,57.55],[161.8,58.1],[162.91,58.89],[163.39,59.81],[164.58,59.66],[165.78,60.35],[166.03,59.71],[167.1,60.27],[169.15,60.43],[169.88,59.87],[172.49,61.26],[177.29,62.49],[178.74,62.3],[179.29,62.82],[178.15,64.16],[175.9,64.55],[177.13,64.93],[178.73,64.61],[180,64.95],[180,65.05],[180,65.31],[180,65.38],[180,65.96],[180,66.96],[180,67.96],[180,68.92],[175.61,69.78],[173.01,69.69],[170.45,70.02],[170.83,68.92],[169.39,68.72],[167.32,69.66],[166.31,69.38],[164.05,69.66],[161.96,69.53],[160.86,69.08],[159.44,69.76],[158.41,70.81],[156.04,70.99],[152.13,70.66],[149.72,71.9],[146.92,72.2],[145.1,71.58],[145.6,72.43],[141.29,72.79],[139.85,72.24],[139.74,71.4],[137.63,71.08],[135.51,71.51],[134.24,71.26],[132.28,71.66],[131.05,70.69],[126.22,72.38],[128.52,72.95],[127.72,73.4],[124.22,73.7],[122.88,72.75],[118.5,73.04],[118.46,73.52],[111.76,73.66],[110.55,74.04],[109.99,73.44],[106.5,73.06],[113.63,75.27],[113.53,76.09],[111.43,76.57],[106.4,76.43],[107.16,76.95],[104.49,77],[105.06,77.57],[101.17,77.01],[101.39,76.62],[98.72,76.07],[90,75.6],[86.96,74.78],[87.69,73.9],[80.84,73.55],[80.98,72.45],[83.56,71.62],[83.04,70.24],[81.67,71.57],[79.22,72.27],[77.79,71.78],[78.61,70.85],[75.67,71.2],[75.62,72.63],[73.22,71.46],[74.25,70.57],[73.91,69.15],[77.41,68.94],[77.98,68.15],[76.95,67.65],[76.33,68.78],[74.5,68.59],[74.74,67.69],[72.21,66.17],[69.77,66.33],[70.84,66.55],[72.84,67.65],[73.39,68.38],[72.53,69.07],[72.68,70.82],[71.8,71.43],[72.71,72.77],[69.34,72.83],[68.32,71.63],[66.82,71.11],[67.42,70.22],[66.88,69.62],[69.11,68.83],[68.22,68.2],[66.58,68.89],[62.28,69.71],[60.37,69.47],[60.99,69],[59.76,68.3],[58.77,68.86],[57.02,68.45],[55.34,68.48],[53.63,68.05],[53.89,68.79],[48.08,67.56],[47.57,66.82],[46.4,66.72],[44.87,67.31],[46.63,67.7],[45.86,68.38],[44.01,68.49],[43.7,67.27],[44.03,66.01],[42.21,66.41],[39.95,65.58],[40.32,64.46],[36.88,65.07],[37.94,63.85],[35.08,64.29],[34.29,65.4],[34.54,66],[32.22,66.99],[35.77,66.26],[39.19,66.04],[41.26,66.94],[40.83,67.66],[38.67,68.15],[37.25,68.79],[33.63,69.21],[32.22,69.62]]],[[[143.75,50.02],[142.94,51.62],[143.14,52.51],[142.67,53.54],[141.77,53.27],[141.64,51.81],[142.15,50.89],[142.08,50.01],[143.75,50.02]]],[[[56.26,73.51],[56.96,73.36],[58.85,74.69],[60.46,75.16],[66.55,75.98],[68.94,76.61],[59.02,75.8],[56.99,75.27],[55.89,74.1],[54.02,73.73],[56.26,73.51]]]]},"properties":{"NAME":"USSR","SUBJECTO":"USSR","PARTOF":"USSR"}},
{"type":"Feature","geometry":{"type":"Polygon","coordinates":[[[51.29,24.41],[51.59,25.61],[51.07,25.95],[50.97,24.44],[51.12,24.4],[51.29,24.41]]]},"properties":{"NAME":"Qatar","SUBJECTO":"United Kingdom of Great Britain and Ireland","PARTOF":"Qatar"}},
{"type":"Feature","geometry":{"type":"Polygon","coordinates":[[[51.12,24.4],[51.95,22.48],[55.37,22.07],[55.7,22.3],[55.66,23.74],[56,24.94],[56.41,24.92],[56.16,25.47],[56.16,25.97],[54.35,24.15],[53.69,23.99],[51.59,24],[51.29,24.41],[51.12,24.4]]]},"properties":{"NAME":"Trucial Oman","SUBJECTO":"United Kingdom of Great Britain and Ireland","PARTOF":"Trucial Oman"}},
{"type":"Feature","geometry":{"type":"MultiPolygon","coordinates":[[[[56.16,25.97],[56.16,25.47],[56.41,25.86],[56.16,25.97]]],[[[56.41,24.92],[56,24.94],[55.66,23.74],[55.7,22.3],[56.03,21.24],[53.62,19.9],[51.81,18.98],[51.95,18.4],[53.02,16.65],[54.08,17.02],[54.91,16.97],[55.56,17.94],[56.26,17.98],[56.74,18.69],[57.84,19.03],[57.81,20.17],[58.51,20.42],[59.84,22.28],[58.63,23.46],[58.08,23.5],[56.79,24.27],[56.41,24.92]]]]},"properties":{"NAME":"Muscat and Oman","SUBJECTO":"United Kingdom of Great Britain and Ireland","PARTOF":"Muscat and Oman"}},
{"type":"Feature","geometry":{"type":"Polygon","coordinates":[[[34.15,31.21],[34.94,29.42],[34.98,29.47],[35.58,31.53],[35.66,32.69],[35.69,32.71],[35.7,32.72],[34.97,32.94],[34.15,31.21]]]},"properties":{"NAME":"Mandatory Palestine (GB)","SUBJECTO":"United Kingdom of Great Britain and Ireland","PARTOF":"Mandatory Palestine (GB)"}},
{"type":"Feature","geometry":{"type":"Polygon","coordinates":[[[53.02,16.65],[51.95,18.4],[51.81,18.98],[47.52,17.52],[46.47,16.26],[45.78,15.34],[45.56,15.06],[43.87,12.66],[44.96,12.83],[45.83,13.41],[46.6,13.4],[48.04,14.05],[48.96,14.22],[49.33,14.63],[51.31,15.25],[52.14,15.69],[53.02,16.65]]]},"properties":{"NAME":"Yemen","SUBJECTO":"Yemen","PARTOF":"Yemen"}},
{"type":"Feature","geometry":{"type":"Polygon","coordinates":[[[35.69,32.71],[36.84,32.27],[38.78,33.17],[41.12,34.43],[41.29,36.2],[42.95,37.33],[44.79,37.13],[44.21,37.87],[41.36,37.83],[40.2,38.27],[39.35,39.07],[36.93,38.73],[35.96,36.74],[36.08,36.62],[35.86,35.83],[35.87,34.42],[34.97,32.94],[35.7,32.72],[35.69,32.71]]]},"properties":{"NAME":"Syria (France)","SUBJECTO":"France","PARTOF":"Syria (France)"}},
{"type":"Feature","geometry":{"type":"Polygon","coordinates":[[[48.44,28.44],[47.91,29.89],[48.55,29.99],[47.69,30.88],[47.79,31.8],[45.51,33.8],[45.67,34.62],[46.18,35.06],[46.21,35.78],[45.39,35.93],[44.79,37.13],[42.95,37.33],[41.29,36.2],[41.12,34.43],[38.78,33.17],[36.84,32.27],[35.69,32.71],[35.66,32.69],[35.58,31.53],[34.98,29.47],[35.07,29.21],[36.08,29.07],[36.52,29.42],[36.66,29.61],[36.72,29.7],[37.94,30.37],[37.11,31.36],[39,31.86],[39.33,32.14],[43.54,30.29],[43.62,29.47],[44.69,29.03],[46.51,28.97],[47.2,28.86],[47.26,28.85],[47.67,28.44],[48.44,28.44]]]},"properties":{"NAME":"Mesopotamia (GB)","SUBJECTO":"United Kingdom of Great Britain and Ireland","PARTOF":"Mesopotamia (GB)"}},
{"type":"Feature","geometry":{"type":"Polygon","coordinates":[[[36.72,29.7],[36.66,29.61],[39.13,26.21],[39.55,27.62],[40.98,28],[42.87,27.05],[42.9,26.48],[47.2,28.86],[46.51,28.97],[44.69,29.03],[43.62,29.47],[43.54,30.29],[39.33,32.14],[39,31.86],[37.11,31.36],[37.94,30.37],[36.72,29.7]]]},"properties":{"NAME":null,"SUBJECTO":null,"PARTOF":null}},
{"type":"Feature","geometry":{"type":"Polygon","coordinates":[[[40.02,24.88],[39.88,24.8],[45.78,15.34],[46.47,16.26],[47.52,17.52],[51.81,18.98],[53.62,19.9],[56.03,21.24],[55.7,22.3],[55.37,22.07],[51.95,22.48],[51.12,24.4],[50.97,24.44],[49.94,25.96],[50.12,26.74],[48.86,27.52],[48.44,28.44],[47.67,28.44],[47.26,28.85],[47.2,28.86],[42.9,26.48],[42.98,24.96],[41.44,24.68],[40.28,24.68],[40.02,24.88]]]},"properties":{"NAME":"Emirate of Bin Shal'an","SUBJECTO":"Emirate of Bin Shal'an","PARTOF":"Emirate of Bin Shal'an"}},
{"type":"Feature","geometry":{"type":"Polygon","coordinates":[[[43.87,12.66],[45.56,15.06],[45.78,15.34],[39.88,24.8],[40.02,24.88],[38.98,25.68],[39.13,26.21],[36.66,29.61],[36.52,29.42],[36.08,29.07],[35.07,29.21],[34.76,28.1],[35.44,27.73],[37.22,25.17],[37.2,24.66],[37.99,24.11],[38.33,23.83],[39.1,22.4],[39.17,21.22],[39.76,20.41],[40.69,19.87],[41.63,18.05],[42.76,16.65],[42.8,15.47],[43.38,13.57],[43.87,12.66]]]},"properties":{"NAME":"Hejaz","SUBJECTO":"Hejaz","PARTOF":"Hejaz"}},
{"type":"Feature","geometry":{"type":"Polygon","coordinates":[[[40.28,24.68],[41.44,24.68],[42.98,24.96],[42.87,27.05],[40.98,28],[39.55,27.62],[38.98,25.68],[40.28,24.68]]]},"properties":{"NAME":"Hail","SUBJECTO":"Hail","PARTOF":"Hail"}},
{"type":"Feature","geometry":{"type":"MultiPolygon","coordinates":[[[[27.18,37.36],[28.39,38.01],[28.36,38.92],[27.39,39.65],[26.93,39.48],[27.03,38.82],[26.39,38.1],[27.14,37.89],[27.18,37.36]]],[[[24.32,35.21],[24.69,34.94],[26.16,35.02],[23.53,35.57],[24.32,35.21]]],[[[21.03,40.73],[20.12,39.55],[21.17,38.35],[22.33,38.43],[21.23,37.9],[21.78,36.82],[22.98,36.61],[22.64,37.49],[23.42,37.47],[22.98,37.96],[23.99,37.76],[23.8,38.35],[22.49,38.88],[23.24,39.2],[22.49,40.5],[23.6,39.93],[23.89,40.73],[25.02,41.02],[26.02,40.67],[26.65,41.45],[26.35,41.64],[25.36,41.15],[24.42,41.48],[22.92,41.23],[21.03,40.73]]]]},"properties":{"NAME":"Greece","SUBJECTO":"Greece","PARTOF":"Greece"}},
{"type":"Feature","geometry":{"type":"Polygon","coordinates":[[[27.78,35.89],[28.24,36.43],[27.72,36.17],[27.78,35.89]]]},"properties":{"NAME":"Italy","SUBJECTO":"Italy","PARTOF":"Italy"}},
{"type":"Feature","geometry":{"type":"Polygon","coordinates":[[[45.41,39.03],[44.45,39.96],[43.81,40.01],[43.85,40.75],[42.88,41.55],[41.48,41.44],[40.36,40.96],[38.88,40.98],[39.35,39.07],[40.2,38.27],[41.36,37.83],[44.21,37.87],[45.06,37.91],[45.41,39.03]]]},"properties":{"NAME":"Armenia","SUBJECTO":"USSR","PARTOF":"Armenia"}},
{"type":"Feature","geometry":{"type":"Polygon","coordinates":[[[-4.15,53.23],[-4.42,53.42],[-4.57,53.27],[-4.15,53.23]]]},"properties":{"NAME":null,"SUBJECTO":null,"PARTOF":null}},
{"type":"Feature","geometry":{"type":"Polygon","coordinates":[[[-5.1,55.44],[-5.3,55.72],[-5.34,55.47],[-5.1,55.44]]]},"properties":{"NAME":null,"SUBJECTO":null,"PARTOF":null}},
{"type":"Feature","geometry":{"type":"Polygon","coordinates":[[[-6.12,55.88],[-6.45,55.85],[-6.33,55.59],[-6.12,55.88]]]},"properties":{"NAME":null,"SUBJECTO":null,"PARTOF":null}},
{"type":"Feature","geometry":{"type":"Polygon","coordinates":[[[-5.95,55.83],[-5.71,56.15],[-5.97,56.02],[-5.95,55.83]]]},"properties":{"NAME":null,"SUBJECTO":null,"PARTOF":null}},
{"type":"Feature","geometry":{"type":"Polygon","coordinates":[[[-7.47,56.94],[-7.45,57.06],[-7.56,56.95],[-7.47,56.94]]]},"properties":{"NAME":null,"SUBJECTO":null,"PARTOF":null}},
{"type":"Feature","geometry":{"type":"Polygon","coordinates":[[[-7.22,57.34],[-7.42,57.38],[-7.38,57.11],[-7.22,57.34]]]},"properties":{"NAME":null,"SUBJECTO":null,"PARTOF":null}},
{"type":"Feature","geometry":{"type":"Polygon","coordinates":[[[-7.27,57.4],[-7.2,57.46],[-7.35,57.49],[-7.27,57.4]]]},"properties":{"NAME":null,"SUBJECTO":null,"PARTOF":null}},
{"type":"Feature","geometry":{"type":"Polygon","coordinates":[[[-7.19,57.69],[-7.54,57.6],[-7.15,57.51],[-7.19,57.69]]]},"properties":{"NAME":null,"SUBJECTO":null,"PARTOF":null}},
{"type":"Feature","geometry":{"type":"Polygon","coordinates":[[[-7.01,57.88],[-6.99,57.92],[-7.07,57.9],[-7.01,57.88]]]},"properties":{"NAME":null,"SUBJECTO":null,"PARTOF":null}},
{"type":"Feature","geometry":{"type":"Polygon","coordinates":[[[-6.8,58.2],[-6.85,58.25],[-6.87,58.21],[-6.8,58.2]]]},"properties":{"NAME":null,"SUBJECTO":null,"PARTOF":null}},
{"type":"Feature","geometry":{"type":"Polygon","coordinates":[[[-6.2,58.36],[-7.03,58.24],[-6.47,57.94],[-6.2,58.36]]]},"properties":{"NAME":null,"SUBJECTO":null,"PARTOF":null}},
{"type":"Feature","geometry":{"type":"Polygon","coordinates":[[[-2.92,58.73],[-2.9,58.84],[-3.04,58.82],[-2.92,58.73]]]},"properties":{"NAME":null,"SUBJECTO":null,"PARTOF":null}},
{"type":"Feature","geometry":{"type":"Polygon","coordinates":[[[-3.23,58.78],[-3.34,58.93],[-3.43,58.87],[-3.23,58.78]]]},"properties":{"NAME":null,"SUBJECTO":null,"PARTOF":null}},
{"type":"Feature","geometry":{"type":"Polygon","coordinates":[[[-2.79,58.95],[-3.35,59.11],[-3.19,58.91],[-2.79,58.95]]]},"properties":{"NAME":null,"SUBJECTO":null,"PARTOF":null}},
{"type":"Feature","geometry":{"type":"Polygon","coordinates":[[[-2.68,59.2],[-2.39,59.28],[-2.59,59.29],[-2.68,59.2]]]},"properties":{"NAME":null,"SUBJECTO":null,"PARTOF":null}},
{"type":"Feature","geometry":{"type":"Polygon","coordinates":[[[-2.89,59.3],[-3.07,59.32],[-3,59.26],[-2.89,59.3]]]},"properties":{"NAME":null,"SUBJECTO":null,"PARTOF":null}},
{"type":"Feature","geometry":{"type":"Polygon","coordinates":[[[-1.3,60.49],[-1.26,59.86],[-1.04,60.45],[-1.3,60.49]]]},"properties":{"NAME":null,"SUBJECTO":null,"PARTOF":null}},
{"type":"Feature","geometry":{"type":"Polygon","coordinates":[[[-1.03,60.5],[-1,60.72],[-1.18,60.64],[-1.03,60.5]]]},"properties":{"NAME":null,"SUBJECTO":null,"PARTOF":null}},
{"type":"Feature","geometry":{"type":"Polygon","coordinates":[[[-0.82,60.69],[-0.88,60.84],[-0.97,60.69],[-0.82,60.69]]]},"properties":{"NAME":null,"SUBJECTO":null,"PARTOF":null}},
{"type":"Feature","geometry":{"type":"Polygon","coordinates":[[[-6.71,61.94],[-7.19,62.31],[-7.23,62.17],[-6.71,61.94]]]},"properties":{"NAME":null,"SUBJECTO":null,"PARTOF":null}},
{"type":"Feature","geometry":{"type":"Polygon","coordinates":[[[-4.78,54.06],[-4.39,54.19],[-4.37,54.42],[-4.78,54.06]]]},"properties":{"NAME":null,"SUBJECTO":null,"PARTOF":null}},
{"type":"Feature","geometry":{"type":"Polygon","coordinates":[[[14.47,-23.54],[14.91,-25.02],[14.84,-25.62],[15.45,-27.62],[16.79,-29.14],[18.18,-31.81],[18.23,-32.9],[17.87,-32.99],[18.46,-33.83],[18.29,-34.25],[19.18,-34.42],[19.88,-34.99],[20.26,-34.62],[21.67,-34.51],[22.68,-34.1],[24.43,-34.33],[25.62,-33.92],[26.66,-33.85],[28.92,-32.3],[30.39,-30.81],[31.56,-29.21],[32.23,-28.74],[32.85,-26.98],[32.16,-27.01],[31.33,-27.41],[30.81,-26.75],[31.36,-25.82],[32.01,-26.08],[31.91,-24.34],[31.28,-22.56],[29.23,-22.19],[28.22,-22.71],[26.96,-23.77],[26.81,-24.36],[25.86,-24.87],[25.61,-25.62],[24.48,-25.9],[22.94,-25.45],[22.17,-26.56],[21.53,-26.92],[20.61,-26.91],[20.74,-26.1],[20.4,-25.33],[19.84,-24.94],[19.89,-22.11],[20.92,-22.06],[20.95,-18.4],[23.29,-18.11],[23.57,-18.46],[24.11,-18.03],[25,-17.81],[24.06,-17.5],[23.23,-17.66],[21.46,-18.02],[19.05,-17.89],[18.45,-17.51],[13.78,-17.38],[13.01,-17.03],[11.78,-17.34],[12.08,-18.49],[12.93,-19.74],[13.8,-21.44],[14.52,-22.47],[14.97,-22.49],[14.94,-23.48],[14.47,-23.54]],[[27.85,-30.79],[27.07,-29.8],[27.74,-29.07],[28.62,-28.72],[29.44,-29.43],[28.99,-30.14],[27.85,-30.79]]]},"properties":{"NAME":"Union of South Africa","SUBJECTO":"Union of South Africa","PARTOF":"Union of South Africa"}},
{"type":"Feature","geometry":{"type":"Polygon","coordinates":[[[13.67,54.57],[13.12,54.33],[13.39,54.22],[13.67,54.57]]]},"properties":{"NAME":null,"SUBJECTO":null,"PARTOF":null}},
{"type":"Feature","geometry":{"type":"Polygon","coordinates":[[[23.21,58.45],[21.83,58.51],[22.19,58.16],[23.21,58.45]]]},"properties":{"NAME":null,"SUBJECTO":null,"PARTOF":null}},
{"type":"Feature","geometry":{"type":"Polygon","coordinates":[[[22.95,58.84],[22.58,59.07],[22.48,58.7],[22.95,58.84]]]},"properties":{"NAME":null,"SUBJECTO":null,"PARTOF":null}},
{"type":"Feature","geometry":{"type":"Polygon","coordinates":[[[20.12,60.08],[20,60.05],[20.2,59.98],[20.12,60.08]]]},"properties":{"NAME":null,"SUBJECTO":null,"PARTOF":null}},
{"type":"Feature","geometry":{"type":"Polygon","coordinates":[[[20.3,60.12],[20.22,60.14],[20.26,60.05],[20.3,60.12]]]},"properties":{"NAME":null,"SUBJECTO":null,"PARTOF":null}},
{"type":"Feature","geometry":{"type":"Polygon","coordinates":[[[19.57,60.25],[19.54,60.13],[19.67,60.15],[19.57,60.25]]]},"properties":{"NAME":null,"SUBJECTO":null,"PARTOF":null}},
{"type":"Feature","geometry":{"type":"Polygon","coordinates":[[[20.07,60.3],[19.91,60.4],[19.77,60.08],[20.07,60.3]]]},"properties":{"NAME":null,"SUBJECTO":null,"PARTOF":null}},
{"type":"Feature","geometry":{"type":"Polygon","coordinates":[[[20.44,60.25],[20.37,60.27],[20.39,60.19],[20.44,60.25]]]},"properties":{"NAME":null,"SUBJECTO":null,"PARTOF":null}},
{"type":"Feature","geometry":{"type":"Polygon","coordinates":[[[159.95,-19.11],[159.93,-19.32],[159.97,-19.31],[159.95,-19.11]]]},"properties":{"NAME":null,"SUBJECTO":null,"PARTOF":null}},
{"type":"Feature","geometry":{"type":"Polygon","coordinates":[[[154.11,-11.44],[154.3,-11.39],[154.09,-11.31],[154.11,-11.44]]]},"properties":{"NAME":null,"SUBJECTO":null,"PARTOF":null}},
{"type":"Feature","geometry":{"type":"Polygon","coordinates":[[[160.38,-11.78],[160.44,-11.68],[160,-11.47],[160.38,-11.78]]]},"properties":{"NAME":null,"SUBJECTO":null,"PARTOF":null}},
{"type":"Feature","geometry":{"type":"Polygon","coordinates":[[[162.05,-10.48],[161.44,-10.22],[161.78,-10.72],[162.05,-10.48]]]},"properties":{"NAME":null,"SUBJECTO":null,"PARTOF":null}},
{"type":"Feature","geometry":{"type":"Polygon","coordinates":[[[161.75,-10.22],[161.71,-10.22],[161.75,-10.29],[161.75,-10.22]]]},"properties":{"NAME":null,"SUBJECTO":null,"PARTOF":null}},
{"type":"Feature","geometry":{"type":"Polygon","coordinates":[[[161.97,-9.69],[161.93,-9.71],[161.96,-9.85],[161.97,-9.69]]]},"properties":{"NAME":null,"SUBJECTO":null,"PARTOF":null}},
{"type":"Feature","geometry":{"type":"Polygon","coordinates":[[[160.58,-9.55],[159.62,-9.54],[160.83,-9.86],[160.58,-9.55]]]},"properties":{"NAME":null,"SUBJECTO":null,"PARTOF":null}},
{"type":"Feature","geometry":{"type":"Polygon","coordinates":[[[161.39,-9.66],[161.57,-9.77],[161.41,-9.39],[161.39,-9.66]]]},"properties":{"NAME":null,"SUBJECTO":null,"PARTOF":null}},
{"type":"Feature","geometry":{"type":"Polygon","coordinates":[[[159.85,-9.14],[159.81,-9.11],[159.82,-9.17],[159.85,-9.14]]]},"properties":{"NAME":null,"SUBJECTO":null,"PARTOF":null}},
{"type":"Feature","geometry":{"type":"Polygon","coordinates":[[[160.24,-9.2],[160.41,-9.13],[160.33,-9.06],[160.24,-9.2]]]},"properties":{"NAME":null,"SUBJECTO":null,"PARTOF":null}},
{"type":"Feature","geometry":{"type":"Polygon","coordinates":[[[159.22,-9.12],[159.23,-9.03],[159.17,-9.1],[159.22,-9.12]]]},"properties":{"NAME":null,"SUBJECTO":null,"PARTOF":null}},
{"type":"Feature","geometry":{"type":"Polygon","coordinates":[[[160.13,-9.1],[160.26,-9.13],[160.19,-9],[160.13,-9.1]]]},"properties":{"NAME":null,"SUBJECTO":null,"PARTOF":null}},
{"type":"Feature","geometry":{"type":"Polygon","coordinates":[[[159.19,-9.03],[159.1,-9],[159.1,-9.12],[159.19,-9.03]]]},"properties":{"NAME":null,"SUBJECTO":null,"PARTOF":null}},
{"type":"Feature","geometry":{"type":"Polygon","coordinates":[[[160.11,-8.97],[160.07,-8.95],[160.07,-9.02],[160.11,-8.97]]]},"properties":{"NAME":null,"SUBJECTO":null,"PARTOF":null}},
{"type":"Feature","geometry":{"type":"Polygon","coordinates":[[[156.84,-8.09],[156.78,-8.05],[156.83,-8.12],[156.84,-8.09]]]},"properties":{"NAME":null,"SUBJECTO":null,"PARTOF":null}},
{"type":"Feature","geometry":{"type":"Polygon","coordinates":[[[156.56,-7.95],[156.53,-8.1],[156.62,-8.16],[156.56,-7.95]]]},"properties":{"NAME":null,"SUBJECTO":null,"PARTOF":null}},
{"type":"Feature","geometry":{"type":"Polygon","coordinates":[[[161.16,-8.96],[160.57,-8.35],[160.81,-9.06],[161.16,-8.96]]]},"properties":{"NAME":null,"SUBJECTO":null,"PARTOF":null}},
{"type":"Feature","geometry":{"type":"Polygon","coordinates":[[[158.25,-8.81],[158.21,-8.68],[158.15,-8.77],[158.25,-8.81]]]},"properties":{"NAME":null,"SUBJECTO":null,"PARTOF":null}},
{"type":"Feature","geometry":{"type":"Polygon","coordinates":[[[157.53,-8.77],[157.65,-8.79],[157.56,-8.69],[157.53,-8.77]]]},"properties":{"NAME":null,"SUBJECTO":null,"PARTOF":null}},
{"type":"Feature","geometry":{"type":"Polygon","coordinates":[[[157.99,-8.51],[157.87,-8.68],[158.04,-8.76],[157.99,-8.51]]]},"properties":{"NAME":null,"SUBJECTO":null,"PARTOF":null}},
{"type":"Feature","geometry":{"type":"Polygon","coordinates":[[[157.33,-8.65],[157.36,-8.41],[157.2,-8.59],[157.33,-8.65]]]},"properties":{"NAME":null,"SUBJECTO":null,"PARTOF":null}},
{"type":"Feature","geometry":{"type":"Polygon","coordinates":[[[159.57,-8.38],[159.55,-8.48],[159.68,-8.55],[159.57,-8.38]]]},"properties":{"NAME":null,"SUBJECTO":null,"PARTOF":null}},
{"type":"Feature","geometry":{"type":"Polygon","coordinates":[[[157.91,-8.48],[157.42,-7.99],[157.24,-8.31],[157.53,-8.26],[157.91,-8.48]]]},"properties":{"NAME":null,"SUBJECTO":null,"PARTOF":null}},
{"type":"Feature","geometry":{"type":"Polygon","coordinates":[[[157.13,-8.26],[157.02,-8.21],[157.15,-8.34],[157.13,-8.26]]]},"properties":{"NAME":null,"SUBJECTO":null,"PARTOF":null}},
{"type":"Feature","geometry":{"type":"Polygon","coordinates":[[[157.2,-8.2],[157.09,-8.17],[157.19,-8.27],[157.2,-8.2]]]},"properties":{"NAME":null,"SUBJECTO":null,"PARTOF":null}},
{"type":"Feature","geometry":{"type":"Polygon","coordinates":[[[159.81,-8.53],[158.76,-7.62],[158.57,-7.73],[159.81,-8.53]]]},"properties":{"NAME":null,"SUBJECTO":null,"PARTOF":null}},
{"type":"Feature","geometry":{"type":"Polygon","coordinates":[[[156.98,-7.9],[157.03,-8.12],[157.2,-8.06],[156.98,-7.9]]]},"properties":{"NAME":null,"SUBJECTO":null,"PARTOF":null}},
{"type":"Feature","geometry":{"type":"Polygon","coordinates":[[[158.46,-7.6],[158.36,-7.64],[158.53,-7.65],[158.46,-7.6]]]},"properties":{"NAME":null,"SUBJECTO":null,"PARTOF":null}},
{"type":"Feature","geometry":{"type":"Polygon","coordinates":[[[156.51,-7.61],[156.7,-7.95],[156.81,-7.72],[156.51,-7.61]]]},"properties":{"NAME":null,"SUBJECTO":null,"PARTOF":null}},
{"type":"Feature","geometry":{"type":"Polygon","coordinates":[[[155.59,-7.33],[155.52,-7.39],[155.61,-7.37],[155.59,-7.33]]]},"properties":{"NAME":null,"SUBJECTO":null,"PARTOF":null}},
{"type":"Feature","geometry":{"type":"Polygon","coordinates":[[[155.67,-7.09],[155.86,-7.1],[155.73,-6.97],[155.67,-7.09]]]},"properties":{"NAME":null,"SUBJECTO":null,"PARTOF":null}},
{"type":"Feature","geometry":{"type":"Polygon","coordinates":[[[157.54,-7.36],[156.49,-6.6],[156.94,-7.22],[157.54,-7.36]]]},"properties":{"NAME":null,"SUBJECTO":null,"PARTOF":null}},
{"type":"Feature","geometry":{"type":"Polygon","coordinates":[[[156.11,-6.92],[156.04,-6.86],[156.09,-6.99],[156.11,-6.92]]]},"properties":{"NAME":null,"SUBJECTO":null,"PARTOF":null}},
{"type":"Feature","geometry":{"type":"Polygon","coordinates":[[[155.4,-6],[154.75,-5.52],[155.34,-6.74],[155.94,-6.79],[155.4,-6]]]},"properties":{"NAME":null,"SUBJECTO":null,"PARTOF":null}},
{"type":"Feature","geometry":{"type":"Polygon","coordinates":[[[154.62,-5.02],[154.64,-5.46],[154.73,-5.2],[154.62,-5.02]]]},"properties":{"NAME":null,"SUBJECTO":null,"PARTOF":null}},
{"type":"Feature","geometry":{"type":"Polygon","coordinates":[[[158.43,-7.52],[158.27,-7.47],[158.42,-7.56],[158.43,-7.52]]]},"properties":{"NAME":null,"SUBJECTO":null,"PARTOF":null}},
{"type":"Feature","geometry":{"type":"Polygon","coordinates":[[[157.77,-7.41],[157.68,-7.42],[157.71,-7.48],[157.77,-7.41]]]},"properties":{"NAME":null,"SUBJECTO":null,"PARTOF":null}},
{"type":"Feature","geometry":{"type":"Polygon","coordinates":[[[154.79,-3.43],[154.82,-3.53],[154.83,-3.48],[154.79,-3.43]]]},"properties":{"NAME":null,"SUBJECTO":null,"PARTOF":null}},
{"type":"Feature","geometry":{"type":"Polygon","coordinates":[[[166.97,-14.95],[166.52,-14.82],[166.76,-15.64],[167.24,-15.52],[166.97,-14.95]]]},"properties":{"NAME":"New Hebrides","SUBJECTO":"France","PARTOF":"New Hebrides"}},
{"type":"Feature","geometry":{"type":"Polygon","coordinates":[[[164.57,-20.37],[164.02,-20.09],[164.38,-20.78],[165.29,-21.58],[166.93,-22.4],[166.95,-22.1],[165.63,-21.28],[164.57,-20.37]]]},"properties":{"NAME":"New Caledonia","SUBJECTO":"France","PARTOF":"New Caledonia"}},
{"type":"Feature","geometry":{"type":"Polygon","coordinates":[[[134.39,7.19],[134.35,7.17],[134.4,7.15],[134.39,7.19]]]},"properties":{"NAME":null,"SUBJECTO":null,"PARTOF":null}},
{"type":"Feature","geometry":{"type":"Polygon","coordinates":[[[134.45,7.25],[134.35,7.27],[134.38,7.22],[134.45,7.25]]]},"properties":{"NAME":null,"SUBJECTO":null,"PARTOF":null}},
{"type":"Feature","geometry":{"type":"Polygon","coordinates":[[[134.47,7.35],[134.51,7.31],[134.51,7.34],[134.47,7.35]]]},"properties":{"NAME":null,"SUBJECTO":null,"PARTOF":null}},
{"type":"Feature","geometry":{"type":"Polygon","coordinates":[[[163.02,5.38],[162.91,5.31],[163,5.26],[163.02,5.38]]]},"properties":{"NAME":null,"SUBJECTO":null,"PARTOF":null}},
{"type":"Feature","geometry":{"type":"Polygon","coordinates":[[[158.19,6.98],[158.16,6.82],[158.3,6.79],[158.19,6.98]]]},"properties":{"NAME":null,"SUBJECTO":null,"PARTOF":null}},
{"type":"Feature","geometry":{"type":"Polygon","coordinates":[[[151.65,7.34],[151.61,7.4],[151.57,7.34],[151.65,7.34]]]},"properties":{"NAME":null,"SUBJECTO":null,"PARTOF":null}},
{"type":"Feature","geometry":{"type":"Polygon","coordinates":[[[151.86,7.42],[151.91,7.46],[151.87,7.46],[151.86,7.42]]]},"properties":{"NAME":null,"SUBJECTO":null,"PARTOF":null}},
{"type":"Feature","geometry":{"type":"Polygon","coordinates":[[[134.63,7.63],[134.49,7.44],[134.56,7.37],[134.63,7.63]]]},"properties":{"NAME":null,"SUBJECTO":null,"PARTOF":null}},
{"type":"Feature","geometry":{"type":"Polygon","coordinates":[[[138.06,9.44],[138.22,9.54],[138.13,9.57],[138.06,9.44]]]},"properties":{"NAME":null,"SUBJECTO":null,"PARTOF":null}},
{"type":"Feature","geometry":{"type":"Polygon","coordinates":[[[144.73,13.49],[144.76,13.29],[144.95,13.58],[144.73,13.49]]]},"properties":{"NAME":"Guam","SUBJECTO":"United States","PARTOF":"Guam"}},
{"type":"Feature","geometry":{"type":"Polygon","coordinates":[[[166.66,19.28],[166.66,19.31],[166.61,19.31],[166.66,19.28]]]},"properties":{"NAME":null,"SUBJECTO":null,"PARTOF":null}},
{"type":"Feature","geometry":{"type":"MultiPolygon","coordinates":[[[[139.2,37.92],[138.32,37.21],[137.05,36.67],[137.31,37.43],[136.64,37.17],[136.67,36.67],[135.36,35.32],[135.16,35.65],[133.01,35.25],[132.66,35.38],[130.78,33.97],[131.99,33.8],[132.48,34.13],[134.43,34.63],[135.32,34.47],[135.06,33.69],[135.76,33.34],[136.2,34],[137.25,34.48],[138.15,34.53],[138.68,34.99],[140,35.5],[139.83,34.84],[140.83,35.68],[140.56,35.97],[140.96,36.96],[140.87,37.92],[141.5,38.42],[142,39.67],[141.47,40.51],[141.44,41.27],[140.77,41.26],[139.92,40.57],[140.03,39.48],[139.2,37.92]]],[[[134.54,34.01],[133.81,34.18],[132.78,33.91],[132.12,33.35],[132.7,32.55],[133.52,33.39],[134,33.15],[134.54,34.01]]],[[[130.44,32.28],[130.06,31.97],[130.23,31.03],[130.58,31.53],[130.74,30.89],[131.32,31.51],[131.83,32.69],[131.67,33.31],[130.86,33.68],[129.34,33.15],[130.44,32.28]]],[[[140.6,43.33],[139.71,42.48],[140.11,41.27],[141.16,41.75],[140.25,42.23],[141.93,42.5],[143.21,41.93],[143.85,42.77],[145.45,43.17],[145.06,43.79],[143.51,44.16],[141.88,45.44],[141.52,45.18],[141.71,43.91],[141.3,43.19],[140.6,43.33]]],[[[142.08,50.01],[141.74,48.81],[142.04,47.96],[141.62,46.56],[141.9,45.91],[142.33,46.56],[143.44,46.57],[142.49,47.9],[142.85,49.13],[143.6,49.23],[144.54,48.75],[143.75,50.02],[142.08,50.01]]],[[[122,25],[121,25],[120.12,23.63],[120.06,23.15],[120.7,21.95],[121.45,23.33],[122,25]]],[[[119.34,39.79],[120.27,40.15],[121.01,40.85],[122.11,40.35],[121.24,39.55],[121.66,39.33],[121.07,38.75],[123.04,39.67],[124.1,39.88],[125.3,39.36],[125.27,38.57],[124.69,38.14],[125.27,37.48],[126.53,37.68],[126.86,37.26],[126.29,36.79],[126.79,35.89],[126.29,34.59],[127.64,34.62],[128.57,35.17],[129.14,35.11],[129.39,36.04],[129.34,37.26],[128.64,38.12],[127.28,39.22],[127.67,39.87],[129.48,40.68],[129.64,41.66],[130.44,42.28],[130.23,42.65],[131.14,43.23],[130.99,44.82],[131.74,45.26],[132.78,44.99],[133.38,45.65],[134.17,47.33],[134.72,47.69],[134.11,48.25],[132.27,47.78],[130.92,47.73],[130.48,48.9],[127.71,49.7],[126.19,52.52],[125.51,53.16],[123.35,53.51],[121.19,53.32],[119.94,52.59],[120.75,52.01],[119.18,50.7],[119.29,50.12],[117.49,49.59],[116.76,49.93],[115.6,48.1],[115.72,47.73],[117.91,48.05],[118.77,47.86],[119.77,46.75],[119.71,46.72],[119.86,45.6],[119.53,44.61],[119.86,44.15],[120.58,44.48],[121.77,44.15],[121.31,42.64],[120.45,41.58],[119.66,41.05],[119.34,39.79]]]]},"properties":{"NAME":"Empire of Japan","SUBJECTO":"Empire of Japan","PARTOF":"Empire of Japan"}},
{"type":"Feature","geometry":{"type":"Polygon","coordinates":[[[172.93,1.93],[172.98,1.86],[172.98,1.89],[172.93,1.93]]]},"properties":{"NAME":"Gilbert and Ellice Islands","SUBJECTO":"United Kingdom","PARTOF":"Gilbert and Ellice Islands"}},
{"type":"Feature","geometry":{"type":"Polygon","coordinates":[[[145.8,15.27],[145.68,15.12],[145.74,15.09],[145.8,15.27]]]},"properties":{"NAME":"Saipan","SUBJECTO":"Empire of Japan","PARTOF":"Saipan"}},
{"type":"Feature","geometry":{"type":"Polygon","coordinates":[[[-170.75,-14.37],[-170.57,-14.25],[-170.83,-14.33],[-170.75,-14.37]]]},"properties":{"NAME":"American Samoa","SUBJECTO":"American Samoa","PARTOF":"American Samoa"}},
{"type":"Feature","geometry":{"type":"MultiPolygon","coordinates":[[[[178.69,-18.03],[178.17,-17.34],[177.39,-17.63],[177.33,-18.12],[178.69,-18.03]]],[[[179.9,-16.24],[180,-16.17],[180,-16.15],[178.48,-16.76],[178.69,-16.99],[179.95,-16.74],[179.9,-16.24]]]]},"properties":{"NAME":"Fiji","SUBJECTO":"Fiji","PARTOF":"Fiji"}},
{"type":"Feature","geometry":{"type":"Polygon","coordinates":[[[-169.89,-19.15],[-169.78,-19.06],[-169.88,-18.96],[-169.89,-19.15]]]},"properties":{"NAME":"Niue","SUBJECTO":"Niue","PARTOF":"Niue"}},
{"type":"Feature","geometry":{"type":"Polygon","coordinates":[[[-175.12,-21.13],[-175.36,-21.1],[-175.12,-21.26],[-175.12,-21.13]]]},"properties":{"NAME":"Tonga","SUBJECTO":"Tonga","PARTOF":"Tonga"}},
{"type":"Feature","geometry":{"type":"Polygon","coordinates":[[[-178.04,-14.32],[-178.19,-14.23],[-178.13,-14.32],[-178.04,-14.32]]]},"properties":{"NAME":"Wallis and Futuna Islands","SUBJECTO":"Wallis and Futuna Islands","PARTOF":"Wallis and Futuna Islands"}},
{"type":"Feature","geometry":{"type":"Polygon","coordinates":[[[-172.29,-13.49],[-172.78,-13.54],[-172.21,-13.81],[-172.29,-13.49]]]},"properties":{"NAME":"Samoa","SUBJECTO":"Samoa","PARTOF":"Samoa"}},
{"type":"Feature","geometry":{"type":"Polygon","coordinates":[[[-109.24,-27.13],[-109.37,-27.06],[-109.45,-27.19],[-109.24,-27.13]]]},"properties":{"NAME":"Rapa Nui","SUBJECTO":"Chile","PARTOF":"Rapa Nui"}},
{"type":"Feature","geometry":{"type":"Polygon","coordinates":[[[114.03,22.51],[114.13,22.17],[114.41,22.44],[114.03,22.51]]]},"properties":{"NAME":"Hong Kong","SUBJECTO":"United Kingdom","PARTOF":null}},
{"type":"Feature","geometry":{"type":"Polygon","coordinates":[[[1.72,42.51],[1.48,42.65],[1.45,42.6],[1.72,42.5],[1.72,42.51]]]},"properties":{"NAME":"Andorra","SUBJECTO":"Andorra","PARTOF":"Andorra"}}
]}