{"type":"FeatureCollection", "features": [
{"type":"Feature","geometry":{"type":"Polygon","coordinates":[[[33.78,35.21],[34.46,35.64],[32.14,35.04],[32.6,34.61],[33.78,35.21]]]},"properties":{"NAME":"Cyprus","SUBJECTO":"Cyprus","PARTOF":"Cyprus"}},
{"type":"Feature","geometry":{"type":"MultiPolygon","coordinates":[[[[136.81,37.31],[136.67,36.67],[135.36,35.32],[135.16,35.65],[133.01,35.25],[132.66,35.38],[130.78,33.97],[131.99,33.8],[134.43,34.63],[135.32,34.47],[135.06,33.69],[135.76,33.34],[136.2,34],[138.15,34.53],[140,35.5],[139.83,34.84],[140.83,35.68],[140.56,35.97],[140.96,36.96],[140.87,37.92],[141.5,38.42],[142,39.67],[141.44,41.27],[140.77,41.26],[139.92,40.57],[140.03,39.48],[139.2,37.92],[138.32,37.21],[137.05,36.67],[136.81,37.31]]],[[[132.57,32.64],[133.52,33.39],[134,33.15],[134.54,34.01],[132.78,33.91],[132.12,33.35],[132.57,32.64]]],[[[130.58,30.91],[131.32,31.51],[131.83,32.69],[131.67,33.31],[130.86,33.68],[129.34,33.15],[130.5,32.56],[130.06,31.97],[130.58,30.91]]],[[[140.01,41.38],[141.16,41.75],[140.25,42.23],[141.93,42.5],[143.21,41.93],[143.85,42.77],[145.45,43.17],[145.36,43.33],[145.15,43.6],[145.06,43.79],[145.14,44.18],[144.61,43.84],[143.51,44.16],[143.02,44.46],[142.54,44.84],[142.13,45.21],[141.9,45.4],[141.57,44.97],[141.75,44.63],[141.74,44.25],[141.71,43.91],[141.3,43.19],[140.9,43.13],[140.6,43.33],[140.5,43.32],[140.52,43.06],[140.5,42.9],[139.71,42.48],[139.78,42.11],[140.1,41.95],[140.12,41.79],[140.01,41.38]]]]},"properties":{"NAME":"Japan","SUBJECTO":"Japan","PARTOF":"Japan"}},
{"type":"Feature","geometry":{"type":"Polygon","coordinates":[[[120.62,21.93],[120.72,21.99],[120.78,22.34],[121.33,23.4],[121.59,24.65],[121.78,24.9],[121.43,25.13],[120.86,24.81],[120.27,23.98],[120.02,23.62],[119.96,23.09],[120.11,22.64],[120.62,21.93]]]},"properties":{"NAME":"Taiwan","SUBJECTO":"Taiwan","PARTOF":"Taiwan"}},
{"type":"Feature","geometry":{"type":"Polygon","coordinates":[[[-82.18,22.37],[-79.73,21.67],[-78.73,21.62],[-78.45,20.97],[-77.29,20.7],[-77.66,19.9],[-75.52,19.91],[-74.17,20.19],[-75.6,21.01],[-77.34,21.51],[-78.17,22.12],[-79.76,22.76],[-81.43,23.14],[-82.96,23.03],[-84.26,22.54],[-84.21,21.83],[-82.85,22.64],[-82.18,22.37]]]},"properties":{"NAME":null,"SUBJECTO":null,"PARTOF":null}},
{"type":"Feature","geometry":{"type":"Polygon","coordinates":[[[-61.69,17.02],[-61.83,17.16],[-61.89,17.03],[-61.69,17.02]]]},"properties":{"NAME":null,"SUBJECTO":null,"PARTOF":null}},
{"type":"Feature","geometry":{"type":"Polygon","coordinates":[[[-71.55,19.9],[-73.47,19.84],[-72.77,19.53],[-72.75,18.51],[-74.3,18.7],[-73.47,18.32],[-71.98,18.26],[-71.4,17.7],[-71.06,18.35],[-68.37,18.58],[-69.99,19.68],[-71.55,19.9]]]},"properties":{"NAME":null,"SUBJECTO":null,"PARTOF":null}},
{"type":"Feature","geometry":{"type":"MultiPolygon","coordinates":[[[[120.36,14.53],[121.29,14.34],[120.51,14.11],[121.01,13.66],[121.62,13.9],[122.39,13.3],[122.49,13.88],[123.24,13.03],[123.82,12.98],[122.67,14.27],[121.73,14.11],[121.24,15.31],[122.4,17.11],[122.05,18.45],[120.56,18.43],[120.2,16.04],[119.76,16.36],[119.77,15.47],[120.36,14.53]]],[[[121.09,12.2],[121.3,13.13],[120.34,13.39],[121.09,12.2]]],[[[125.32,11.12],[125.25,12.29],[124.26,12.42],[125.32,11.12]]],[[[121.87,10.47],[122.9,11.15],[121.99,11.76],[121.87,10.47]]],[[[118.86,10.02],[119.56,10.5],[119.21,11.13],[118.86,10.02]]],[[[122.94,9.05],[123.31,10.74],[122.92,10.85],[122.4,9.48],[122.94,9.05]]],[[[117.27,8.45],[118.5,9.48],[118.51,9.92],[117.54,9.05],[117.27,8.45]]],[[[126.05,6.61],[126.32,7.15],[126.27,8.43],[125.43,9.78],[125.46,9.05],[123.66,8.01],[123.49,8.5],[122.09,7.78],[121.99,6.87],[122.46,7.69],[123.46,7.79],[124.07,7.26],[123.97,6.34],[124.8,5.79],[125.53,5.94],[125.28,6.59],[125.61,7.24],[126.05,6.61]]]]},"properties":{"NAME":"Philippines","SUBJECTO":"Philippines","PARTOF":"Philippines"}},
{"type":"Feature","geometry":{"type":"Polygon","coordinates":[[[-67.15,17.99],[-65.97,18.03],[-65.78,18.4],[-67.21,18.44],[-67.16,18.33],[-67.15,17.99]]]},"properties":{"NAME":null,"SUBJECTO":null,"PARTOF":null}},
{"type":"Feature","geometry":{"type":"Polygon","coordinates":[[[-77.29,17.81],[-76.43,18.12],[-77.77,18.51],[-78.32,18.35],[-77.29,17.81]]]},"properties":{"NAME":null,"SUBJECTO":null,"PARTOF":null}},
{"type":"Feature","geometry":{"type":"Polygon","coordinates":[[[44.67,-16.24],[43.97,-17.55],[44.59,-19.53],[44.47,-20.17],[43.5,-21.49],[43.29,-22.41],[43.83,-23.41],[43.67,-24.23],[44.04,-24.99],[45.21,-25.66],[46.86,-25.22],[47.26,-24.77],[48.09,-22.04],[49.34,-18.23],[49.42,-17.2],[49.9,-16.46],[49.6,-15.65],[50.19,-15.96],[50.5,-15.31],[49.82,-12.83],[49.18,-12.27],[48.86,-13.25],[46.46,-15.86],[44.67,-16.24]],[[48.01,-17.02],[48.49,-20.04],[47.19,-23.12],[45.53,-23.59],[45.29,-22.65],[46.65,-17.73],[47.48,-16.9],[48.01,-17.02]]]},"properties":{"NAME":"Madagascar","SUBJECTO":"Madagascar","PARTOF":"Madagascar"}},
{"type":"Feature","geometry":{"type":"MultiPolygon","coordinates":[[[[175.31,-37.32],[174.22,-35.34],[172.63,-34.56],[174.76,-37.3],[174.65,-38.98],[173.8,-39.42],[175.35,-40.3],[174.9,-41.3],[175.37,-41.66],[177.16,-39.85],[177.02,-39.45],[178.41,-38.77],[178.57,-37.92],[177.53,-38.2],[176.13,-37.8],[175.84,-37.03],[175.31,-37.32]]],[[[172.06,-43.92],[174.23,-42.01],[174.06,-41.29],[173.26,-41.54],[172.44,-40.75],[172.09,-41.71],[171.46,-41.99],[171.02,-42.89],[168.42,-44.22],[166.55,-45.97],[168.42,-46.65],[169.4,-46.71],[170.61,-45.95],[171.38,-44.34],[172.06,-43.92]]]]},"properties":{"NAME":"Maori","SUBJECTO":"Maori","PARTOF":"Maori"}},
{"type":"Feature","geometry":{"type":"MultiPolygon","coordinates":[[[[19.82,69.37],[18.96,68.29],[18.4,67.23],[18.53,66.43],[18.4,67.23],[19.82,69.37]]],[[[13.28,79.49],[11.28,79.71],[13.06,78.35],[16.66,76.73],[19.12,78.45],[20.91,78.81],[16.33,80.03],[13.28,79.49]]],[[[21.25,79.79],[21,79.19],[23.82,79.15],[27.2,79.94],[19.92,80.63],[18.33,79.88],[21.25,79.79]]],[[[16.06,56.4],[16.03,56.35],[14.65,56.12],[14.13,55.67],[14.65,56.12],[15.77,56.03],[16.03,56.35],[16.06,56.4]]],[[[-22.37,63.77],[-18.64,63.32],[-14.82,64.2],[-13.53,65.18],[-14.82,64.2],[-18.64,63.32],[-22.37,63.77]]]]},"properties":{"NAME":"Denmark-Norway","SUBJECTO":"Denmark-Norway","PARTOF":"Denmark-Norway"}},
{"type":"Feature","geometry":{"type":"MultiPolygon","coordinates":[[[[-6.34,53.94],[-5.66,54.32],[-6.02,55.09],[-8.35,55.1],[-8.59,54.2],[-9.89,54.33],[-10.16,53.37],[-9.31,53.12],[-10.22,51.76],[-9.82,51.43],[-6.41,52.21],[-6.04,52.89],[-6.34,53.94]]],[[[-1.98,55.59],[-3.32,54.89],[-2.91,53.27],[-3.96,53.21],[-4.29,52.2],[-5,51.7],[-3.07,51.18],[-4.28,51.19],[-5.78,50.13],[-5.28,49.96],[-3.52,50.62],[0.19,50.73],[1.36,51.35],[0.25,51.45],[1.51,52.03],[1.38,52.81],[0.01,52.79],[-0.3,54.03],[-1.39,54.68],[-1.98,55.59]]]]},"properties":{"NAME":"England","SUBJECTO":"England","PARTOF":"England"}},
{"type":"Feature","geometry":{"type":"Polygon","coordinates":[[[-3.32,54.89],[-1.98,55.59],[-3.15,56.34],[-2.15,57.57],[-4.15,57.55],[-3.17,58.52],[-5.35,58.09],[-5.06,57.75],[-6.04,56.47],[-5.27,56.54],[-5.57,55.75],[-4.71,56.13],[-5.11,54.79],[-3.32,54.89]]]},"properties":{"NAME":"Scotland","SUBJECTO":"Scotland","PARTOF":"Scottland"}},
{"type":"Feature","geometry":{"type":"Polygon","coordinates":[[[-7.49,37.21],[-6.84,38.1],[-7.39,38.29],[-6.93,38.96],[-6.8,41.09],[-6.14,41.53],[-6.71,41.96],[-8.81,41.89],[-8.69,40.99],[-9.52,38.69],[-8.85,38.5],[-8.99,36.99],[-7.49,37.21]]]},"properties":{"NAME":"Portugal","SUBJECTO":"Portugal","PARTOF":"Portugal"}},
{"type":"Feature","geometry":{"type":"MultiPolygon","coordinates":[[[[149.55,-6.41],[151.8,-5.71],[152.27,-4.78],[151.54,-4.41],[151.59,-4.9],[150.29,-5.71],[149.87,-5.4],[148.42,-5.88],[149.55,-6.41]]],[[[140.95,-9.27],[142.61,-9.38],[143.33,-9],[142.25,-8.31],[143.44,-8.36],[144.38,-7.76],[145.82,-8.1],[146.65,-9.28],[147.87,-10.18],[149.78,-10.41],[150.42,-10.29],[148.59,-9.16],[148.03,-8.25],[147.38,-7.8],[146.91,-6.89],[147.74,-6.74],[147.38,-6.12],[145.59,-5.42],[145.73,-5],[143.45,-3.61],[140.87,-2.79],[140.95,-6.38],[140.95,-9.27]]]]},"properties":{"NAME":"Papua New Guinea","SUBJECTO":"Papua New Guinea","PARTOF":"Papua New Guinea"}},
{"type":"Feature","geometry":{"type":"Polygon","coordinates":[[[-61.11,10.82],[-61.81,10.72],[-61.21,10.12],[-61.11,10.82]]]},"properties":{"NAME":null,"SUBJECTO":null,"PARTOF":null}},
{"type":"Feature","geometry":{"type":"MultiPolygon","coordinates":[[[[-73.11,-72.75],[-70.02,-72.67],[-68.63,-72.05],[-68.4,-71.13],[-70.33,-68.96],[-72.39,-69.26],[-71.8,-69.74],[-72.11,-71.05],[-75.28,-71.67],[-74.35,-72.21],[-72.03,-71.82],[-73.11,-72.75]]],[[[-102.55,-72.13],[-97.14,-72.67],[-95.91,-72.36],[-97.22,-71.82],[-101.16,-71.82],[-102.55,-72.13]]],[[[-55.18,-80.94],[-44.83,-80.32],[-44.21,-78.39],[-48.85,-78.08],[-50.86,-78.7],[-51.71,-79.78],[-53.87,-79.94],[-55.18,-80.94]]],[[[-164.06,-79.36],[-160.43,-79.97],[-158.8,-79.67],[-162.59,-78.82],[-164.06,-79.36]]],[[[169.77,-83.42],[158.14,-80.32],[159.84,-79.16],[166.75,-78.6],[162.33,-76.96],[162.35,-75.11],[165.19,-74.67],[164.62,-74.17],[167.58,-73.48],[168.9,-73.54],[170.73,-71.9],[167.63,-70.87],[160.6,-70.22],[157.31,-69.16],[151.09,-68.89],[150.89,-68.54],[146.88,-68],[145.59,-67.22],[141.16,-66.72],[134.21,-66.18],[130.27,-66.25],[129.01,-67.03],[126.8,-66.88],[126.41,-66.37],[125.13,-66.79],[122.46,-66.65],[118.29,-67.07],[115.68,-66.41],[114.44,-66.49],[113.01,-65.76],[110.61,-66.06],[109.4,-66.71],[102.63,-65.93],[100.88,-66.08],[99.12,-66.89],[95.72,-66.53],[90,-66.61],[88.65,-66.76],[88.3,-66.07],[87.22,-66.99],[85.52,-66.92],[81.81,-67.3],[78.26,-68.38],[76.87,-69.31],[75.4,-69.47],[71.92,-70.55],[69.53,-72.4],[67.36,-71.71],[69.07,-70.59],[67.51,-70.46],[68.95,-69.89],[69.77,-68.64],[69.37,-67.84],[62.81,-67.61],[56.63,-66.94],[57.1,-66.52],[55.14,-65.96],[52.45,-65.99],[50.01,-66.59],[50.27,-67.14],[42.56,-68.11],[39.65,-68.93],[38.33,-70.03],[33.54,-68.54],[32.75,-69.35],[23.71,-70.59],[17.6,-70.08],[12.66,-70.32],[11.11,-70.86],[8.49,-70.08],[0.68,-71.32],[-6.32,-71.42],[-7.2,-70.89],[-8.82,-71.82],[-9.75,-71.05],[-12.33,-71.68],[-11.83,-72.32],[-16.4,-73.44],[-17.09,-73.91],[-14.45,-74.06],[-17.17,-74.76],[-18.4,-75.69],[-23.58,-75.92],[-30.23,-76.84],[-33.16,-77.39],[-36.41,-78.62],[-36.41,-79.16],[-29.57,-79.22],[-28.91,-80.48],[-38.03,-80.94],[-43.83,-81.79],[-52.25,-82.02],[-58.97,-83.18],[-60.21,-82.33],[-67.93,-81.48],[-78.83,-80.01],[-76.43,-79.86],[-77.98,-79.09],[-82.92,-79.16],[-84.16,-78.24],[-79.14,-78.93],[-78.29,-78.31],[-80.76,-78.24],[-80.69,-77.57],[-74.5,-78.08],[-78.6,-76.61],[-77.82,-75.99],[-75.93,-76.48],[-70.56,-76.69],[-64.46,-75.69],[-61.37,-73.91],[-60.83,-72.75],[-61.68,-70.82],[-63.84,-68.65],[-65.15,-68.5],[-65.38,-67.34],[-63.84,-66.49],[-62.76,-66.65],[-61.13,-64.87],[-57.27,-63.71],[-57.43,-63.25],[-64.23,-65.25],[-67.86,-67.57],[-67.08,-68.65],[-68.78,-69.81],[-67.08,-71.82],[-67.63,-72.75],[-75.58,-73.75],[-78.52,-73.72],[-80.99,-73.25],[-81.77,-74.02],[-86.32,-73.25],[-93.97,-73.17],[-96.52,-73.33],[-99.79,-73],[-103.25,-73.56],[-100.05,-75.31],[-105.64,-75.07],[-110.56,-75.3],[-110.43,-74.29],[-113.43,-74.69],[-114.99,-74.45],[-120.17,-74.53],[-128.98,-74.91],[-134.77,-74.64],[-140.57,-75.26],[-149.61,-76.34],[-147.13,-76.53],[-146.15,-77.46],[-149.99,-77.73],[-154.17,-77.12],[-158.03,-77.27],[-158.19,-77.81],[-154.55,-79.12],[-148.6,-79.67],[-145.67,-80.52],[-148.84,-81.37],[-154.48,-81.06],[-152.08,-82.6],[-152,-84.38],[-138.82,-85.01],[-148.76,-85.07],[-156.56,-85.46],[-167.23,-84.76],[-180,-84.32],[-180,-85.32],[-180,-86.32],[-180,-87.32],[-180,-88.32],[-180,-89.32],[-180,-90],[-179.2,-90],[-178.2,-90],[-177.2,-90],[-176.2,-90],[-175.2,-90],[-174.2,-90],[-173.2,-90],[-172.2,-90],[-171.2,-90],[-170.2,-90],[-169.2,-90],[-168.2,-90],[-167.2,-90],[-166.2,-90],[-165.2,-90],[-164.2,-90],[-163.2,-90],[-162.2,-90],[-161.2,-90],[-160.2,-90],[-159.2,-90],[-158.2,-90],[-157.2,-90],[-156.2,-90],[-155.2,-90],[-154.2,-90],[-153.2,-90],[-152.2,-90],[-151.2,-90],[-150.2,-90],[-149.2,-90],[-148.2,-90],[-147.2,-90],[-146.2,-90],[-145.2,-90],[-144.2,-90],[-143.2,-90],[-142.2,-90],[-141.2,-90],[-140.2,-90],[-139.2,-90],[-138.2,-90],[-137.2,-90],[-136.2,-90],[-135.2,-90],[-134.2,-90],[-133.2,-90],[-132.2,-90],[-131.2,-90],[-130.2,-90],[-129.2,-90],[-128.2,-90],[-127.2,-90],[-126.2,-90],[-125.2,-90],[-124.2,-90],[-123.2,-90],[-122.2,-90],[-121.2,-90],[-120.2,-90],[-119.2,-90],[-118.2,-90],[-117.2,-90],[-116.2,-90],[-115.2,-90],[-114.2,-90],[-113.2,-90],[-112.2,-90],[-111.2,-90],[-110.2,-90],[-109.2,-90],[-108.2,-90],[-107.2,-90],[-106.2,-90],[-105.2,-90],[-104.2,-90],[-103.2,-90],[-102.2,-90],[-101.2,-90],[-100.2,-90],[-99.2,-90],[-98.2,-90],[-97.2,-90],[-96.2,-90],[-95.2,-90],[-94.2,-90],[-93.2,-90],[-92.2,-90],[-91.2,-90],[-90,-90],[-89.2,-90],[-88.2,-90],[-87.2,-90],[-86.2,-90],[-85.2,-90],[-84.2,-90],[-83.2,-90],[-82.2,-90],[-81.2,-90],[-80.2,-90],[-79.2,-90],[-78.2,-90],[-77.2,-90],[-76.2,-90],[-75.2,-90],[-74.2,-90],[-73.2,-90],[-72.2,-90],[-71.2,-90],[-70.2,-90],[-69.2,-90],[-68.2,-90],[-67.2,-90],[-66.2,-90],[-65.2,-90],[-64.2,-90],[-63.2,-90],[-62.2,-90],[-61.2,-90],[-60.2,-90],[-59.2,-90],[-58.2,-90],[-57.2,-90],[-56.2,-90],[-55.2,-90],[-54.2,-90],[-53.2,-90],[-52.2,-90],[-51.2,-90],[-50.2,-90],[-49.2,-90],[-48.2,-90],[-47.2,-90],[-46.2,-90],[-45.2,-90],[-44.2,-90],[-43.2,-90],[-42.2,-90],[-41.2,-90],[-40.2,-90],[-39.2,-90],[-38.2,-90],[-37.2,-90],[-36.2,-90],[-35.2,-90],[-34.2,-90],[-33.2,-90],[-32.2,-90],[-31.2,-90],[-30.2,-90],[-29.2,-90],[-28.2,-90],[-27.2,-90],[-26.2,-90],[-25.2,-90],[-24.2,-90],[-23.2,-90],[-22.2,-90],[-21.2,-90],[-20.2,-90],[-19.2,-90],[-18.2,-90],[-17.2,-90],[-16.2,-90],[-15.2,-90],[-14.2,-90],[-13.2,-90],[-12.2,-90],[-11.2,-90],[-10.2,-90],[-9.2,-90],[-8.2,-90],[-7.2,-90],[-6.2,-90],[-5.2,-90],[-4.2,-90],[-3.2,-90],[-2.2,-90],[-1.2,-90],[-0.2,-90],[0.78,-90],[1.78,-90],[2.78,-90],[3.78,-90],[4.78,-90],[5.78,-90],[6.78,-90],[7.78,-90],[8.78,-90],[9.78,-90],[10.78,-90],[11.78,-90],[12.78,-90],[13.78,-90],[14.78,-90],[15.78,-90],[16.78,-90],[17.78,-90],[18.78,-90],[19.78,-90],[20.78,-90],[21.78,-90],[22.78,-90],[23.78,-90],[24.78,-90],[25.78,-90],[26.78,-90],[27.78,-90],[28.78,-90],[29.78,-90],[30.78,-90],[31.78,-90],[32.78,-90],[33.78,-90],[34.78,-90],[35.78,-90],[36.78,-90],[37.78,-90],[38.78,-90],[39.78,-90],[40.78,-90],[41.78,-90],[42.78,-90],[43.78,-90],[44.78,-90],[45.78,-90],[46.78,-90],[47.78,-90],[48.78,-90],[49.78,-90],[50.78,-90],[51.78,-90],[52.78,-90],[53.78,-90],[54.78,-90],[55.78,-90],[56.78,-90],[57.78,-90],[58.78,-90],[59.78,-90],[60.78,-90],[61.78,-90],[62.78,-90],[63.78,-90],[64.78,-90],[65.78,-90],[66.78,-90],[67.78,-90],[68.78,-90],[69.78,-90],[70.78,-90],[71.78,-90],[72.78,-90],[73.78,-90],[74.78,-90],[75.78,-90],[76.78,-90],[77.78,-90],[78.78,-90],[79.78,-90],[80.78,-90],[81.78,-90],[82.78,-90],[83.78,-90],[84.78,-90],[85.78,-90],[86.78,-90],[87.78,-90],[88.78,-90],[89.78,-90],[89.8,-90],[90,-90],[91.78,-90],[92.78,-90],[93.78,-90],[94.78,-90],[95.78,-90],[96.78,-90],[97.78,-90],[98.78,-90],[99.78,-90],[100.78,-90],[101.78,-90],[102.78,-90],[103.78,-90],[104.78,-90],[105.78,-90],[106.78,-90],[107.78,-90],[108.78,-90],[109.78,-90],[110.78,-90],[111.78,-90],[112.78,-90],[113.78,-90],[114.78,-90],[115.78,-90],[116.78,-90],[117.78,-90],[118.78,-90],[119.78,-90],[120.78,-90],[121.78,-90],[122.78,-90],[123.78,-90],[124.78,-90],[125.78,-90],[126.78,-90],[127.78,-90],[128.78,-90],[129.78,-90],[130.78,-90],[131.78,-90],[132.78,-90],[133.78,-90],[134.78,-90],[135.78,-90],[136.78,-90],[137.78,-90],[138.78,-90],[139.78,-90],[140.78,-90],[141.78,-90],[142.78,-90],[143.78,-90],[144.78,-90],[145.78,-90],[146.78,-90],[147.78,-90],[148.78,-90],[149.78,-90],[150.78,-90],[151.78,-90],[152.78,-90],[153.78,-90],[154.78,-90],[155.78,-90],[156.78,-90],[157.78,-90],[158.78,-90],[159.78,-90],[160.78,-90],[161.78,-90],[162.78,-90],[163.78,-90],[164.78,-90],[165.78,-90],[166.78,-90],[167.78,-90],[168.78,-90],[169.78,-90],[170.78,-90],[171.78,-90],[172.78,-90],[173.78,-90],[174.78,-90],[175.78,-90],[176.78,-90],[177.78,-90],[178.78,-90],[180,-90],[180,-89.32],[180,-88.32],[180,-87.32],[180,-86.32],[180,-85.32],[180,-84.34],[172.58,-83.84],[169.77,-83.42]]]]},"properties":{"NAME":null,"SUBJECTO":null,"PARTOF":null}},
{"type":"Feature","geometry":{"type":"Polygon","coordinates":[[[12.38,44.73],[11.17,45.07],[11.2,44.14],[12.02,44.17],[12.3,43.28],[11.96,42.01],[13.76,41.21],[13.41,42.36],[14.08,42.63],[13.6,43.53],[12.7,43.93],[12.38,44.73]]]},"properties":{"NAME":"Papal States","SUBJECTO":"Papal States","PARTOF":"Papal States"}},
{"type":"Feature","geometry":{"type":"Polygon","coordinates":[[[48.01,-17.02],[47.48,-16.9],[46.65,-17.73],[45.29,-22.65],[45.53,-23.59],[47.19,-23.12],[48.49,-20.04],[48.01,-17.02]]]},"properties":{"NAME":"Merina Kingdom","SUBJECTO":"Merina Kingdom","PARTOF":"Expansionist Kingdom of Merina"}},
{"type":"Feature","geometry":null,"properties":{"NAME":null,"SUBJECTO":null,"PARTOF":null}},
{"type":"Feature","geometry":{"type":"Polygon","coordinates":[[[-1.17,10.85],[0.08,11.73],[-0.06,13.29],[-1.69,13.8],[-3.02,13.66],[-3.83,12.7],[-3.17,10.92],[-1.17,10.85]]]},"properties":{"NAME":"Mossi States","SUBJECTO":"Mossi States","PARTOF":"Mossi States"}},
{"type":"Feature","geometry":{"type":"Polygon","coordinates":[[[12.37,-6.26],[13.39,-8.16],[13.08,-9.29],[14.33,-9.37],[14.1,-7.38],[14.99,-7.2],[15.05,-6.01],[14.58,-4.77],[12.37,-6.26]]]},"properties":{"NAME":"Congo","SUBJECTO":"Congo","PARTOF":"Congo"}},
{"type":"Feature","geometry":{"type":"Polygon","coordinates":[[[102.67,12.04],[103.04,10.9],[104.98,9.98],[104.74,8.49],[106.48,9.55],[106.85,10.58],[107.38,12.35],[107.48,13.26],[105.02,13.41],[103.66,12.85],[102.67,12.04]]]},"properties":{"NAME":"Cambodia","SUBJECTO":"Cambodia","PARTOF":"Cambodia"}},
{"type":"Feature","geometry":{"type":"Polygon","coordinates":[[[7.4,43.76],[6.92,43.82],[6.94,44.87],[5.82,45.4],[5.53,46.1],[5.96,47.99],[5.91,49.2],[5.36,49.7],[1.83,50.24],[1.8,50.92],[1.55,50.23],[-0.24,49.29],[-1.94,49.71],[-1.75,48.18],[-2.58,47.32],[-1.08,46.01],[-1.56,43.52],[-1.91,43.31],[-0.91,42.88],[1.73,42.5],[3,42.77],[4.08,43.49],[5.83,43.02],[7.4,43.76]]]},"properties":{"NAME":"France","SUBJECTO":"France","PARTOF":"France"}},
{"type":"Feature","geometry":{"type":"MultiPolygon","coordinates":[[[[16.64,43.39],[16.7,43.85],[15.49,43.89],[16.64,43.39]]],[[[13.37,45.69],[13.71,46.84],[12.07,46.93],[11.17,45.74],[10.52,45.74],[10.56,46.72],[9.54,46.31],[10,45.4],[11.17,45.07],[12.38,44.73],[12.18,45.21],[13.37,45.69]]],[[[13.67,45.71],[13.9,44.76],[14.35,45.32],[13.67,45.71]]]]},"properties":{"NAME":"Venice","SUBJECTO":"Venice","PARTOF":"Venice"}},
{"type":"Feature","geometry":{"type":"Polygon","coordinates":[[[40.4,-11.23],[40.62,-10.77],[39.66,-9.8],[39.27,-7.8],[39.57,-7.04],[38.92,-6.34],[39.27,-4.78],[40.92,-2.08],[41.61,-1.59],[42.44,-0.51],[44.3,1.29],[42.79,1.32],[39.42,-1.38],[37.73,-4.58],[38.24,-9.29],[39.25,-11.14],[40.4,-11.23]]]},"properties":{"NAME":"Islamic city-states","SUBJECTO":"Islamic city-states","PARTOF":"Islamic city-states"}},
{"type":"Feature","geometry":{"type":"Polygon","coordinates":[[[109.43,18.1],[110.26,18.63],[110.89,19.71],[110.62,20.02],[109.55,19.91],[108.58,19.19],[108.65,18.48],[109.43,18.1]]]},"properties":{"NAME":null,"SUBJECTO":null,"PARTOF":null}},
{"type":"Feature","geometry":{"type":"Polygon","coordinates":[[[52.61,72.74],[51.48,71.84],[54.31,71.21],[55,70.52],[57.24,70.69],[55.72,71.64],[56.51,73.17],[53.5,73.14],[52.61,72.74]]]},"properties":{"NAME":null,"SUBJECTO":null,"PARTOF":null}},
{"type":"Feature","geometry":{"type":"Polygon","coordinates":[[[80.56,5.93],[81.2,6.08],[81.87,7.08],[80.66,9.3],[79.71,8.93],[79.85,7.06],[80.56,5.93]]]},"properties":{"NAME":"Sinhalese kingdoms","SUBJECTO":"Sinhalese kingdoms","PARTOF":"Sinhalese kingdoms"}},
{"type":"Feature","geometry":{"type":"Polygon","coordinates":[[[96.12,3.95],[96.6,5.08],[95.19,5.41],[96.12,3.95]]]},"properties":{"NAME":"Aceh","SUBJECTO":"Aceh","PARTOF":"Aceh"}},
{"type":"Feature","geometry":{"type":"MultiPolygon","coordinates":[[[[103.31,-0.82],[103.72,0.02],[102.47,0.62],[101.06,2.08],[100.46,2.12],[99.86,2.9],[98.63,3.66],[98.65,2.76],[100.2,0.89],[101.14,-1.37],[103.31,-0.82]]],[[[103.33,3.39],[101.84,3.46],[101.26,3.23],[101.34,2.78],[103.43,1.38],[104.18,1.39],[103.44,2.63],[103.33,3.39]]],[[[109,0.2],[109.93,0.19],[110.82,1.24],[109.28,1.88],[108.81,0.81],[109,0.2]]]]},"properties":{"NAME":"Malacca","SUBJECTO":"Malacca","PARTOF":"Malacca"}},
{"type":"Feature","geometry":{"type":"MultiPolygon","coordinates":[[[[103.31,-0.82],[101.14,-1.37],[100.2,0.89],[98.65,2.76],[98.63,3.66],[97.38,5.18],[96.6,5.08],[96.12,3.95],[96.72,3.7],[97.6,2.25],[98.6,1.71],[99.11,0.22],[99.7,-0.15],[100.65,-1.63],[100.81,-2.34],[102.46,-4.18],[104.57,-6.07],[104.56,-5.6],[105.64,-5.93],[105.71,-4.1],[105.94,-3.21],[105.44,-2.6],[104.61,-2.58],[104.81,-2.16],[104.3,-1.36],[103.31,-0.82]]],[[[140.87,-2.79],[137.85,-1.61],[137.08,-2.25],[136.27,-2.42],[135.25,-3.54],[134.28,-2.85],[133.91,-1.01],[132.25,-0.53],[131.21,-1.02],[131.06,-1.54],[131.82,-1.67],[132.22,-2.34],[133.86,-2.25],[133.78,-2.72],[132.02,-2.82],[132.75,-3.4],[132.93,-4.27],[133.75,-3.19],[133.86,-3.77],[134.78,-4.31],[137.39,-5.12],[137.82,-5.43],[139.16,-7.73],[138.92,-8.32],[139.98,-8.24],[140.95,-9.27],[140.95,-6.38],[140.87,-2.79]]],[[[119.69,-0.02],[119.17,-2.18],[118.68,-2.9],[118.79,-3.66],[119.46,-3.81],[119.48,-5.8],[120.25,-5.59],[120.14,-3.08],[121,-3.05],[120.88,-3.72],[121.87,-4.96],[122.65,-4.51],[122.19,-3.85],[122.26,-3.21],[121.26,-2.1],[122.22,-1.65],[122.98,-0.72],[122,-1.11],[121.46,-0.99],[121.06,-1.55],[120.51,-1.45],[119.87,-0.46],[120.34,0.36],[124.23,0.3],[124.86,1.05],[122.73,0.67],[120.77,1.14],[119.91,0.54],[119.69,-0.02]]],[[[105.18,-6.87],[106.55,-7.16],[106.32,-7.43],[108.16,-7.86],[109.04,-7.72],[110.78,-8.32],[112.41,-8.49],[113.07,-8.35],[114.33,-8.78],[113.95,-7.82],[112.68,-7.72],[112.27,-7.03],[111.04,-6.85],[110.81,-6.53],[110.03,-7.04],[108.56,-6.92],[107.77,-6.45],[105.93,-6.03],[105.18,-6.87]]],[[[123.49,-10.35],[124.15,-10.2],[125.21,-9.4],[126.87,-8.81],[127.04,-8.48],[125.08,-8.77],[123.67,-9.75],[123.49,-10.35]]],[[[127.63,-0.02],[128.63,1.02],[128.55,1.45],[127.42,0.98],[127.63,-0.02]]],[[[122.95,-8.38],[121.43,-8.72],[120.57,-8.39],[119.94,-8.94],[121.69,-9],[122.95,-8.38]]],[[[130.78,-3.88],[130.37,-3.13],[128.04,-3.06],[128.38,-3.55],[128.91,-3.25],[129.91,-3.39],[130.78,-3.88]]],[[[117.94,-8.54],[116.96,-8.53],[116.66,-9.06],[118.97,-8.88],[118.86,-8.48],[117.94,-8.54]]],[[[106.55,-3.18],[106.64,-2.71],[105.86,-1.63],[105.2,-2.11],[106.55,-3.18]]],[[[120.28,-10.38],[120.58,-10.1],[119.79,-9.46],[118.9,-9.68],[120.28,-10.38]]],[[[138.18,-8.55],[138.89,-7.78],[138.19,-7.68],[137.68,-8.46],[138.18,-8.55]]],[[[126.66,-3.88],[126.73,-3.23],[126.11,-3.3],[126.66,-3.88]]],[[[115.07,-8.78],[115.5,-8.47],[114.46,-8.33],[115.07,-8.78]]],[[[109,0.2],[109.18,-0.87],[109.94,-1.64],[110.1,-3.08],[110.8,-3.17],[111.59,-2.8],[111.74,-3.65],[112.58,-3.42],[112.8,-2.97],[113.61,-3.61],[114.1,-3.35],[114.58,-4.3],[115.57,-3.8],[116.35,-2.42],[116.05,-1.93],[117.05,-0.93],[117.86,0.87],[118.77,0.82],[117.7,1.9],[117.83,2.31],[117.07,3.51],[118.39,4.37],[118.11,4.94],[119.04,5.17],[118.38,5.64],[117.37,5.79],[117.51,6.39],[116.6,6.9],[115.36,4.88],[114.75,4.98],[113.81,4.26],[112.76,3.01],[111.37,2.6],[110.82,1.24],[109.93,0.19],[109,0.2]]]]},"properties":{"NAME":"Malaysian Islamic states","SUBJECTO":"Malaysian Islamic states","PARTOF":"Malaysian Islamic states"}},
{"type":"Feature","geometry":{"type":"Polygon","coordinates":[[[41.48,41.44],[42.88,41.55],[43.96,42.59],[45.38,42.62],[43.62,43.77],[41.31,43.56],[41.12,43.02],[41.68,41.79],[41.48,41.44]]]},"properties":{"NAME":"Georgia","SUBJECTO":"Georgia","PARTOF":"Georgia"}},
{"type":"Feature","geometry":{"type":"Polygon","coordinates":[[[27.82,56.73],[27.58,58.23],[27.65,58.84],[27.66,58.94],[27.7,59.3],[25.45,59.49],[23.42,59.12],[23.67,58.24],[24.5,58.21],[24.35,57.16],[23.22,56.98],[22.56,57.62],[21.68,57.46],[20.96,56.61],[20.99,54.81],[19.33,54.16],[18.68,54.25],[18.59,53.1],[22.23,54.13],[22.03,55.26],[21.14,56.13],[21.9,56.35],[25.31,56.49],[27.37,55.72],[27.82,56.73]]]},"properties":{"NAME":"Teutonic Knights","SUBJECTO":"Teutonic Knights","PARTOF":"Teutonic Knights"}},
{"type":"Feature","geometry":{"type":"Polygon","coordinates":[[[30.78,56.07],[28.81,56.88],[27.82,56.73],[27.37,55.72],[25.31,56.49],[21.9,56.35],[21.14,56.13],[22.03,55.26],[22.23,54.13],[18.59,53.1],[18.68,54.25],[17.66,54.69],[16.2,53.71],[15.76,52.27],[17.29,51.79],[18.65,50.64],[18.93,49.62],[19.38,49.8],[23.89,49.26],[25.67,48.69],[25.9,46.88],[26.7,45.79],[26.54,45.25],[28.37,45.33],[30.89,47.45],[32.01,46.91],[32.09,46.93],[36.07,47.9],[37.5,48.44],[38.14,49.05],[38.29,51.21],[36.86,52.09],[34.83,51.84],[34.87,51.46],[33.05,51.37],[30.85,51.54],[31.56,52.4],[31.37,53.07],[32.56,53.32],[32.21,54.86],[31.04,55.32],[31.8,56.03],[30.78,56.07]]]},"properties":{"NAME":"Poland-Lithuania","SUBJECTO":"Poland-Lithuania","PARTOF":"Poland-Lithuania"}},
{"type":"Feature","geometry":{"type":"Polygon","coordinates":[[[18.93,49.62],[18.11,48.85],[17.35,48.96],[17.41,47.82],[16.62,47.73],[16.54,46.36],[16.12,45.58],[14.53,45.78],[14.35,45.32],[15.49,43.89],[16.7,43.85],[16.87,44.24],[18.94,44.39],[19.79,44.94],[20.8,44.93],[23.54,45.86],[26.54,45.25],[26.7,45.79],[25.9,46.88],[25.67,48.69],[23.89,49.26],[19.38,49.8],[18.93,49.62]]]},"properties":{"NAME":"Imperial Hungary","SUBJECTO":"Imperial Hungary","PARTOF":"Imperial Hungary"}},
{"type":"Feature","geometry":{"type":"Polygon","coordinates":[[[-2.14,43.33],[-2.67,42.42],[-2.13,41.82],[-0.91,42.88],[-1.91,43.31],[-2.14,43.33]]]},"properties":{"NAME":"Navarre","SUBJECTO":"Navarre","PARTOF":"Navarre"}},
{"type":"Feature","geometry":{"type":"Polygon","coordinates":[[[-8.81,41.89],[-6.71,41.96],[-6.14,41.53],[-6.8,41.09],[-6.93,38.96],[-7.39,38.29],[-6.84,38.1],[-7.49,37.21],[-6.63,37.02],[-5.66,36.01],[-4.45,36.72],[-2.24,36.73],[-1.94,36.95],[-1.65,37.92],[-2.04,38.6],[-1.81,39.86],[-2.13,41.82],[-2.67,42.42],[-2.14,43.33],[-7.64,43.72],[-9.27,43.05],[-8.64,42.42],[-8.81,41.89]]]},"properties":{"NAME":"Castille","SUBJECTO":"Castille","PARTOF":"Castille"}},
{"type":"Feature","geometry":{"type":"Polygon","coordinates":[[[-2.19,35.05],[-3.01,35.39],[-4.59,35.15],[-5.93,35.73],[-7,33.87],[-8.31,33.34],[-4.89,32.4],[-2.87,32.29],[-1.8,32.43],[-1.61,33.05],[-1.74,34.61],[-2.19,35.05]]]},"properties":{"NAME":"Wattasid Caliphate","SUBJECTO":"Wattasid Caliphate","PARTOF":"Wattasid Caliphate"}},
{"type":"Feature","geometry":{"type":"Polygon","coordinates":[[[6.5,32.73],[6.92,36.82],[6.32,37.09],[5.14,36.67],[1.06,36.46],[-0.09,35.74],[-1.15,35.63],[-2.19,35.05],[-1.74,34.61],[-1.61,33.05],[-1.8,32.43],[2.45,32.67],[6.5,32.73]]]},"properties":{"NAME":"Zayyanid Caliphate","SUBJECTO":"Zayyanid Caliphate","PARTOF":"Zayyanid Caliphate"}},
{"type":"Feature","geometry":{"type":"Polygon","coordinates":[[[12.12,32.88],[10.41,33.63],[10.02,34.08],[11.13,35.24],[10.51,36.21],[11.02,37.07],[10.27,36.75],[9.42,37.28],[7.91,36.78],[6.92,36.82],[6.5,32.73],[7.89,32.59],[12.53,30.8],[12.41,32.46],[12.12,32.88]]]},"properties":{"NAME":"Hafsid Caliphate","SUBJECTO":"Hafsid Caliphate","PARTOF":"Hafsid Caliphate"}},
{"type":"Feature","geometry":{"type":"MultiPolygon","coordinates":[[[[35.19,24.4],[33.93,26.56],[33.35,27.91],[32.32,29.54],[32.65,29.85],[33.33,28.55],[34.32,27.83],[34.76,29.25],[35.1,29.34],[34.76,28.1],[35.44,27.73],[37.22,25.17],[37.2,24.66],[38.33,23.83],[39.1,22.4],[39.17,21.22],[39.76,20.41],[40.82,19.68],[41.92,20.77],[41.81,21.71],[41.14,22.41],[40.18,24.03],[37.42,27.83],[36.59,29.79],[36.52,31.16],[37.21,33.57],[38.04,34.6],[38.91,36.01],[38.1,36],[38.39,36.59],[37.95,37.32],[38.98,37.62],[38.61,38.37],[36.49,37.37],[36.79,37],[35.89,36.77],[35.87,34.42],[35.53,34.12],[34.5,31.62],[33.56,30.97],[32.08,31.01],[31,31.47],[29.25,30.75],[26.14,31.49],[25.26,31.44],[24.82,31.91],[23.15,32.14],[22.54,32.72],[21.67,32.82],[20.37,32.3],[19.94,31.61],[20.12,30.96],[18.92,30.2],[17.42,31],[15.84,31.29],[15.01,32.36],[14.16,32.68],[12.12,32.88],[12.41,32.46],[12.53,30.8],[17,28.75],[21.68,28.08],[25.44,28.01],[27.43,27.2],[29.34,24.03],[30.82,23.66],[32.51,23.73],[35.19,24.4]]],[[[38.53,18.16],[37.4,18.92],[37.17,20.76],[35.96,19.42],[36.45,18.07],[37.43,17.7],[38.53,18.16]]]]},"properties":{"NAME":"Mamluke Sultanate","SUBJECTO":"Mamluke Sultanate","PARTOF":"Mamluke Sultanate"}},
{"type":"Feature","geometry":{"type":"Polygon","coordinates":[[[24.72,35.03],[26.16,35.02],[23.53,35.57],[24.72,35.03]]]},"properties":{"NAME":null,"SUBJECTO":null,"PARTOF":null}},
{"type":"Feature","geometry":{"type":"Polygon","coordinates":[[[43.5,9.73],[44.28,10.4],[42.81,11.78],[41.65,11.35],[41.51,10.76],[42.46,9.51],[43.5,9.73]]]},"properties":{"NAME":"Adal","SUBJECTO":"Adal","PARTOF":"Adal"}},
{"type":"Feature","geometry":{"type":"Polygon","coordinates":[[[42.46,9.51],[41.51,10.76],[40.7,11.28],[41.21,11.87],[41.43,12.75],[41.14,13.86],[39.44,14.96],[38.85,15.63],[37.45,15.4],[36.42,14.89],[35.61,12.23],[35.46,9.58],[35.61,8.11],[35.98,7.44],[38.32,6.5],[42.17,7.15],[42.46,9.51]]]},"properties":{"NAME":"Ethiopia","SUBJECTO":"Ethiopia","PARTOF":"Ethiopia"}},
{"type":"Feature","geometry":{"type":"Polygon","coordinates":[[[33.69,16.44],[34.21,17.25],[33.91,17.98],[33.03,18.28],[31.63,17.39],[31.7,16.51],[32.15,16.29],[33.69,16.44]]]},"properties":{"NAME":"Alwa","SUBJECTO":"Alwa","PARTOF":"Alwa"}},
{"type":"Feature","geometry":{"type":"Polygon","coordinates":[[[32.15,16.29],[31.85,14.89],[31.78,12.38],[32.37,10.98],[33.62,10.98],[34.58,12.75],[34.21,15.7],[33.69,16.44],[32.15,16.29]]]},"properties":{"NAME":"Funj","SUBJECTO":"Funj","PARTOF":"Funj"}},
{"type":"Feature","geometry":{"type":"Polygon","coordinates":[[[28.02,-21.23],[28.09,-22.78],[28.64,-24.91],[29.38,-25.87],[30.41,-25.87],[31.37,-25.28],[33.06,-23.08],[33.36,-20.84],[33.4,-20.58],[33.4,-20.54],[33.66,-18.65],[33.36,-16.54],[32.96,-16.07],[31.63,-16.07],[30.08,-16.36],[28.9,-18.21],[28.17,-19.68],[28.02,-21.23]]]},"properties":{"NAME":"Mwenemutapa","SUBJECTO":"Mwenemutapa","PARTOF":"Mwenemutapa"}},
{"type":"Feature","geometry":{"type":"Polygon","coordinates":[[[16.2,-9.12],[15.52,-9.18],[15.24,-9.88],[16.2,-10.19],[16.59,-9.46],[16.2,-9.12]]]},"properties":{"NAME":"Ndongo","SUBJECTO":"Ndongo","PARTOF":"Ndongo"}},
{"type":"Feature","geometry":{"type":"Polygon","coordinates":[[[3.95,6.58],[5.45,5.48],[5.33,5.25],[5.42,4.96],[6.09,4.33],[6.76,5.83],[7.37,6.94],[7.37,7.91],[6.88,8.64],[5.34,8.72],[4.82,7.93],[3.95,6.58]]]},"properties":{"NAME":"Benin","SUBJECTO":"Benin","PARTOF":"Benin"}},
{"type":"Feature","geometry":{"type":"Polygon","coordinates":[[[5.34,8.72],[4.32,9.8],[3.22,9.88],[2.33,9.58],[1.96,8.4],[2.63,7.81],[4.25,7.66],[4.82,7.93],[5.34,8.72]]]},"properties":{"NAME":"Oyo","SUBJECTO":"Oyo","PARTOF":"Oyo"}},
{"type":"Feature","geometry":{"type":"Polygon","coordinates":[[[-3.94,5.27],[-3.03,5.27],[-2.03,4.7],[0.54,5.72],[-0.4,6.12],[-1.13,6.26],[-2.9,6.12],[-3.94,5.27]]]},"properties":{"NAME":"Akan","SUBJECTO":"Akan","PARTOF":"Akan"}},
{"type":"Feature","geometry":{"type":"Polygon","coordinates":[[[-9.39,12.23],[-8.73,11.64],[-5.09,12.85],[-2.53,15.04],[-0.84,15.18],[-0.1,14.59],[1.13,12.71],[1.93,12.33],[2.74,12.47],[3.39,13.12],[3.41,14.1],[1.19,17.06],[-0.4,18.94],[-1.58,19.38],[-3.64,19.02],[-5.9,17.79],[-8.21,15.18],[-8.95,13.93],[-9.39,12.23]]]},"properties":{"NAME":"Songhai","SUBJECTO":"Songhai","PARTOF":"Songhai"}},
{"type":"Feature","geometry":{"type":"Polygon","coordinates":[[[-16.06,18.67],[-15.98,18.18],[-16.45,16.12],[-17.43,14.81],[-16.7,14.08],[-16.64,13.84],[-16.47,13.72],[-14.25,13.49],[-12.71,12.01],[-11.75,11.42],[-10.95,11.43],[-9.39,12.23],[-8.95,13.93],[-8.21,15.18],[-5.9,17.79],[-7.1,18.43],[-9.09,18.65],[-12.04,18.43],[-16.06,18.67]]]},"properties":{"NAME":"Mali","SUBJECTO":"Mali","PARTOF":"Mali"}},
{"type":"Feature","geometry":{"type":"Polygon","coordinates":[[[1.93,12.33],[1.13,12.71],[-0.1,14.59],[-0.84,15.18],[-2.53,15.04],[-5.09,12.85],[-8.73,11.64],[-9.39,12.23],[-10.95,11.43],[-11.75,11.42],[-12.71,12.01],[-14.25,13.49],[-16.47,13.72],[-16.77,13.36],[-16.57,12.31],[-16.28,12.21],[-16.09,11.97],[-15.1,11.81],[-15.16,11.88],[-6.83,10.11],[-3.48,10.29],[-1.17,10.85],[1.6,12.48],[1.93,12.33]],[[-1.17,10.85],[-3.17,10.92],[-3.83,12.7],[-3.02,13.66],[-1.69,13.8],[-0.06,13.29],[0.08,11.73],[-1.17,10.85]]]},"properties":{"NAME":null,"SUBJECTO":null,"PARTOF":null}},
{"type":"Feature","geometry":{"type":"Polygon","coordinates":[[[3.56,12.18],[4.67,11.51],[7.18,11.05],[9.85,10.91],[10.73,11.29],[10.07,14.22],[8.3,14.52],[3.78,13.66],[3.56,12.18]]]},"properties":{"NAME":"Hausa States","SUBJECTO":"Hausa States","PARTOF":"Hausa States"}},
{"type":"Feature","geometry":{"type":"Polygon","coordinates":[[[10.07,14.22],[10.73,11.29],[12.35,11.2],[14.71,12.51],[15.82,13.12],[15.82,14.3],[15.01,15.04],[13.31,20.97],[12.43,21.01],[11.99,20.34],[11.77,16.21],[10.81,14.59],[10.07,14.22]]]},"properties":{"NAME":"Kanem-Bornu","SUBJECTO":"Kanem-Bornu","PARTOF":"Kanem-Bornu"}},
{"type":"Feature","geometry":{"type":"Polygon","coordinates":[[[46.88,13.47],[46.34,14.1],[46.66,15.42],[46.28,17.12],[45.24,17.69],[42.76,16.65],[42.8,15.47],[43.38,13.57],[43.84,12.66],[44.96,12.83],[45.83,13.41],[46.88,13.47]]]},"properties":{"NAME":"Yemen","SUBJECTO":"Yemen","PARTOF":"Yemen"}},
{"type":"Feature","geometry":{"type":"Polygon","coordinates":[[[46.66,15.42],[46.34,14.1],[46.88,13.47],[49.33,14.63],[51.31,15.25],[52.14,15.69],[52.89,16.61],[54.08,17.02],[54.91,16.97],[55.56,17.94],[56.26,17.98],[56.74,18.69],[57.84,19.03],[57.81,20.17],[58.51,20.42],[59.84,22.28],[58.18,21.85],[56.95,20.64],[53.96,19.73],[50.51,17.15],[47.84,16.42],[46.66,15.42]]]},"properties":{"NAME":"Hadramaut","SUBJECTO":"Hadramaut","PARTOF":"Hadramaut"}},
{"type":"Feature","geometry":{"type":"Polygon","coordinates":[[[59.84,22.28],[58.63,23.46],[57.15,23.98],[56.41,24.82],[56.37,26.24],[54.35,24.15],[53.69,23.99],[51.29,24.28],[51.59,25.61],[51.07,25.95],[50.97,24.44],[50.57,23.85],[53.99,23.11],[56.41,23.45],[57.62,22.7],[58.18,21.85],[59.84,22.28]]]},"properties":{"NAME":"Muscat","SUBJECTO":"Muscat","PARTOF":"Muscat"}},
{"type":"Feature","geometry":{"type":"Polygon","coordinates":[[[40.82,19.68],[41.63,18.05],[42.76,16.65],[45.24,17.69],[46.28,17.12],[46.66,15.42],[47.84,16.42],[50.51,17.15],[53.96,19.73],[56.95,20.64],[58.18,21.85],[57.62,22.7],[56.41,23.45],[53.99,23.11],[50.57,23.85],[50.97,24.44],[49.94,25.96],[50.12,26.74],[48.86,27.52],[47.84,29.5],[46.91,29.44],[44.08,30.34],[40.03,34.39],[38.04,34.6],[37.21,33.57],[36.52,31.16],[36.59,29.79],[37.42,27.83],[40.18,24.03],[41.14,22.41],[41.81,21.71],[41.92,20.77],[40.82,19.68]]]},"properties":{"NAME":"Arabs","SUBJECTO":"Arabs","PARTOF":"Arabs"}},
{"type":"Feature","geometry":{"type":"Polygon","coordinates":[[[38.04,34.6],[40.03,34.39],[44.08,30.34],[46.91,29.44],[47.84,29.5],[47.91,29.89],[50.13,30.07],[51.35,28.04],[52.89,27.05],[54.65,26.39],[55.9,27.1],[56.79,26.97],[57.25,25.79],[59.03,25.31],[60.48,25.3],[59.98,26.51],[59.18,28.48],[57.19,30.76],[53.98,36.78],[51.8,36.43],[50.56,36.69],[50.04,37.22],[48.84,37.51],[48.82,38.31],[49.81,40.58],[47.57,43.01],[47.49,43.58],[47.25,42.78],[48.22,41.47],[47.35,41.3],[45.38,42.62],[43.96,42.59],[42.88,41.55],[41.48,41.44],[41.21,40.24],[38.61,38.37],[38.98,37.62],[37.95,37.32],[38.39,36.59],[38.1,36],[38.91,36.01],[38.04,34.6]]]},"properties":{"NAME":"Emirate of the White Sheep Turks","SUBJECTO":"Emirate of the White Sheep Turks","PARTOF":"Emirate of the White Sheep Turks"}},
{"type":"Feature","geometry":{"type":"Polygon","coordinates":[[[69.11,22.9],[69.01,24.63],[69.35,26.19],[70.13,28.1],[72.82,31.06],[70.34,31.38],[69.57,29.96],[66.99,27.74],[65.52,26.93],[59.98,26.51],[60.48,25.3],[61.34,25.03],[64.42,25.17],[66.62,25.32],[67.32,24.09],[69.11,22.9]]]},"properties":{"NAME":"Islamic states","SUBJECTO":"Islamic states","PARTOF":"Islamic states"}},
{"type":"Feature","geometry":{"type":"Polygon","coordinates":[[[72.82,31.06],[74.59,30.69],[74.88,27.96],[76.43,27.52],[77.77,25.64],[78.28,24.3],[78.95,23.96],[80.92,23.69],[82.55,23.24],[83.73,23.69],[82.69,24.28],[83.14,24.79],[85.27,24.2],[86.23,27],[83.74,28.2],[80.05,29.98],[77.53,32.09],[77.31,34.01],[77.98,34.87],[74.66,34.96],[72.03,35.61],[70.34,31.38],[72.82,31.06]]]},"properties":{"NAME":"Sultanate of Delhi","SUBJECTO":"Sultanate of Delhi","PARTOF":"Sultanate of Delhi"}},
{"type":"Feature","geometry":{"type":"Polygon","coordinates":[[[85.38,19.61],[86.12,19.81],[86.93,20.69],[86.8,21.14],[88.05,21.94],[88.38,21.58],[90,21.93],[90,22.56],[91.41,22.72],[91.72,24.09],[92.03,25.43],[91.55,26.29],[88.66,26.41],[86.23,27],[85.27,24.2],[83.14,24.79],[82.69,24.28],[83.73,23.69],[82.55,23.24],[84.3,20.75],[85.38,19.61]]]},"properties":{"NAME":"Bengal","SUBJECTO":"Bengal","PARTOF":"Bengal"}},
{"type":"Feature","geometry":{"type":"Polygon","coordinates":[[[77.98,34.87],[77.31,34.01],[77.53,32.09],[80.05,29.98],[83.74,28.2],[86.23,27],[88.66,26.41],[91.55,26.29],[94.32,26.88],[95.48,27.91],[98.01,28.09],[98.64,27.48],[100.68,28.69],[102.41,33.72],[101.69,36.31],[95.52,37.1],[91.69,36.36],[90,36.51],[89.92,35.19],[86.82,35.11],[82.69,34.74],[77.98,34.87]]]},"properties":{"NAME":"Tibet","SUBJECTO":"Tibet","PARTOF":"Tibet"}},
{"type":"Feature","geometry":{"type":"Polygon","coordinates":[[[125.3,39.36],[125.27,38.57],[124.69,38.14],[125.27,37.48],[126.21,37.75],[126.39,37.61],[126.44,37.47],[126.79,37.07],[126.69,36.84],[126.39,36.96],[126.25,36.91],[125.96,36.72],[126.36,36.63],[126.63,35.93],[126.23,35.16],[126.29,34.99],[126.36,34.67],[126.39,34.52],[126.41,34.27],[126.62,34.41],[126.82,34.43],[127.36,34.8],[129.06,35.17],[129.25,37.01],[128.45,38.26],[128.14,38.53],[127.96,38.69],[127.4,39.08],[127.28,39.22],[127.67,39.87],[129.48,40.68],[129.64,41.66],[125.3,39.36]]]},"properties":{"NAME":"Korea","SUBJECTO":"Korea","PARTOF":"Korea"}},
{"type":"Feature","geometry":{"type":"Polygon","coordinates":[[[72.82,31.06],[70.13,28.1],[69.35,26.19],[69.01,24.63],[69.11,22.9],[70.38,22.86],[73.04,24.2],[73.71,22.95],[76.93,23.9],[78.28,24.3],[77.77,25.64],[76.43,27.52],[74.88,27.96],[74.59,30.69],[72.82,31.06]]]},"properties":{"NAME":"Rajastan","SUBJECTO":"Rajastan","PARTOF":"Rajastan"}},
{"type":"Feature","geometry":{"type":"Polygon","coordinates":[[[85.38,19.61],[84.3,20.75],[81.86,18.73],[79.33,17.23],[79.96,17.6],[82.32,17],[84.26,18.46],[85.38,19.61]]]},"properties":{"NAME":"Orissa","SUBJECTO":"Orissa","PARTOF":"Orissa"}},
{"type":"Feature","geometry":{"type":"Polygon","coordinates":[[[73.71,22.95],[73.04,24.2],[70.38,22.86],[69.97,22.35],[68.89,22.29],[70.21,20.95],[71.02,20.66],[72.12,21.16],[72.32,22.12],[72.7,22.13],[73.11,20.83],[72.76,20.06],[72.85,19.24],[72.79,19.88],[73.49,19.91],[74.27,21.91],[73.71,22.95]]]},"properties":{"NAME":"Islamic states","SUBJECTO":"Islamic states","PARTOF":"Islamic states"}},
{"type":"Feature","geometry":{"type":"Polygon","coordinates":[[[79.43,16.02],[77.92,16.25],[77.49,16.31],[79.43,16.02]]]},"properties":{"NAME":"Bahmani Kingdom","SUBJECTO":"Bahmani Kingdom","PARTOF":"Bahmani Kingdom"}},
{"type":"Feature","geometry":{"type":"Polygon","coordinates":[[[73.49,16.29],[74.73,13.68],[75.21,12.1],[76.08,10.55],[76.7,8.71],[77.34,8.05],[77.9,8.26],[78.31,9],[79.16,9.28],[79.22,10.19],[79.79,10.25],[79.71,11.44],[80.32,13.33],[80.09,15.18],[80.46,15.77],[79.43,16.02],[77.49,16.31],[76.1,15.97],[75.07,15.97],[73.49,16.29]]]},"properties":{"NAME":"Vijayanagara","SUBJECTO":"Vijayanagara","PARTOF":"Vijayanagara"}},
{"type":"Feature","geometry":{"type":"Polygon","coordinates":[[[92.83,20.42],[92.88,21.9],[91.72,24.09],[91.41,22.72],[92.18,20.89],[92.83,20.42]]]},"properties":{"NAME":"Arakan","SUBJECTO":"Arakan","PARTOF":"Arakan"}},
{"type":"Feature","geometry":{"type":"Polygon","coordinates":[[[109.05,11.93],[107.38,12.35],[106.85,10.58],[107.27,10.35],[108.7,11.15],[109.05,11.93]]]},"properties":{"NAME":"Champa","SUBJECTO":"Champa","PARTOF":"Champa"}},
{"type":"Feature","geometry":{"type":"Polygon","coordinates":[[[105.57,17.88],[103.9,19.31],[102.98,20.97],[101.85,20.53],[101.66,19.66],[101.65,18],[104.11,18],[104.93,17.45],[105.57,17.88]]]},"properties":{"NAME":"Laos","SUBJECTO":"Laos","PARTOF":"Laos"}},
{"type":"Feature","geometry":{"type":"Polygon","coordinates":[[[107.47,20.98],[105.41,21.9],[102.98,20.97],[103.9,19.31],[105.57,17.88],[107.11,16.17],[107.46,15],[107.48,13.26],[107.38,12.35],[109.05,11.93],[109.31,12.91],[108.79,15.09],[108.24,16.08],[106.43,17.55],[105.53,18.84],[105.84,19.7],[106.81,20.91],[107.47,20.98]]]},"properties":{"NAME":"Đại Việt","SUBJECTO":"Đại Việt","PARTOF":"Đại Việt"}},
{"type":"Feature","geometry":{"type":"Polygon","coordinates":[[[95.52,37.1],[101.69,36.31],[102.41,33.72],[100.68,28.69],[98.64,27.48],[98.56,24.71],[99.59,23],[99.84,20.48],[101.66,19.66],[101.85,20.53],[102.98,20.97],[105.41,21.9],[107.47,20.98],[108.55,21.82],[109.61,21.06],[109.93,20.24],[110.57,21.23],[112.75,21.76],[113.72,22.48],[115.71,22.64],[117.85,24.05],[119.47,25.77],[119.43,26.59],[120.35,27.18],[121.36,28.39],[121.77,29.83],[121.16,30.19],[119.94,30.12],[121.57,30.71],[121.61,31.83],[120.66,32.54],[119.97,34.14],[119.02,34.69],[120.14,36.19],[120.86,36.58],[122.26,36.73],[122.39,37.3],[120.66,37.74],[118.95,37.08],[118.88,37.95],[117.59,38.28],[117.75,39.2],[118.98,39.22],[119.39,39.84],[121.01,40.85],[122.11,40.35],[121.24,39.55],[121.07,38.75],[123.04,39.67],[124.1,39.88],[125.3,39.36],[129.64,41.66],[131.87,43.29],[119.6,42.03],[102.93,39.02],[99.28,38.98],[95.59,38.94],[95.15,37.69],[95.52,37.1]]]},"properties":{"NAME":"Ming Chinese Empire","SUBJECTO":"Ming Chinese Empire","PARTOF":"Ming Chinese Empire"}},
{"type":"Feature","geometry":{"type":"Polygon","coordinates":[[[94.46,17.26],[95.89,17.79],[98.67,18.4],[99.84,20.48],[99.59,23],[98.56,24.71],[98.64,27.48],[98.01,28.09],[95.48,27.91],[94.32,26.88],[91.55,26.29],[92.03,25.43],[91.72,24.09],[92.88,21.9],[92.83,20.42],[93.97,19.19],[94.42,18.14],[94.46,17.26]]]},"properties":{"NAME":"Burmese kingdoms","SUBJECTO":"Burmese kingdoms","PARTOF":"Burmese kingdoms"}},
{"type":"Feature","geometry":{"type":"Polygon","coordinates":[[[94.46,17.26],[94.14,16.01],[94.82,16.21],[95.33,15.68],[96.47,16.51],[96.88,17.35],[97.57,16.45],[98.67,18.4],[95.89,17.79],[94.46,17.26]]]},"properties":{"NAME":"Pegu","SUBJECTO":"Pegu","PARTOF":"Pegu"}},
{"type":"Feature","geometry":{"type":"Polygon","coordinates":[[[-98.15,16.17],[-97.66,17.26],[-97.08,17.64],[-95.17,16.97],[-94.12,16.88],[-93.74,17.17],[-93.78,18.35],[-94.59,18.27],[-96.01,18.93],[-97.5,21.19],[-97.88,22.33],[-99.95,22.9],[-99.95,19.84],[-100.9,19.65],[-100.9,18.79],[-103.1,19.84],[-105.51,20.1],[-104.95,19.44],[-103.49,18.35],[-101.99,18.03],[-101.22,17.42],[-98.86,16.6],[-98.15,16.17]]]},"properties":{"NAME":"Aztec Empire","SUBJECTO":"Aztec Empire","PARTOF":"Aztec Empire"}},
{"type":"Feature","geometry":{"type":"Polygon","coordinates":[[[-95.13,16.3],[-95.17,16.97],[-97.08,17.64],[-97.66,17.26],[-98.15,16.17],[-96.33,15.75],[-95.13,16.3]]]},"properties":{"NAME":"Mixtec Empire","SUBJECTO":"Mixtec Empire","PARTOF":"Mixtec Empire"}},
{"type":"Feature","geometry":{"type":"Polygon","coordinates":[[[-90,19.38],[-89.06,19.27],[-88.87,18.69],[-89.92,16.97],[-88.74,16.27],[-88.24,17.01],[-88.14,18.89],[-87.88,18.38],[-87.65,20.19],[-86.94,20.98],[-87.2,21.53],[-88.33,21.59],[-90,21.16],[-90,19.38]]]},"properties":{"NAME":"Maya city-states","SUBJECTO":"Maya city-states","PARTOF":"Maya city-states"}},
{"type":"Feature","geometry":{"type":"Polygon","coordinates":[[[-71.52,-32.18],[-71.62,-33.71],[-72.63,-35.65],[-73.14,-37.16],[-73.28,-37.28],[-71.03,-37.21],[-70.29,-36.47],[-69.37,-34.44],[-69.37,-32.6],[-68.44,-30.94],[-68.26,-28.54],[-67.15,-25.22],[-65.49,-19.14],[-66.05,-16.55],[-67.15,-14.71],[-68.63,-13.05],[-74.35,-12.13],[-77.89,-6.98],[-77.92,-4.19],[-78.77,-3.64],[-78.77,-2.17],[-78.41,-0.32],[-78.96,0.42],[-79.78,0.86],[-80.09,0.82],[-80.34,-0.66],[-80.97,-1.03],[-80.36,-2.73],[-79.81,-2.17],[-80.14,-3.41],[-81.3,-4.33],[-80.88,-5.59],[-81.3,-6.04],[-80.07,-6.76],[-79.06,-8.22],[-77.69,-10.84],[-76.24,-13.5],[-76.24,-14.11],[-75.23,-15.22],[-74.05,-16.04],[-71.61,-17.22],[-70.58,-18.08],[-70.21,-19.07],[-70.11,-21.75],[-70.4,-25.25],[-70.93,-27.73],[-71.43,-29.1],[-71.33,-30.1],[-71.68,-30.6],[-71.52,-32.18]]]},"properties":{"NAME":"Inca Empire","SUBJECTO":"Inca Empire","PARTOF":"Inca Empire"}},
{"type":"Feature","geometry":{"type":"MultiPolygon","coordinates":[[[[-51.12,-31.47],[-49.94,-29.63],[-48.94,-28.7],[-48.73,-28.37],[-48.56,-27.68],[-48.72,-25.43],[-46.21,-23.88],[-45.46,-23.86],[-44.56,-22.99],[-41.96,-22.92],[-40.98,-22.09],[-40.93,-21.28],[-39.69,-19.41],[-39.67,-18.23],[-39.14,-17.77],[-38.95,-16],[-39.13,-14.32],[-38.8,-12.63],[-38.27,-12.89],[-37.19,-10.84],[-35.6,-9.63],[-34.89,-7.61],[-35.46,-5.27],[-37.18,-4.95],[-38.79,-3.6],[-40.23,-2.85],[-42.32,-2.82],[-43.33,-2.43],[-44.59,-3.15],[-44.46,-2.27],[-44.8,-1.74],[-47.24,-0.68],[-48.04,-0.82],[-49.42,-2.36],[-49.29,-1.79],[-50.64,-1.88],[-50.98,-1.11],[-52.02,-1.57],[-51.53,-0.43],[-49.88,1.21],[-49.97,1.73],[-50.69,2.22],[-51.21,4.07],[-51.71,4.23],[-53.03,5.43],[-54.29,5.88],[-56.75,6],[-57.07,5.84],[-58.01,6.79],[-58.51,6.56],[-58.62,7.5],[-59.83,8.44],[-61.76,8.58],[-61.29,8.77],[-61.12,9.17],[-61.29,8.77],[-63.07,8.33],[-65.97,8.18],[-70.68,8.56],[-71.18,9.28],[-71.6,9.09],[-72.11,9.9],[-71.69,10.77],[-71.99,11.61],[-71.19,11.91],[-71.44,12.42],[-73.36,11.32],[-74.22,11.37],[-75.45,10.63],[-75.7,9.43],[-76.76,8.69],[-76.86,7.93],[-78.27,9.39],[-79.5,9.64],[-80.96,8.86],[-82.23,9.05],[-83.91,11.25],[-83.66,13.71],[-83.31,14.77],[-84.65,15.93],[-88.27,15.75],[-88.74,16.27],[-89.92,16.97],[-88.87,18.69],[-89.06,19.27],[-90,19.38],[-91.7,18.82],[-93.78,18.35],[-93.74,17.17],[-94.12,16.88],[-95.17,16.97],[-95.13,16.3],[-94.08,16.11],[-91.52,14.06],[-90,13.94],[-89.99,13.68],[-87.69,13.02],[-85.62,10.83],[-85.78,10.14],[-85.09,9.58],[-83.61,9.15],[-82.96,8.05],[-82.38,8.32],[-81.12,7.94],[-80.66,7.25],[-79.98,7.49],[-80.4,8.06],[-79.07,9.03],[-78.38,8.39],[-77.9,7.17],[-77.4,6.67],[-77.5,5.51],[-77.11,3.79],[-77.8,2.58],[-78.47,2.47],[-78.49,1.92],[-79.78,0.86],[-78.96,0.42],[-78.41,-0.32],[-78.77,-2.17],[-78.77,-3.64],[-77.92,-4.19],[-77.89,-6.98],[-74.35,-12.13],[-68.63,-13.05],[-67.15,-14.71],[-66.05,-16.55],[-65.49,-19.14],[-65.72,-18.08],[-64.66,-16.8],[-64.19,-14.69],[-69.05,-8.24],[-70.16,-5.74],[-66.41,3.04],[-62.66,4.15],[-58.56,3.98],[-55.86,1.7],[-55.8,0.88],[-57.97,-0.59],[-58.44,-2.29],[-56.33,-4.33],[-54.16,-4.63],[-49.07,-4.74],[-46.28,-3.55],[-53.12,-14.28],[-48.47,-23.75],[-49.49,-24.55],[-49.84,-26.8],[-48.8,-28.48],[-49.55,-29.16],[-49.94,-29.63],[-51.12,-31.47]],[[-77.25,-2.1],[-77.25,-2.76],[-78.39,-2.91],[-78.56,-2.13],[-77.85,-1.67],[-77.25,-2.1]],[[-68.26,-28.54],[-68.44,-30.94],[-68.41,-30.48],[-68.26,-28.54]]],[[[-58.52,-34.59],[-58.34,-34.22],[-56.34,-35],[-54.62,-34.92],[-54.07,-34.65],[-52.35,-32.68],[-52.04,-31.56],[-51.45,-31.02],[-51.23,-30.27],[-50.61,-30.3],[-51.23,-30.27],[-51.45,-31.02],[-52.04,-31.56],[-52.14,-31.74],[-52.35,-32.68],[-54.07,-34.65],[-54.62,-34.92],[-56.34,-35],[-58.34,-34.22],[-58.52,-34.59]]],[[[-72.59,-41.62],[-72.73,-41.55],[-73.46,-41.79],[-72.59,-41.62]]],[[[-65.78,-47.71],[-67.58,-49.06],[-67.83,-49.97],[-69.04,-50.56],[-69.11,-51.35],[-69.08,-51.5],[-69.04,-50.56],[-67.83,-49.97],[-67.58,-49.06],[-65.78,-47.71]]],[[[-71.44,-53.88],[-70.73,-52.8],[-69.24,-52.29],[-68.46,-52.42],[-69.24,-52.29],[-70.73,-52.8],[-71.44,-53.88]]],[[[-62.35,-39.33],[-62.31,-38.88],[-61.36,-39.03],[-59.52,-38.87],[-57.81,-38.39],[-56.7,-36.94],[-57.81,-38.39],[-59.52,-38.87],[-61.36,-39.03],[-62.31,-38.88],[-62.35,-39.33]]]]},"properties":{"NAME":null,"SUBJECTO":null,"PARTOF":null}},
{"type":"Feature","geometry":{"type":"MultiPolygon","coordinates":[[[[9.49,42.41],[8.61,42.49],[9.17,41.35],[9.49,42.41]]],[[[8.88,54.23],[8.5,53.45],[5.39,53.14],[5.76,52.33],[4.26,52.07],[1.8,50.92],[1.83,50.24],[5.36,49.7],[5.91,49.2],[5.96,47.99],[5.53,46.1],[5.82,45.4],[6.94,44.87],[6.92,43.82],[7.4,43.76],[8.9,44.44],[9.91,44.11],[10.74,42.85],[11.96,42.01],[12.3,43.28],[12.02,44.17],[11.2,44.14],[11.17,45.07],[10,45.4],[9.54,46.31],[10.56,46.72],[10.52,45.74],[11.17,45.74],[12.07,46.93],[13.71,46.84],[13.37,45.69],[13.67,45.71],[14.35,45.32],[14.53,45.78],[16.12,45.58],[16.54,46.36],[16.62,47.73],[17.41,47.82],[17.35,48.96],[18.11,48.85],[18.93,49.62],[18.65,50.64],[17.29,51.79],[15.76,52.27],[16.2,53.71],[17.66,54.69],[14.47,53.88],[12.94,54.35],[10.72,53.96],[10.14,54.34],[9.88,54.25],[9.74,54.28],[9.67,54.19],[9.45,54.19],[9.44,54.25],[8.88,54.23]],[[9.62,47.5],[9.5,46.79],[7.44,45.92],[7.01,46.64],[7.57,47.58],[8.94,47.66],[9.62,47.5]]]]},"properties":{"NAME":"Holy Roman Empire","SUBJECTO":"Holy Roman Empire","PARTOF":"Holy Roman Empire"}},
{"type":"Feature","geometry":{"type":"MultiPolygon","coordinates":[[[[-14.51,28.05],[-13.88,28.2],[-13.78,28.88],[-14.51,28.05]]],[[[-17.29,28.28],[-16.64,28.05],[-16.08,28.54],[-17.29,28.28]]]]},"properties":{"NAME":"Guanches","SUBJECTO":"Guanches","PARTOF":"Guanches"}},
{"type":"Feature","geometry":{"type":"Polygon","coordinates":[[[-168.51,53.43],[-167.87,53.32],[-168.22,53.59],[-168.51,53.43]]]},"properties":{"NAME":null,"SUBJECTO":null,"PARTOF":null}},
{"type":"Feature","geometry":{"type":"Polygon","coordinates":[[[-128.34,50.67],[-127.39,50.05],[-126.52,49.82],[-128.34,50.67]]]},"properties":{"NAME":null,"SUBJECTO":null,"PARTOF":null}},
{"type":"Feature","geometry":{"type":"Polygon","coordinates":[[[-133.1,54.02],[-132.57,53.28],[-131.89,53.89],[-133.1,54.02]]]},"properties":{"NAME":"Bella","SUBJECTO":"Bella","PARTOF":"Bella"}},
{"type":"Feature","geometry":null,"properties":{"NAME":null,"SUBJECTO":null,"PARTOF":null}},
{"type":"Feature","geometry":{"type":"Polygon","coordinates":[[[-166.61,53.71],[-167.15,53.94],[-166.93,53.46],[-166.61,53.71]]]},"properties":{"NAME":null,"SUBJECTO":null,"PARTOF":null}},
{"type":"Feature","geometry":{"type":"Polygon","coordinates":[[[-164.56,54.83],[-164.56,54.33],[-163.21,54.74],[-164.56,54.83]]]},"properties":{"NAME":null,"SUBJECTO":null,"PARTOF":null}},
{"type":"Feature","geometry":{"type":"Polygon","coordinates":[[[-162.79,55.15],[-163.26,55.17],[-162.97,54.95],[-162.79,55.15]]]},"properties":{"NAME":null,"SUBJECTO":null,"PARTOF":null}},
{"type":"Feature","geometry":{"type":"Polygon","coordinates":[[[-162.22,55.13],[-160.36,55.66],[-161.32,55.88],[-162.22,55.13]]]},"properties":{"NAME":null,"SUBJECTO":null,"PARTOF":null}},
{"type":"Feature","geometry":{"type":"Polygon","coordinates":[[[-135,57.33],[-135.47,57.23],[-134.95,56.45],[-135,57.33]]]},"properties":{"NAME":null,"SUBJECTO":null,"PARTOF":null}},
{"type":"Feature","geometry":{"type":"Polygon","coordinates":[[[-153.67,56.97],[-152.38,57.52],[-153.4,57.8],[-154.59,57.14],[-153.67,56.97]]]},"properties":{"NAME":null,"SUBJECTO":null,"PARTOF":null}},
{"type":"Feature","geometry":{"type":"Polygon","coordinates":[[[-136.6,57.9],[-135.82,57.45],[-135.32,58.09],[-136.6,57.9]]]},"properties":{"NAME":null,"SUBJECTO":null,"PARTOF":null}},
{"type":"Feature","geometry":{"type":"Polygon","coordinates":[[[-117.28,73.31],[-115.65,73.63],[-117.34,74.17],[-121.24,74.58],[-124.91,74.44],[-124.06,73.87],[-125.9,72.15],[-123.47,71.2],[-120.84,71.53],[-120.45,72.3],[-117.28,73.31]]]},"properties":{"NAME":null,"SUBJECTO":null,"PARTOF":null}},
{"type":"Feature","geometry":{"type":"MultiPolygon","coordinates":[[[[-61.25,45.79],[-60.51,45.66],[-60.17,46.31],[-61.07,45.99],[-60.26,46.94],[-61.38,46.33],[-61.25,45.79]]],[[[-66.4,45.11],[-64.28,45.92],[-64.46,45.39],[-66.19,44.49],[-65.47,43.52],[-63.9,44.57],[-60.96,45.3],[-61.94,45.92],[-62.39,45.72],[-64.53,46.27],[-64.98,47.33],[-66.47,48.1],[-64.4,48.46],[-64.95,49.21],[-66.97,48.95],[-67.35,48.85],[-66.44,45.13],[-66.4,45.11]]]]},"properties":{"NAME":"Mi'kma'ki","SUBJECTO":"Mi'kma'ki","PARTOF":"Mi'kma'ki"}},
{"type":"Feature","geometry":{"type":"Polygon","coordinates":[[[-78.7,83],[-80.09,81.97],[-84.95,82.38],[-91.22,81.84],[-89.24,80.86],[-85.19,81.32],[-85.5,80.62],[-78.96,81.03],[-82.26,80.05],[-86.17,80.28],[-81.6,78.75],[-85.81,78.91],[-84.93,77.35],[-86.44,77.82],[-89.42,76.61],[-85.04,76.41],[-78.21,76.55],[-78.37,78.03],[-76.14,78.07],[-74.96,79.12],[-77.24,79.58],[-71.45,79.85],[-66.48,81.3],[-67.59,81.96],[-62.43,82.63],[-70.58,83.18],[-78.7,83]]]},"properties":{"NAME":null,"SUBJECTO":null,"PARTOF":null}},
{"type":"Feature","geometry":{"type":"Polygon","coordinates":[[[-111.99,77.98],[-113.02,77.6],[-110.62,77.54],[-111.99,77.98]]]},"properties":{"NAME":null,"SUBJECTO":null,"PARTOF":null}},
{"type":"Feature","geometry":{"type":"Polygon","coordinates":[[[-97.31,78.82],[-97.46,78.1],[-95.1,78.44],[-97.31,78.82]]]},"properties":{"NAME":null,"SUBJECTO":null,"PARTOF":null}},
{"type":"Feature","geometry":{"type":"Polygon","coordinates":[[[-169.38,63.25],[-171.74,63.75],[-169.9,63.08],[-169.38,63.25]]]},"properties":{"NAME":null,"SUBJECTO":null,"PARTOF":null}},
{"type":"Feature","geometry":{"type":"Polygon","coordinates":[[[-174.64,66.4],[-175.51,67.67],[-180,68.92],[-180,67.96],[-180,66.96],[-180,65.96],[-180,65.38],[-180,65.31],[-180,65.26],[-179.38,66],[-178.65,65.54],[-176.14,65.46],[-175.95,65.01],[-173.08,64.38],[-172.56,65.51],[-169.83,66.02],[-171.96,66.96],[-174.34,67.08],[-174.64,66.4]]]},"properties":{"NAME":null,"SUBJECTO":null,"PARTOF":null}},
{"type":"Feature","geometry":{"type":"Polygon","coordinates":[[[-121.14,76.88],[-122.66,76.54],[-120.45,75.95],[-118.74,76.94],[-116.24,76.78],[-116.36,77.58],[-121.14,76.88]]]},"properties":{"NAME":null,"SUBJECTO":null,"PARTOF":null}},
{"type":"Feature","geometry":{"type":"Polygon","coordinates":[[[-104.97,78.53],[-99.05,77.94],[-99.89,78.66],[-105.45,79.4],[-104.97,78.53]]]},"properties":{"NAME":null,"SUBJECTO":null,"PARTOF":null}},
{"type":"Feature","geometry":{"type":"Polygon","coordinates":[[[-88.35,80.41],[-92.02,81.26],[-96.59,80.09],[-93.18,79.53],[-92.7,78.43],[-89.12,78.34],[-85.76,79.38],[-88.35,80.41]]]},"properties":{"NAME":null,"SUBJECTO":null,"PARTOF":null}},
{"type":"Feature","geometry":{"type":"Polygon","coordinates":[[[-103,33.15],[-108.93,32.24],[-108.69,31],[-112.72,30.07],[-111.69,28.5],[-110.6,27.86],[-110.38,27.21],[-109.26,26.09],[-101.23,28.3],[-101.07,31.58],[-102.33,32.33],[-102.96,32.7],[-102.98,32.92],[-103,33.15]]]},"properties":{"NAME":"Apache","SUBJECTO":"Apache","PARTOF":"Apache"}},
{"type":"Feature","geometry":{"type":"Polygon","coordinates":[[[-83.41,29.59],[-82.65,28.91],[-82.84,27.84],[-81.74,25.92],[-81.1,25.13],[-80.31,25.24],[-80.05,26.55],[-80.61,28.56],[-81.46,30.43],[-82.52,29.98],[-83.41,29.59]]]},"properties":{"NAME":"Calusa","SUBJECTO":"Calusa","PARTOF":"Calusa"}},
{"type":"Feature","geometry":{"type":"Polygon","coordinates":[[[-108.93,32.24],[-109.73,36.41],[-115.77,35.52],[-116.63,35.4],[-114.34,31.59],[-113.05,31.14],[-112.72,30.07],[-108.69,31],[-108.93,32.24]]]},"properties":{"NAME":"Hopi","SUBJECTO":"Hopi","PARTOF":"Hopi"}},
{"type":"Feature","geometry":{"type":"Polygon","coordinates":[[[-103,33.15],[-103.38,37.34],[-109.73,36.41],[-108.93,32.24],[-103,33.15]]]},"properties":{"NAME":"Navajo","SUBJECTO":"Navajo","PARTOF":"Navajo"}},
{"type":"Feature","geometry":{"type":"Polygon","coordinates":[[[-82.52,29.98],[-81.46,30.43],[-81.18,31.64],[-80.58,32.5],[-79.35,33.11],[-77.46,34.5],[-79.23,39.36],[-80.26,38.77],[-86.13,35.42],[-86,35.23],[-82.52,29.98]]]},"properties":{"NAME":"Cherokee","SUBJECTO":"Cherokee","PARTOF":"Cherookee"}},
{"type":"Feature","geometry":{"type":"Polygon","coordinates":[[[-120.18,41.01],[-121,48.53],[-122.42,48.39],[-122.75,47.26],[-123.18,47.49],[-122.83,48.02],[-124.73,48.33],[-124.31,47.46],[-123.91,47.04],[-124.13,46.67],[-123.79,46.3],[-124.07,46.02],[-124.03,45.94],[-123.99,45.76],[-124.33,44.07],[-124.14,43.67],[-124.63,43.01],[-124.25,41.93],[-124.36,40.33],[-124.33,40.3],[-120.71,40.92],[-120.18,41.01]]]},"properties":{"NAME":"Coqs","SUBJECTO":"Coqs","PARTOF":"Coqs"}},
{"type":"Feature","geometry":{"type":"Polygon","coordinates":[[[-104.55,45.07],[-104.54,47.13],[-103.99,47.64],[-106.28,47.92],[-107.81,47.19],[-110.16,46.79],[-111.55,45.51],[-110.28,44.75],[-107.18,43.96],[-105.98,43.31],[-104.55,45.07]]]},"properties":{"NAME":"Crow","SUBJECTO":"Crow","PARTOF":"Crow"}},
{"type":"Feature","geometry":{"type":"Polygon","coordinates":[[[-105.98,43.31],[-104.83,42.24],[-104.16,41.97],[-102.95,42.98],[-102.23,44.17],[-103.22,45.19],[-104.55,45.07],[-105.98,43.31]]]},"properties":{"NAME":"Cheyenne","SUBJECTO":"Cheyenne","PARTOF":"Cheyenne"}},
{"type":"Feature","geometry":{"type":"Polygon","coordinates":[[[-117.85,46.35],[-117.39,44.79],[-116.39,44.68],[-114.21,45.53],[-115.06,46.68],[-117.13,46.77],[-117.85,46.35]]]},"properties":{"NAME":"Nez Perce","SUBJECTO":"Nez Perce","PARTOF":"Nez Perce"}},
{"type":"Feature","geometry":{"type":"Polygon","coordinates":[[[-95.25,33.73],[-94.86,29.78],[-93.45,29.77],[-91.24,29.32],[-89.03,29.12],[-89.23,30.41],[-87.77,30.26],[-86.39,30.47],[-85.3,29.66],[-84.32,30.09],[-83.41,29.59],[-82.52,29.98],[-86,35.23],[-95.41,35.3],[-95.25,33.73]]]},"properties":{"NAME":"Natchez","SUBJECTO":"Natchez","PARTOF":"Natchez"}},
{"type":"Feature","geometry":{"type":"Polygon","coordinates":[[[-79.84,42.83],[-78.89,42.87],[-80.07,42.15],[-82.47,41.41],[-80.26,38.77],[-79.23,39.36],[-77.46,34.5],[-75.73,35.88],[-76.28,37.06],[-76.54,38.79],[-75.67,37.9],[-75.04,38.5],[-75.62,39.67],[-74.86,38.99],[-74.15,39.77],[-74.29,40.63],[-73.25,41.18],[-76.94,43.24],[-78.55,43.35],[-79.84,42.83]]]},"properties":{"NAME":"Delaware","SUBJECTO":"Delaware","PARTOF":"Delaware"}},
{"type":"Feature","geometry":{"type":"Polygon","coordinates":[[[-94.86,29.78],[-95.25,33.73],[-96.51,33.63],[-99.44,33.41],[-103,33.15],[-102.98,32.92],[-102.96,32.7],[-102.33,32.33],[-101.07,31.58],[-101.08,31.33],[-101.23,28.3],[-95.38,28.96],[-95.06,29.68],[-94.86,29.78]]]},"properties":{"NAME":"Comanche","SUBJECTO":"Comanche","PARTOF":"Comanche"}},
{"type":"Feature","geometry":null,"properties":{"NAME":null,"SUBJECTO":null,"PARTOF":null}},
{"type":"Feature","geometry":null,"properties":{"NAME":null,"SUBJECTO":null,"PARTOF":null}},
{"type":"Feature","geometry":{"type":"Polygon","coordinates":[[[-97.75,28.69],[-101.23,28.3],[-109.26,26.09],[-108.01,24.98],[-105.54,22.28],[-105.29,21.52],[-105.51,20.1],[-103.1,19.84],[-100.9,18.79],[-100.9,19.65],[-99.95,19.84],[-99.95,22.9],[-97.88,22.33],[-97.82,24.21],[-97.26,25.81],[-97.64,26.85],[-97.57,27.91],[-96.83,28.16],[-96.68,28.25],[-96.58,28.43],[-96.6,28.38],[-97.75,28.69]]]},"properties":{"NAME":null,"SUBJECTO":null,"PARTOF":null}},
{"type":"Feature","geometry":{"type":"Polygon","coordinates":[[[-70.71,45.7],[-71.74,45.01],[-75.05,44.87],[-76.46,44.25],[-76.17,43.63],[-76.94,43.24],[-73.25,41.18],[-70.3,41.76],[-71.05,42.36],[-69.92,43.91],[-68.78,44.63],[-67.17,44.71],[-66.83,45.2],[-67.88,46.2],[-70.02,46.17],[-70.71,45.7]]]},"properties":{"NAME":"Iroquois","SUBJECTO":"Iroquois","PARTOF":"Iroquois"}},
{"type":"Feature","geometry":{"type":"Polygon","coordinates":[[[-114.34,31.59],[-116.63,35.4],[-115.77,35.52],[-118.84,38.88],[-120.71,40.92],[-124.33,40.3],[-123.82,39.61],[-123.74,39.08],[-121.93,37.01],[-121.93,36.34],[-120.68,35.19],[-120.53,34.51],[-118.6,34.1],[-117.5,33.33],[-116.7,31.59],[-115.6,29.69],[-114.07,28.42],[-114.48,27.24],[-112.41,26.19],[-112.17,25.01],[-110.22,23.4],[-109.52,23.19],[-110.8,24.88],[-111.59,26.76],[-111.91,26.66],[-112.87,28.33],[-114.68,30.14],[-114.84,31.82],[-114.34,31.59]]]},"properties":{"NAME":"Pomo","SUBJECTO":"Pomo","PARTOF":"Pomo"}},
{"type":"Feature","geometry":{"type":"Polygon","coordinates":[[[-144.17,63.33],[-150.14,61.24],[-149.32,60.93],[-151.16,60.66],[-151.78,59.99],[-151.39,59.21],[-149.33,60.03],[-147.94,61.21],[-145,60.55],[-144.41,60.09],[-139.31,59.71],[-139.79,59.52],[-137.09,58.45],[-136.94,58.94],[-135.33,58.58],[-135.51,58.97],[-135.14,59.17],[-135.05,58.91],[-133.47,57.84],[-133.34,57.38],[-133.4,57.22],[-132.1,56.35],[-132.28,56.13],[-132.26,55.94],[-132.26,55.85],[-130.87,55.73],[-128.7,60.74],[-138.75,62.42],[-144.17,63.33]]]},"properties":{"NAME":"Tlinoit","SUBJECTO":"Tlinoit","PARTOF":"Tlinoit"}},
{"type":"Feature","geometry":{"type":"Polygon","coordinates":[[[-81.27,49.74],[-81.92,47.77],[-70.71,45.7],[-70.02,46.17],[-67.88,46.2],[-66.83,45.2],[-66.4,45.11],[-66.44,45.13],[-67.35,48.85],[-66.97,48.95],[-67.78,48.72],[-68.34,48.55],[-69.25,48.12],[-71.04,46.74],[-69.22,48.68],[-81.17,50.03],[-81.27,49.74]]]},"properties":{"NAME":"Algonquin","SUBJECTO":"Algonquin","PARTOF":"Algonquin"}},
{"type":"Feature","geometry":{"type":"Polygon","coordinates":[[[-76.46,44.25],[-75.05,44.87],[-71.74,45.01],[-70.71,45.7],[-81.92,47.77],[-81.27,49.74],[-83.27,50.23],[-83.76,49.02],[-84.61,46.9],[-84.79,46.47],[-84.98,45.98],[-85.25,45.31],[-85.5,44.68],[-82.52,41.94],[-81.44,42.59],[-80.47,42.57],[-80.36,42.62],[-79.84,42.83],[-78.55,43.35],[-79.79,43.3],[-79.15,43.77],[-77.28,43.89],[-76.91,44.05],[-76.46,44.25]],[[-84.13,45.95],[-83.79,46.26],[-80.76,45.97],[-79.71,44.74],[-80.22,44.5],[-81.3,45.22],[-81.81,43.32],[-82.35,43.02],[-82.84,44.03],[-83.59,43.67],[-83.43,45.27],[-84.63,45.75],[-84.13,45.95]]]},"properties":{"NAME":"Huron","SUBJECTO":"Huron","PARTOF":"Huron"}},
{"type":"Feature","geometry":{"type":"Polygon","coordinates":[[[-143.61,68.65],[-159.86,70.54],[-162.18,70.28],[-164.07,69.06],[-166.3,68.88],[-166.84,68.41],[-163.74,67.22],[-160.03,66.57],[-162.28,66.07],[-164.46,66.6],[-168.18,65.69],[-165.66,65.25],[-166.59,64.73],[-163.03,64.44],[-161.29,64.96],[-161.13,63.56],[-163.31,63.04],[-164.29,63.25],[-166.19,61.75],[-165.9,61.27],[-163.52,60.71],[-165.13,60.54],[-164.03,59.8],[-162.38,60.16],[-161.94,58.72],[-159.81,58.94],[-157.14,58.86],[-157.67,57.6],[-160.46,56.2],[-160.17,55.81],[-156.5,57.1],[-156.68,57.4],[-154.65,58.08],[-153.45,58.88],[-154.28,59.25],[-152.88,60.28],[-150.42,61.31],[-143.61,68.65]]]},"properties":{"NAME":null,"SUBJECTO":null,"PARTOF":null}},
{"type":"Feature","geometry":{"type":"MultiPolygon","coordinates":[]},"properties":{"NAME":null,"SUBJECTO":null,"PARTOF":null}},
{"type":"Feature","geometry":{"type":"Polygon","coordinates":[[[-96.81,76.92],[-93.94,76.4],[-94.2,76.9],[-96.81,76.92]]]},"properties":{"NAME":null,"SUBJECTO":null,"PARTOF":null}},
{"type":"Feature","geometry":{"type":"Polygon","coordinates":[[[-61.36,15.2],[-61.3,15.57],[-61.49,15.54],[-61.36,15.2]]]},"properties":{"NAME":null,"SUBJECTO":null,"PARTOF":null}},
{"type":"Feature","geometry":{"type":"Polygon","coordinates":[[[-61.75,12],[-61.64,12.03],[-61.61,12.23],[-61.75,12]]]},"properties":{"NAME":null,"SUBJECTO":null,"PARTOF":null}},
{"type":"Feature","geometry":{"type":"Polygon","coordinates":[[[-60.86,14.4],[-61.03,14.83],[-61.23,14.81],[-60.86,14.4]]]},"properties":{"NAME":null,"SUBJECTO":null,"PARTOF":null}},
{"type":"Feature","geometry":{"type":"Polygon","coordinates":[[[-62.17,16.67],[-62.18,16.81],[-62.24,16.71],[-62.17,16.67]]]},"properties":{"NAME":null,"SUBJECTO":null,"PARTOF":null}},
{"type":"Feature","geometry":{"type":"Polygon","coordinates":[[[-63.17,18.16],[-62.99,18.23],[-63.06,18.26],[-63.17,18.16]]]},"properties":{"NAME":null,"SUBJECTO":null,"PARTOF":null}},
{"type":"Feature","geometry":{"type":"Polygon","coordinates":[[[-62.7,17.34],[-62.78,17.29],[-62.62,17.24],[-62.7,17.34]]]},"properties":{"NAME":null,"SUBJECTO":null,"PARTOF":null}},
{"type":"Feature","geometry":{"type":"Polygon","coordinates":[[[-60.95,13.71],[-60.95,14.1],[-61.08,13.9],[-60.95,13.71]]]},"properties":{"NAME":null,"SUBJECTO":null,"PARTOF":null}},
{"type":"Feature","geometry":{"type":"Polygon","coordinates":[[[-61.17,13.13],[-61.14,13.38],[-61.28,13.25],[-61.17,13.13]]]},"properties":{"NAME":null,"SUBJECTO":null,"PARTOF":null}},
{"type":"Feature","geometry":{"type":"Polygon","coordinates":[[[-64.76,17.77],[-64.9,17.68],[-64.67,17.71],[-64.76,17.77]]]},"properties":{"NAME":null,"SUBJECTO":null,"PARTOF":null}},
{"type":"Feature","geometry":{"type":"Polygon","coordinates":[[[-61.35,16.33],[-61.79,16.24],[-61.7,15.95],[-61.35,16.33]]]},"properties":{"NAME":null,"SUBJECTO":null,"PARTOF":null}},
{"type":"Feature","geometry":{"type":"Polygon","coordinates":[[[-68.97,12.2],[-68.83,12.05],[-68.82,12.16],[-68.97,12.2]]]},"properties":{"NAME":null,"SUBJECTO":null,"PARTOF":null}},
{"type":"Feature","geometry":{"type":"Polygon","coordinates":[[[-63.01,18.07],[-63.05,18.12],[-63.14,18.06],[-63.01,18.07]]]},"properties":{"NAME":null,"SUBJECTO":null,"PARTOF":null}},
{"type":"Feature","geometry":{"type":"Polygon","coordinates":[[[-63.14,18.06],[-63.03,18.02],[-63.01,18.07],[-63.14,18.06]]]},"properties":{"NAME":null,"SUBJECTO":null,"PARTOF":null}},
{"type":"Feature","geometry":{"type":"Polygon","coordinates":[[[-155.93,20.28],[-156.16,19.81],[-155.78,18.95],[-154.92,19.56],[-155.93,20.28]]]},"properties":{"NAME":"Polynesians","SUBJECTO":"Polynesians","PARTOF":"Polynesians"}},
{"type":"Feature","geometry":{"type":"Polygon","coordinates":[[[-53.11,48.52],[-54.13,48.84],[-53.51,49.28],[-55.11,49.28],[-56.66,50.06],[-55.42,51.43],[-56.15,51.47],[-57.36,50.6],[-58.13,49.5],[-58.14,48.6],[-59.16,47.67],[-54.78,47.71],[-53.07,46.73],[-52.73,47.45],[-53.88,48.19],[-53.11,48.52]]]},"properties":{"NAME":"Beothuk","SUBJECTO":"Beothuk","PARTOF":"Beothuk"}},
{"type":"Feature","geometry":{"type":"Polygon","coordinates":[[[-61.93,56.28],[-62.28,55.59],[-62.74,54.65],[-63.2,53.73],[-64.88,50.33],[-61.64,50.28],[-60.14,50.41],[-58.52,51.38],[-56.96,51.49],[-55.66,52.19],[-55.77,53.16],[-58.08,54.08],[-60.25,53.28],[-60.14,53.68],[-57.43,54.58],[-59.69,55.15],[-61.93,56.28]]]},"properties":{"NAME":"Innu","SUBJECTO":"Innu","PARTOF":"Innu"}},
{"type":"Feature","geometry":{"type":"Polygon","coordinates":[[[-77.25,-2.1],[-77.85,-1.67],[-78.56,-2.13],[-78.39,-2.91],[-77.25,-2.76],[-77.25,-2.1]]]},"properties":{"NAME":"Shuar","SUBJECTO":"Shuar","PARTOF":"Shuar"}},
{"type":"Feature","geometry":{"type":"Polygon","coordinates":[[[19.33,57.96],[19.1,57.98],[19.14,57.91],[19.33,57.96]]]},"properties":{"NAME":null,"SUBJECTO":null,"PARTOF":null}},
{"type":"Feature","geometry":{"type":"Polygon","coordinates":[[[8.94,47.66],[7.57,47.58],[7.01,46.64],[7.44,45.92],[9.5,46.79],[9.62,47.5],[9.19,47.65],[9.14,47.67],[9.01,47.67],[8.98,47.67],[8.94,47.66]]]},"properties":{"NAME":"Swiss Confederation","SUBJECTO":"Swiss Confederation","PARTOF":"Swiss Confederation"}},
{"type":"Feature","geometry":{"type":"Polygon","coordinates":[[[142.34,-10.92],[141.68,-12.47],[141.71,-15.23],[140.8,-17.56],[140.25,-17.8],[139.25,-17.43],[137.07,-16.03],[136.69,-16.03],[135.39,-14.9],[135.88,-14.2],[135.83,-13.48],[136.47,-13.22],[136.86,-12.44],[135.44,-12.18],[134.94,-12.34],[133.56,-11.95],[132.38,-11.3],[132.75,-12.17],[131.18,-12.24],[130.46,-12.76],[130.27,-13.36],[129.43,-14.31],[129.63,-15.28],[127.96,-14.7],[126.85,-13.78],[125.86,-14.69],[125.16,-14.8],[125.02,-15.64],[124.42,-15.66],[124.34,-16.26],[123.58,-16.39],[123.89,-16.91],[123.42,-17.58],[122.74,-16.58],[122.09,-17.4],[122.2,-18.24],[120.87,-19.68],[119.53,-20.14],[118.87,-20.07],[117.6,-20.76],[116.42,-20.84],[113.63,-22.57],[113.76,-23.48],[113.43,-24.87],[114.18,-26.02],[114.1,-26.54],[113.16,-26.43],[114.02,-27.63],[114.63,-28.9],[115.06,-30.8],[115.75,-32.21],[115.65,-33.37],[114.99,-33.75],[115.05,-34.42],[116.56,-35.19],[118.21,-35.09],[119.77,-34.12],[121.74,-33.96],[122.17,-34.18],[123.62,-33.92],[124.25,-33.14],[126.06,-32.43],[127.27,-32.38],[129.19,-31.8],[131.28,-31.63],[131.99,-32.07],[133.84,-32.34],[134.63,-33.27],[135.71,-35.21],[136.11,-34.53],[137.07,-33.95],[137.87,-32.75],[138.17,-33.19],[136.95,-35.47],[137.68,-35.33],[138.1,-34.36],[138.57,-34.93],[138.35,-35.87],[139.37,-35.61],[140.01,-37.64],[140.65,-38.16],[143.36,-38.97],[144.75,-38.46],[146.53,-39.18],[148.04,-38.1],[149.5,-37.93],[149.98,-37.35],[150.22,-35.69],[150.76,-35.25],[151.36,-33.52],[152.18,-32.88],[152.97,-31.42],[152.94,-30.7],[153.49,-28.84],[152.95,-27.34],[152.9,-25.63],[151.73,-24.16],[150.8,-23.6],[150.75,-22.81],[149.56,-22.43],[149.1,-21.06],[148.19,-20.17],[146.32,-19.08],[145.92,-18.26],[145.87,-17.19],[145.33,-16.49],[145.18,-15.05],[144.39,-14.37],[143.74,-14.47],[143.17,-12.12],[142.34,-10.92]]]},"properties":{"NAME":"Australian aboriginal hunter-gatherers","SUBJECTO":"Australian aboriginal hunter-gatherers","PARTOF":"Australian aboriginal hunter-gatherers"}},
{"type":"Feature","geometry":{"type":"Polygon","coordinates":[[[146.71,-43.72],[147.82,-42.97],[148.27,-41.09],[146.38,-41.31],[144.78,-40.84],[145.18,-42.48],[145.72,-43.24],[146.71,-43.72]]]},"properties":{"NAME":"Tasmanian hunter-gatherers","SUBJECTO":"Tasmanian hunter-gatherers","PARTOF":"Tasmanian hunter-gatherers"}},
{"type":"Feature","geometry":{"type":"Polygon","coordinates":[[[-81.17,50.03],[-69.22,48.68],[-67.32,49.43],[-66.37,50.31],[-64.88,50.33],[-62.74,54.65],[-65.64,55.26],[-71.03,55.2],[-74.2,52.93],[-78.74,52.74],[-78.57,52.49],[-78.49,52.26],[-78.55,52.01],[-78.7,51.57],[-78.75,51.32],[-78.82,51.16],[-79.28,51.6],[-79.5,51.14],[-79.34,50.84],[-81.75,52.17],[-81.71,52.33],[-82.34,52.98],[-82.16,53.8],[-82.4,54.27],[-82.34,54.65],[-82.38,55.06],[-84.47,55.17],[-87.47,55.91],[-88.77,56.74],[-90.2,57.07],[-90.44,57.14],[-92.71,56.83],[-102.14,57.21],[-111.28,58.55],[-122.49,54.24],[-115.03,52.03],[-114.47,52],[-105.19,51.45],[-98.92,50.23],[-95.57,50],[-87.79,49.93],[-85.04,49.09],[-83.76,49.02],[-83.27,50.23],[-81.27,49.74],[-81.17,50.03]]]},"properties":{"NAME":"Subarctic forest hunter-gatherers","SUBJECTO":"Subarctic forest hunter-gatherers","PARTOF":"Subarctic forest hunter-gatherers"}},
{"type":"Feature","geometry":{"type":"Polygon","coordinates":[[[-128.43,52.94],[-128.08,52.94],[-127.87,52.41],[-125.76,53.13],[-122.49,54.24],[-111.28,58.55],[-118.2,62.71],[-124.94,64.83],[-132.43,62.5],[-138.75,62.42],[-128.7,60.74],[-130.87,55.73],[-130.7,55.47],[-130.69,54.97],[-130.07,55.1],[-129.84,54.98],[-130.18,54.17],[-129.43,53.52],[-128.81,53.76],[-128.43,52.94]]]},"properties":{"NAME":"Athabaskan","SUBJECTO":"Athabaskan","PARTOF":"Athabaskan"}},
{"type":"Feature","geometry":{"type":"Polygon","coordinates":[[[-64.19,-14.69],[-64.66,-16.8],[-65.72,-18.08],[-65.49,-19.14],[-67.15,-25.22],[-68.26,-28.54],[-68.41,-30.48],[-67.48,-31.66],[-63.56,-30.04],[-57.35,-29.68],[-54.36,-30.59],[-53.54,-31.45],[-52.14,-31.74],[-52.04,-31.56],[-51.45,-31.02],[-51.23,-30.27],[-50.61,-30.3],[-51.12,-31.47],[-49.94,-29.63],[-49.55,-29.16],[-48.8,-28.48],[-49.84,-26.8],[-49.49,-24.55],[-48.47,-23.75],[-53.12,-14.28],[-60.27,-13.81],[-64.19,-14.69]]]},"properties":{"NAME":"Savanna hunter-gatherers","SUBJECTO":"Savanna hunter-gatherers","PARTOF":"Savanna hunter-gatherers"}},
{"type":"Feature","geometry":{"type":"MultiPolygon","coordinates":[[[[-70.5,-54.92],[-65.26,-54.82],[-66.98,-54.34],[-68.71,-53.23],[-68.31,-52.94],[-69.41,-52.57],[-70.33,-53.47],[-69.44,-53.41],[-70.04,-53.99],[-69.06,-54.6],[-70.62,-54.5],[-70.5,-54.92]]],[[[-74.24,-43.37],[-73.7,-43.39],[-73.83,-42.56],[-73.46,-42.26],[-74.17,-42.35],[-74.24,-43.37]]],[[[-73.24,-52.57],[-73.08,-53.03],[-72.84,-52.65],[-73.24,-52.57]]],[[[-69.11,-51.35],[-71.17,-51.56],[-72.04,-48.77],[-72.19,-45.99],[-71.63,-43.2],[-70.58,-40.58],[-72.07,-40.55],[-72.73,-41.55],[-72.59,-41.62],[-72.61,-42],[-72.47,-42.03],[-72.53,-43.06],[-73,-43.33],[-72.76,-44.37],[-72.58,-44.44],[-73.14,-45.34],[-73.05,-45.38],[-73.97,-46.71],[-74,-46.49],[-74.43,-46.53],[-74.04,-46.09],[-74.56,-45.87],[-75.44,-46.63],[-75.02,-46.55],[-74.86,-46.82],[-73.98,-47.03],[-74.38,-47.42],[-74.3,-47.76],[-73.36,-47.97],[-74.21,-48.01],[-73.96,-49.24],[-73.93,-49.99],[-73.93,-50.51],[-73.53,-50.43],[-74.21,-51.02],[-73.68,-51.23],[-73.78,-51.61],[-73.26,-51.71],[-73.11,-52.1],[-72.45,-52.16],[-72.21,-52.57],[-71.68,-52.64],[-72.75,-53.14],[-71.15,-52.96],[-71.44,-53.88],[-70.73,-52.8],[-69.24,-52.29],[-68.46,-52.42],[-69.08,-51.5],[-69.11,-51.35]]]]},"properties":{"NAME":"Patagonian shellfish and marine mammal hunters","SUBJECTO":"Patagonian shellfish and marine mammal hunters","PARTOF":"Patagonian shellfish and marine mammal hunters"}},
{"type":"Feature","geometry":{"type":"Polygon","coordinates":[[[-67.48,-31.66],[-68.41,-30.48],[-68.44,-30.94],[-69.37,-32.6],[-69.37,-34.44],[-70.29,-36.47],[-71.03,-37.21],[-73.28,-37.28],[-73.14,-37.16],[-72.63,-35.65],[-71.62,-33.71],[-71.52,-32.18],[-71.62,-33.71],[-72.63,-35.65],[-73.14,-37.16],[-73.67,-37.5],[-73.44,-37.9],[-73.19,-39.57],[-73.76,-40.24],[-73.67,-41.48],[-73.46,-41.79],[-72.73,-41.55],[-72.07,-40.55],[-71.52,-39.71],[-69.44,-37.16],[-67.65,-33.58],[-67.48,-31.66]]]},"properties":{"NAME":"Andean hunter-gatherers","SUBJECTO":"Andean hunter-gatherers","PARTOF":"Andean hunter-gatherers"}},
{"type":"Feature","geometry":{"type":"Polygon","coordinates":[[[-53.12,-14.28],[-46.28,-3.55],[-49.07,-4.74],[-54.16,-4.63],[-56.33,-4.33],[-58.44,-2.29],[-57.97,-0.59],[-55.8,0.88],[-55.86,1.7],[-58.56,3.98],[-62.66,4.15],[-66.41,3.04],[-70.16,-5.74],[-69.05,-8.24],[-64.19,-14.69],[-60.27,-13.81],[-53.12,-14.28]]]},"properties":{"NAME":"Amazon hunter-gatherers","SUBJECTO":"Amazon hunter-gatherers","PARTOF":"Amazon hunter-gatherers"}},
{"type":"Feature","geometry":{"type":"MultiPolygon","coordinates":[[[[-50.48,-1.68],[-48.89,-1.42],[-48.55,-0.63],[-49.14,-0.2],[-50.5,-0.26],[-50.48,-1.68]]],[[[-70.68,8.56],[-65.97,8.18],[-63.07,8.33],[-61.29,8.77],[-61.12,9.17],[-60.79,9.39],[-62.1,10.02],[-62.3,9.72],[-62.93,10.37],[-62.2,10.62],[-64.07,10.63],[-64.88,10.14],[-66.48,10.68],[-68.3,10.73],[-68.69,11.38],[-69.74,11.66],[-69.78,11.79],[-69.79,11.87],[-69.87,12.01],[-70.2,11.75],[-69.87,11.76],[-69.79,11.69],[-71.46,10.88],[-71.5,10.65],[-71.38,10.41],[-71.09,9.92],[-71.18,9.28],[-70.68,8.56]]]]},"properties":{"NAME":"Caribbean hunter-gatherers","SUBJECTO":"Caribbean hunter-gatherers","PARTOF":"Caribbean hunter-gatherers"}},
{"type":"Feature","geometry":{"type":"Polygon","coordinates":[[[-69.11,-51.35],[-69.04,-50.56],[-67.83,-49.97],[-67.58,-49.06],[-65.78,-47.71],[-67.47,-46.27],[-66.97,-45.31],[-65.66,-44.94],[-65.63,-44.72],[-65.31,-43.6],[-64.7,-43.2],[-65.09,-42.78],[-64.17,-42.65],[-64,-42.85],[-63.62,-42.57],[-64.12,-42.38],[-64.99,-42.19],[-64.92,-41.73],[-65.13,-41.24],[-64.94,-40.83],[-63.84,-41.16],[-62.26,-40.8],[-62.47,-40.37],[-62.11,-39.69],[-62.35,-39.33],[-62.31,-38.88],[-61.36,-39.03],[-59.52,-38.87],[-57.81,-38.39],[-56.7,-36.94],[-57.37,-36.15],[-57.24,-35.58],[-58.52,-34.59],[-58.34,-34.22],[-56.34,-35],[-54.62,-34.92],[-54.07,-34.65],[-52.35,-32.68],[-52.14,-31.74],[-53.54,-31.45],[-54.36,-30.59],[-57.35,-29.68],[-63.56,-30.04],[-67.48,-31.66],[-67.65,-33.58],[-69.44,-37.16],[-71.52,-39.71],[-72.07,-40.55],[-70.58,-40.58],[-71.63,-43.2],[-72.19,-45.99],[-72.04,-48.77],[-71.17,-51.56],[-69.11,-51.35]]]},"properties":{"NAME":"Pampas cultures","SUBJECTO":"Pampas cultures","PARTOF":"Pampas cultures"}},
{"type":"Feature","geometry":{"type":"Polygon","coordinates":[[[-118.84,38.88],[-109.05,38.88],[-111.55,41.64],[-111.67,41.94],[-115.09,42.51],[-119.02,43.11],[-120.46,43.57],[-120.18,41.01],[-120.71,40.92],[-118.84,38.88]]]},"properties":{"NAME":"Desert hunter-gatherers","SUBJECTO":"Desert hunter-gatherers","PARTOF":"Desert hunter-gatherers"}},
{"type":"Feature","geometry":{"type":"MultiPolygon","coordinates":[[[[-132.17,54.85],[-132.69,55.65],[-132.62,55.75],[-133.27,55.83],[-133.02,55.37],[-132.17,54.85]]],[[[-122.53,48.7],[-122.75,47.26],[-123.18,47.49],[-122.75,47.26],[-122.42,48.39],[-121,48.53],[-120.46,43.62],[-120.31,44.3],[-120.48,48.96],[-125.76,53.13],[-127.87,52.41],[-127.43,52.46],[-127.04,52.46],[-127.46,51.77],[-127.35,51.64],[-127.46,51.02],[-126.69,50.99],[-126.43,51.09],[-126.23,50.93],[-126.09,50.71],[-124.94,50.6],[-124.47,49.81],[-123.98,49.97],[-123.92,49.89],[-123.7,49.53],[-123.21,49.62],[-122.98,49.14],[-122.61,48.83],[-122.53,48.7]]],[[[-128.34,50.67],[-126.52,49.82],[-126.56,49.57],[-125.89,49.38],[-125.78,49.09],[-125,49.17],[-125.1,48.8],[-123.59,48.63],[-125.72,50.41],[-127.85,50.86],[-128.34,50.67]]]]},"properties":{"NAME":"North American Pacific foraging, hunting and fishing peoples","SUBJECTO":"North American Pacific foraging, hunting and fishing peoples","PARTOF":"North American Pacifi foraging, hunting and fishing peoples"}},
{"type":"Feature","geometry":{"type":"Polygon","coordinates":[[[-122.49,54.24],[-125.76,53.13],[-120.48,48.96],[-120.31,44.3],[-120.46,43.62],[-120.46,43.57],[-119.02,43.11],[-115.09,42.51],[-111.67,41.94],[-114.13,47.95],[-114.47,52],[-115.03,52.03],[-122.49,54.24]],[[-117.85,46.35],[-117.13,46.77],[-115.06,46.68],[-114.21,45.53],[-116.39,44.68],[-117.39,44.79],[-117.85,46.35]]]},"properties":{"NAME":"Plateau fichers and hunter gatherers","SUBJECTO":"Plateau fichers and hunter gatherers","PARTOF":"Plateau fichers and hunter gatherers"}},
{"type":"Feature","geometry":{"type":"MultiPolygon","coordinates":[[[[-109.05,38.88],[-102.57,38.88],[-102.57,33.18],[-96.51,33.63],[-97.14,34.47],[-96.41,35.65],[-94.62,36.1],[-94.12,35.88],[-94.12,39.73],[-94.23,46.72],[-95.57,50],[-98.92,50.23],[-105.19,51.45],[-114.47,52],[-114.13,47.95],[-111.67,41.94],[-111.55,41.64],[-109.05,38.88]],[[-105.98,43.31],[-107.18,43.96],[-110.28,44.75],[-111.55,45.51],[-110.16,46.79],[-107.81,47.19],[-106.28,47.92],[-103.99,47.64],[-104.54,47.13],[-104.55,45.07],[-103.22,45.19],[-102.23,44.17],[-102.95,42.98],[-104.16,41.97],[-104.83,42.24],[-105.98,43.31]]],[[[-96.77,28.62],[-95.38,28.96],[-97.75,28.69],[-96.6,28.38],[-96.58,28.43],[-96.77,28.62]]]]},"properties":{"NAME":"Plain bison hunters","SUBJECTO":"Plain bison hunters","PARTOF":"Plain bison hunters"}},
{"type":"Feature","geometry":{"type":"Polygon","coordinates":[[[-84.79,46.47],[-85.1,46.75],[-86.73,46.44],[-88.46,46.92],[-90.88,46.6],[-92.11,46.73],[-88.89,48.31],[-88.09,49],[-86.38,48.73],[-85.8,47.97],[-85.03,47.94],[-84.61,46.9],[-83.76,49.02],[-85.04,49.09],[-87.79,49.93],[-95.57,50],[-94.23,46.72],[-94.12,39.73],[-94.12,35.88],[-94.62,36.1],[-96.41,35.65],[-97.14,34.47],[-96.51,33.63],[-95.25,33.73],[-95.41,35.3],[-86,35.23],[-86.13,35.42],[-80.26,38.77],[-82.47,41.41],[-83.45,41.75],[-82.52,41.94],[-85.5,44.68],[-85.25,45.31],[-86.07,44.87],[-86.49,44],[-86.23,42.62],[-87.38,41.63],[-87.91,43.19],[-87.34,44.82],[-87.94,44.56],[-87,45.86],[-84.98,45.98],[-84.79,46.47]]]},"properties":{"NAME":null,"SUBJECTO":null,"PARTOF":null}},
{"type":"Feature","geometry":{"type":"Polygon","coordinates":[[[-103,33.15],[-99.44,33.41],[-102.57,33.18],[-102.57,38.88],[-109.05,38.88],[-118.84,38.88],[-115.77,35.52],[-109.73,36.41],[-103.38,37.34],[-103,33.15]]]},"properties":{"NAME":null,"SUBJECTO":null,"PARTOF":null}},
{"type":"Feature","geometry":{"type":"Polygon","coordinates":[[[-120.18,41.01],[-120.46,43.57],[-120.46,43.62],[-121,48.53],[-120.18,41.01]]]},"properties":{"NAME":null,"SUBJECTO":null,"PARTOF":null}},
{"type":"Feature","geometry":{"type":"Polygon","coordinates":[[[-122.98,49.14],[-122.53,48.7],[-122.61,48.83],[-122.98,49.14]]]},"properties":{"NAME":null,"SUBJECTO":null,"PARTOF":null}},
{"type":"Feature","geometry":{"type":"Polygon","coordinates":[[[-123.7,49.53],[-123.53,49.51],[-123.21,49.62],[-123.7,49.53]]]},"properties":{"NAME":null,"SUBJECTO":null,"PARTOF":null}},
{"type":"Feature","geometry":{"type":"Polygon","coordinates":[[[-124.47,49.81],[-123.92,49.89],[-123.98,49.97],[-124.47,49.81]]]},"properties":{"NAME":null,"SUBJECTO":null,"PARTOF":null}},
{"type":"Feature","geometry":{"type":"Polygon","coordinates":[[[-126.09,50.71],[-125.41,50.55],[-124.94,50.6],[-126.09,50.71]]]},"properties":{"NAME":null,"SUBJECTO":null,"PARTOF":null}},
{"type":"Feature","geometry":{"type":"Polygon","coordinates":[[[-127.46,51.02],[-126.23,50.93],[-126.43,51.09],[-126.69,50.99],[-127.46,51.02]]]},"properties":{"NAME":null,"SUBJECTO":null,"PARTOF":null}},
{"type":"Feature","geometry":null,"properties":{"NAME":null,"SUBJECTO":null,"PARTOF":null}},
{"type":"Feature","geometry":{"type":"Polygon","coordinates":[[[-127.87,52.41],[-127.71,52.39],[-127.43,52.46],[-127.04,52.46],[-127.43,52.46],[-127.87,52.41]]]},"properties":{"NAME":null,"SUBJECTO":null,"PARTOF":null}},
{"type":"Feature","geometry":{"type":"Polygon","coordinates":[[[-144.17,63.33],[-138.75,62.42],[-132.43,62.5],[-124.94,64.83],[-118.2,62.71],[-111.28,58.55],[-102.14,57.21],[-92.71,56.83],[-92.52,57.69],[-93.07,58.55],[-94.68,58.88],[-94.38,60.8],[-92.89,62.13],[-98.73,65.63],[-128.37,66.88],[-143.61,68.65],[-150.42,61.31],[-150.14,61.24],[-144.17,63.33]]]},"properties":{"NAME":null,"SUBJECTO":null,"PARTOF":null}},
{"type":"Feature","geometry":{"type":"Polygon","coordinates":[[[-90.2,57.07],[-90,57.18],[-90.44,57.14],[-90.2,57.07]]]},"properties":{"NAME":null,"SUBJECTO":null,"PARTOF":null}},
{"type":"Feature","geometry":null,"properties":{"NAME":null,"SUBJECTO":null,"PARTOF":null}},
{"type":"Feature","geometry":{"type":"Polygon","coordinates":[[[-82.34,52.98],[-82.21,53.34],[-82.16,53.8],[-82.34,52.98]]]},"properties":{"NAME":null,"SUBJECTO":null,"PARTOF":null}},
{"type":"Feature","geometry":null,"properties":{"NAME":null,"SUBJECTO":null,"PARTOF":null}},
{"type":"Feature","geometry":null,"properties":{"NAME":null,"SUBJECTO":null,"PARTOF":null}},
{"type":"Feature","geometry":null,"properties":{"NAME":null,"SUBJECTO":null,"PARTOF":null}},
{"type":"Feature","geometry":null,"properties":{"NAME":null,"SUBJECTO":null,"PARTOF":null}},
{"type":"Feature","geometry":{"type":"Polygon","coordinates":[[[-79.55,54.69],[-78.93,54.08],[-78.74,52.74],[-74.2,52.93],[-71.03,55.2],[-65.64,55.26],[-62.74,54.65],[-62.28,55.59],[-62.37,55.59],[-64.6,58.15],[-68.21,57.04],[-74.52,60.12],[-75.37,54.66],[-79.55,54.69]]]},"properties":{"NAME":null,"SUBJECTO":null,"PARTOF":null}},
{"type":"Feature","geometry":null,"properties":{"NAME":null,"SUBJECTO":null,"PARTOF":null}},
{"type":"Feature","geometry":null,"properties":{"NAME":null,"SUBJECTO":null,"PARTOF":null}},
{"type":"Feature","geometry":{"type":"Polygon","coordinates":[[[-130.69,54.97],[-129.84,54.98],[-130.07,55.1],[-130.69,54.97]]]},"properties":{"NAME":null,"SUBJECTO":null,"PARTOF":null}},
{"type":"Feature","geometry":null,"properties":{"NAME":null,"SUBJECTO":null,"PARTOF":null}},
{"type":"Feature","geometry":{"type":"Polygon","coordinates":[[[35.03,-21.19],[34.67,-20.52],[34.72,-20.04],[33.47,-20.02],[33.4,-20.58],[33.4,-20.76],[33.36,-20.84],[33.06,-23.08],[31.37,-25.28],[30.41,-25.87],[29.38,-25.87],[28.64,-24.91],[28.09,-22.78],[28.02,-21.23],[28.14,-19.94],[12.91,-19.7],[12.52,-19.06],[12.93,-19.74],[13.8,-21.44],[14.53,-22.5],[14.4,-23.07],[15.15,-26.33],[15.29,-27.15],[15.66,-27.89],[16.79,-29.14],[18.18,-31.81],[17.93,-33.1],[18.07,-33.22],[18.46,-33.83],[18.35,-34.35],[18.57,-34.19],[19.28,-34.5],[19.88,-34.99],[20.26,-34.62],[21.67,-34.51],[22.68,-34.1],[24.43,-34.33],[26.66,-33.85],[28.92,-32.3],[30.39,-30.81],[31.56,-29.21],[32.23,-28.74],[32.92,-26.52],[32.5,-26.07],[33.35,-25.3],[34.58,-24.88],[35.5,-24.09],[35.3,-23.83],[35.53,-22.46],[35.26,-22.27],[34.99,-21.27],[35.03,-21.19]]]},"properties":{"NAME":"Khoisan","SUBJECTO":"Khoisan","PARTOF":"Khoiasan"}},
{"type":"Feature","geometry":{"type":"Polygon","coordinates":[[[43.5,9.73],[42.46,9.51],[42.17,7.15],[38.32,6.5],[35.58,5.53],[33.02,6.86],[32.35,9.53],[32.85,10.1],[31.75,10.25],[30.6,11.12],[24.07,11.18],[23.2,11.78],[20.67,11.96],[18.63,10.17],[15.66,11.31],[14.71,12.51],[12.35,11.2],[10.73,11.29],[9.85,10.91],[7.18,11.05],[4.67,11.51],[3.56,12.18],[3.39,13.12],[2.74,12.47],[1.93,12.33],[1.6,12.48],[-1.17,10.85],[-3.48,10.29],[-6.83,10.11],[-15.16,11.88],[-15.1,11.81],[-15.34,11.22],[-15.03,11.16],[-14.97,10.85],[-14.57,10.78],[-14.47,10.33],[-13.68,9.92],[-13.28,9.27],[-13.14,9.03],[-13.14,8.72],[-12.93,8.63],[-12.91,8.56],[-12.99,8.46],[-13.21,8.35],[-13.04,8.14],[-12.27,7.63],[-12.05,7.26],[-9.94,5.86],[-9.25,5.17],[-7.53,4.34],[-5,5.24],[-3.94,5.27],[-2.9,6.12],[-1.13,6.26],[-0.4,6.12],[0.54,5.72],[1.56,6.24],[3.95,6.58],[4.82,7.93],[4.25,7.66],[2.63,7.81],[1.96,8.4],[2.33,9.58],[3.22,9.88],[4.32,9.8],[5.34,8.72],[6.88,8.64],[7.37,7.91],[7.37,6.94],[6.76,5.83],[12.6,7.73],[22.22,6.2],[33.93,2.84],[34.41,2.49],[43.41,2.51],[44.28,3.36],[46.45,4.08],[47.64,4.1],[48.47,5.2],[49.05,6.42],[50.78,9.37],[51.25,11.66],[50.7,11.95],[49.3,11.25],[47.39,11.16],[46.68,10.7],[45.91,10.83],[44.28,10.4],[43.5,9.73]]]},"properties":{"NAME":"West African cereal farmers","SUBJECTO":"West African cereal farmers","PARTOF":"West African cereal farmers"}},
{"type":"Feature","geometry":{"type":"Polygon","coordinates":[[[143.14,52.86],[142.67,53.54],[141.84,52.96],[142.02,51.43],[142.11,51.22],[141.89,48.45],[141.98,48.28],[141.91,47.07],[141.9,45.91],[142.33,46.56],[143.3,46.01],[143.44,46.57],[142.61,47.46],[142.85,49.13],[143.97,49.06],[144.54,48.75],[143.07,51.27],[143.14,52.86]]]},"properties":{"NAME":"Ainus","SUBJECTO":"Ainus","PARTOF":"Ainus"}},
{"type":"Feature","geometry":{"type":"Polygon","coordinates":[[[32.09,46.93],[32.2,46.17],[33.64,45.93],[32.5,45.45],[33.4,45.25],[33.4,44.6],[36.26,45.1],[35.06,45.34],[33.84,46.19],[35.34,46.34],[37.42,47.08],[39.16,47.27],[37.76,46.6],[38.46,46.08],[36.96,45.23],[37.47,44.69],[38.92,44.21],[40.25,43.27],[41.12,43.02],[41.31,43.56],[42.52,47.05],[44.36,49.43],[43.67,50.86],[42.59,50.91],[40.03,49.08],[38.14,49.05],[37.5,48.44],[36.07,47.9],[32.09,46.93]]]},"properties":{"NAME":"Crimean Khanate","SUBJECTO":"Ottoman Empire","PARTOF":"Ottoman Empire"}},
{"type":"Feature","geometry":{"type":"Polygon","coordinates":[[[-1.75,48.18],[-2,48.68],[-3.09,48.87],[-4.76,48.55],[-2.58,47.32],[-1.75,48.18]]]},"properties":{"NAME":"Britany","SUBJECTO":"Britany","PARTOF":"Britany"}},
{"type":"Feature","geometry":{"type":"Polygon","coordinates":[[[-5.9,17.79],[-3.64,19.02],[-1.58,19.38],[-0.4,18.94],[1.19,17.06],[3.41,14.1],[3.39,13.12],[3.56,12.18],[3.78,13.66],[8.3,14.52],[10.07,14.22],[10.81,14.59],[11.77,16.21],[11.99,20.34],[12.43,21.01],[13.31,20.97],[15.01,15.04],[15.82,14.3],[15.82,13.12],[14.71,12.51],[15.66,11.31],[18.63,10.17],[20.67,11.96],[23.2,11.78],[24.07,11.18],[30.6,11.12],[31.75,10.25],[32.85,10.1],[32.35,9.53],[33.02,6.86],[35.58,5.53],[38.32,6.5],[35.98,7.44],[35.61,8.11],[35.46,9.58],[35.61,12.23],[36.42,14.89],[37.45,15.4],[38.85,15.63],[39.44,14.96],[41.14,13.86],[41.43,12.75],[41.21,11.87],[40.7,11.28],[41.51,10.76],[41.65,11.35],[42.81,11.78],[43.47,12.1],[42.35,13.27],[40.74,14.92],[39.52,15.46],[38.53,18.16],[37.43,17.7],[36.45,18.07],[35.96,19.42],[37.17,20.76],[36.66,22.17],[35.75,22.91],[35.19,24.4],[32.51,23.73],[30.82,23.66],[29.34,24.03],[27.43,27.2],[25.44,28.01],[21.68,28.08],[17,28.75],[12.53,30.8],[7.89,32.59],[6.5,32.73],[2.45,32.67],[-1.8,32.43],[-2.87,32.29],[-4.89,32.4],[-8.31,33.34],[-9.22,32.58],[-9.81,31.29],[-9.66,29.95],[-10.34,29.15],[-11.58,28.23],[-12.87,27.86],[-13.63,26.59],[-14.37,26.12],[-14.82,24.73],[-15.71,23.87],[-16.98,21.6],[-16.35,20.52],[-16.47,19.37],[-16.06,18.67],[-12.04,18.43],[-9.09,18.65],[-7.1,18.43],[-5.9,17.79]],[[32.15,16.29],[31.7,16.51],[31.63,17.39],[33.03,18.28],[33.91,17.98],[34.21,17.25],[33.69,16.44],[34.21,15.7],[34.58,12.75],[33.62,10.98],[32.37,10.98],[31.78,12.38],[31.85,14.89],[32.15,16.29]]]},"properties":{"NAME":null,"SUBJECTO":null,"PARTOF":null}},
{"type":"Feature","geometry":{"type":"Polygon","coordinates":[[[47.64,4.1],[46.45,4.08],[44.28,3.36],[43.41,2.51],[39.42,-1.38],[42.79,1.32],[44.3,1.29],[45.54,1.97],[47.64,4.1]]]},"properties":{"NAME":null,"SUBJECTO":null,"PARTOF":null}},
{"type":"Feature","geometry":{"type":"Polygon","coordinates":[[[40.4,-11.23],[40.31,-11.34],[40.37,-12.99],[40.4,-11.23]]]},"properties":{"NAME":null,"SUBJECTO":null,"PARTOF":null}},
{"type":"Feature","geometry":{"type":"Polygon","coordinates":[[[40.62,-14.48],[40.6,-13.53],[40.6,-14.4],[40.62,-14.48]]]},"properties":{"NAME":null,"SUBJECTO":null,"PARTOF":null}},
{"type":"Feature","geometry":{"type":"Polygon","coordinates":[[[40.53,-15.18],[40.78,-14.92],[40.86,-14.7],[40.53,-15.18]]]},"properties":{"NAME":null,"SUBJECTO":null,"PARTOF":null}},
{"type":"Feature","geometry":{"type":"Polygon","coordinates":[[[34.67,-20.52],[34.71,-20.29],[34.73,-19.86],[34.85,-19.8],[35.91,-19.03],[37.28,-17.71],[38.86,-17.06],[39.8,-16.42],[40.57,-15.48],[39.8,-16.42],[38.86,-17.06],[37.28,-17.71],[35.91,-19.03],[34.85,-19.8],[34.73,-19.86],[34.72,-20.04],[34.67,-20.52]]]},"properties":{"NAME":null,"SUBJECTO":null,"PARTOF":null}},
{"type":"Feature","geometry":{"type":"MultiPolygon","coordinates":[]},"properties":{"NAME":null,"SUBJECTO":null,"PARTOF":null}},
{"type":"Feature","geometry":{"type":"Polygon","coordinates":[[[28.02,-21.23],[28.17,-19.68],[28.14,-19.94],[28.02,-21.23]]]},"properties":{"NAME":null,"SUBJECTO":null,"PARTOF":null}},
{"type":"Feature","geometry":{"type":"Polygon","coordinates":[[[14.53,-22.5],[13.8,-21.44],[12.93,-19.74],[12.52,-19.06],[12.08,-18.49],[12.93,-19.74],[13.8,-21.44],[14.53,-22.5]]]},"properties":{"NAME":null,"SUBJECTO":null,"PARTOF":null}},
{"type":"Feature","geometry":null,"properties":{"NAME":null,"SUBJECTO":null,"PARTOF":null}},
{"type":"Feature","geometry":null,"properties":{"NAME":null,"SUBJECTO":null,"PARTOF":null}},
{"type":"Feature","geometry":null,"properties":{"NAME":null,"SUBJECTO":null,"PARTOF":null}},
{"type":"Feature","geometry":{"type":"Polygon","coordinates":[[[9.66,-2.42],[10.06,-2.57],[9.89,-2.44],[9.66,-2.42]]]},"properties":{"NAME":null,"SUBJECTO":null,"PARTOF":null}},
{"type":"Feature","geometry":{"type":"Polygon","coordinates":[[[8.98,-1.1],[9.11,-1.35],[9.47,-1.59],[8.98,-1.1]]]},"properties":{"NAME":null,"SUBJECTO":null,"PARTOF":null}},
{"type":"Feature","geometry":null,"properties":{"NAME":null,"SUBJECTO":null,"PARTOF":null}},
{"type":"Feature","geometry":null,"properties":{"NAME":null,"SUBJECTO":null,"PARTOF":null}},
{"type":"Feature","geometry":{"type":"Polygon","coordinates":[[[35.26,-22.27],[35.03,-21.19],[34.99,-21.27],[35.26,-22.27]]]},"properties":{"NAME":null,"SUBJECTO":null,"PARTOF":null}},
{"type":"Feature","geometry":{"type":"Polygon","coordinates":[[[35.3,-23.83],[35.43,-23.46],[35.53,-22.46],[35.3,-23.83]]]},"properties":{"NAME":null,"SUBJECTO":null,"PARTOF":null}},
{"type":"Feature","geometry":null,"properties":{"NAME":null,"SUBJECTO":null,"PARTOF":null}},
{"type":"Feature","geometry":{"type":"Polygon","coordinates":[[[19.88,-34.99],[20.26,-34.62],[21.67,-34.51],[22.68,-34.1],[24.43,-34.33],[26.66,-33.85],[28.92,-32.3],[30.39,-30.81],[31.56,-29.21],[32.23,-28.74],[32.92,-26.52],[32.23,-28.74],[31.56,-29.21],[30.39,-30.81],[28.92,-32.3],[26.66,-33.85],[24.43,-34.33],[22.68,-34.1],[21.67,-34.51],[20.26,-34.62],[19.88,-34.99]]]},"properties":{"NAME":null,"SUBJECTO":null,"PARTOF":null}},
{"type":"Feature","geometry":{"type":"Polygon","coordinates":[[[18.35,-34.35],[19.28,-34.5],[18.57,-34.19],[18.35,-34.35]]]},"properties":{"NAME":null,"SUBJECTO":null,"PARTOF":null}},
{"type":"Feature","geometry":{"type":"Polygon","coordinates":[[[17.93,-33.1],[18.46,-33.83],[18.07,-33.22],[17.93,-33.1]]]},"properties":{"NAME":null,"SUBJECTO":null,"PARTOF":null}},
{"type":"Feature","geometry":null,"properties":{"NAME":null,"SUBJECTO":null,"PARTOF":null}},
{"type":"Feature","geometry":null,"properties":{"NAME":null,"SUBJECTO":null,"PARTOF":null}},
{"type":"Feature","geometry":null,"properties":{"NAME":null,"SUBJECTO":null,"PARTOF":null}},
{"type":"Feature","geometry":null,"properties":{"NAME":null,"SUBJECTO":null,"PARTOF":null}},
{"type":"Feature","geometry":{"type":"Polygon","coordinates":[[[9.03,4.14],[9.78,3.85],[9.65,4.02],[9.03,4.14]]]},"properties":{"NAME":null,"SUBJECTO":null,"PARTOF":null}},
{"type":"Feature","geometry":{"type":"Polygon","coordinates":[[[8.26,4.75],[8.92,4.52],[8.33,4.84],[8.26,4.75]]]},"properties":{"NAME":null,"SUBJECTO":null,"PARTOF":null}},
{"type":"Feature","geometry":null,"properties":{"NAME":null,"SUBJECTO":null,"PARTOF":null}},
{"type":"Feature","geometry":{"type":"Polygon","coordinates":[[[33.4,-20.76],[33.4,-20.58],[33.36,-20.84],[33.4,-20.76]]]},"properties":{"NAME":null,"SUBJECTO":null,"PARTOF":null}},
{"type":"Feature","geometry":null,"properties":{"NAME":null,"SUBJECTO":null,"PARTOF":null}},
{"type":"Feature","geometry":{"type":"MultiPolygon","coordinates":[]},"properties":{"NAME":null,"SUBJECTO":null,"PARTOF":null}},
{"type":"Feature","geometry":{"type":"MultiPolygon","coordinates":[]},"properties":{"NAME":null,"SUBJECTO":null,"PARTOF":null}},
{"type":"Feature","geometry":{"type":"Polygon","coordinates":[[[-13.04,8.14],[-12.51,7.73],[-12.27,7.63],[-13.04,8.14]]]},"properties":{"NAME":null,"SUBJECTO":null,"PARTOF":null}},
{"type":"Feature","geometry":null,"properties":{"NAME":null,"SUBJECTO":null,"PARTOF":null}},
{"type":"Feature","geometry":null,"properties":{"NAME":null,"SUBJECTO":null,"PARTOF":null}},
{"type":"Feature","geometry":{"type":"Polygon","coordinates":[[[-14.47,10.33],[-14.06,10.08],[-13.68,9.92],[-14.47,10.33]]]},"properties":{"NAME":null,"SUBJECTO":null,"PARTOF":null}},
{"type":"Feature","geometry":{"type":"Polygon","coordinates":[[[-14.97,10.85],[-14.82,10.8],[-14.57,10.78],[-14.97,10.85]]]},"properties":{"NAME":null,"SUBJECTO":null,"PARTOF":null}},
{"type":"Feature","geometry":{"type":"Polygon","coordinates":[[[-15.34,11.22],[-15.12,11.16],[-15.03,11.16],[-15.34,11.22]]]},"properties":{"NAME":null,"SUBJECTO":null,"PARTOF":null}},
{"type":"Feature","geometry":{"type":"Polygon","coordinates":[[[-16.57,12.31],[-16.42,12.25],[-16.28,12.21],[-16.57,12.31]]]},"properties":{"NAME":null,"SUBJECTO":null,"PARTOF":null}},
{"type":"Feature","geometry":null,"properties":{"NAME":"Khoisan","SUBJECTO":"Khoisan","PARTOF":"Khoiasan"}},
{"type":"Feature","geometry":{"type":"Polygon","coordinates":[[[9.03,4.14],[9.65,4.02],[9.78,3.85],[9.77,3.38],[9.85,3.15],[9.92,2.82],[9.85,1.88],[9.56,1.13],[9.62,1.09],[9.64,0.96],[9.57,0.61],[9.35,0.54],[9.6,0.33],[9.85,0.17],[9.88,0.08],[9.47,0.12],[8.98,-1.1],[9.47,-1.59],[9.66,-2.42],[9.89,-2.44],[10.06,-2.57],[10.52,-3.24],[11.77,-4.54],[12.23,-5.36],[12.37,-6.26],[14.58,-4.77],[15.05,-6.01],[14.99,-7.2],[14.1,-7.38],[14.33,-9.37],[13.08,-9.29],[13.42,-9.99],[13.64,-10.3],[13.73,-10.54],[13.82,-10.98],[13.81,-11.66],[13.34,-12.65],[12.59,-13.46],[12.06,-15.59],[11.78,-15.87],[11.77,-17.6],[12.08,-18.49],[12.52,-19.06],[12.91,-19.7],[28.14,-19.94],[28.17,-19.68],[28.9,-18.21],[30.08,-16.36],[31.63,-16.07],[32.96,-16.07],[33.36,-16.54],[33.66,-18.65],[33.47,-20.02],[34.72,-20.04],[34.73,-19.86],[34.85,-19.8],[35.91,-19.03],[37.28,-17.71],[38.86,-17.06],[39.8,-16.42],[40.57,-15.48],[40.53,-15.18],[40.86,-14.7],[40.62,-14.48],[40.6,-14.4],[40.6,-13.53],[40.37,-12.99],[40.31,-11.34],[40.4,-11.23],[39.25,-11.14],[38.24,-9.29],[37.73,-4.58],[39.42,-1.38],[43.41,2.51],[34.41,2.49],[33.93,2.84],[22.22,6.2],[12.6,7.73],[6.76,5.83],[6.09,4.33],[8.3,4.56],[8.26,4.75],[8.33,4.84],[8.92,4.52],[9.03,4.14]],[[16.2,-9.12],[16.59,-9.46],[16.2,-10.19],[15.24,-9.88],[15.52,-9.18],[16.2,-9.12]]]},"properties":{"NAME":"Bantu peoples","SUBJECTO":"Bantu peoples","PARTOF":"Bantou"}},
{"type":"Feature","geometry":{"type":"Polygon","coordinates":[[[-4.15,53.23],[-4.42,53.42],[-4.57,53.27],[-4.15,53.23]]]},"properties":{"NAME":null,"SUBJECTO":null,"PARTOF":null}},
{"type":"Feature","geometry":{"type":"Polygon","coordinates":[[[-5.1,55.44],[-5.3,55.72],[-5.34,55.47],[-5.1,55.44]]]},"properties":{"NAME":null,"SUBJECTO":null,"PARTOF":null}},
{"type":"Feature","geometry":{"type":"Polygon","coordinates":[[[-6.12,55.88],[-6.45,55.85],[-6.33,55.59],[-6.12,55.88]]]},"properties":{"NAME":null,"SUBJECTO":null,"PARTOF":null}},
{"type":"Feature","geometry":{"type":"Polygon","coordinates":[[[-5.95,55.83],[-5.71,56.15],[-5.97,56.02],[-5.95,55.83]]]},"properties":{"NAME":null,"SUBJECTO":null,"PARTOF":null}},
{"type":"Feature","geometry":{"type":"Polygon","coordinates":[[[-7.47,56.94],[-7.45,57.06],[-7.56,56.95],[-7.47,56.94]]]},"properties":{"NAME":null,"SUBJECTO":null,"PARTOF":null}},
{"type":"Feature","geometry":{"type":"Polygon","coordinates":[[[-7.22,57.34],[-7.42,57.38],[-7.38,57.11],[-7.22,57.34]]]},"properties":{"NAME":null,"SUBJECTO":null,"PARTOF":null}},
{"type":"Feature","geometry":{"type":"Polygon","coordinates":[[[-7.27,57.4],[-7.2,57.46],[-7.35,57.49],[-7.27,57.4]]]},"properties":{"NAME":null,"SUBJECTO":null,"PARTOF":null}},
{"type":"Feature","geometry":{"type":"Polygon","coordinates":[[[-7.19,57.69],[-7.54,57.6],[-7.15,57.51],[-7.19,57.69]]]},"properties":{"NAME":null,"SUBJECTO":null,"PARTOF":null}},
{"type":"Feature","geometry":{"type":"Polygon","coordinates":[[[-7.01,57.88],[-6.99,57.92],[-7.07,57.9],[-7.01,57.88]]]},"properties":{"NAME":null,"SUBJECTO":null,"PARTOF":null}},
{"type":"Feature","geometry":{"type":"Polygon","coordinates":[[[-6.8,58.2],[-6.85,58.25],[-6.87,58.21],[-6.8,58.2]]]},"properties":{"NAME":null,"SUBJECTO":null,"PARTOF":null}},
{"type":"Feature","geometry":{"type":"Polygon","coordinates":[[[-6.2,58.36],[-7.03,58.24],[-6.47,57.94],[-6.2,58.36]]]},"properties":{"NAME":null,"SUBJECTO":null,"PARTOF":null}},
{"type":"Feature","geometry":{"type":"Polygon","coordinates":[[[-4.78,54.06],[-4.39,54.19],[-4.37,54.42],[-4.78,54.06]]]},"properties":{"NAME":null,"SUBJECTO":null,"PARTOF":null}},
{"type":"Feature","geometry":{"type":"Polygon","coordinates":[[[129.72,28.45],[129.14,28.25],[129.37,28.12],[129.72,28.45]]]},"properties":{"NAME":null,"SUBJECTO":null,"PARTOF":null}},
{"type":"Feature","geometry":{"type":"Polygon","coordinates":[[[129.96,29.96],[129.94,30],[129.94,29.97],[129.96,29.96]]]},"properties":{"NAME":null,"SUBJECTO":null,"PARTOF":null}},
{"type":"Feature","geometry":{"type":"Polygon","coordinates":[[[129.9,29.87],[129.85,29.85],[129.92,29.82],[129.9,29.87]]]},"properties":{"NAME":null,"SUBJECTO":null,"PARTOF":null}},
{"type":"Feature","geometry":{"type":"Polygon","coordinates":[[[130.91,30.35],[131.05,30.84],[130.87,30.47],[130.91,30.35]]]},"properties":{"NAME":null,"SUBJECTO":null,"PARTOF":null}},
{"type":"Feature","geometry":{"type":"Polygon","coordinates":[[[130.56,30.24],[130.67,30.37],[130.39,30.4],[130.56,30.24]]]},"properties":{"NAME":null,"SUBJECTO":null,"PARTOF":null}},
{"type":"Feature","geometry":{"type":"Polygon","coordinates":[[[121.73,25.14],[121.48,25.27],[121,25],[120.7,24.6],[120.69,24.6],[120.67,24.53],[120.64,24.48],[120.56,24.39],[120.43,24.15],[120.12,23.63],[120.06,23.15],[120.24,22.66],[120.57,22.37],[120.67,22.18],[120.69,22.1],[120.69,22.05],[120.7,21.95],[120.88,22.04],[120.88,22.34],[121.45,23.33],[121.84,24.48],[121.82,24.85],[122,25.01],[121.73,25.14]]]},"properties":{"NAME":null,"SUBJECTO":null,"PARTOF":null}},
{"type":"Feature","geometry":{"type":"Polygon","coordinates":[[[128.9,32.64],[128.65,32.78],[128.61,32.61],[128.9,32.64]]]},"properties":{"NAME":null,"SUBJECTO":null,"PARTOF":null}},
{"type":"Feature","geometry":{"type":"Polygon","coordinates":[[[128.53,38.33],[128.36,38.63],[128.28,38.43],[128.26,38.41],[128.24,38.4],[128.15,38.34],[128.01,38.31],[127.13,38.3],[126.86,37.26],[126.66,37.25],[126.66,37.16],[126.72,37.13],[126.74,37.15],[126.76,37.17],[126.77,37.17],[126.87,37.18],[126.77,37.12],[126.75,37.05],[126.5,37.05],[126.51,36.94],[126.45,36.99],[126.33,36.99],[126.34,36.96],[126.35,36.95],[126.38,36.93],[126.41,36.93],[126.4,36.85],[126.29,36.79],[126.79,35.89],[126.48,35.64],[126.34,35.15],[126.25,35.11],[126.37,34.79],[126.62,34.62],[126.45,34.65],[126.42,34.6],[126.35,34.7],[126.34,34.71],[126.33,34.73],[126.29,34.59],[126.32,34.56],[126.39,34.54],[126.46,34.48],[126.48,34.35],[126.52,34.32],[126.56,34.3],[126.6,34.3],[126.68,34.43],[126.77,34.58],[126.8,34.46],[126.82,34.44],[126.89,34.41],[126.99,34.53],[126.99,34.54],[127.01,34.6],[127.22,34.71],[127.27,34.73],[127.33,34.74],[127.64,34.62],[129.14,35.11],[129.34,37.26],[128.53,38.33]]]},"properties":{"NAME":null,"SUBJECTO":null,"PARTOF":null}},
{"type":"Feature","geometry":{"type":"Polygon","coordinates":[[[123.87,24.25],[123.77,24.41],[123.68,24.32],[123.87,24.25]]]},"properties":{"NAME":null,"SUBJECTO":null,"PARTOF":null}},
{"type":"Feature","geometry":{"type":"Polygon","coordinates":[[[125.36,24.78],[125.26,24.88],[125.25,24.74],[125.36,24.78]]]},"properties":{"NAME":null,"SUBJECTO":null,"PARTOF":null}},
{"type":"Feature","geometry":{"type":"Polygon","coordinates":[[[124.26,24.46],[124.09,24.44],[124.23,24.34],[124.26,24.46]]]},"properties":{"NAME":null,"SUBJECTO":null,"PARTOF":null}},
{"type":"Feature","geometry":{"type":"Polygon","coordinates":[[[128.25,26.64],[128.25,26.84],[127.72,26.44],[128.25,26.64]]]},"properties":{"NAME":null,"SUBJECTO":null,"PARTOF":null}},
{"type":"Feature","geometry":{"type":"Polygon","coordinates":[[[126.76,26.39],[126.69,26.37],[126.78,26.3],[126.76,26.39]]]},"properties":{"NAME":null,"SUBJECTO":null,"PARTOF":null}},
{"type":"Feature","geometry":{"type":"Polygon","coordinates":[[[128.95,27.68],[129.03,27.77],[128.9,27.9],[128.95,27.68]]]},"properties":{"NAME":null,"SUBJECTO":null,"PARTOF":null}},
{"type":"Feature","geometry":{"type":"Polygon","coordinates":[[[128.61,27.36],[128.7,27.45],[128.52,27.41],[128.61,27.36]]]},"properties":{"NAME":null,"SUBJECTO":null,"PARTOF":null}},
{"type":"Feature","geometry":{"type":"Polygon","coordinates":[[[129.99,28.28],[130.03,28.37],[129.92,28.29],[129.99,28.28]]]},"properties":{"NAME":null,"SUBJECTO":null,"PARTOF":null}},
{"type":"Feature","geometry":{"type":"Polygon","coordinates":[[[129.34,28.08],[129.22,28.18],[129.22,28.1],[129.34,28.08]]]},"properties":{"NAME":null,"SUBJECTO":null,"PARTOF":null}},
{"type":"Feature","geometry":{"type":"Polygon","coordinates":[[[129.73,29.61],[129.75,29.65],[129.71,29.65],[129.73,29.61]]]},"properties":{"NAME":null,"SUBJECTO":null,"PARTOF":null}},
{"type":"Feature","geometry":{"type":"Polygon","coordinates":[[[69.08,66.69],[70.84,66.55],[71.35,66.66],[69.08,66.69]]]},"properties":{"NAME":null,"SUBJECTO":null,"PARTOF":null}},
{"type":"Feature","geometry":{"type":"MultiPolygon","coordinates":[[[[-42.82,60.8],[-42.27,62.19],[-40.52,63.78],[-41.48,64.27],[-40.35,64.53],[-39.99,65.53],[-37.58,65.55],[-34.43,66.38],[-32.96,67.64],[-26.96,68.5],[-22.16,70.06],[-27.47,70.21],[-27.61,71.07],[-25.29,71.57],[-23.75,70.59],[-21.71,70.39],[-21.9,71.5],[-27.44,73.29],[-24.08,73.76],[-22.82,73.33],[-20.33,73.42],[-21.76,74.31],[-19.72,74.21],[-20.62,74.95],[-19.57,76.11],[-22.38,76.64],[-18.06,76.81],[-19.18,77.82],[-21.77,77.77],[-19.76,78.87],[-19.05,80.43],[-16.44,80.45],[-12.71,81.62],[-16.47,81.9],[-23.34,80.62],[-22.06,81.96],[-32.6,81.97],[-22.59,82.42],[-26.42,83.34],[-32.51,83.58],[-45.21,82.97],[-44.68,81.73],[-49.65,82.48],[-49.94,81.68],[-53.77,82.24],[-60.04,81.88],[-61.11,81.18],[-67.14,80.56],[-64.62,79.95],[-65.16,79.31],[-58.83,78.24],[-52.06,74.7],[-51.82,74.21],[-55.99,73.92],[-54.56,72.87],[-55.63,71.73],[-55.01,71.33],[-53.32,71.89],[-51.72,71.59],[-50.82,70.25],[-52.37,70.67],[-53.67,70.36],[-50.57,69.87],[-50.95,68.54],[-52.84,68.51],[-50.49,67.97],[-50.48,67.48],[-52.81,67.77],[-53.1,65.87],[-52.08,65.37],[-51.8,64.23],[-50.14,64.74],[-51.37,63.73],[-49.86,62.97],[-50.05,62.31],[-47.63,60.6],[-45.62,60.6],[-43.01,59.83],[-42.82,60.8]]],[[[8.21,55.4],[8.56,55.36],[8.74,54.61],[8.95,54.42],[8.88,54.23],[9.44,54.25],[9.45,54.19],[9.67,54.19],[9.74,54.28],[9.88,54.25],[10.14,54.34],[9.86,54.41],[9.98,54.49],[9.42,54.98],[9.7,55.48],[9.69,55.6],[10.15,55.76],[10.18,56.08],[10.75,56.1],[10.23,56.61],[9.37,56.88],[8.32,55.85],[8.21,55.4]]],[[[-22.37,63.77],[-18.64,63.32],[-14.82,64.2],[-13.53,65.18],[-14.75,65.7],[-16.39,66.45],[-17.86,65.84],[-19.16,65.73],[-19.97,66.11],[-21.08,65.21],[-21.49,65.57],[-21.3,65.7],[-22.56,66.11],[-22.47,66],[-23.43,65.83],[-23.27,65.72],[-24.15,65.44],[-21.73,65.18],[-23.51,64.56],[-21.49,64.38],[-22.37,63.77]]],[[[10.4,57.51],[8.53,57.14],[8.37,56.67],[10.46,57.24],[10.4,57.51]]],[[[12.47,55.71],[11.23,55.34],[11.58,55.16],[12.3,55.17],[12.16,55.38],[12.47,55.71]]],[[[-51.93,69.52],[-54.59,70.24],[-53.55,69.28],[-51.93,69.52]]],[[[27.77,58.89],[31.65,59.53],[30.93,61.1],[29.73,61.85],[32.27,62.66],[30.43,63.42],[30.87,64.16],[30.07,64.56],[31.12,67.07],[30.47,67.49],[27.1,66.83],[26.48,65.57],[25.63,66.7],[21.88,66.97],[18.53,66.43],[18.4,67.23],[18.96,68.29],[19.58,69.18],[18.32,69.36],[17.13,68.42],[16.65,68.05],[15.76,67.68],[14.62,67.25],[14.78,67.22],[13.99,66.69],[13.26,66.39],[13.58,66.19],[12.5,65.38],[11.51,64.52],[9.22,63.28],[7.1,62.7],[7.55,62.6],[5.53,61.93],[5.83,61.82],[5.12,61.14],[5.39,61.03],[5.08,60.59],[5.55,60.51],[5.28,60.13],[5.89,60.16],[5.69,59.75],[6.19,59.82],[5.74,59.63],[5.42,59.52],[5.18,59.31],[5.35,59.39],[5.53,59.27],[5.68,59.41],[5.8,59.43],[6.11,59.53],[6.02,59.25],[6.24,59.28],[5.82,59.02],[6.27,58.99],[6.09,58.8],[5.67,58.82],[5.53,58.88],[5.62,58.46],[6.65,58.17],[6.64,58.04],[8.15,58.09],[9.15,58.66],[9.35,58.85],[10.36,59.21],[10.38,59.37],[10.63,59.45],[10.66,59.22],[11.18,59.07],[11.14,58.85],[11.41,58.33],[11.61,58.25],[11.8,58.18],[11.74,57.7],[11.88,57.33],[12.87,56.51],[12.51,56.12],[12.99,55.67],[13.3,55.3],[14.12,55.35],[14.13,55.67],[14.65,56.12],[16.03,56.35],[16.06,56.4],[16.66,57.44],[16.44,58.63],[18.37,59.16],[19.04,59.71],[17.19,60.67],[17.29,62.44],[17.72,62.36],[21.39,64.38],[21.28,65.21],[22.65,65.93],[25.25,65.42],[24.47,64.64],[21.03,62.48],[21.56,60.51],[23.2,59.82],[28.52,60.62],[29.08,59.91],[27.7,59.3],[27.66,58.94],[27.77,58.89]]]]},"properties":{"NAME":"Kalmar Union","SUBJECTO":"Kalmar Union","PARTOF":"Kalmar Union"}},
{"type":"Feature","geometry":{"type":"MultiPolygon","coordinates":[[[[-75.31,67.46],[-75.12,68.11],[-76.79,68.15],[-77.06,67.33],[-75.31,67.46]]],[[[-98.3,69.39],[-99.37,68.97],[-96.21,68.54],[-95.51,68.81],[-97.74,69.83],[-98.3,69.39]]],[[[-97.08,73.67],[-100.93,73.86],[-100.83,72.75],[-102.67,72.85],[-98.94,71.39],[-97.28,71.65],[-96.35,72.5],[-98.39,73.13],[-97.08,73.67]]],[[[-108.4,76.3],[-109.14,75.71],[-111.39,75.66],[-114.37,76.47],[-115.15,75.76],[-117.4,75.41],[-111.37,75.1],[-114.22,74.84],[-112.2,74.5],[-109.07,75.13],[-105.77,75.23],[-108.4,76.3]]],[[[-94.11,72.22],[-94.27,72.85],[-92,72.84],[-90,74],[-95.07,74.06],[-95.64,73.14],[-94.11,72.22]]],[[[-80.77,75.61],[-83.56,75.9],[-86.18,75.41],[-89.04,75.46],[-90,76.59],[-93.08,76.53],[-91.87,74.79],[-88.14,74.57],[-80.35,74.62],[-80.77,75.61]]],[[[-65.16,79.31],[-72.38,78.53],[-69.69,77.56],[-66.8,77.78],[-67.74,77.19],[-71.18,77.26],[-68.38,76.78],[-69.04,76.29],[-66.56,75.93],[-63.65,76.38],[-58.64,75.79],[-55.99,73.92],[-51.82,74.21],[-52.06,74.7],[-58.83,78.24],[-65.16,79.31]]],[[[-107.53,72.02],[-108.99,72.73],[-111.73,72.33],[-112.84,72.95],[-114.47,72.63],[-114.65,73.35],[-117.22,72.86],[-118.99,72.03],[-115.74,71.3],[-118.5,71.05],[-117.76,70.72],[-113.76,70.74],[-111.54,70.33],[-117.57,69.99],[-115.91,69.35],[-113.92,69.25],[-113.15,68.6],[-110.45,68.65],[-107.54,69.06],[-106.85,69.45],[-104.19,68.9],[-101.81,69.14],[-103.36,69.64],[-101.06,70.03],[-103.86,70.7],[-105.31,72.65],[-108.18,73.38],[-107.53,72.02]]],[[[-92.89,62.13],[-92.29,62.92],[-90,62.95],[-90,63.3],[-93.32,63.97],[-90,63.61],[-89.97,64.19],[-88.38,64.06],[-87.16,65.06],[-88.17,65.13],[-85.99,66.16],[-86.74,66.57],[-83.74,66.31],[-81.5,67.07],[-82.69,68.7],[-81.48,69.19],[-84.31,69.83],[-85.38,69.7],[-85.4,68.76],[-86.49,67.38],[-88.32,67.81],[-87.86,68.28],[-88.91,69.23],[-90,68.37],[-90,69.49],[-92.67,69.74],[-91.66,70.29],[-94.42,71.88],[-96.7,70.84],[-96.13,69.94],[-94.04,69.55],[-93.41,68.54],[-95.32,68.06],[-95.26,67.03],[-96.21,68.07],[-97.83,68.4],[-97.26,67.6],[-101.91,67.71],[-105.64,68.35],[-107.66,67.96],[-107.13,66.96],[-110.53,67.92],[-112.5,67.69],[-115.56,67.9],[-114.11,68.35],[-115.29,68.89],[-117.83,69.01],[-122.33,69.88],[-125.19,69.41],[-127.94,70.08],[-132.71,68.87],[-133.72,68.92],[-130.05,69.97],[-131.06,70.16],[-133.65,69.51],[-136.04,69.34],[-135.5,68.72],[-141.16,69.6],[-143.31,70.2],[-145.27,70.12],[-149.29,70.54],[-152.14,70.53],[-152.97,70.93],[-160.24,70.86],[-159.86,70.54],[-143.61,68.65],[-128.37,66.88],[-98.73,65.63],[-92.89,62.13]]],[[[-101.75,76.54],[-102.15,75.64],[-98,75.16],[-97.82,76.48],[-101.75,76.54]]],[[[-74.56,64.78],[-73.16,64.57],[-71.32,63.06],[-69.16,62.42],[-65.94,61.79],[-66.33,62.32],[-68.48,63.34],[-67.77,63.8],[-64.77,62.48],[-65.04,64.41],[-66.6,64.77],[-68.38,66.28],[-66.91,66.59],[-65.03,65.95],[-64.84,65.38],[-63.35,65.02],[-63.38,65.93],[-61.21,66.64],[-63.93,67.41],[-64.83,67.95],[-66.74,67.93],[-68.67,68.72],[-68.53,69.25],[-66.67,69.19],[-68.47,70.56],[-70.29,70.62],[-72.53,71.63],[-73.28,71.16],[-75.32,72.55],[-78.36,72.58],[-78.57,71.93],[-81.04,72.38],[-80.49,73.04],[-82.7,73.78],[-84.86,73.35],[-86.33,71.99],[-86.66,73.1],[-85.25,73.78],[-89.1,73.2],[-90,71.54],[-87.17,71.02],[-89.15,70.97],[-87.95,70.38],[-80.83,69.71],[-81.01,70.18],[-78.71,70.01],[-79.1,70.66],[-73.18,68.3],[-72.3,67.26],[-74.28,66.06],[-73.42,65.53],[-75.79,65.2],[-77.36,65.38],[-78.1,64.51],[-76.53,64.23],[-74.56,64.78]]],[[[-64.6,58.15],[-62.37,55.59],[-62.28,55.59],[-61.93,56.28],[-61.48,57.1],[-64.67,60.18],[-65.56,59.58],[-65.93,58.42],[-68,58.17],[-68.57,58.78],[-69.73,58.56],[-69.34,59.21],[-70.03,60.88],[-73.39,62.35],[-75.69,62.22],[-77.36,62.52],[-78.18,60.74],[-77.39,60.69],[-77.21,59.75],[-78.47,58.71],[-76.77,57.66],[-76.44,56.81],[-77.23,55.61],[-79.55,54.69],[-75.37,54.66],[-75.05,56.72],[-74.52,60.12],[-68.21,57.04],[-64.6,58.15]]],[[[-84.12,65.34],[-85.56,65.86],[-86.06,64.14],[-85.46,63.21],[-82.73,64.08],[-82.11,64.64],[-84.12,65.34]]]]},"properties":{"NAME":"Thule","SUBJECTO":"Thule","PARTOF":"Thule"}},
{"type":"Feature","geometry":{"type":"Polygon","coordinates":[[[87.21,49.61],[87.77,49.28],[85.52,48.41],[77.18,46.78],[74.07,45.54],[68.23,42.24],[64.53,40.15],[65.08,39.53],[68.58,37.13],[71.34,35.78],[72.03,35.61],[74.66,34.96],[77.98,34.87],[82.69,34.74],[86.82,35.11],[89.92,35.19],[90,36.51],[91.69,36.36],[95.52,37.1],[95.15,37.69],[95.59,38.94],[99.28,38.98],[102.93,39.02],[119.6,42.03],[131.87,43.29],[132.95,42.67],[134.14,42.99],[136.03,44.4],[137.72,46],[139.21,47.81],[140.08,48.5],[140.32,50.52],[141.26,52.1],[141.12,53.05],[139.38,54.08],[138.42,54.09],[137.98,53.46],[136.49,53.65],[126.44,54.92],[118.11,56.89],[109.08,57.6],[102.59,57.3],[87.21,49.61]]]},"properties":{"NAME":"Chagatai Khanate","SUBJECTO":"Chagatai Khanate","PARTOF":"Chagatai Khanate"}},
{"type":"Feature","geometry":{"type":"Polygon","coordinates":[[[102.59,57.3],[93.98,56.89],[85.08,58.16],[77.04,61.97],[75.24,62.13],[75.66,58.62],[78.4,58.59],[82.54,57.08],[79.3,54.4],[78.8,54.39],[87.21,49.61],[102.59,57.3]]]},"properties":{"NAME":"Oirat Confederation","SUBJECTO":"Oirat Confederation","PARTOF":"Oirat Confederation"}},
{"type":"Feature","geometry":{"type":"Polygon","coordinates":[[[59.98,26.51],[65.52,26.93],[66.99,27.74],[69.57,29.96],[70.34,31.38],[72.03,35.61],[71.34,35.78],[68.58,37.13],[65.08,39.53],[64.53,40.15],[68.23,42.24],[66.67,44.43],[61.27,46.26],[61.11,44.72],[60.08,43.61],[58.88,43.85],[55.64,40.05],[54.07,38.9],[53.98,36.78],[57.19,30.76],[59.18,28.48],[59.98,26.51]]]},"properties":{"NAME":"Timurid Emirates","SUBJECTO":"Timurid Emirates","PARTOF":"Timurid Emirates"}},
{"type":"Feature","geometry":{"type":"MultiPolygon","coordinates":[[[[8.58,39.07],[9.48,39.14],[9.79,40.56],[9.31,41.18],[8.24,40.86],[8.58,39.07]]],[[[13.76,41.21],[14.9,40.24],[15.67,40.09],[16.21,38.78],[15.63,38.23],[16.05,37.93],[17.09,38.92],[16.53,39.7],[16.95,40.48],[18.03,40.6],[15.87,41.5],[16.01,41.9],[14.92,41.97],[14.08,42.63],[13.41,42.36],[13.76,41.21]]],[[[14.22,37.05],[15.03,36.75],[15.39,38.21],[13.81,37.97],[13.32,38.22],[12.45,37.77],[14.22,37.05]]],[[[-0.91,42.88],[-2.13,41.82],[-1.81,39.86],[-2.04,38.6],[-1.65,37.92],[-1.94,36.95],[0.17,38.74],[-0.39,39.43],[0.88,41.02],[3.13,41.86],[3,42.77],[1.73,42.5],[-0.91,42.88]]]]},"properties":{"NAME":"Aragón","SUBJECTO":"Aragón","PARTOF":"Aragón"}},
{"type":"Feature","geometry":{"type":"Polygon","coordinates":[[[78,16.47],[78.32,17.42],[78.17,19.01],[77.39,18.77],[77.07,17.36],[77.17,16.66],[78,16.47]]]},"properties":{"NAME":"Bidar","SUBJECTO":"Bidar","PARTOF":"Deccan Sultanates"}},
{"type":"Feature","geometry":{"type":"Polygon","coordinates":[[[78,16.47],[77.17,16.66],[77.07,17.36],[77.39,18.77],[75.41,18.5],[73.4,16.62],[73.49,16.29],[75.07,15.97],[76.1,15.97],[77.49,16.31],[77.92,16.25],[78,16.47]]]},"properties":{"NAME":"Bijapur","SUBJECTO":"Bijapur","PARTOF":"Deccan Sultanates"}},
{"type":"Feature","geometry":{"type":"Polygon","coordinates":[[[76.93,23.9],[73.71,22.95],[74.27,21.91],[73.49,19.91],[72.79,19.88],[72.85,19.24],[73.4,16.62],[75.41,18.5],[77.39,18.77],[78.17,19.01],[78.53,19.12],[78.57,20.44],[76.09,21.05],[76.93,23.9]]]},"properties":{"NAME":"Ahmadnagar","SUBJECTO":"Ahmadnagar","PARTOF":"Deccan Sultanates"}},
{"type":"Feature","geometry":{"type":"Polygon","coordinates":[[[82.32,17],[79.96,17.6],[79.33,17.23],[78.87,18.27],[79.21,18.85],[78.75,19.19],[78.53,19.12],[78.17,19.01],[78.32,17.42],[78,16.47],[77.92,16.25],[79.43,16.02],[80.46,15.77],[80.96,15.72],[82.32,17]]]},"properties":{"NAME":"Golkonda","SUBJECTO":"Golkonda","PARTOF":"Deccan Sultanates"}},
{"type":"Feature","geometry":{"type":"Polygon","coordinates":[[[82.55,23.24],[80.92,23.69],[78.95,23.96],[78.28,24.3],[76.93,23.9],[76.09,21.05],[78.57,20.44],[78.53,19.12],[78.75,19.19],[79.21,18.85],[78.87,18.27],[79.33,17.23],[81.86,18.73],[84.3,20.75],[82.55,23.24]]]},"properties":{"NAME":"Islamic states","SUBJECTO":"Islamic states","PARTOF":"Islamic states"}},
{"type":"Feature","geometry":{"type":"Polygon","coordinates":[[[101.66,19.66],[99.84,20.48],[98.67,18.4],[97.57,16.45],[97.82,14.62],[98.49,13.11],[98.87,11.65],[98.4,10.56],[98.63,10.1],[98.18,8.6],[99.02,7.87],[100.14,6.18],[100.66,3.9],[101.26,3.23],[101.84,3.46],[103.33,3.39],[103.34,4.81],[102.33,6.1],[101.56,6.74],[100.61,6.98],[99.72,9.26],[99.3,9.16],[99.19,10.49],[99.9,12.08],[99.93,13.26],[100.91,13.45],[100.87,12.68],[101.92,12.59],[102.67,12.04],[103.66,12.85],[105.02,13.41],[107.48,13.26],[107.46,15],[107.11,16.17],[105.57,17.88],[104.93,17.45],[104.11,18],[101.65,18],[101.66,19.66]]]},"properties":{"NAME":"Ayutthaya","SUBJECTO":"Ayutthaya","PARTOF":"Ayutthaya"}},
{"type":"Feature","geometry":{"type":"Polygon","coordinates":[[[32.16,69.69],[29.73,69.7],[28.73,70.14],[30.46,70.54],[28.21,71.02],[22.31,70.22],[19.82,69.37],[18.4,67.23],[18.53,66.43],[21.88,66.97],[25.63,66.7],[26.48,65.57],[27.1,66.83],[30.47,67.49],[28.9,68.36],[30.14,69.26],[32.16,69.69]]]},"properties":{"NAME":"Sámi","SUBJECTO":"Sámi","PARTOF":"Sámi"}},
{"type":"Feature","geometry":{"type":"Polygon","coordinates":[[[67.85,61.67],[70.97,64.24],[72.36,62.94],[74.37,63.08],[75.24,62.13],[77.04,61.97],[85.08,58.16],[93.98,56.89],[102.59,57.3],[109.08,57.6],[118.11,56.89],[126.44,54.92],[136.49,53.65],[136.49,54.46],[135.09,54.43],[134.99,54.85],[137.23,55.98],[140.03,57.64],[140.59,58.24],[142.85,59.27],[147.92,59.26],[149.05,59.59],[151.14,59.44],[152.19,58.93],[154.91,59.1],[153.94,59.57],[157.1,61.63],[160.15,61.66],[159.74,61.1],[160.64,60.72],[162.75,61.61],[162.99,62.33],[164.14,62.53],[163.33,60.69],[161.54,59.94],[158.33,58.03],[156.78,57.58],[155.63,56.27],[155.47,54.92],[156.04,52.78],[156.7,50.96],[157.9,51.67],[158.46,52.83],[159.9,53.24],[159.93,54.09],[162.01,54.74],[161.5,55.29],[163.1,56.56],[162.51,57.03],[163.13,57.55],[161.8,58.1],[162.91,58.89],[163.39,59.81],[164.58,59.66],[165.78,60.35],[166.03,59.71],[167.1,60.27],[169.15,60.43],[169.88,59.87],[172.49,61.26],[177.29,62.49],[178.74,62.3],[179.29,62.82],[178.15,64.16],[175.9,64.55],[177.13,64.93],[178.73,64.61],[180,64.95],[180,65.05],[180,65.31],[180,65.38],[180,65.96],[180,66.96],[180,67.96],[180,68.92],[175.61,69.78],[173.01,69.69],[170.45,70.02],[170.83,68.92],[169.39,68.72],[167.32,69.66],[166.31,69.38],[164.05,69.66],[160.86,69.08],[158.41,70.81],[156.04,70.99],[152.13,70.66],[149.72,71.9],[146.92,72.2],[145.1,71.58],[145.6,72.43],[141.29,72.79],[139.85,72.24],[139.74,71.4],[137.63,71.08],[135.51,71.51],[134.24,71.26],[132.28,71.66],[131.05,70.69],[126.22,72.38],[128.52,72.95],[127.72,73.4],[124.22,73.7],[122.88,72.75],[118.5,73.04],[118.46,73.52],[111.76,73.66],[106.5,73.06],[113.63,75.27],[113.53,76.09],[111.43,76.57],[106.4,76.43],[107.16,76.95],[104.49,77],[105.06,77.57],[101.17,77.01],[98.72,76.07],[90,75.6],[86.96,74.78],[87.69,73.9],[80.84,73.55],[80.98,72.45],[83.56,71.62],[83.04,70.24],[81.67,71.57],[79.22,72.27],[77.79,71.78],[78.61,70.85],[75.67,71.2],[75.62,72.63],[73.22,71.46],[74.25,70.57],[73.91,69.15],[77.41,68.94],[77.98,68.15],[76.95,67.65],[76.33,68.78],[74.5,68.59],[74.74,67.69],[72.21,66.17],[69.77,66.33],[69.08,66.69],[66.51,66.53],[65.48,64.69],[66.04,63.6],[65.06,62.97],[67.85,61.67]]]},"properties":{"NAME":"Siberians","SUBJECTO":"Siberians","PARTOF":"Siberians"}},
{"type":"Feature","geometry":{"type":"Polygon","coordinates":[[[56.37,57.36],[52.86,46.94],[53.26,46.32],[52.84,45.51],[51.51,45.37],[51.58,44.55],[50.33,44.56],[52.07,42.83],[52.83,42.65],[52.52,42.07],[53.99,42.11],[54.75,41.14],[54.42,40.66],[53.26,40.76],[52.99,39.93],[54.07,38.9],[55.64,40.05],[58.88,43.85],[58.2,44.52],[58.82,45.93],[60.01,46.56],[61.65,46.77],[61.27,46.26],[66.67,44.43],[68.23,42.24],[74.07,45.54],[77.18,46.78],[85.52,48.41],[87.77,49.28],[87.21,49.61],[78.8,54.39],[68.59,54.28],[64.68,55.97],[64.23,57.66],[65.9,59.73],[65.41,60],[61.31,58.84],[58.58,57.58],[56.37,57.36]]]},"properties":{"NAME":"White Horde","SUBJECTO":"White Horde","PARTOF":"White Horde"}},
{"type":"Feature","geometry":{"type":"Polygon","coordinates":[[[56.34,57.36],[52.78,46.95],[52.86,46.94],[56.37,57.36],[56.34,57.36]]]},"properties":{"NAME":null,"SUBJECTO":null,"PARTOF":null}},
{"type":"Feature","geometry":null,"properties":{"NAME":null,"SUBJECTO":null,"PARTOF":null}},
{"type":"Feature","geometry":{"type":"Polygon","coordinates":[[[39.13,55.17],[38.22,55.15],[38.18,53.97],[40.51,53.85],[40.92,54.53],[39.13,55.17]]]},"properties":{"NAME":"Ryazan","SUBJECTO":"Ryazan","PARTOF":"Ryazan"}},
{"type":"Feature","geometry":{"type":"Polygon","coordinates":[[[56.34,57.36],[54.6,57.07],[51.69,57.03],[46.88,56.45],[45.72,55.35],[43.97,54.82],[43.65,53.84],[44.44,53.72],[43.99,52.62],[43.27,52.31],[41.3,52.31],[39.64,51.75],[37.7,52.74],[36.86,52.09],[38.29,51.21],[38.14,49.05],[40.03,49.08],[42.59,50.91],[43.67,50.86],[44.36,49.43],[42.52,47.05],[41.31,43.56],[43.62,43.77],[45.38,42.62],[47.35,41.3],[48.22,41.47],[47.25,42.78],[47.49,43.58],[46.85,44.45],[47.67,45.75],[48.3,45.77],[49.53,46.54],[51.37,47.09],[52.78,46.95],[56.34,57.36]]]},"properties":{"NAME":"Golden Horde","SUBJECTO":"Golden Horde","PARTOF":"Golden Horde"}},
{"type":"Feature","geometry":{"type":"Polygon","coordinates":[[[32.91,52.4],[33.4,51.78],[33.65,52.36],[32.91,52.4]]]},"properties":{"NAME":"Novgorod-Seversky","SUBJECTO":"Novgorod-Seversky","PARTOF":"Novgorod-Seversky"}},
{"type":"Feature","geometry":{"type":"MultiPolygon","coordinates":[[[[50.32,69.15],[48.58,69.42],[48.23,68.88],[50.32,69.15]]],[[[27.58,58.23],[29.87,58.11],[31.17,57.11],[30.78,56.07],[31.8,56.03],[31.04,55.32],[32.21,54.86],[32.56,53.32],[31.37,53.07],[31.56,52.4],[30.85,51.54],[33.05,51.37],[34.87,51.46],[34.83,51.84],[36.86,52.09],[37.7,52.74],[39.64,51.75],[41.3,52.31],[43.27,52.31],[43.99,52.62],[44.44,53.72],[43.65,53.84],[43.97,54.82],[45.72,55.35],[46.88,56.45],[51.69,57.03],[54.6,57.07],[56.34,57.36],[56.37,57.36],[58.58,57.58],[61.31,58.84],[65.41,60],[65.9,59.73],[68.62,59.81],[69.67,60.67],[67.85,61.67],[65.06,62.97],[66.04,63.6],[65.48,64.69],[66.51,66.53],[69.08,66.69],[71.35,66.66],[73.39,68.38],[72.53,69.07],[72.68,70.82],[71.8,71.43],[72.71,72.77],[69.34,72.83],[68.32,71.63],[66.82,71.11],[66.88,69.62],[69.11,68.83],[68.22,68.2],[66.58,68.89],[62.28,69.71],[60.37,69.47],[60.99,69],[59.76,68.3],[58.77,68.86],[53.63,68.05],[53.89,68.79],[48.08,67.56],[47.57,66.82],[46.4,66.72],[44.87,67.31],[46.63,67.7],[45.86,68.38],[44.01,68.49],[44.03,66.01],[42.21,66.41],[39.95,65.58],[40.32,64.46],[36.88,65.07],[37.94,63.85],[35.08,64.29],[34.29,65.4],[34.54,66],[32.22,66.99],[35.77,66.26],[39.19,66.04],[41.26,66.94],[40.83,67.66],[37.25,68.79],[33.63,69.21],[32.16,69.69],[30.14,69.26],[28.9,68.36],[30.47,67.49],[31.12,67.07],[30.07,64.56],[30.87,64.16],[30.43,63.42],[32.27,62.66],[29.73,61.85],[30.93,61.1],[31.65,59.53],[27.77,58.89],[27.65,58.84],[27.58,58.23]],[[39.13,55.17],[40.92,54.53],[40.51,53.85],[38.18,53.97],[38.22,55.15],[39.13,55.17]],[[32.91,52.4],[33.65,52.36],[33.4,51.78],[32.91,52.4]]]]},"properties":{"NAME":"Grand Duchy of Moscow","SUBJECTO":"Grand Duchy of Moscow","PARTOF":"Grand Duchy of Moscow"}},
{"type":"Feature","geometry":{"type":"Polygon","coordinates":[[[67.85,61.67],[69.67,60.67],[68.62,59.81],[65.9,59.73],[64.23,57.66],[64.68,55.97],[68.59,54.28],[79.3,54.4],[82.54,57.08],[78.4,58.59],[75.66,58.62],[75.24,62.13],[74.37,63.08],[72.36,62.94],[70.97,64.24],[67.85,61.67]]]},"properties":{"NAME":"Khanate of Sibir","SUBJECTO":"Khanate of Sibir","PARTOF":"Khanate of Sibir"}},
{"type":"Feature","geometry":{"type":"MultiPolygon","coordinates":[[[[27.77,58.89],[27.66,58.94],[27.65,58.84],[27.77,58.89]]],[[[27.82,56.73],[28.81,56.88],[30.78,56.07],[31.17,57.11],[29.87,58.11],[27.58,58.23],[27.82,56.73]]]]},"properties":{"NAME":"Pskov","SUBJECTO":"Pskov","PARTOF":"Pskov"}},
{"type":"Feature","geometry":{"type":"MultiPolygon","coordinates":[[[[178.18,-18.24],[178.69,-18.03],[178.17,-17.34],[177.39,-17.63],[177.33,-18.12],[178.18,-18.24]]],[[[179.57,-16.76],[180,-16.17],[180,-16.15],[178.48,-16.76],[179.57,-16.76]]]]},"properties":{"NAME":"Tuʻi Tonga Empire","SUBJECTO":"Tuʻi Tonga Empire","PARTOF":"Tuʻi Tonga Empire"}},
{"type":"Feature","geometry":{"type":"Polygon","coordinates":[[[-109.24,-27.13],[-109.37,-27.06],[-109.45,-27.19],[-109.24,-27.13]]]},"properties":{"NAME":"Polynesians","SUBJECTO":"Polynesians","PARTOF":"Polynesians"}},
{"type":"Feature","geometry":{"type":"MultiPolygon","coordinates":[[[[23.66,38.4],[24.03,38.39],[24.31,37.99],[24.13,38.65],[23.24,39.04],[23.12,38.87],[23.66,38.4]]],[[[41.48,41.44],[40.36,40.96],[38.65,40.92],[36.38,41.24],[35.96,41.69],[33.56,41.98],[30.74,41.04],[29.16,41.22],[29.05,40.33],[26.77,40.38],[26.14,39.44],[27.03,38.82],[26.39,38.1],[27.14,37.89],[27.31,36.92],[28.01,36.53],[29,36.69],[29.3,36.17],[30.47,36.19],[30.59,36.76],[31.37,36.71],[33.17,35.97],[34.49,36.63],[35.22,36.39],[35.89,36.77],[36.79,37],[36.49,37.37],[38.61,38.37],[41.21,40.24],[41.48,41.44]]],[[[17.3,43.08],[19.61,41.76],[19.37,40.26],[20.03,39.81],[21.17,38.35],[22.33,38.43],[21.23,37.9],[21.78,36.82],[22.98,36.61],[22.64,37.49],[22.98,37.96],[23.99,37.76],[23.8,38.35],[23.56,38.35],[23.17,38.67],[22.49,38.88],[23.24,39.2],[22.49,40.5],[23.6,39.93],[23.89,40.73],[25.02,41.02],[26.61,40.4],[27.47,40.96],[28.83,40.91],[27.5,42.52],[28.45,43.48],[28.69,44.49],[29.71,45.26],[30.83,46.58],[32.01,46.91],[30.89,47.45],[28.37,45.33],[26.54,45.25],[23.54,45.86],[20.8,44.93],[19.79,44.94],[18.94,44.39],[16.87,44.24],[16.7,43.85],[16.64,43.39],[16.99,43.32],[17.3,43.08]]]]},"properties":{"NAME":"Ottoman Empire","SUBJECTO":"Ottoman Empire","PARTOF":"Ottoman Empire"}}
]}